opening_t,gross_t,losses_t,after_inflow_t,served_t,served_critical_t,closing_t,shortage_t,shortage_critical_t,offered_gross_t,rejected_gross_t,curtailed_inventory_t,at,until,year,storage_id,demand_t,critical_demand_t,inventory_t_year,holding_mln
0,0,0.000,0.000,0.000,0.000,0.000,0E-30,0E-30,0,0,0,-365,-364,2034,BASE,0E-30,0E-30,0E-33,0E-35
0.000,0,0.000,0.000,0.000,0.000,0.000,0E-30,0E-30,0,0,0,-364,-363,2034,BASE,0E-30,0E-30,0E-33,0E-35
0.000,0,0.000,0.000,0.000,0.000,0.000,0E-30,0E-30,0,0,0,-363,-362,2034,BASE,0E-30,0E-30,0E-33,0E-35
0.000,0,0.000,0.000,0.000,0.000,0.000,0E-30,0E-30,0,0,0,-362,-361,2034,BASE,0E-30,0E-30,0E-33,0E-35
0.000,0,0.000,0.000,0.000,0.000,0.000,0E-30,0E-30,0,0,0,-361,-360,2034,BASE,0E-30,0E-30,0E-33,0E-35
0.000,0,0.000,0.000,0.000,0.000,0.000,0E-30,0E-30,0,0,0,-360,-359,2034,BASE,0E-30,0E-30,0E-33,0E-35
0.000,0,0.000,0.000,0.000,0.000,0.000,0E-30,0E-30,0,0,0,-359,-358,2034,BASE,0E-30,0E-30,0E-33,0E-35
0.000,0,0.000,0.000,0.000,0.000,0.000,0E-30,0E-30,0,0,0,-358,-357,2034,BASE,0E-30,0E-30,0E-33,0E-35
0.000,0,0.000,0.000,0.000,0.000,0.000,0E-30,0E-30,0,0,0,-357,-356,2034,BASE,0E-30,0E-30,0E-33,0E-35
0.000,0,0.000,0.000,0.000,0.000,0.000,0E-30,0E-30,0,0,0,-356,-355,2034,BASE,0E-30,0E-30,0E-33,0E-35
0.000,0,0.000,0.000,0.000,0.000,0.000,0E-30,0E-30,0,0,0,-355,-354,2034,BASE,0E-30,0E-30,0E-33,0E-35
0.000,0,0.000,0.000,0.000,0.000,0.000,0E-30,0E-30,0,0,0,-354,-353,2034,BASE,0E-30,0E-30,0E-33,0E-35
0.000,0,0.000,0.000,0.000,0.000,0.000,0E-30,0E-30,0,0,0,-353,-352,2034,BASE,0E-30,0E-30,0E-33,0E-35
0.000,0,0.000,0.000,0.000,0.000,0.000,0E-30,0E-30,0,0,0,-352,-351,2034,BASE,0E-30,0E-30,0E-33,0E-35
0.000,0,0.000,0.000,0.000,0.000,0.000,0E-30,0E-30,0,0,0,-351,-350,2034,BASE,0E-30,0E-30,0E-33,0E-35
0.000,0,0.000,0.000,0.000,0.000,0.000,0E-30,0E-30,0,0,0,-350,-349,2034,BASE,0E-30,0E-30,0E-33,0E-35
0.000,0,0.000,0.000,0.000,0.000,0.000,0E-30,0E-30,0,0,0,-349,-348,2034,BASE,0E-30,0E-30,0E-33,0E-35
0.000,0,0.000,0.000,0.000,0.000,0.000,0E-30,0E-30,0,0,0,-348,-347,2034,BASE,0E-30,0E-30,0E-33,0E-35
0.000,0,0.000,0.000,0.000,0.000,0.000,0E-30,0E-30,0,0,0,-347,-346,2034,BASE,0E-30,0E-30,0E-33,0E-35
0.000,0,0.000,0.000,0.000,0.000,0.000,0E-30,0E-30,0,0,0,-346,-345,2034,BASE,0E-30,0E-30,0E-33,0E-35
0.000,0,0.000,0.000,0.000,0.000,0.000,0E-30,0E-30,0,0,0,-345,-344,2034,BASE,0E-30,0E-30,0E-33,0E-35
0.000,0,0.000,0.000,0.000,0.000,0.000,0E-30,0E-30,0,0,0,-344,-343,2034,BASE,0E-30,0E-30,0E-33,0E-35
0.000,0,0.000,0.000,0.000,0.000,0.000,0E-30,0E-30,0,0,0,-343,-342,2034,BASE,0E-30,0E-30,0E-33,0E-35
0.000,0,0.000,0.000,0.000,0.000,0.000,0E-30,0E-30,0,0,0,-342,-341,2034,BASE,0E-30,0E-30,0E-33,0E-35
0.000,0,0.000,0.000,0.000,0.000,0.000,0E-30,0E-30,0,0,0,-341,-340,2034,BASE,0E-30,0E-30,0E-33,0E-35
0.000,0,0.000,0.000,0.000,0.000,0.000,0E-30,0E-30,0,0,0,-340,-339,2034,BASE,0E-30,0E-30,0E-33,0E-35
0.000,0,0.000,0.000,0.000,0.000,0.000,0E-30,0E-30,0,0,0,-339,-338,2034,BASE,0E-30,0E-30,0E-33,0E-35
0.000,0,0.000,0.000,0.000,0.000,0.000,0E-30,0E-30,0,0,0,-338,-337,2034,BASE,0E-30,0E-30,0E-33,0E-35
0.000,0,0.000,0.000,0.000,0.000,0.000,0E-30,0E-30,0,0,0,-337,-336,2034,BASE,0E-30,0E-30,0E-33,0E-35
0.000,0,0.000,0.000,0.000,0.000,0.000,0E-30,0E-30,0,0,0,-336,-335,2034,BASE,0E-30,0E-30,0E-33,0E-35
0.000,0,0.000,0.000,0.000,0.000,0.000,0E-30,0E-30,0,0,0,-335,-334,2034,BASE,0E-30,0E-30,0E-33,0E-35
0.000,0,0.000,0.000,0.000,0.000,0.000,0E-30,0E-30,0,0,0,-334,-333,2034,BASE,0E-30,0E-30,0E-33,0E-35
0.000,0,0.000,0.000,0.000,0.000,0.000,0E-30,0E-30,0,0,0,-333,-332,2034,BASE,0E-30,0E-30,0E-33,0E-35
0.000,0,0.000,0.000,0.000,0.000,0.000,0E-30,0E-30,0,0,0,-332,-331,2034,BASE,0E-30,0E-30,0E-33,0E-35
0.000,0,0.000,0.000,0.000,0.000,0.000,0E-30,0E-30,0,0,0,-331,-330,2034,BASE,0E-30,0E-30,0E-33,0E-35
0.000,0,0.000,0.000,0.000,0.000,0.000,0E-30,0E-30,0,0,0,-330,-329,2034,BASE,0E-30,0E-30,0E-33,0E-35
0.000,0,0.000,0.000,0.000,0.000,0.000,0E-30,0E-30,0,0,0,-329,-328,2034,BASE,0E-30,0E-30,0E-33,0E-35
0.000,0,0.000,0.000,0.000,0.000,0.000,0E-30,0E-30,0,0,0,-328,-327,2034,BASE,0E-30,0E-30,0E-33,0E-35
0.000,0,0.000,0.000,0.000,0.000,0.000,0E-30,0E-30,0,0,0,-327,-326,2034,BASE,0E-30,0E-30,0E-33,0E-35
0.000,0,0.000,0.000,0.000,0.000,0.000,0E-30,0E-30,0,0,0,-326,-325,2034,BASE,0E-30,0E-30,0E-33,0E-35
0.000,0,0.000,0.000,0.000,0.000,0.000,0E-30,0E-30,0,0,0,-325,-324,2034,BASE,0E-30,0E-30,0E-33,0E-35
0.000,0,0.000,0.000,0.000,0.000,0.000,0E-30,0E-30,0,0,0,-324,-323,2034,BASE,0E-30,0E-30,0E-33,0E-35
0.000,0,0.000,0.000,0.000,0.000,0.000,0E-30,0E-30,0,0,0,-323,-322,2034,BASE,0E-30,0E-30,0E-33,0E-35
0.000,0,0.000,0.000,0.000,0.000,0.000,0E-30,0E-30,0,0,0,-322,-321,2034,BASE,0E-30,0E-30,0E-33,0E-35
0.000,0,0.000,0.000,0.000,0.000,0.000,0E-30,0E-30,0,0,0,-321,-320,2034,BASE,0E-30,0E-30,0E-33,0E-35
0.000,0,0.000,0.000,0.000,0.000,0.000,0E-30,0E-30,0,0,0,-320,-319,2034,BASE,0E-30,0E-30,0E-33,0E-35
0.000,0,0.000,0.000,0.000,0.000,0.000,0E-30,0E-30,0,0,0,-319,-318,2034,BASE,0E-30,0E-30,0E-33,0E-35
0.000,0,0.000,0.000,0.000,0.000,0.000,0E-30,0E-30,0,0,0,-318,-317,2034,BASE,0E-30,0E-30,0E-33,0E-35
0.000,0,0.000,0.000,0.000,0.000,0.000,0E-30,0E-30,0,0,0,-317,-316,2034,BASE,0E-30,0E-30,0E-33,0E-35
0.000,0,0.000,0.000,0.000,0.000,0.000,0E-30,0E-30,0,0,0,-316,-315,2034,BASE,0E-30,0E-30,0E-33,0E-35
0.000,0,0.000,0.000,0.000,0.000,0.000,0E-30,0E-30,0,0,0,-315,-314,2034,BASE,0E-30,0E-30,0E-33,0E-35
0.000,0,0.000,0.000,0.000,0.000,0.000,0E-30,0E-30,0,0,0,-314,-313,2034,BASE,0E-30,0E-30,0E-33,0E-35
0.000,0,0.000,0.000,0.000,0.000,0.000,0E-30,0E-30,0,0,0,-313,-312,2034,BASE,0E-30,0E-30,0E-33,0E-35
0.000,0,0.000,0.000,0.000,0.000,0.000,0E-30,0E-30,0,0,0,-312,-311,2034,BASE,0E-30,0E-30,0E-33,0E-35
0.000,0,0.000,0.000,0.000,0.000,0.000,0E-30,0E-30,0,0,0,-311,-310,2034,BASE,0E-30,0E-30,0E-33,0E-35
0.000,0,0.000,0.000,0.000,0.000,0.000,0E-30,0E-30,0,0,0,-310,-309,2034,BASE,0E-30,0E-30,0E-33,0E-35
0.000,0,0.000,0.000,0.000,0.000,0.000,0E-30,0E-30,0,0,0,-309,-308,2034,BASE,0E-30,0E-30,0E-33,0E-35
0.000,0,0.000,0.000,0.000,0.000,0.000,0E-30,0E-30,0,0,0,-308,-307,2034,BASE,0E-30,0E-30,0E-33,0E-35
0.000,0,0.000,0.000,0.000,0.000,0.000,0E-30,0E-30,0,0,0,-307,-306,2034,BASE,0E-30,0E-30,0E-33,0E-35
0.000,0,0.000,0.000,0.000,0.000,0.000,0E-30,0E-30,0,0,0,-306,-305,2034,BASE,0E-30,0E-30,0E-33,0E-35
0.000,0,0.000,0.000,0.000,0.000,0.000,0E-30,0E-30,0,0,0,-305,-304,2034,BASE,0E-30,0E-30,0E-33,0E-35
0.000,0,0.000,0.000,0.000,0.000,0.000,0E-30,0E-30,0,0,0,-304,-303,2034,BASE,0E-30,0E-30,0E-33,0E-35
0.000,0,0.000,0.000,0.000,0.000,0.000,0E-30,0E-30,0,0,0,-303,-302,2034,BASE,0E-30,0E-30,0E-33,0E-35
0.000,0,0.000,0.000,0.000,0.000,0.000,0E-30,0E-30,0,0,0,-302,-301,2034,BASE,0E-30,0E-30,0E-33,0E-35
0.000,0,0.000,0.000,0.000,0.000,0.000,0E-30,0E-30,0,0,0,-301,-300,2034,BASE,0E-30,0E-30,0E-33,0E-35
0.000,0,0.000,0.000,0.000,0.000,0.000,0E-30,0E-30,0,0,0,-300,-299,2034,BASE,0E-30,0E-30,0E-33,0E-35
0.000,0,0.000,0.000,0.000,0.000,0.000,0E-30,0E-30,0,0,0,-299,-298,2034,BASE,0E-30,0E-30,0E-33,0E-35
0.000,0,0.000,0.000,0.000,0.000,0.000,0E-30,0E-30,0,0,0,-298,-297,2034,BASE,0E-30,0E-30,0E-33,0E-35
0.000,0,0.000,0.000,0.000,0.000,0.000,0E-30,0E-30,0,0,0,-297,-296,2034,BASE,0E-30,0E-30,0E-33,0E-35
0.000,0,0.000,0.000,0.000,0.000,0.000,0E-30,0E-30,0,0,0,-296,-295,2034,BASE,0E-30,0E-30,0E-33,0E-35
0.000,0,0.000,0.000,0.000,0.000,0.000,0E-30,0E-30,0,0,0,-295,-294,2034,BASE,0E-30,0E-30,0E-33,0E-35
0.000,0,0.000,0.000,0.000,0.000,0.000,0E-30,0E-30,0,0,0,-294,-293,2034,BASE,0E-30,0E-30,0E-33,0E-35
0.000,0,0.000,0.000,0.000,0.000,0.000,0E-30,0E-30,0,0,0,-293,-292,2034,BASE,0E-30,0E-30,0E-33,0E-35
0.000,0,0.000,0.000,0.000,0.000,0.000,0E-30,0E-30,0,0,0,-292,-291,2034,BASE,0E-30,0E-30,0E-33,0E-35
0.000,0,0.000,0.000,0.000,0.000,0.000,0E-30,0E-30,0,0,0,-291,-290,2034,BASE,0E-30,0E-30,0E-33,0E-35
0.000,0,0.000,0.000,0.000,0.000,0.000,0E-30,0E-30,0,0,0,-290,-289,2034,BASE,0E-30,0E-30,0E-33,0E-35
0.000,0,0.000,0.000,0.000,0.000,0.000,0E-30,0E-30,0,0,0,-289,-288,2034,BASE,0E-30,0E-30,0E-33,0E-35
0.000,0,0.000,0.000,0.000,0.000,0.000,0E-30,0E-30,0,0,0,-288,-287,2034,BASE,0E-30,0E-30,0E-33,0E-35
0.000,0,0.000,0.000,0.000,0.000,0.000,0E-30,0E-30,0,0,0,-287,-286,2034,BASE,0E-30,0E-30,0E-33,0E-35
0.000,0,0.000,0.000,0.000,0.000,0.000,0E-30,0E-30,0,0,0,-286,-285,2034,BASE,0E-30,0E-30,0E-33,0E-35
0.000,0,0.000,0.000,0.000,0.000,0.000,0E-30,0E-30,0,0,0,-285,-284,2034,BASE,0E-30,0E-30,0E-33,0E-35
0.000,0,0.000,0.000,0.000,0.000,0.000,0E-30,0E-30,0,0,0,-284,-283,2034,BASE,0E-30,0E-30,0E-33,0E-35
0.000,0,0.000,0.000,0.000,0.000,0.000,0E-30,0E-30,0,0,0,-283,-282,2034,BASE,0E-30,0E-30,0E-33,0E-35
0.000,0,0.000,0.000,0.000,0.000,0.000,0E-30,0E-30,0,0,0,-282,-281,2034,BASE,0E-30,0E-30,0E-33,0E-35
0.000,0,0.000,0.000,0.000,0.000,0.000,0E-30,0E-30,0,0,0,-281,-280,2034,BASE,0E-30,0E-30,0E-33,0E-35
0.000,0,0.000,0.000,0.000,0.000,0.000,0E-30,0E-30,0,0,0,-280,-279,2034,BASE,0E-30,0E-30,0E-33,0E-35
0.000,0,0.000,0.000,0.000,0.000,0.000,0E-30,0E-30,0,0,0,-279,-278,2034,BASE,0E-30,0E-30,0E-33,0E-35
0.000,0,0.000,0.000,0.000,0.000,0.000,0E-30,0E-30,0,0,0,-278,-277,2034,BASE,0E-30,0E-30,0E-33,0E-35
0.000,0,0.000,0.000,0.000,0.000,0.000,0E-30,0E-30,0,0,0,-277,-276,2034,BASE,0E-30,0E-30,0E-33,0E-35
0.000,0,0.000,0.000,0.000,0.000,0.000,0E-30,0E-30,0,0,0,-276,-275,2034,BASE,0E-30,0E-30,0E-33,0E-35
0.000,0,0.000,0.000,0.000,0.000,0.000,0E-30,0E-30,0,0,0,-275,-274,2034,BASE,0E-30,0E-30,0E-33,0E-35
0.000,0,0.000,0.000,0.000,0.000,0.000,0E-30,0E-30,0,0,0,-274,-273,2034,BASE,0E-30,0E-30,0E-33,0E-35
0.000,0,0.000,0.000,0.000,0.000,0.000,0E-30,0E-30,0,0,0,-273,-272,2034,BASE,0E-30,0E-30,0E-33,0E-35
0.000,0,0.000,0.000,0.000,0.000,0.000,0E-30,0E-30,0,0,0,-272,-271,2034,BASE,0E-30,0E-30,0E-33,0E-35
0.000,0,0.000,0.000,0.000,0.000,0.000,0E-30,0E-30,0,0,0,-271,-270,2034,BASE,0E-30,0E-30,0E-33,0E-35
0.000,0,0.000,0.000,0.000,0.000,0.000,0E-30,0E-30,0,0,0,-270,-269,2034,BASE,0E-30,0E-30,0E-33,0E-35
0.000,0,0.000,0.000,0.000,0.000,0.000,0E-30,0E-30,0,0,0,-269,-268,2034,BASE,0E-30,0E-30,0E-33,0E-35
0.000,0,0.000,0.000,0.000,0.000,0.000,0E-30,0E-30,0,0,0,-268,-267,2034,BASE,0E-30,0E-30,0E-33,0E-35
0.000,0,0.000,0.000,0.000,0.000,0.000,0E-30,0E-30,0,0,0,-267,-266,2034,BASE,0E-30,0E-30,0E-33,0E-35
0.000,0,0.000,0.000,0.000,0.000,0.000,0E-30,0E-30,0,0,0,-266,-265,2034,BASE,0E-30,0E-30,0E-33,0E-35
0.000,0,0.000,0.000,0.000,0.000,0.000,0E-30,0E-30,0,0,0,-265,-264,2034,BASE,0E-30,0E-30,0E-33,0E-35
0.000,0,0.000,0.000,0.000,0.000,0.000,0E-30,0E-30,0,0,0,-264,-263,2034,BASE,0E-30,0E-30,0E-33,0E-35
0.000,0,0.000,0.000,0.000,0.000,0.000,0E-30,0E-30,0,0,0,-263,-262,2034,BASE,0E-30,0E-30,0E-33,0E-35
0.000,0,0.000,0.000,0.000,0.000,0.000,0E-30,0E-30,0,0,0,-262,-261,2034,BASE,0E-30,0E-30,0E-33,0E-35
0.000,0,0.000,0.000,0.000,0.000,0.000,0E-30,0E-30,0,0,0,-261,-260,2034,BASE,0E-30,0E-30,0E-33,0E-35
0.000,0,0.000,0.000,0.000,0.000,0.000,0E-30,0E-30,0,0,0,-260,-259,2034,BASE,0E-30,0E-30,0E-33,0E-35
0.000,0,0.000,0.000,0.000,0.000,0.000,0E-30,0E-30,0,0,0,-259,-258,2034,BASE,0E-30,0E-30,0E-33,0E-35
0.000,0,0.000,0.000,0.000,0.000,0.000,0E-30,0E-30,0,0,0,-258,-257,2034,BASE,0E-30,0E-30,0E-33,0E-35
0.000,0,0.000,0.000,0.000,0.000,0.000,0E-30,0E-30,0,0,0,-257,-256,2034,BASE,0E-30,0E-30,0E-33,0E-35
0.000,0,0.000,0.000,0.000,0.000,0.000,0E-30,0E-30,0,0,0,-256,-255,2034,BASE,0E-30,0E-30,0E-33,0E-35
0.000,0,0.000,0.000,0.000,0.000,0.000,0E-30,0E-30,0,0,0,-255,-254,2034,BASE,0E-30,0E-30,0E-33,0E-35
0.000,0,0.000,0.000,0.000,0.000,0.000,0E-30,0E-30,0,0,0,-254,-253,2034,BASE,0E-30,0E-30,0E-33,0E-35
0.000,0,0.000,0.000,0.000,0.000,0.000,0E-30,0E-30,0,0,0,-253,-252,2034,BASE,0E-30,0E-30,0E-33,0E-35
0.000,0,0.000,0.000,0.000,0.000,0.000,0E-30,0E-30,0,0,0,-252,-251,2034,BASE,0E-30,0E-30,0E-33,0E-35
0.000,0,0.000,0.000,0.000,0.000,0.000,0E-30,0E-30,0,0,0,-251,-250,2034,BASE,0E-30,0E-30,0E-33,0E-35
0.000,0,0.000,0.000,0.000,0.000,0.000,0E-30,0E-30,0,0,0,-250,-249,2034,BASE,0E-30,0E-30,0E-33,0E-35
0.000,0,0.000,0.000,0.000,0.000,0.000,0E-30,0E-30,0,0,0,-249,-248,2034,BASE,0E-30,0E-30,0E-33,0E-35
0.000,0,0.000,0.000,0.000,0.000,0.000,0E-30,0E-30,0,0,0,-248,-247,2034,BASE,0E-30,0E-30,0E-33,0E-35
0.000,0,0.000,0.000,0.000,0.000,0.000,0E-30,0E-30,0,0,0,-247,-246,2034,BASE,0E-30,0E-30,0E-33,0E-35
0.000,0,0.000,0.000,0.000,0.000,0.000,0E-30,0E-30,0,0,0,-246,-245,2034,BASE,0E-30,0E-30,0E-33,0E-35
0.000,0,0.000,0.000,0.000,0.000,0.000,0E-30,0E-30,0,0,0,-245,-244,2034,BASE,0E-30,0E-30,0E-33,0E-35
0.000,0,0.000,0.000,0.000,0.000,0.000,0E-30,0E-30,0,0,0,-244,-243,2034,BASE,0E-30,0E-30,0E-33,0E-35
0.000,0,0.000,0.000,0.000,0.000,0.000,0E-30,0E-30,0,0,0,-243,-242,2034,BASE,0E-30,0E-30,0E-33,0E-35
0.000,0,0.000,0.000,0.000,0.000,0.000,0E-30,0E-30,0,0,0,-242,-241,2034,BASE,0E-30,0E-30,0E-33,0E-35
0.000,0,0.000,0.000,0.000,0.000,0.000,0E-30,0E-30,0,0,0,-241,-240,2034,BASE,0E-30,0E-30,0E-33,0E-35
0.000,0,0.000,0.000,0.000,0.000,0.000,0E-30,0E-30,0,0,0,-240,-239,2034,BASE,0E-30,0E-30,0E-33,0E-35
0.000,0,0.000,0.000,0.000,0.000,0.000,0E-30,0E-30,0,0,0,-239,-238,2034,BASE,0E-30,0E-30,0E-33,0E-35
0.000,0,0.000,0.000,0.000,0.000,0.000,0E-30,0E-30,0,0,0,-238,-237,2034,BASE,0E-30,0E-30,0E-33,0E-35
0.000,0,0.000,0.000,0.000,0.000,0.000,0E-30,0E-30,0,0,0,-237,-236,2034,BASE,0E-30,0E-30,0E-33,0E-35
0.000,0,0.000,0.000,0.000,0.000,0.000,0E-30,0E-30,0,0,0,-236,-235,2034,BASE,0E-30,0E-30,0E-33,0E-35
0.000,0,0.000,0.000,0.000,0.000,0.000,0E-30,0E-30,0,0,0,-235,-234,2034,BASE,0E-30,0E-30,0E-33,0E-35
0.000,0,0.000,0.000,0.000,0.000,0.000,0E-30,0E-30,0,0,0,-234,-233,2034,BASE,0E-30,0E-30,0E-33,0E-35
0.000,0,0.000,0.000,0.000,0.000,0.000,0E-30,0E-30,0,0,0,-233,-232,2034,BASE,0E-30,0E-30,0E-33,0E-35
0.000,0,0.000,0.000,0.000,0.000,0.000,0E-30,0E-30,0,0,0,-232,-231,2034,BASE,0E-30,0E-30,0E-33,0E-35
0.000,0,0.000,0.000,0.000,0.000,0.000,0E-30,0E-30,0,0,0,-231,-230,2034,BASE,0E-30,0E-30,0E-33,0E-35
0.000,0,0.000,0.000,0.000,0.000,0.000,0E-30,0E-30,0,0,0,-230,-229,2034,BASE,0E-30,0E-30,0E-33,0E-35
0.000,0,0.000,0.000,0.000,0.000,0.000,0E-30,0E-30,0,0,0,-229,-228,2034,BASE,0E-30,0E-30,0E-33,0E-35
0.000,0,0.000,0.000,0.000,0.000,0.000,0E-30,0E-30,0,0,0,-228,-227,2034,BASE,0E-30,0E-30,0E-33,0E-35
0.000,0,0.000,0.000,0.000,0.000,0.000,0E-30,0E-30,0,0,0,-227,-226,2034,BASE,0E-30,0E-30,0E-33,0E-35
0.000,0,0.000,0.000,0.000,0.000,0.000,0E-30,0E-30,0,0,0,-226,-225,2034,BASE,0E-30,0E-30,0E-33,0E-35
0.000,0,0.000,0.000,0.000,0.000,0.000,0E-30,0E-30,0,0,0,-225,-224,2034,BASE,0E-30,0E-30,0E-33,0E-35
0.000,0,0.000,0.000,0.000,0.000,0.000,0E-30,0E-30,0,0,0,-224,-223,2034,BASE,0E-30,0E-30,0E-33,0E-35
0.000,0,0.000,0.000,0.000,0.000,0.000,0E-30,0E-30,0,0,0,-223,-222,2034,BASE,0E-30,0E-30,0E-33,0E-35
0.000,0,0.000,0.000,0.000,0.000,0.000,0E-30,0E-30,0,0,0,-222,-221,2034,BASE,0E-30,0E-30,0E-33,0E-35
0.000,0,0.000,0.000,0.000,0.000,0.000,0E-30,0E-30,0,0,0,-221,-220,2034,BASE,0E-30,0E-30,0E-33,0E-35
0.000,0,0.000,0.000,0.000,0.000,0.000,0E-30,0E-30,0,0,0,-220,-219,2034,BASE,0E-30,0E-30,0E-33,0E-35
0.000,0,0.000,0.000,0.000,0.000,0.000,0E-30,0E-30,0,0,0,-219,-218,2034,BASE,0E-30,0E-30,0E-33,0E-35
0.000,0,0.000,0.000,0.000,0.000,0.000,0E-30,0E-30,0,0,0,-218,-217,2034,BASE,0E-30,0E-30,0E-33,0E-35
0.000,0,0.000,0.000,0.000,0.000,0.000,0E-30,0E-30,0,0,0,-217,-216,2034,BASE,0E-30,0E-30,0E-33,0E-35
0.000,0,0.000,0.000,0.000,0.000,0.000,0E-30,0E-30,0,0,0,-216,-215,2034,BASE,0E-30,0E-30,0E-33,0E-35
0.000,0,0.000,0.000,0.000,0.000,0.000,0E-30,0E-30,0,0,0,-215,-214,2034,BASE,0E-30,0E-30,0E-33,0E-35
0.000,0,0.000,0.000,0.000,0.000,0.000,0E-30,0E-30,0,0,0,-214,-213,2034,BASE,0E-30,0E-30,0E-33,0E-35
0.000,0,0.000,0.000,0.000,0.000,0.000,0E-30,0E-30,0,0,0,-213,-212,2034,BASE,0E-30,0E-30,0E-33,0E-35
0.000,0,0.000,0.000,0.000,0.000,0.000,0E-30,0E-30,0,0,0,-212,-211,2034,BASE,0E-30,0E-30,0E-33,0E-35
0.000,0,0.000,0.000,0.000,0.000,0.000,0E-30,0E-30,0,0,0,-211,-210,2034,BASE,0E-30,0E-30,0E-33,0E-35
0.000,0,0.000,0.000,0.000,0.000,0.000,0E-30,0E-30,0,0,0,-210,-209,2034,BASE,0E-30,0E-30,0E-33,0E-35
0.000,0,0.000,0.000,0.000,0.000,0.000,0E-30,0E-30,0,0,0,-209,-208,2034,BASE,0E-30,0E-30,0E-33,0E-35
0.000,0,0.000,0.000,0.000,0.000,0.000,0E-30,0E-30,0,0,0,-208,-207,2034,BASE,0E-30,0E-30,0E-33,0E-35
0.000,0,0.000,0.000,0.000,0.000,0.000,0E-30,0E-30,0,0,0,-207,-206,2034,BASE,0E-30,0E-30,0E-33,0E-35
0.000,0,0.000,0.000,0.000,0.000,0.000,0E-30,0E-30,0,0,0,-206,-205,2034,BASE,0E-30,0E-30,0E-33,0E-35
0.000,0,0.000,0.000,0.000,0.000,0.000,0E-30,0E-30,0,0,0,-205,-204,2034,BASE,0E-30,0E-30,0E-33,0E-35
0.000,0,0.000,0.000,0.000,0.000,0.000,0E-30,0E-30,0,0,0,-204,-203,2034,BASE,0E-30,0E-30,0E-33,0E-35
0.000,0,0.000,0.000,0.000,0.000,0.000,0E-30,0E-30,0,0,0,-203,-202,2034,BASE,0E-30,0E-30,0E-33,0E-35
0.000,0,0.000,0.000,0.000,0.000,0.000,0E-30,0E-30,0,0,0,-202,-201,2034,BASE,0E-30,0E-30,0E-33,0E-35
0.000,0,0.000,0.000,0.000,0.000,0.000,0E-30,0E-30,0,0,0,-201,-200,2034,BASE,0E-30,0E-30,0E-33,0E-35
0.000,0,0.000,0.000,0.000,0.000,0.000,0E-30,0E-30,0,0,0,-200,-199,2034,BASE,0E-30,0E-30,0E-33,0E-35
0.000,0,0.000,0.000,0.000,0.000,0.000,0E-30,0E-30,0,0,0,-199,-198,2034,BASE,0E-30,0E-30,0E-33,0E-35
0.000,0,0.000,0.000,0.000,0.000,0.000,0E-30,0E-30,0,0,0,-198,-197,2034,BASE,0E-30,0E-30,0E-33,0E-35
0.000,0,0.000,0.000,0.000,0.000,0.000,0E-30,0E-30,0,0,0,-197,-196,2034,BASE,0E-30,0E-30,0E-33,0E-35
0.000,0,0.000,0.000,0.000,0.000,0.000,0E-30,0E-30,0,0,0,-196,-195,2034,BASE,0E-30,0E-30,0E-33,0E-35
0.000,0,0.000,0.000,0.000,0.000,0.000,0E-30,0E-30,0,0,0,-195,-194,2034,BASE,0E-30,0E-30,0E-33,0E-35
0.000,0,0.000,0.000,0.000,0.000,0.000,0E-30,0E-30,0,0,0,-194,-193,2034,BASE,0E-30,0E-30,0E-33,0E-35
0.000,0,0.000,0.000,0.000,0.000,0.000,0E-30,0E-30,0,0,0,-193,-192,2034,BASE,0E-30,0E-30,0E-33,0E-35
0.000,0,0.000,0.000,0.000,0.000,0.000,0E-30,0E-30,0,0,0,-192,-191,2034,BASE,0E-30,0E-30,0E-33,0E-35
0.000,0,0.000,0.000,0.000,0.000,0.000,0E-30,0E-30,0,0,0,-191,-190,2034,BASE,0E-30,0E-30,0E-33,0E-35
0.000,0,0.000,0.000,0.000,0.000,0.000,0E-30,0E-30,0,0,0,-190,-189,2034,BASE,0E-30,0E-30,0E-33,0E-35
0.000,0,0.000,0.000,0.000,0.000,0.000,0E-30,0E-30,0,0,0,-189,-188,2034,BASE,0E-30,0E-30,0E-33,0E-35
0.000,0,0.000,0.000,0.000,0.000,0.000,0E-30,0E-30,0,0,0,-188,-187,2034,BASE,0E-30,0E-30,0E-33,0E-35
0.000,0,0.000,0.000,0.000,0.000,0.000,0E-30,0E-30,0,0,0,-187,-186,2034,BASE,0E-30,0E-30,0E-33,0E-35
0.000,0,0.000,0.000,0.000,0.000,0.000,0E-30,0E-30,0,0,0,-186,-185,2034,BASE,0E-30,0E-30,0E-33,0E-35
0.000,0,0.000,0.000,0.000,0.000,0.000,0E-30,0E-30,0,0,0,-185,-184,2034,BASE,0E-30,0E-30,0E-33,0E-35
0.000,0,0.000,0.000,0.000,0.000,0.000,0E-30,0E-30,0,0,0,-184,-183,2034,BASE,0E-30,0E-30,0E-33,0E-35
0.000,0,0.000,0.000,0.000,0.000,0.000,0E-30,0E-30,0,0,0,-183,-182,2034,BASE,0E-30,0E-30,0E-33,0E-35
0.000,0,0.000,0.000,0.000,0.000,0.000,0E-30,0E-30,0,0,0,-182,-181,2034,BASE,0E-30,0E-30,0E-33,0E-35
0.000,0,0.000,0.000,0.000,0.000,0.000,0E-30,0E-30,0,0,0,-181,-180,2034,BASE,0E-30,0E-30,0E-33,0E-35
0.000,0,0.000,0.000,0.000,0.000,0.000,0E-30,0E-30,0,0,0,-180,-179,2034,BASE,0E-30,0E-30,0E-33,0E-35
0.000,0,0.000,0.000,0.000,0.000,0.000,0E-30,0E-30,0,0,0,-179,-178,2034,BASE,0E-30,0E-30,0E-33,0E-35
0.000,0,0.000,0.000,0.000,0.000,0.000,0E-30,0E-30,0,0,0,-178,-177,2034,BASE,0E-30,0E-30,0E-33,0E-35
0.000,0,0.000,0.000,0.000,0.000,0.000,0E-30,0E-30,0,0,0,-177,-176,2034,BASE,0E-30,0E-30,0E-33,0E-35
0.000,0,0.000,0.000,0.000,0.000,0.000,0E-30,0E-30,0,0,0,-176,-175,2034,BASE,0E-30,0E-30,0E-33,0E-35
0.000,0,0.000,0.000,0.000,0.000,0.000,0E-30,0E-30,0,0,0,-175,-174,2034,BASE,0E-30,0E-30,0E-33,0E-35
0.000,0,0.000,0.000,0.000,0.000,0.000,0E-30,0E-30,0,0,0,-174,-173,2034,BASE,0E-30,0E-30,0E-33,0E-35
0.000,0,0.000,0.000,0.000,0.000,0.000,0E-30,0E-30,0,0,0,-173,-172,2034,BASE,0E-30,0E-30,0E-33,0E-35
0.000,0,0.000,0.000,0.000,0.000,0.000,0E-30,0E-30,0,0,0,-172,-171,2034,BASE,0E-30,0E-30,0E-33,0E-35
0.000,0,0.000,0.000,0.000,0.000,0.000,0E-30,0E-30,0,0,0,-171,-170,2034,BASE,0E-30,0E-30,0E-33,0E-35
0.000,0,0.000,0.000,0.000,0.000,0.000,0E-30,0E-30,0,0,0,-170,-169,2034,BASE,0E-30,0E-30,0E-33,0E-35
0.000,0,0.000,0.000,0.000,0.000,0.000,0E-30,0E-30,0,0,0,-169,-168,2034,BASE,0E-30,0E-30,0E-33,0E-35
0.000,0,0.000,0.000,0.000,0.000,0.000,0E-30,0E-30,0,0,0,-168,-167,2034,BASE,0E-30,0E-30,0E-33,0E-35
0.000,0,0.000,0.000,0.000,0.000,0.000,0E-30,0E-30,0,0,0,-167,-166,2034,BASE,0E-30,0E-30,0E-33,0E-35
0.000,0,0.000,0.000,0.000,0.000,0.000,0E-30,0E-30,0,0,0,-166,-165,2034,BASE,0E-30,0E-30,0E-33,0E-35
0.000,0,0.000,0.000,0.000,0.000,0.000,0E-30,0E-30,0,0,0,-165,-164,2034,BASE,0E-30,0E-30,0E-33,0E-35
0.000,0,0.000,0.000,0.000,0.000,0.000,0E-30,0E-30,0,0,0,-164,-163,2034,BASE,0E-30,0E-30,0E-33,0E-35
0.000,0,0.000,0.000,0.000,0.000,0.000,0E-30,0E-30,0,0,0,-163,-162,2034,BASE,0E-30,0E-30,0E-33,0E-35
0.000,0,0.000,0.000,0.000,0.000,0.000,0E-30,0E-30,0,0,0,-162,-161,2034,BASE,0E-30,0E-30,0E-33,0E-35
0.000,0,0.000,0.000,0.000,0.000,0.000,0E-30,0E-30,0,0,0,-161,-160,2034,BASE,0E-30,0E-30,0E-33,0E-35
0.000,0,0.000,0.000,0.000,0.000,0.000,0E-30,0E-30,0,0,0,-160,-159,2034,BASE,0E-30,0E-30,0E-33,0E-35
0.000,0,0.000,0.000,0.000,0.000,0.000,0E-30,0E-30,0,0,0,-159,-158,2034,BASE,0E-30,0E-30,0E-33,0E-35
0.000,0,0.000,0.000,0.000,0.000,0.000,0E-30,0E-30,0,0,0,-158,-157,2034,BASE,0E-30,0E-30,0E-33,0E-35
0.000,0,0.000,0.000,0.000,0.000,0.000,0E-30,0E-30,0,0,0,-157,-156,2034,BASE,0E-30,0E-30,0E-33,0E-35
0.000,0,0.000,0.000,0.000,0.000,0.000,0E-30,0E-30,0,0,0,-156,-155,2034,BASE,0E-30,0E-30,0E-33,0E-35
0.000,0,0.000,0.000,0.000,0.000,0.000,0E-30,0E-30,0,0,0,-155,-154,2034,BASE,0E-30,0E-30,0E-33,0E-35
0.000,0,0.000,0.000,0.000,0.000,0.000,0E-30,0E-30,0,0,0,-154,-153,2034,BASE,0E-30,0E-30,0E-33,0E-35
0.000,0,0.000,0.000,0.000,0.000,0.000,0E-30,0E-30,0,0,0,-153,-152,2034,BASE,0E-30,0E-30,0E-33,0E-35
0.000,0,0.000,0.000,0.000,0.000,0.000,0E-30,0E-30,0,0,0,-152,-151,2034,BASE,0E-30,0E-30,0E-33,0E-35
0.000,0,0.000,0.000,0.000,0.000,0.000,0E-30,0E-30,0,0,0,-151,-150,2034,BASE,0E-30,0E-30,0E-33,0E-35
0.000,0,0.000,0.000,0.000,0.000,0.000,0E-30,0E-30,0,0,0,-150,-149,2034,BASE,0E-30,0E-30,0E-33,0E-35
0.000,0,0.000,0.000,0.000,0.000,0.000,0E-30,0E-30,0,0,0,-149,-148,2034,BASE,0E-30,0E-30,0E-33,0E-35
0.000,0,0.000,0.000,0.000,0.000,0.000,0E-30,0E-30,0,0,0,-148,-147,2034,BASE,0E-30,0E-30,0E-33,0E-35
0.000,0,0.000,0.000,0.000,0.000,0.000,0E-30,0E-30,0,0,0,-147,-146,2034,BASE,0E-30,0E-30,0E-33,0E-35
0.000,0,0.000,0.000,0.000,0.000,0.000,0E-30,0E-30,0,0,0,-146,-145,2034,BASE,0E-30,0E-30,0E-33,0E-35
0.000,0,0.000,0.000,0.000,0.000,0.000,0E-30,0E-30,0,0,0,-145,-144,2034,BASE,0E-30,0E-30,0E-33,0E-35
0.000,0,0.000,0.000,0.000,0.000,0.000,0E-30,0E-30,0,0,0,-144,-143,2034,BASE,0E-30,0E-30,0E-33,0E-35
0.000,0,0.000,0.000,0.000,0.000,0.000,0E-30,0E-30,0,0,0,-143,-142,2034,BASE,0E-30,0E-30,0E-33,0E-35
0.000,0,0.000,0.000,0.000,0.000,0.000,0E-30,0E-30,0,0,0,-142,-141,2034,BASE,0E-30,0E-30,0E-33,0E-35
0.000,0,0.000,0.000,0.000,0.000,0.000,0E-30,0E-30,0,0,0,-141,-140,2034,BASE,0E-30,0E-30,0E-33,0E-35
0.000,0,0.000,0.000,0.000,0.000,0.000,0E-30,0E-30,0,0,0,-140,-139,2034,BASE,0E-30,0E-30,0E-33,0E-35
0.000,0,0.000,0.000,0.000,0.000,0.000,0E-30,0E-30,0,0,0,-139,-138,2034,BASE,0E-30,0E-30,0E-33,0E-35
0.000,0,0.000,0.000,0.000,0.000,0.000,0E-30,0E-30,0,0,0,-138,-137,2034,BASE,0E-30,0E-30,0E-33,0E-35
0.000,0,0.000,0.000,0.000,0.000,0.000,0E-30,0E-30,0,0,0,-137,-136,2034,BASE,0E-30,0E-30,0E-33,0E-35
0.000,0,0.000,0.000,0.000,0.000,0.000,0E-30,0E-30,0,0,0,-136,-135,2034,BASE,0E-30,0E-30,0E-33,0E-35
0.000,0,0.000,0.000,0.000,0.000,0.000,0E-30,0E-30,0,0,0,-135,-134,2034,BASE,0E-30,0E-30,0E-33,0E-35
0.000,0,0.000,0.000,0.000,0.000,0.000,0E-30,0E-30,0,0,0,-134,-133,2034,BASE,0E-30,0E-30,0E-33,0E-35
0.000,0,0.000,0.000,0.000,0.000,0.000,0E-30,0E-30,0,0,0,-133,-132,2034,BASE,0E-30,0E-30,0E-33,0E-35
0.000,0,0.000,0.000,0.000,0.000,0.000,0E-30,0E-30,0,0,0,-132,-131,2034,BASE,0E-30,0E-30,0E-33,0E-35
0.000,0,0.000,0.000,0.000,0.000,0.000,0E-30,0E-30,0,0,0,-131,-130,2034,BASE,0E-30,0E-30,0E-33,0E-35
0.000,0,0.000,0.000,0.000,0.000,0.000,0E-30,0E-30,0,0,0,-130,-129,2034,BASE,0E-30,0E-30,0E-33,0E-35
0.000,0,0.000,0.000,0.000,0.000,0.000,0E-30,0E-30,0,0,0,-129,-128,2034,BASE,0E-30,0E-30,0E-33,0E-35
0.000,0,0.000,0.000,0.000,0.000,0.000,0E-30,0E-30,0,0,0,-128,-127,2034,BASE,0E-30,0E-30,0E-33,0E-35
0.000,0,0.000,0.000,0.000,0.000,0.000,0E-30,0E-30,0,0,0,-127,-126,2034,BASE,0E-30,0E-30,0E-33,0E-35
0.000,0,0.000,0.000,0.000,0.000,0.000,0E-30,0E-30,0,0,0,-126,-125,2034,BASE,0E-30,0E-30,0E-33,0E-35
0.000,0,0.000,0.000,0.000,0.000,0.000,0E-30,0E-30,0,0,0,-125,-124,2034,BASE,0E-30,0E-30,0E-33,0E-35
0.000,0,0.000,0.000,0.000,0.000,0.000,0E-30,0E-30,0,0,0,-124,-123,2034,BASE,0E-30,0E-30,0E-33,0E-35
0.000,0,0.000,0.000,0.000,0.000,0.000,0E-30,0E-30,0,0,0,-123,-122,2034,BASE,0E-30,0E-30,0E-33,0E-35
0.000,0,0.000,0.000,0.000,0.000,0.000,0E-30,0E-30,0,0,0,-122,-121,2034,BASE,0E-30,0E-30,0E-33,0E-35
0.000,0,0.000,0.000,0.000,0.000,0.000,0E-30,0E-30,0,0,0,-121,-120,2034,BASE,0E-30,0E-30,0E-33,0E-35
0.000,0,0.000,0.000,0.000,0.000,0.000,0E-30,0E-30,0,0,0,-120,-119,2034,BASE,0E-30,0E-30,0E-33,0E-35
0.000,0,0.000,0.000,0.000,0.000,0.000,0E-30,0E-30,0,0,0,-119,-118,2034,BASE,0E-30,0E-30,0E-33,0E-35
0.000,0,0.000,0.000,0.000,0.000,0.000,0E-30,0E-30,0,0,0,-118,-117,2034,BASE,0E-30,0E-30,0E-33,0E-35
0.000,0,0.000,0.000,0.000,0.000,0.000,0E-30,0E-30,0,0,0,-117,-116,2034,BASE,0E-30,0E-30,0E-33,0E-35
0.000,0,0.000,0.000,0.000,0.000,0.000,0E-30,0E-30,0,0,0,-116,-115,2034,BASE,0E-30,0E-30,0E-33,0E-35
0.000,0,0.000,0.000,0.000,0.000,0.000,0E-30,0E-30,0,0,0,-115,-114,2034,BASE,0E-30,0E-30,0E-33,0E-35
0.000,0,0.000,0.000,0.000,0.000,0.000,0E-30,0E-30,0,0,0,-114,-113,2034,BASE,0E-30,0E-30,0E-33,0E-35
0.000,0,0.000,0.000,0.000,0.000,0.000,0E-30,0E-30,0,0,0,-113,-112,2034,BASE,0E-30,0E-30,0E-33,0E-35
0.000,0,0.000,0.000,0.000,0.000,0.000,0E-30,0E-30,0,0,0,-112,-111,2034,BASE,0E-30,0E-30,0E-33,0E-35
0.000,0,0.000,0.000,0.000,0.000,0.000,0E-30,0E-30,0,0,0,-111,-110,2034,BASE,0E-30,0E-30,0E-33,0E-35
0.000,0,0.000,0.000,0.000,0.000,0.000,0E-30,0E-30,0,0,0,-110,-109,2034,BASE,0E-30,0E-30,0E-33,0E-35
0.000,0,0.000,0.000,0.000,0.000,0.000,0E-30,0E-30,0,0,0,-109,-108,2034,BASE,0E-30,0E-30,0E-33,0E-35
0.000,0,0.000,0.000,0.000,0.000,0.000,0E-30,0E-30,0,0,0,-108,-107,2034,BASE,0E-30,0E-30,0E-33,0E-35
0.000,0,0.000,0.000,0.000,0.000,0.000,0E-30,0E-30,0,0,0,-107,-106,2034,BASE,0E-30,0E-30,0E-33,0E-35
0.000,0,0.000,0.000,0.000,0.000,0.000,0E-30,0E-30,0,0,0,-106,-105,2034,BASE,0E-30,0E-30,0E-33,0E-35
0.000,0,0.000,0.000,0.000,0.000,0.000,0E-30,0E-30,0,0,0,-105,-104,2034,BASE,0E-30,0E-30,0E-33,0E-35
0.000,0,0.000,0.000,0.000,0.000,0.000,0E-30,0E-30,0,0,0,-104,-103,2034,BASE,0E-30,0E-30,0E-33,0E-35
0.000,0,0.000,0.000,0.000,0.000,0.000,0E-30,0E-30,0,0,0,-103,-102,2034,BASE,0E-30,0E-30,0E-33,0E-35
0.000,0,0.000,0.000,0.000,0.000,0.000,0E-30,0E-30,0,0,0,-102,-101,2034,BASE,0E-30,0E-30,0E-33,0E-35
0.000,0,0.000,0.000,0.000,0.000,0.000,0E-30,0E-30,0,0,0,-101,-100,2034,BASE,0E-30,0E-30,0E-33,0E-35
0.000,0,0.000,0.000,0.000,0.000,0.000,0E-30,0E-30,0,0,0,-100,-99,2034,BASE,0E-30,0E-30,0E-33,0E-35
0.000,0,0.000,0.000,0.000,0.000,0.000,0E-30,0E-30,0,0,0,-99,-98,2034,BASE,0E-30,0E-30,0E-33,0E-35
0.000,0,0.000,0.000,0.000,0.000,0.000,0E-30,0E-30,0,0,0,-98,-97,2034,BASE,0E-30,0E-30,0E-33,0E-35
0.000,0,0.000,0.000,0.000,0.000,0.000,0E-30,0E-30,0,0,0,-97,-96,2034,BASE,0E-30,0E-30,0E-33,0E-35
0.000,0,0.000,0.000,0.000,0.000,0.000,0E-30,0E-30,0,0,0,-96,-95,2034,BASE,0E-30,0E-30,0E-33,0E-35
0.000,0,0.000,0.000,0.000,0.000,0.000,0E-30,0E-30,0,0,0,-95,-94,2034,BASE,0E-30,0E-30,0E-33,0E-35
0.000,0,0.000,0.000,0.000,0.000,0.000,0E-30,0E-30,0,0,0,-94,-93,2034,BASE,0E-30,0E-30,0E-33,0E-35
0.000,0,0.000,0.000,0.000,0.000,0.000,0E-30,0E-30,0,0,0,-93,-92,2034,BASE,0E-30,0E-30,0E-33,0E-35
0.000,0,0.000,0.000,0.000,0.000,0.000,0E-30,0E-30,0,0,0,-92,-91,2034,BASE,0E-30,0E-30,0E-33,0E-35
0.000,0,0.000,0.000,0.000,0.000,0.000,0E-30,0E-30,0,0,0,-91,-90,2034,BASE,0E-30,0E-30,0E-33,0E-35
0.000,0,0.000,0.000,0.000,0.000,0.000,0E-30,0E-30,0,0,0,-90,-89,2034,BASE,0E-30,0E-30,0E-33,0E-35
0.000,0,0.000,0.000,0.000,0.000,0.000,0E-30,0E-30,0,0,0,-89,-88,2034,BASE,0E-30,0E-30,0E-33,0E-35
0.000,0,0.000,0.000,0.000,0.000,0.000,0E-30,0E-30,0,0,0,-88,-87,2034,BASE,0E-30,0E-30,0E-33,0E-35
0.000,0,0.000,0.000,0.000,0.000,0.000,0E-30,0E-30,0,0,0,-87,-86,2034,BASE,0E-30,0E-30,0E-33,0E-35
0.000,0,0.000,0.000,0.000,0.000,0.000,0E-30,0E-30,0,0,0,-86,-85,2034,BASE,0E-30,0E-30,0E-33,0E-35
0.000,0,0.000,0.000,0.000,0.000,0.000,0E-30,0E-30,0,0,0,-85,-84,2034,BASE,0E-30,0E-30,0E-33,0E-35
0.000,0,0.000,0.000,0.000,0.000,0.000,0E-30,0E-30,0,0,0,-84,-83,2034,BASE,0E-30,0E-30,0E-33,0E-35
0.000,0,0.000,0.000,0.000,0.000,0.000,0E-30,0E-30,0,0,0,-83,-82,2034,BASE,0E-30,0E-30,0E-33,0E-35
0.000,0,0.000,0.000,0.000,0.000,0.000,0E-30,0E-30,0,0,0,-82,-81,2034,BASE,0E-30,0E-30,0E-33,0E-35
0.000,0,0.000,0.000,0.000,0.000,0.000,0E-30,0E-30,0,0,0,-81,-80,2034,BASE,0E-30,0E-30,0E-33,0E-35
0.000,0,0.000,0.000,0.000,0.000,0.000,0E-30,0E-30,0,0,0,-80,-79,2034,BASE,0E-30,0E-30,0E-33,0E-35
0.000,0,0.000,0.000,0.000,0.000,0.000,0E-30,0E-30,0,0,0,-79,-78,2034,BASE,0E-30,0E-30,0E-33,0E-35
0.000,0,0.000,0.000,0.000,0.000,0.000,0E-30,0E-30,0,0,0,-78,-77,2034,BASE,0E-30,0E-30,0E-33,0E-35
0.000,0,0.000,0.000,0.000,0.000,0.000,0E-30,0E-30,0,0,0,-77,-76,2034,BASE,0E-30,0E-30,0E-33,0E-35
0.000,0,0.000,0.000,0.000,0.000,0.000,0E-30,0E-30,0,0,0,-76,-75,2034,BASE,0E-30,0E-30,0E-33,0E-35
0.000,0,0.000,0.000,0.000,0.000,0.000,0E-30,0E-30,0,0,0,-75,-74,2034,BASE,0E-30,0E-30,0E-33,0E-35
0.000,0,0.000,0.000,0.000,0.000,0.000,0E-30,0E-30,0,0,0,-74,-73,2034,BASE,0E-30,0E-30,0E-33,0E-35
0.000,0,0.000,0.000,0.000,0.000,0.000,0E-30,0E-30,0,0,0,-73,-72,2034,BASE,0E-30,0E-30,0E-33,0E-35
0.000,0,0.000,0.000,0.000,0.000,0.000,0E-30,0E-30,0,0,0,-72,-71,2034,BASE,0E-30,0E-30,0E-33,0E-35
0.000,0,0.000,0.000,0.000,0.000,0.000,0E-30,0E-30,0,0,0,-71,-70,2034,BASE,0E-30,0E-30,0E-33,0E-35
0.000,0,0.000,0.000,0.000,0.000,0.000,0E-30,0E-30,0,0,0,-70,-69,2034,BASE,0E-30,0E-30,0E-33,0E-35
0.000,0,0.000,0.000,0.000,0.000,0.000,0E-30,0E-30,0,0,0,-69,-68,2034,BASE,0E-30,0E-30,0E-33,0E-35
0.000,0,0.000,0.000,0.000,0.000,0.000,0E-30,0E-30,0,0,0,-68,-67,2034,BASE,0E-30,0E-30,0E-33,0E-35
0.000,0,0.000,0.000,0.000,0.000,0.000,0E-30,0E-30,0,0,0,-67,-66,2034,BASE,0E-30,0E-30,0E-33,0E-35
0.000,0,0.000,0.000,0.000,0.000,0.000,0E-30,0E-30,0,0,0,-66,-65,2034,BASE,0E-30,0E-30,0E-33,0E-35
0.000,0,0.000,0.000,0.000,0.000,0.000,0E-30,0E-30,0,0,0,-65,-64,2034,BASE,0E-30,0E-30,0E-33,0E-35
0.000,0,0.000,0.000,0.000,0.000,0.000,0E-30,0E-30,0,0,0,-64,-63,2034,BASE,0E-30,0E-30,0E-33,0E-35
0.000,0,0.000,0.000,0.000,0.000,0.000,0E-30,0E-30,0,0,0,-63,-62,2034,BASE,0E-30,0E-30,0E-33,0E-35
0.000,0,0.000,0.000,0.000,0.000,0.000,0E-30,0E-30,0,0,0,-62,-61,2034,BASE,0E-30,0E-30,0E-33,0E-35
0.000,0,0.000,0.000,0.000,0.000,0.000,0E-30,0E-30,0,0,0,-61,-60,2034,BASE,0E-30,0E-30,0E-33,0E-35
0.000,0,0.000,0.000,0.000,0.000,0.000,0E-30,0E-30,0,0,0,-60,-59,2034,BASE,0E-30,0E-30,0E-33,0E-35
0.000,0,0.000,0.000,0.000,0.000,0.000,0E-30,0E-30,0,0,0,-59,-58,2034,BASE,0E-30,0E-30,0E-33,0E-35
0.000,0,0.000,0.000,0.000,0.000,0.000,0E-30,0E-30,0,0,0,-58,-57,2034,BASE,0E-30,0E-30,0E-33,0E-35
0.000,0,0.000,0.000,0.000,0.000,0.000,0E-30,0E-30,0,0,0,-57,-56,2034,BASE,0E-30,0E-30,0E-33,0E-35
0.000,0,0.000,0.000,0.000,0.000,0.000,0E-30,0E-30,0,0,0,-56,-55,2034,BASE,0E-30,0E-30,0E-33,0E-35
0.000,0,0.000,0.000,0.000,0.000,0.000,0E-30,0E-30,0,0,0,-55,-54,2034,BASE,0E-30,0E-30,0E-33,0E-35
0.000,0,0.000,0.000,0.000,0.000,0.000,0E-30,0E-30,0,0,0,-54,-53,2034,BASE,0E-30,0E-30,0E-33,0E-35
0.000,0,0.000,0.000,0.000,0.000,0.000,0E-30,0E-30,0,0,0,-53,-52,2034,BASE,0E-30,0E-30,0E-33,0E-35
0.000,0,0.000,0.000,0.000,0.000,0.000,0E-30,0E-30,0,0,0,-52,-51,2034,BASE,0E-30,0E-30,0E-33,0E-35
0.000,0,0.000,0.000,0.000,0.000,0.000,0E-30,0E-30,0,0,0,-51,-50,2034,BASE,0E-30,0E-30,0E-33,0E-35
0.000,0,0.000,0.000,0.000,0.000,0.000,0E-30,0E-30,0,0,0,-50,-49,2034,BASE,0E-30,0E-30,0E-33,0E-35
0.000,0,0.000,0.000,0.000,0.000,0.000,0E-30,0E-30,0,0,0,-49,-48,2034,BASE,0E-30,0E-30,0E-33,0E-35
0.000,0,0.000,0.000,0.000,0.000,0.000,0E-30,0E-30,0,0,0,-48,-47,2034,BASE,0E-30,0E-30,0E-33,0E-35
0.000,0,0.000,0.000,0.000,0.000,0.000,0E-30,0E-30,0,0,0,-47,-46,2034,BASE,0E-30,0E-30,0E-33,0E-35
0.000,0,0.000,0.000,0.000,0.000,0.000,0E-30,0E-30,0,0,0,-46,-45,2034,BASE,0E-30,0E-30,0E-33,0E-35
0.000,0,0.000,0.000,0.000,0.000,0.000,0E-30,0E-30,0,0,0,-45,-44,2034,BASE,0E-30,0E-30,0E-33,0E-35
0.000,0,0.000,0.000,0.000,0.000,0.000,0E-30,0E-30,0,0,0,-44,-43,2034,BASE,0E-30,0E-30,0E-33,0E-35
0.000,0,0.000,0.000,0.000,0.000,0.000,0E-30,0E-30,0,0,0,-43,-42,2034,BASE,0E-30,0E-30,0E-33,0E-35
0.000,0,0.000,0.000,0.000,0.000,0.000,0E-30,0E-30,0,0,0,-42,-41,2034,BASE,0E-30,0E-30,0E-33,0E-35
0.000,0,0.000,0.000,0.000,0.000,0.000,0E-30,0E-30,0,0,0,-41,-40,2034,BASE,0E-30,0E-30,0E-33,0E-35
0.000,0,0.000,0.000,0.000,0.000,0.000,0E-30,0E-30,0,0,0,-40,-39,2034,BASE,0E-30,0E-30,0E-33,0E-35
0.000,0,0.000,0.000,0.000,0.000,0.000,0E-30,0E-30,0,0,0,-39,-38,2034,BASE,0E-30,0E-30,0E-33,0E-35
0.000,0,0.000,0.000,0.000,0.000,0.000,0E-30,0E-30,0,0,0,-38,-37,2034,BASE,0E-30,0E-30,0E-33,0E-35
0.000,0,0.000,0.000,0.000,0.000,0.000,0E-30,0E-30,0,0,0,-37,-36,2034,BASE,0E-30,0E-30,0E-33,0E-35
0.000,0,0.000,0.000,0.000,0.000,0.000,0E-30,0E-30,0,0,0,-36,-35,2034,BASE,0E-30,0E-30,0E-33,0E-35
0.000,0,0.000,0.000,0.000,0.000,0.000,0E-30,0E-30,0,0,0,-35,-34,2034,BASE,0E-30,0E-30,0E-33,0E-35
0.000,0,0.000,0.000,0.000,0.000,0.000,0E-30,0E-30,0,0,0,-34,-33,2034,BASE,0E-30,0E-30,0E-33,0E-35
0.000,0,0.000,0.000,0.000,0.000,0.000,0E-30,0E-30,0,0,0,-33,-32,2034,BASE,0E-30,0E-30,0E-33,0E-35
0.000,0,0.000,0.000,0.000,0.000,0.000,0E-30,0E-30,0,0,0,-32,-31,2034,BASE,0E-30,0E-30,0E-33,0E-35
0.000,0,0.000,0.000,0.000,0.000,0.000,0E-30,0E-30,0,0,0,-31,-30,2034,BASE,0E-30,0E-30,0E-33,0E-35
0.000,0,0.000,0.000,0.000,0.000,0.000,0E-30,0E-30,0,0,0,-30,-29,2034,BASE,0E-30,0E-30,0E-33,0E-35
0.000,0,0.000,0.000,0.000,0.000,0.000,0E-30,0E-30,0,0,0,-29,-28,2034,BASE,0E-30,0E-30,0E-33,0E-35
0.000,0,0.000,0.000,0.000,0.000,0.000,0E-30,0E-30,0,0,0,-28,-27,2034,BASE,0E-30,0E-30,0E-33,0E-35
0.000,0,0.000,0.000,0.000,0.000,0.000,0E-30,0E-30,0,0,0,-27,-26,2034,BASE,0E-30,0E-30,0E-33,0E-35
0.000,0,0.000,0.000,0.000,0.000,0.000,0E-30,0E-30,0,0,0,-26,-25,2034,BASE,0E-30,0E-30,0E-33,0E-35
0.000,0,0.000,0.000,0.000,0.000,0.000,0E-30,0E-30,0,0,0,-25,-24,2034,BASE,0E-30,0E-30,0E-33,0E-35
0.000,0,0.000,0.000,0.000,0.000,0.000,0E-30,0E-30,0,0,0,-24,-23,2034,BASE,0E-30,0E-30,0E-33,0E-35
0.000,0,0.000,0.000,0.000,0.000,0.000,0E-30,0E-30,0,0,0,-23,-22,2034,BASE,0E-30,0E-30,0E-33,0E-35
0.000,0,0.000,0.000,0.000,0.000,0.000,0E-30,0E-30,0,0,0,-22,-21,2034,BASE,0E-30,0E-30,0E-33,0E-35
0.000,0,0.000,0.000,0.000,0.000,0.000,0E-30,0E-30,0,0,0,-21,-20,2034,BASE,0E-30,0E-30,0E-33,0E-35
0.000,0,0.000,0.000,0.000,0.000,0.000,0E-30,0E-30,0,0,0,-20,-19,2034,BASE,0E-30,0E-30,0E-33,0E-35
0.000,0,0.000,0.000,0.000,0.000,0.000,0E-30,0E-30,0,0,0,-19,-18,2034,BASE,0E-30,0E-30,0E-33,0E-35
0.000,0,0.000,0.000,0.000,0.000,0.000,0E-30,0E-30,0,0,0,-18,-17,2034,BASE,0E-30,0E-30,0E-33,0E-35
0.000,0,0.000,0.000,0.000,0.000,0.000,0E-30,0E-30,0,0,0,-17,-16,2034,BASE,0E-30,0E-30,0E-33,0E-35
0.000,0,0.000,0.000,0.000,0.000,0.000,0E-30,0E-30,0,0,0,-16,-15,2034,BASE,0E-30,0E-30,0E-33,0E-35
0.000,0,0.000,0.000,0.000,0.000,0.000,0E-30,0E-30,0,0,0,-15,-14,2034,BASE,0E-30,0E-30,0E-33,0E-35
0.000,0,0.000,0.000,0.000,0.000,0.000,0E-30,0E-30,0,0,0,-14,-13,2034,BASE,0E-30,0E-30,0E-33,0E-35
0.000,0,0.000,0.000,0.000,0.000,0.000,0E-30,0E-30,0,0,0,-13,-12,2034,BASE,0E-30,0E-30,0E-33,0E-35
0.000,0,0.000,0.000,0.000,0.000,0.000,0E-30,0E-30,0,0,0,-12,-11,2034,BASE,0E-30,0E-30,0E-33,0E-35
0.000,0,0.000,0.000,0.000,0.000,0.000,0E-30,0E-30,0,0,0,-11,-10,2034,BASE,0E-30,0E-30,0E-33,0E-35
0.000,0,0.000,0.000,0.000,0.000,0.000,0E-30,0E-30,0,0,0,-10,-9,2034,BASE,0E-30,0E-30,0E-33,0E-35
0.000,0,0.000,0.000,0.000,0.000,0.000,0E-30,0E-30,0,0,0,-9,-8,2034,BASE,0E-30,0E-30,0E-33,0E-35
0.000,0,0.000,0.000,0.000,0.000,0.000,0E-30,0E-30,0,0,0,-8,-7,2034,BASE,0E-30,0E-30,0E-33,0E-35
0.000,0,0.000,0.000,0.000,0.000,0.000,0E-30,0E-30,0,0,0,-7,-6,2034,BASE,0E-30,0E-30,0E-33,0E-35
0.000,0,0.000,0.000,0.000,0.000,0.000,0E-30,0E-30,0,0,0,-6,-5,2034,BASE,0E-30,0E-30,0E-33,0E-35
0.000,0,0.000,0.000,0.000,0.000,0.000,0E-30,0E-30,0,0,0,-5,-4,2034,BASE,0E-30,0E-30,0E-33,0E-35
0.000,0,0.000,0.000,0.000,0.000,0.000,0E-30,0E-30,0,0,0,-4,-3,2034,BASE,0E-30,0E-30,0E-33,0E-35
0.000,0,0.000,0.000,0.000,0.000,0.000,0E-30,0E-30,0,0,0,-3,-2,2034,BASE,0E-30,0E-30,0E-33,0E-35
0.000,0,0.000,0.000,0.000,0.000,0.000,0E-30,0E-30,0,0,0,-2,-1,2034,BASE,0E-30,0E-30,0E-33,0E-35
0.000,17.21293839202467187836190203,0.7745822276411102345262855914,16.43835616438356164383561644,0E-30,0E-30,16.43835616438356164383561644,0E-30,0E-30,17.21293839202467187836190203,0E-26,0,-1,0,2034,BASE,0E-30,0E-30,0.04503659223118784012009757929,0.03242634640645524488647025709
16.43835616438356164383561644,9.299768103468885223170527625,0.4184895646560998350426737431,25.31963470319634703196347032,0.2739726027397260273972602740,0.2191780821917808219178082192,25.04566210045662100456621005,0E-28,0E-28,9.299768103468885223170527625,0E-27,0,0,1,2035,BASE,0.2739726027397260273972602740,0.2191780821917808219178082192,0.06899355726527803840620504160,0.04967536123100018765246762995
25.04566210045662100456621005,0,0.000,25.04566210045662100456621005,0.2739726027397260273972602740,0.2191780821917808219178082192,24.77168949771689497716894978,0E-28,0E-28,0,0,0,1,2,2035,BASE,0.2739726027397260273972602740,0.2191780821917808219178082192,0.06824294739475824107087008198,0.04913492212422593357102645903
24.77168949771689497716894978,0,0.000,24.77168949771689497716894978,0.2739726027397260273972602740,0.2191780821917808219178082192,24.49771689497716894977168951,0E-28,0E-28,0,0,0,2,3,2035,BASE,0.2739726027397260273972602740,0.2191780821917808219178082192,0.06749233752423844373553512231,0.04859448301745167948958528806
24.49771689497716894977168951,0,0.000,24.49771689497716894977168951,0.2739726027397260273972602740,0.2191780821917808219178082192,24.22374429223744292237442924,0E-28,0E-28,0,0,0,3,4,2035,BASE,0.2739726027397260273972602740,0.2191780821917808219178082192,0.06674172765371864640020016269,0.04805404391067742540814411714
24.22374429223744292237442924,0,0.000,24.22374429223744292237442924,0.2739726027397260273972602740,0.2191780821917808219178082192,23.94977168949771689497716897,0E-28,0E-28,0,0,0,4,5,2035,BASE,0.2739726027397260273972602740,0.2191780821917808219178082192,0.06599111778319884906486520302,0.04751360480390317132670294617
23.94977168949771689497716897,0,0.000,23.94977168949771689497716897,0.2739726027397260273972602740,0.2191780821917808219178082192,23.67579908675799086757990870,0E-28,0E-28,0,0,0,5,6,2035,BASE,0.2739726027397260273972602740,0.2191780821917808219178082192,0.06524050791267905172953024340,0.04697316569712891724526177525
23.67579908675799086757990870,0,0.000,23.67579908675799086757990870,0.2739726027397260273972602740,0.2191780821917808219178082192,23.40182648401826484018264843,0E-28,0E-28,0,0,0,6,7,2035,BASE,0.2739726027397260273972602740,0.2191780821917808219178082192,0.06448989804215925439419528373,0.04643272659035466316382060429
23.40182648401826484018264843,0,0.000,23.40182648401826484018264843,0.2739726027397260273972602740,0.2191780821917808219178082192,23.12785388127853881278538816,0E-28,0E-28,0,0,0,7,8,2035,BASE,0.2739726027397260273972602740,0.2191780821917808219178082192,0.06373928817163945705886032412,0.04589228748358040908237943337
23.12785388127853881278538816,0,0.000,23.12785388127853881278538816,0.2739726027397260273972602740,0.2191780821917808219178082192,22.85388127853881278538812789,0E-28,0E-28,0,0,0,8,9,2035,BASE,0.2739726027397260273972602740,0.2191780821917808219178082192,0.06298867830111965972352536444,0.04535184837680615500093826240
22.85388127853881278538812789,0,0.000,22.85388127853881278538812789,0.2739726027397260273972602740,0.2191780821917808219178082192,22.57990867579908675799086762,0E-28,0E-28,0,0,0,9,10,2035,BASE,0.2739726027397260273972602740,0.2191780821917808219178082192,0.06223806843059986238819040483,0.04481140927003190091949709148
22.57990867579908675799086762,0,0.000,22.57990867579908675799086762,0.2739726027397260273972602740,0.2191780821917808219178082192,22.30593607305936073059360735,0E-28,0E-28,0,0,0,10,11,2035,BASE,0.2739726027397260273972602740,0.2191780821917808219178082192,0.06148745856008006505285544516,0.04427097016325764683805592052
22.30593607305936073059360735,0,0.000,22.30593607305936073059360735,0.2739726027397260273972602740,0.2191780821917808219178082192,22.03196347031963470319634708,0E-28,0E-28,0,0,0,11,12,2035,BASE,0.2739726027397260273972602740,0.2191780821917808219178082192,0.06073684868956026771752048554,0.04373053105648339275661474959
22.03196347031963470319634708,0,0.000,22.03196347031963470319634708,0.2739726027397260273972602740,0.2191780821917808219178082192,21.75799086757990867579908681,0E-28,0E-28,0,0,0,12,13,2035,BASE,0.2739726027397260273972602740,0.2191780821917808219178082192,0.05998623881904047038218552587,0.04319009194970913867517357863
21.75799086757990867579908681,0,0.000,21.75799086757990867579908681,0.2739726027397260273972602740,0.2191780821917808219178082192,21.48401826484018264840182654,0E-28,0E-28,0,0,0,13,14,2035,BASE,0.2739726027397260273972602740,0.2191780821917808219178082192,0.05923562894852067304685056625,0.04264965284293488459373240770
21.48401826484018264840182654,0,0.000,21.48401826484018264840182654,0.2739726027397260273972602740,0.2191780821917808219178082192,21.21004566210045662100456627,0E-28,0E-28,0,0,0,14,15,2035,BASE,0.2739726027397260273972602740,0.2191780821917808219178082192,0.05848501907800087571151560658,0.04210921373616063051229123674
21.21004566210045662100456627,0,0.000,21.21004566210045662100456627,0.2739726027397260273972602740,0.2191780821917808219178082192,20.93607305936073059360730600,0E-28,0E-28,0,0,0,15,16,2035,BASE,0.2739726027397260273972602740,0.2191780821917808219178082192,0.05773440920748107837618064696,0.04156877462938637643085006581
20.93607305936073059360730600,0,0.000,20.93607305936073059360730600,0.2739726027397260273972602740,0.2191780821917808219178082192,20.66210045662100456621004573,0E-28,0E-28,0,0,0,16,17,2035,BASE,0.2739726027397260273972602740,0.2191780821917808219178082192,0.05698379933696128104084568729,0.04102833552261212234940889485
20.66210045662100456621004573,0,0.000,20.66210045662100456621004573,0.2739726027397260273972602740,0.2191780821917808219178082192,20.38812785388127853881278546,0E-28,0E-28,0,0,0,17,18,2035,BASE,0.2739726027397260273972602740,0.2191780821917808219178082192,0.05623318946644148370551072768,0.04048789641583786826796772393
20.38812785388127853881278546,0,0.000,20.38812785388127853881278546,0.2739726027397260273972602740,0.2191780821917808219178082192,20.11415525114155251141552519,0E-28,0E-28,0,0,0,18,19,2035,BASE,0.2739726027397260273972602740,0.2191780821917808219178082192,0.05548257959592168637017576801,0.03994745730906361418652655297
20.11415525114155251141552519,0,0.000,20.11415525114155251141552519,0.2739726027397260273972602740,0.2191780821917808219178082192,19.84018264840182648401826492,0E-28,0E-28,0,0,0,19,20,2035,BASE,0.2739726027397260273972602740,0.2191780821917808219178082192,0.05473196972540188903484080839,0.03940701820228936010508538204
19.84018264840182648401826492,0,0.000,19.84018264840182648401826492,0.2739726027397260273972602740,0.2191780821917808219178082192,19.56621004566210045662100465,0E-28,0E-28,0,0,0,20,21,2035,BASE,0.2739726027397260273972602740,0.2191780821917808219178082192,0.05398135985488209169950584872,0.03886657909551510602364421108
19.56621004566210045662100465,0,0.000,19.56621004566210045662100465,0.2739726027397260273972602740,0.2191780821917808219178082192,19.29223744292237442922374438,0E-28,0E-28,0,0,0,21,22,2035,BASE,0.2739726027397260273972602740,0.2191780821917808219178082192,0.05323074998436229436417088910,0.03832613998874085194220304015
19.29223744292237442922374438,0,0.000,19.29223744292237442922374438,0.2739726027397260273972602740,0.2191780821917808219178082192,19.01826484018264840182648411,0E-28,0E-28,0,0,0,22,23,2035,BASE,0.2739726027397260273972602740,0.2191780821917808219178082192,0.05248014011384249702883592943,0.03778570088196659786076186919
19.01826484018264840182648411,0,0.000,19.01826484018264840182648411,0.2739726027397260273972602740,0.2191780821917808219178082192,18.74429223744292237442922384,0E-28,0E-28,0,0,0,23,24,2035,BASE,0.2739726027397260273972602740,0.2191780821917808219178082192,0.05172953024332269969350096981,0.03724526177519234377932069826
18.74429223744292237442922384,0,0.000,18.74429223744292237442922384,0.2739726027397260273972602740,0.2191780821917808219178082192,18.47031963470319634703196357,0E-28,0E-28,0,0,0,24,25,2035,BASE,0.2739726027397260273972602740,0.2191780821917808219178082192,0.05097892037280290235816601014,0.03670482266841808969787952730
18.47031963470319634703196357,0,0.000,18.47031963470319634703196357,0.2739726027397260273972602740,0.2191780821917808219178082192,18.19634703196347031963470330,0E-28,0E-28,0,0,0,25,26,2035,BASE,0.2739726027397260273972602740,0.2191780821917808219178082192,0.05022831050228310502283105053,0.03616438356164383561643835638
18.19634703196347031963470330,0,0.000,18.19634703196347031963470330,0.2739726027397260273972602740,0.2191780821917808219178082192,17.92237442922374429223744303,0E-28,0E-28,0,0,0,26,27,2035,BASE,0.2739726027397260273972602740,0.2191780821917808219178082192,0.04947770063176330768749609085,0.03562394445486958153499718541
17.92237442922374429223744303,0,0.000,17.92237442922374429223744303,0.2739726027397260273972602740,0.2191780821917808219178082192,17.64840182648401826484018276,0E-28,0E-28,0,0,0,27,28,2035,BASE,0.2739726027397260273972602740,0.2191780821917808219178082192,0.04872709076124351035216113124,0.03508350534809532745355601449
17.64840182648401826484018276,0,0.000,17.64840182648401826484018276,0.2739726027397260273972602740,0.2191780821917808219178082192,17.37442922374429223744292249,0E-28,0E-28,0,0,0,28,29,2035,BASE,0.2739726027397260273972602740,0.2191780821917808219178082192,0.04797648089072371301682617157,0.03454306624132107337211484353
17.37442922374429223744292249,0,0.000,17.37442922374429223744292249,0.2739726027397260273972602740,0.2191780821917808219178082192,17.10045662100456621004566222,0E-28,0E-28,0,0,0,29,30,2035,BASE,0.2739726027397260273972602740,0.2191780821917808219178082192,0.04722587102020391568149121195,0.03400262713454681929067367260
17.10045662100456621004566222,0,0.000,17.10045662100456621004566222,0.1141552511415525114155251142,0.09132420091324200913242009136,16.98630136986301369863013711,0E-28,0E-29,0,0,0,30,365/12,2035,BASE,0.1141552511415525114155251142,0.09132420091324200913242009136,0.01945591209524405245928983980,0.01400825670857571777068868466
16.98630136986301369863013711,9.299768103468885223170527625,0.4184895646560998350426737431,25.86757990867579908675799100,0.1598173515981735159817351598,0.1278538812785388127853881278,25.70776255707762557077625584,0E-28,0E-28,9.299768103468885223170527625,0E-27,0,365/12,31,2035,BASE,0.1598173515981735159817351598,0.1278538812785388127853881278,0.04121317320322762244323512875,0.02967348470632388815912929270
25.70776255707762557077625584,0,0.000,25.70776255707762557077625584,0.2739726027397260273972602740,0.2191780821917808219178082192,25.43378995433789954337899557,0E-28,0E-28,0,0,0,31,32,2035,BASE,0.2739726027397260273972602740,0.2191780821917808219178082192,0.07005692124851441796459623480,0.05044098329893038093450928906
25.43378995433789954337899557,0,0.000,25.43378995433789954337899557,0.2739726027397260273972602740,0.2191780821917808219178082192,25.15981735159817351598173530,0E-28,0E-28,0,0,0,32,33,2035,BASE,0.2739726027397260273972602740,0.2191780821917808219178082192,0.06930631137799462062926127519,0.04990054419215612685306811814
25.15981735159817351598173530,0,0.000,25.15981735159817351598173530,0.2739726027397260273972602740,0.2191780821917808219178082192,24.88584474885844748858447503,0E-28,0E-28,0,0,0,33,34,2035,BASE,0.2739726027397260273972602740,0.2191780821917808219178082192,0.06855570150747482329392631551,0.04936010508538187277162694717
24.88584474885844748858447503,0,0.000,24.88584474885844748858447503,0.2739726027397260273972602740,0.2191780821917808219178082192,24.61187214611872146118721476,0E-28,0E-28,0,0,0,34,35,2035,BASE,0.2739726027397260273972602740,0.2191780821917808219178082192,0.06780509163695502595859135590,0.04881966597860761869018577625
24.61187214611872146118721476,0,0.000,24.61187214611872146118721476,0.2739726027397260273972602740,0.2191780821917808219178082192,24.33789954337899543378995449,0E-28,0E-28,0,0,0,35,36,2035,BASE,0.2739726027397260273972602740,0.2191780821917808219178082192,0.06705448176643522862325639623,0.04827922687183336460874460529
24.33789954337899543378995449,0,0.000,24.33789954337899543378995449,0.2739726027397260273972602740,0.2191780821917808219178082192,24.06392694063926940639269422,0E-28,0E-28,0,0,0,36,37,2035,BASE,0.2739726027397260273972602740,0.2191780821917808219178082192,0.06630387189591543128792143661,0.04773878776505911052730343436
24.06392694063926940639269422,0,0.000,24.06392694063926940639269422,0.2739726027397260273972602740,0.2191780821917808219178082192,23.78995433789954337899543395,0E-28,0E-28,0,0,0,37,38,2035,BASE,0.2739726027397260273972602740,0.2191780821917808219178082192,0.06555326202539563395258647694,0.04719834865828485644586226340
23.78995433789954337899543395,0,0.000,23.78995433789954337899543395,0.2739726027397260273972602740,0.2191780821917808219178082192,23.51598173515981735159817368,0E-28,0E-28,0,0,0,38,39,2035,BASE,0.2739726027397260273972602740,0.2191780821917808219178082192,0.06480265215487583661725151732,0.04665790955151060236442109247
23.51598173515981735159817368,0,0.000,23.51598173515981735159817368,0.2739726027397260273972602740,0.2191780821917808219178082192,23.24200913242009132420091341,0E-28,0E-28,0,0,0,39,40,2035,BASE,0.2739726027397260273972602740,0.2191780821917808219178082192,0.06405204228435603928191655765,0.04611747044473634828297992151
23.24200913242009132420091341,0,0.000,23.24200913242009132420091341,0.2739726027397260273972602740,0.2191780821917808219178082192,22.96803652968036529680365314,0E-28,0E-28,0,0,0,40,41,2035,BASE,0.2739726027397260273972602740,0.2191780821917808219178082192,0.06330143241383624194658159803,0.04557703133796209420153875058
22.96803652968036529680365314,0,0.000,22.96803652968036529680365314,0.2739726027397260273972602740,0.2191780821917808219178082192,22.69406392694063926940639287,0E-28,0E-28,0,0,0,41,42,2035,BASE,0.2739726027397260273972602740,0.2191780821917808219178082192,0.06255082254331644461124663836,0.04503659223118784012009757962
22.69406392694063926940639287,0,0.000,22.69406392694063926940639287,0.2739726027397260273972602740,0.2191780821917808219178082192,22.42009132420091324200913260,0E-28,0E-28,0,0,0,42,43,2035,BASE,0.2739726027397260273972602740,0.2191780821917808219178082192,0.06180021267279664727591167875,0.04449615312441358603865640870
22.42009132420091324200913260,0,0.000,22.42009132420091324200913260,0.2739726027397260273972602740,0.2191780821917808219178082192,22.14611872146118721461187233,0E-28,0E-28,0,0,0,43,44,2035,BASE,0.2739726027397260273972602740,0.2191780821917808219178082192,0.06104960280227684994057671907,0.04395571401763933195721523773
22.14611872146118721461187233,0,0.000,22.14611872146118721461187233,0.2739726027397260273972602740,0.2191780821917808219178082192,21.87214611872146118721461206,0E-28,0E-28,0,0,0,44,45,2035,BASE,0.2739726027397260273972602740,0.2191780821917808219178082192,0.06029899293175705260524175946,0.04341527491086507787577406681
21.87214611872146118721461206,0,0.000,21.87214611872146118721461206,0.2739726027397260273972602740,0.2191780821917808219178082192,21.59817351598173515981735179,0E-28,0E-28,0,0,0,45,46,2035,BASE,0.2739726027397260273972602740,0.2191780821917808219178082192,0.05954838306123725526990679979,0.04287483580409082379433289585
21.59817351598173515981735179,0,0.000,21.59817351598173515981735179,0.2739726027397260273972602740,0.2191780821917808219178082192,21.32420091324200913242009152,0E-28,0E-28,0,0,0,46,47,2035,BASE,0.2739726027397260273972602740,0.2191780821917808219178082192,0.05879777319071745793457184017,0.04233439669731656971289172492
21.32420091324200913242009152,0,0.000,21.32420091324200913242009152,0.2739726027397260273972602740,0.2191780821917808219178082192,21.05022831050228310502283125,0E-28,0E-28,0,0,0,47,48,2035,BASE,0.2739726027397260273972602740,0.2191780821917808219178082192,0.05804716332019766059923688050,0.04179395759054231563145055396
21.05022831050228310502283125,0,0.000,21.05022831050228310502283125,0.2739726027397260273972602740,0.2191780821917808219178082192,20.77625570776255707762557098,0E-28,0E-28,0,0,0,48,49,2035,BASE,0.2739726027397260273972602740,0.2191780821917808219178082192,0.05729655344967786326390192088,0.04125351848376806155000938303
20.77625570776255707762557098,0,0.000,20.77625570776255707762557098,0.2739726027397260273972602740,0.2191780821917808219178082192,20.50228310502283105022831071,0E-28,0E-28,0,0,0,49,50,2035,BASE,0.2739726027397260273972602740,0.2191780821917808219178082192,0.05654594357915806592856696121,0.04071307937699380746856821207
20.50228310502283105022831071,0,0.000,20.50228310502283105022831071,0.2739726027397260273972602740,0.2191780821917808219178082192,20.22831050228310502283105044,0E-28,0E-28,0,0,0,50,51,2035,BASE,0.2739726027397260273972602740,0.2191780821917808219178082192,0.05579533370863826859323200159,0.04017264027021955338712704114
20.22831050228310502283105044,0,0.000,20.22831050228310502283105044,0.2739726027397260273972602740,0.2191780821917808219178082192,19.95433789954337899543379017,0E-28,0E-28,0,0,0,51,52,2035,BASE,0.2739726027397260273972602740,0.2191780821917808219178082192,0.05504472383811847125789704192,0.03963220116344529930568587018
19.95433789954337899543379017,0,0.000,19.95433789954337899543379017,0.2739726027397260273972602740,0.2191780821917808219178082192,19.68036529680365296803652990,0E-28,0E-28,0,0,0,52,53,2035,BASE,0.2739726027397260273972602740,0.2191780821917808219178082192,0.05429411396759867392256208231,0.03909176205667104522424469926
19.68036529680365296803652990,0,0.000,19.68036529680365296803652990,0.2739726027397260273972602740,0.2191780821917808219178082192,19.40639269406392694063926963,0E-28,0E-28,0,0,0,53,54,2035,BASE,0.2739726027397260273972602740,0.2191780821917808219178082192,0.05354350409707887658722712264,0.03855132294989679114280352830
19.40639269406392694063926963,0,0.000,19.40639269406392694063926963,0.2739726027397260273972602740,0.2191780821917808219178082192,19.13242009132420091324200936,0E-28,0E-28,0,0,0,54,55,2035,BASE,0.2739726027397260273972602740,0.2191780821917808219178082192,0.05279289422655907925189216302,0.03801088384312253706136235737
19.13242009132420091324200936,0,0.000,19.13242009132420091324200936,0.2739726027397260273972602740,0.2191780821917808219178082192,18.85844748858447488584474909,0E-28,0E-28,0,0,0,55,56,2035,BASE,0.2739726027397260273972602740,0.2191780821917808219178082192,0.05204228435603928191655720335,0.03747044473634828297992118641
18.85844748858447488584474909,0,0.000,18.85844748858447488584474909,0.2739726027397260273972602740,0.2191780821917808219178082192,18.58447488584474885844748882,0E-28,0E-28,0,0,0,56,57,2035,BASE,0.2739726027397260273972602740,0.2191780821917808219178082192,0.05129167448551948458122224373,0.03693000562957402889848001549
18.58447488584474885844748882,0,0.000,18.58447488584474885844748882,0.2739726027397260273972602740,0.2191780821917808219178082192,18.31050228310502283105022855,0E-28,0E-28,0,0,0,57,58,2035,BASE,0.2739726027397260273972602740,0.2191780821917808219178082192,0.05054106461499968724588728406,0.03638956652279977481703884452
18.31050228310502283105022855,0,0.000,18.31050228310502283105022855,0.2739726027397260273972602740,0.2191780821917808219178082192,18.03652968036529680365296828,0E-28,0E-28,0,0,0,58,59,2035,BASE,0.2739726027397260273972602740,0.2191780821917808219178082192,0.04979045474447988991055232444,0.03584912741602552073559767360
18.03652968036529680365296828,0,0.000,18.03652968036529680365296828,0.2739726027397260273972602740,0.2191780821917808219178082192,17.76255707762557077625570801,0E-28,0E-28,0,0,0,59,60,2035,BASE,0.2739726027397260273972602740,0.2191780821917808219178082192,0.04903984487396009257521736477,0.03530868830925126665415650263
17.76255707762557077625570801,0,0.000,17.76255707762557077625570801,0.2283105022831050228310502283,0.1826484018264840182648401826,17.53424657534246575342465778,0E-28,0E-28,0,0,0,60,365/6,2035,BASE,0.2283105022831050228310502283,0.1826484018264840182648401826,0.04029315485498634307041137648,0.02901107149559016701069619107
17.53424657534246575342465778,9.299768103468885223170527625,0.4184895646560998350426737431,26.41552511415525114155251166,0.04566210045662100456621004567,0.03652968036529680365296803654,26.36986301369863013698630161,0E-29,0E-29,9.299768103468885223170527625,0E-27,0,365/6,61,2035,BASE,0.04566210045662100456621004567,0.03652968036529680365296803654,0.01205145847667896832843351902,0.008677050103208857196472133694
26.36986301369863013698630161,0,0.000,26.36986301369863013698630161,0.2739726027397260273972602740,0.2191780821917808219178082192,26.09589041095890410958904134,0E-28,0E-28,0,0,0,61,62,2035,BASE,0.2739726027397260273972602740,0.2191780821917808219178082192,0.07187089510227059485832238762,0.05174704447363482829799211909
26.09589041095890410958904134,0,0.000,26.09589041095890410958904134,0.2739726027397260273972602740,0.2191780821917808219178082192,25.82191780821917808219178107,0E-28,0E-28,0,0,0,62,63,2035,BASE,0.2739726027397260273972602740,0.2191780821917808219178082192,0.07112028523175079752298742795,0.05120660536686057421655094812
25.82191780821917808219178107,0,0.000,25.82191780821917808219178107,0.2739726027397260273972602740,0.2191780821917808219178082192,25.54794520547945205479452080,0E-28,0E-28,0,0,0,63,64,2035,BASE,0.2739726027397260273972602740,0.2191780821917808219178082192,0.07036967536123100018765246834,0.05066616626008632013510977720
25.54794520547945205479452080,0,0.000,25.54794520547945205479452080,0.2739726027397260273972602740,0.2191780821917808219178082192,25.27397260273972602739726053,0E-28,0E-28,0,0,0,64,65,2035,BASE,0.2739726027397260273972602740,0.2191780821917808219178082192,0.06961906549071120285231750866,0.05012572715331206605366860624
25.27397260273972602739726053,0,0.000,25.27397260273972602739726053,0.2739726027397260273972602740,0.2191780821917808219178082192,25.00000000000000000000000026,0E-28,0E-28,0,0,0,65,66,2035,BASE,0.2739726027397260273972602740,0.2191780821917808219178082192,0.06886845562019140551698254905,0.04958528804653781197222743532
25.00000000000000000000000026,0,0.000,25.00000000000000000000000026,0.2739726027397260273972602740,0.2191780821917808219178082192,24.72602739726027397260273999,0E-28,0E-28,0,0,0,66,67,2035,BASE,0.2739726027397260273972602740,0.2191780821917808219178082192,0.06811784574967160818164758938,0.04904484893976355789078626435
24.72602739726027397260273999,0,0.000,24.72602739726027397260273999,0.2739726027397260273972602740,0.2191780821917808219178082192,24.45205479452054794520547972,0E-28,0E-28,0,0,0,67,68,2035,BASE,0.2739726027397260273972602740,0.2191780821917808219178082192,0.06736723587915181084631262976,0.04850440983298930380934509343
24.45205479452054794520547972,0,0.000,24.45205479452054794520547972,0.2739726027397260273972602740,0.2191780821917808219178082192,24.17808219178082191780821945,0E-28,0E-28,0,0,0,68,69,2035,BASE,0.2739726027397260273972602740,0.2191780821917808219178082192,0.06661662600863201351097767009,0.04796397072621504972790392246
24.17808219178082191780821945,0,0.000,24.17808219178082191780821945,0.2739726027397260273972602740,0.2191780821917808219178082192,23.90410958904109589041095918,0E-28,0E-28,0,0,0,69,70,2035,BASE,0.2739726027397260273972602740,0.2191780821917808219178082192,0.06586601613811221617564271047,0.04742353161944079564646275154
23.90410958904109589041095918,0,0.000,23.90410958904109589041095918,0.2739726027397260273972602740,0.2191780821917808219178082192,23.63013698630136986301369891,0E-28,0E-28,0,0,0,70,71,2035,BASE,0.2739726027397260273972602740,0.2191780821917808219178082192,0.06511540626759241884030775080,0.04688309251266654156502158058
23.63013698630136986301369891,0,0.000,23.63013698630136986301369891,0.2739726027397260273972602740,0.2191780821917808219178082192,23.35616438356164383561643864,0E-28,0E-28,0,0,0,71,72,2035,BASE,0.2739726027397260273972602740,0.2191780821917808219178082192,0.06436479639707262150497279118,0.04634265340589228748358040965
23.35616438356164383561643864,0,0.000,23.35616438356164383561643864,0.2739726027397260273972602740,0.2191780821917808219178082192,23.08219178082191780821917837,0E-28,0E-28,0,0,0,72,73,2035,BASE,0.2739726027397260273972602740,0.2191780821917808219178082192,0.06361418652655282416963783151,0.04580221429911803340213923869
23.08219178082191780821917837,0,0.000,23.08219178082191780821917837,0.2739726027397260273972602740,0.2191780821917808219178082192,22.80821917808219178082191810,0E-28,0E-28,0,0,0,73,74,2035,BASE,0.2739726027397260273972602740,0.2191780821917808219178082192,0.06286357665603302683430287190,0.04526177519234377932069806777
22.80821917808219178082191810,0,0.000,22.80821917808219178082191810,0.2739726027397260273972602740,0.2191780821917808219178082192,22.53424657534246575342465783,0E-28,0E-28,0,0,0,74,75,2035,BASE,0.2739726027397260273972602740,0.2191780821917808219178082192,0.06211296678551322949896791223,0.04472133608556952523925689681
22.53424657534246575342465783,0,0.000,22.53424657534246575342465783,0.2739726027397260273972602740,0.2191780821917808219178082192,22.26027397260273972602739756,0E-28,0E-28,0,0,0,75,76,2035,BASE,0.2739726027397260273972602740,0.2191780821917808219178082192,0.06136235691499343216363295261,0.04418089697879527115781572588
22.26027397260273972602739756,0,0.000,22.26027397260273972602739756,0.2739726027397260273972602740,0.2191780821917808219178082192,21.98630136986301369863013729,0E-28,0E-28,0,0,0,76,77,2035,BASE,0.2739726027397260273972602740,0.2191780821917808219178082192,0.06061174704447363482829799294,0.04364045787202101707637455492
21.98630136986301369863013729,0,0.000,21.98630136986301369863013729,0.2739726027397260273972602740,0.2191780821917808219178082192,21.71232876712328767123287702,0E-28,0E-28,0,0,0,77,78,2035,BASE,0.2739726027397260273972602740,0.2191780821917808219178082192,0.05986113717395383749296303332,0.04310001876524676299493338399
21.71232876712328767123287702,0,0.000,21.71232876712328767123287702,0.2739726027397260273972602740,0.2191780821917808219178082192,21.43835616438356164383561675,0E-28,0E-28,0,0,0,78,79,2035,BASE,0.2739726027397260273972602740,0.2191780821917808219178082192,0.05911052730343404015762807365,0.04255957965847250891349221303
21.43835616438356164383561675,0,0.000,21.43835616438356164383561675,0.2739726027397260273972602740,0.2191780821917808219178082192,21.16438356164383561643835648,0E-28,0E-28,0,0,0,79,80,2035,BASE,0.2739726027397260273972602740,0.2191780821917808219178082192,0.05835991743291424282229311403,0.04201914055169825483205104210
21.16438356164383561643835648,0,0.000,21.16438356164383561643835648,0.2739726027397260273972602740,0.2191780821917808219178082192,20.89041095890410958904109621,0E-28,0E-28,0,0,0,80,81,2035,BASE,0.2739726027397260273972602740,0.2191780821917808219178082192,0.05760930756239444548695815436,0.04147870144492400075060987114
20.89041095890410958904109621,0,0.000,20.89041095890410958904109621,0.2739726027397260273972602740,0.2191780821917808219178082192,20.61643835616438356164383594,0E-28,0E-28,0,0,0,81,82,2035,BASE,0.2739726027397260273972602740,0.2191780821917808219178082192,0.05685869769187464815162319475,0.04093826233814974666916870022
20.61643835616438356164383594,0,0.000,20.61643835616438356164383594,0.2739726027397260273972602740,0.2191780821917808219178082192,20.34246575342465753424657567,0E-28,0E-28,0,0,0,82,83,2035,BASE,0.2739726027397260273972602740,0.2191780821917808219178082192,0.05610808782135485081628823507,0.04039782323137549258772752925
20.34246575342465753424657567,0,0.000,20.34246575342465753424657567,0.2739726027397260273972602740,0.2191780821917808219178082192,20.06849315068493150684931540,0E-28,0E-28,0,0,0,83,84,2035,BASE,0.2739726027397260273972602740,0.2191780821917808219178082192,0.05535747795083505348095327546,0.03985738412460123850628635833
20.06849315068493150684931540,0,0.000,20.06849315068493150684931540,0.2739726027397260273972602740,0.2191780821917808219178082192,19.79452054794520547945205513,0E-28,0E-28,0,0,0,84,85,2035,BASE,0.2739726027397260273972602740,0.2191780821917808219178082192,0.05460686808031525614561831579,0.03931694501782698442484518737
19.79452054794520547945205513,0,0.000,19.79452054794520547945205513,0.2739726027397260273972602740,0.2191780821917808219178082192,19.52054794520547945205479486,0E-28,0E-28,0,0,0,85,86,2035,BASE,0.2739726027397260273972602740,0.2191780821917808219178082192,0.05385625820979545881028335617,0.03877650591105273034340401644
19.52054794520547945205479486,0,0.000,19.52054794520547945205479486,0.2739726027397260273972602740,0.2191780821917808219178082192,19.24657534246575342465753459,0E-28,0E-28,0,0,0,86,87,2035,BASE,0.2739726027397260273972602740,0.2191780821917808219178082192,0.05310564833927566147494839650,0.03823606680427847626196284548
19.24657534246575342465753459,0,0.000,19.24657534246575342465753459,0.2739726027397260273972602740,0.2191780821917808219178082192,18.97260273972602739726027432,0E-28,0E-28,0,0,0,87,88,2035,BASE,0.2739726027397260273972602740,0.2191780821917808219178082192,0.05235503846875586413961343688,0.03769562769750422218052167455
18.97260273972602739726027432,0,0.000,18.97260273972602739726027432,0.2739726027397260273972602740,0.2191780821917808219178082192,18.69863013698630136986301405,0E-28,0E-28,0,0,0,88,89,2035,BASE,0.2739726027397260273972602740,0.2191780821917808219178082192,0.05160442859823606680427847721,0.03715518859072996809908050359
18.69863013698630136986301405,0,0.000,18.69863013698630136986301405,0.2739726027397260273972602740,0.2191780821917808219178082192,18.42465753424657534246575378,0E-28,0E-28,0,0,0,89,90,2035,BASE,0.2739726027397260273972602740,0.2191780821917808219178082192,0.05085381872771626946894351759,0.03661474948395571401763933266
18.42465753424657534246575378,0,0.000,18.42465753424657534246575378,0.2739726027397260273972602740,0.2191780821917808219178082192,18.15068493150684931506849351,0E-28,0E-28,0,0,0,90,91,2035,BASE,0.2739726027397260273972602740,0.2191780821917808219178082192,0.05010320885719647213360855792,0.03607431037718145993619816170
18.15068493150684931506849351,0,0.000,18.15068493150684931506849351,0.06849315068493150684931506849,0.05479452054794520547945205479,18.08219178082191780821917844,0E-29,0E-29,0,0,0,91,365/4,2035,BASE,0.06849315068493150684931506849,0.05479452054794520547945205479,0.01240851942203039969975605204,0.008934133983861887783824357469
18.08219178082191780821917844,9.299768103468885223170527625,0.4184895646560998350426737431,26.96347031963470319634703232,0.2054794520547945205479452055,0.1643835616438356164383561644,26.75799086757990867579908711,0E-28,0E-28,9.299768103468885223170527625,0E-27,0,365/4,92,2035,BASE,0.2054794520547945205479452055,0.1643835616438356164383561644,0.05519328204165884781384875285,0.03973916306999437042597110205
26.75799086757990867579908711,0,0.000,26.75799086757990867579908711,0.2739726027397260273972602740,0.2191780821917808219178082192,26.48401826484018264840182684,0E-28,0E-28,0,0,0,92,93,2035,BASE,0.2739726027397260273972602740,0.2191780821917808219178082192,0.07293425908550697441671358077,0.05251266654156502158003377815
26.48401826484018264840182684,0,0.000,26.48401826484018264840182684,0.2739726027397260273972602740,0.2191780821917808219178082192,26.21004566210045662100456657,0E-28,0E-28,0,0,0,93,94,2035,BASE,0.2739726027397260273972602740,0.2191780821917808219178082192,0.07218364921498717708137862110,0.05197222743479076749859260719
26.21004566210045662100456657,0,0.000,26.21004566210045662100456657,0.2739726027397260273972602740,0.2191780821917808219178082192,25.93607305936073059360730630,0E-28,0E-28,0,0,0,94,95,2035,BASE,0.2739726027397260273972602740,0.2191780821917808219178082192,0.07143303934446737974604366149,0.05143178832801651341715143627
25.93607305936073059360730630,0,0.000,25.93607305936073059360730630,0.2739726027397260273972602740,0.2191780821917808219178082192,25.66210045662100456621004603,0E-28,0E-28,0,0,0,95,96,2035,BASE,0.2739726027397260273972602740,0.2191780821917808219178082192,0.07068242947394758241070870182,0.05089134922124225933571026531
25.66210045662100456621004603,0,0.000,25.66210045662100456621004603,0.2739726027397260273972602740,0.2191780821917808219178082192,25.38812785388127853881278576,0E-28,0E-28,0,0,0,96,97,2035,BASE,0.2739726027397260273972602740,0.2191780821917808219178082192,0.06993181960342778507537374220,0.05035091011446800525426909438
25.38812785388127853881278576,0,0.000,25.38812785388127853881278576,0.2739726027397260273972602740,0.2191780821917808219178082192,25.11415525114155251141552549,0E-28,0E-28,0,0,0,97,98,2035,BASE,0.2739726027397260273972602740,0.2191780821917808219178082192,0.06918120973290798774003878253,0.04981047100769375117282792342
25.11415525114155251141552549,0,0.000,25.11415525114155251141552549,0.2739726027397260273972602740,0.2191780821917808219178082192,24.84018264840182648401826522,0E-28,0E-28,0,0,0,98,99,2035,BASE,0.2739726027397260273972602740,0.2191780821917808219178082192,0.06843059986238819040470382291,0.04927003190091949709138675250
24.84018264840182648401826522,0,0.000,24.84018264840182648401826522,0.2739726027397260273972602740,0.2191780821917808219178082192,24.56621004566210045662100495,0E-28,0E-28,0,0,0,99,100,2035,BASE,0.2739726027397260273972602740,0.2191780821917808219178082192,0.06767998999186839306936886324,0.04872959279414524300994558153
24.56621004566210045662100495,0,0.000,24.56621004566210045662100495,0.2739726027397260273972602740,0.2191780821917808219178082192,24.29223744292237442922374468,0E-28,0E-28,0,0,0,100,101,2035,BASE,0.2739726027397260273972602740,0.2191780821917808219178082192,0.06692938012134859573403390362,0.04818915368737098892850441061
24.29223744292237442922374468,0,0.000,24.29223744292237442922374468,0.2739726027397260273972602740,0.2191780821917808219178082192,24.01826484018264840182648441,0E-28,0E-28,0,0,0,101,102,2035,BASE,0.2739726027397260273972602740,0.2191780821917808219178082192,0.06617877025082879839869894395,0.04764871458059673484706323964
24.01826484018264840182648441,0,0.000,24.01826484018264840182648441,0.2739726027397260273972602740,0.2191780821917808219178082192,23.74429223744292237442922414,0E-28,0E-28,0,0,0,102,103,2035,BASE,0.2739726027397260273972602740,0.2191780821917808219178082192,0.06542816038030900106336398434,0.04710827547382248076562206872
23.74429223744292237442922414,0,0.000,23.74429223744292237442922414,0.2739726027397260273972602740,0.2191780821917808219178082192,23.47031963470319634703196387,0E-28,0E-28,0,0,0,103,104,2035,BASE,0.2739726027397260273972602740,0.2191780821917808219178082192,0.06467755050978920372802902466,0.04656783636704822668418089776
23.47031963470319634703196387,0,0.000,23.47031963470319634703196387,0.2739726027397260273972602740,0.2191780821917808219178082192,23.19634703196347031963470360,0E-28,0E-28,0,0,0,104,105,2035,BASE,0.2739726027397260273972602740,0.2191780821917808219178082192,0.06392694063926940639269406505,0.04602739726027397260273972684
23.19634703196347031963470360,0,0.000,23.19634703196347031963470360,0.2739726027397260273972602740,0.2191780821917808219178082192,22.92237442922374429223744333,0E-28,0E-28,0,0,0,105,106,2035,BASE,0.2739726027397260273972602740,0.2191780821917808219178082192,0.06317633076874960905735910538,0.04548695815349971852129855587
22.92237442922374429223744333,0,0.000,22.92237442922374429223744333,0.2739726027397260273972602740,0.2191780821917808219178082192,22.64840182648401826484018306,0E-28,0E-28,0,0,0,106,107,2035,BASE,0.2739726027397260273972602740,0.2191780821917808219178082192,0.06242572089822981172202414576,0.04494651904672546443985738495
22.64840182648401826484018306,0,0.000,22.64840182648401826484018306,0.2739726027397260273972602740,0.2191780821917808219178082192,22.37442922374429223744292279,0E-28,0E-28,0,0,0,107,108,2035,BASE,0.2739726027397260273972602740,0.2191780821917808219178082192,0.06167511102771001438668918609,0.04440607993995121035841621398
22.37442922374429223744292279,0,0.000,22.37442922374429223744292279,0.2739726027397260273972602740,0.2191780821917808219178082192,22.10045662100456621004566252,0E-28,0E-28,0,0,0,108,109,2035,BASE,0.2739726027397260273972602740,0.2191780821917808219178082192,0.06092450115719021705135422647,0.04386564083317695627697504306
22.10045662100456621004566252,0,0.000,22.10045662100456621004566252,0.2739726027397260273972602740,0.2191780821917808219178082192,21.82648401826484018264840225,0E-28,0E-28,0,0,0,109,110,2035,BASE,0.2739726027397260273972602740,0.2191780821917808219178082192,0.06017389128667041971601926680,0.04332520172640270219553387210
21.82648401826484018264840225,0,0.000,21.82648401826484018264840225,0.2739726027397260273972602740,0.2191780821917808219178082192,21.55251141552511415525114198,0E-28,0E-28,0,0,0,110,111,2035,BASE,0.2739726027397260273972602740,0.2191780821917808219178082192,0.05942328141615062238068430718,0.04278476261962844811409270117
21.55251141552511415525114198,0,0.000,21.55251141552511415525114198,0.2739726027397260273972602740,0.2191780821917808219178082192,21.27853881278538812785388171,0E-28,0E-28,0,0,0,111,112,2035,BASE,0.2739726027397260273972602740,0.2191780821917808219178082192,0.05867267154563082504534934751,0.04224432351285419403265153021
21.27853881278538812785388171,0,0.000,21.27853881278538812785388171,0.2739726027397260273972602740,0.2191780821917808219178082192,21.00456621004566210045662144,0E-28,0E-28,0,0,0,112,113,2035,BASE,0.2739726027397260273972602740,0.2191780821917808219178082192,0.05792206167511102771001438790,0.04170388440607993995121035929
21.00456621004566210045662144,0,0.000,21.00456621004566210045662144,0.2739726027397260273972602740,0.2191780821917808219178082192,20.73059360730593607305936117,0E-28,0E-28,0,0,0,113,114,2035,BASE,0.2739726027397260273972602740,0.2191780821917808219178082192,0.05717145180459123037467942822,0.04116344529930568586976918832
20.73059360730593607305936117,0,0.000,20.73059360730593607305936117,0.2739726027397260273972602740,0.2191780821917808219178082192,20.45662100456621004566210090,0E-28,0E-28,0,0,0,114,115,2035,BASE,0.2739726027397260273972602740,0.2191780821917808219178082192,0.05642084193407143303934446861,0.04062300619253143178832801740
20.45662100456621004566210090,0,0.000,20.45662100456621004566210090,0.2739726027397260273972602740,0.2191780821917808219178082192,20.18264840182648401826484063,0E-28,0E-28,0,0,0,115,116,2035,BASE,0.2739726027397260273972602740,0.2191780821917808219178082192,0.05567023206355163570400950894,0.04008256708575717770688684644
20.18264840182648401826484063,0,0.000,20.18264840182648401826484063,0.2739726027397260273972602740,0.2191780821917808219178082192,19.90867579908675799086758036,0E-28,0E-28,0,0,0,116,117,2035,BASE,0.2739726027397260273972602740,0.2191780821917808219178082192,0.05491962219303183836867454932,0.03954212797898292362544567551
19.90867579908675799086758036,0,0.000,19.90867579908675799086758036,0.2739726027397260273972602740,0.2191780821917808219178082192,19.63470319634703196347032009,0E-28,0E-28,0,0,0,117,118,2035,BASE,0.2739726027397260273972602740,0.2191780821917808219178082192,0.05416901232251204103333958965,0.03900168887220866954400450455
19.63470319634703196347032009,0,0.000,19.63470319634703196347032009,0.2739726027397260273972602740,0.2191780821917808219178082192,19.36073059360730593607305982,0E-28,0E-28,0,0,0,118,119,2035,BASE,0.2739726027397260273972602740,0.2191780821917808219178082192,0.05341840245199224369800463003,0.03846124976543441546256333362
19.36073059360730593607305982,0,0.000,19.36073059360730593607305982,0.2739726027397260273972602740,0.2191780821917808219178082192,19.08675799086757990867579955,0E-28,0E-28,0,0,0,119,120,2035,BASE,0.2739726027397260273972602740,0.2191780821917808219178082192,0.05266779258147244636266967036,0.03792081065866016138112216266
19.08675799086757990867579955,0,0.000,19.08675799086757990867579955,0.2739726027397260273972602740,0.2191780821917808219178082192,18.81278538812785388127853928,0E-28,0E-28,0,0,0,120,121,2035,BASE,0.2739726027397260273972602740,0.2191780821917808219178082192,0.05191718271095264902733471074,0.03738037155188590729968099173
18.81278538812785388127853928,0,0.000,18.81278538812785388127853928,0.1826484018264840182648401827,0.1461187214611872146118721462,18.63013698630136986301369910,0E-28,0E-28,0,0,0,121,365/3,2035,BASE,0.1826484018264840182648401827,0.1461187214611872146118721462,0.03419444965701298972081482958,0.02462000375304935259898667730
18.63013698630136986301369910,9.299768103468885223170527625,0.4184895646560998350426737431,27.51141552511415525114155298,0.09132420091324200913242009132,0.07305936073059360730593607306,27.42009132420091324200913289,0E-29,0E-29,9.299768103468885223170527625,0E-27,0,365/3,122,2035,BASE,0.09132420091324200913242009132,0.07305936073059360730593607306,0.02508287983986989428910990223,0.01805967348470632388815912961
27.42009132420091324200913289,0,0.000,27.42009132420091324200913289,0.2739726027397260273972602740,0.2191780821917808219178082192,27.14611872146118721461187262,0E-28,0E-28,0,0,0,122,123,2035,BASE,0.2739726027397260273972602740,0.2191780821917808219178082192,0.07474823293926315131043973360,0.05381872771626946894351660819
27.14611872146118721461187262,0,0.000,27.14611872146118721461187262,0.2739726027397260273972602740,0.2191780821917808219178082192,26.87214611872146118721461235,0E-28,0E-28,0,0,0,123,124,2035,BASE,0.2739726027397260273972602740,0.2191780821917808219178082192,0.07399762306874335397510477393,0.05327828860949521486207543723
26.87214611872146118721461235,0,0.000,26.87214611872146118721461235,0.2739726027397260273972602740,0.2191780821917808219178082192,26.59817351598173515981735208,0E-28,0E-28,0,0,0,124,125,2035,BASE,0.2739726027397260273972602740,0.2191780821917808219178082192,0.07324701319822355663976981431,0.05273784950272096078063426630
26.59817351598173515981735208,0,0.000,26.59817351598173515981735208,0.2739726027397260273972602740,0.2191780821917808219178082192,26.32420091324200913242009181,0E-28,0E-28,0,0,0,125,126,2035,BASE,0.2739726027397260273972602740,0.2191780821917808219178082192,0.07249640332770375930443485464,0.05219741039594670669919309534
26.32420091324200913242009181,0,0.000,26.32420091324200913242009181,0.2739726027397260273972602740,0.2191780821917808219178082192,26.05022831050228310502283154,0E-28,0E-28,0,0,0,126,127,2035,BASE,0.2739726027397260273972602740,0.2191780821917808219178082192,0.07174579345718396196909989502,0.05165697128917245261775192441
26.05022831050228310502283154,0,0.000,26.05022831050228310502283154,0.2739726027397260273972602740,0.2191780821917808219178082192,25.77625570776255707762557127,0E-28,0E-28,0,0,0,127,128,2035,BASE,0.2739726027397260273972602740,0.2191780821917808219178082192,0.07099518358666416463376493535,0.05111653218239819853631075345
25.77625570776255707762557127,0,0.000,25.77625570776255707762557127,0.2739726027397260273972602740,0.2191780821917808219178082192,25.50228310502283105022831100,0E-28,0E-28,0,0,0,128,129,2035,BASE,0.2739726027397260273972602740,0.2191780821917808219178082192,0.07024457371614436729842997573,0.05057609307562394445486958253
25.50228310502283105022831100,0,0.000,25.50228310502283105022831100,0.2739726027397260273972602740,0.2191780821917808219178082192,25.22831050228310502283105073,0E-28,0E-28,0,0,0,129,130,2035,BASE,0.2739726027397260273972602740,0.2191780821917808219178082192,0.06949396384562456996309501606,0.05003565396884969037342841156
25.22831050228310502283105073,0,0.000,25.22831050228310502283105073,0.2739726027397260273972602740,0.2191780821917808219178082192,24.95433789954337899543379046,0E-28,0E-28,0,0,0,130,131,2035,BASE,0.2739726027397260273972602740,0.2191780821917808219178082192,0.06874335397510477262776005645,0.04949521486207543629198724064
24.95433789954337899543379046,0,0.000,24.95433789954337899543379046,0.2739726027397260273972602740,0.2191780821917808219178082192,24.68036529680365296803653019,0E-28,0E-28,0,0,0,131,132,2035,BASE,0.2739726027397260273972602740,0.2191780821917808219178082192,0.06799274410458497529242509677,0.04895477575530118221054606967
24.68036529680365296803653019,0,0.000,24.68036529680365296803653019,0.2739726027397260273972602740,0.2191780821917808219178082192,24.40639269406392694063926992,0E-28,0E-28,0,0,0,132,133,2035,BASE,0.2739726027397260273972602740,0.2191780821917808219178082192,0.06724213423406517795709013716,0.04841433664852692812910489876
24.40639269406392694063926992,0,0.000,24.40639269406392694063926992,0.2739726027397260273972602740,0.2191780821917808219178082192,24.13242009132420091324200965,0E-28,0E-28,0,0,0,133,134,2035,BASE,0.2739726027397260273972602740,0.2191780821917808219178082192,0.06649152436354538062175517749,0.04787389754175267404766372779
24.13242009132420091324200965,0,0.000,24.13242009132420091324200965,0.2739726027397260273972602740,0.2191780821917808219178082192,23.85844748858447488584474938,0E-28,0E-28,0,0,0,134,135,2035,BASE,0.2739726027397260273972602740,0.2191780821917808219178082192,0.06574091449302558328642021787,0.04733345843497841996622255687
23.85844748858447488584474938,0,0.000,23.85844748858447488584474938,0.2739726027397260273972602740,0.2191780821917808219178082192,23.58447488584474885844748911,0E-28,0E-28,0,0,0,135,136,2035,BASE,0.2739726027397260273972602740,0.2191780821917808219178082192,0.06499030462250578595108525820,0.04679301932820416588478138590
23.58447488584474885844748911,0,0.000,23.58447488584474885844748911,0.2739726027397260273972602740,0.2191780821917808219178082192,23.31050228310502283105022884,0E-28,0E-28,0,0,0,136,137,2035,BASE,0.2739726027397260273972602740,0.2191780821917808219178082192,0.06423969475198598861575029858,0.04625258022142991180334021498
23.31050228310502283105022884,0,0.000,23.31050228310502283105022884,0.2739726027397260273972602740,0.2191780821917808219178082192,23.03652968036529680365296857,0E-28,0E-28,0,0,0,137,138,2035,BASE,0.2739726027397260273972602740,0.2191780821917808219178082192,0.06348908488146619128041533891,0.04571214111465565772189904402
23.03652968036529680365296857,0,0.000,23.03652968036529680365296857,0.2739726027397260273972602740,0.2191780821917808219178082192,22.76255707762557077625570830,0E-28,0E-28,0,0,0,138,139,2035,BASE,0.2739726027397260273972602740,0.2191780821917808219178082192,0.06273847501094639394508037929,0.04517170200788140364045787309
22.76255707762557077625570830,0,0.000,22.76255707762557077625570830,0.2739726027397260273972602740,0.2191780821917808219178082192,22.48858447488584474885844803,0E-28,0E-28,0,0,0,139,140,2035,BASE,0.2739726027397260273972602740,0.2191780821917808219178082192,0.06198786514042659660974541962,0.04463126290110714955901670213
22.48858447488584474885844803,0,0.000,22.48858447488584474885844803,0.2739726027397260273972602740,0.2191780821917808219178082192,22.21461187214611872146118776,0E-28,0E-28,0,0,0,140,141,2035,BASE,0.2739726027397260273972602740,0.2191780821917808219178082192,0.06123725526990679927441046001,0.04409082379433289547757553121
22.21461187214611872146118776,0,0.000,22.21461187214611872146118776,0.2739726027397260273972602740,0.2191780821917808219178082192,21.94063926940639269406392749,0E-28,0E-28,0,0,0,141,142,2035,BASE,0.2739726027397260273972602740,0.2191780821917808219178082192,0.06048664539938700193907550033,0.04355038468755864139613436024
21.94063926940639269406392749,0,0.000,21.94063926940639269406392749,0.2739726027397260273972602740,0.2191780821917808219178082192,21.66666666666666666666666722,0E-28,0E-28,0,0,0,142,143,2035,BASE,0.2739726027397260273972602740,0.2191780821917808219178082192,0.05973603552886720460374054072,0.04300994558078438731469318932
21.66666666666666666666666722,0,0.000,21.66666666666666666666666722,0.2739726027397260273972602740,0.2191780821917808219178082192,21.39269406392694063926940695,0E-28,0E-28,0,0,0,143,144,2035,BASE,0.2739726027397260273972602740,0.2191780821917808219178082192,0.05898542565834740726840558105,0.04246950647401013323325201836
21.39269406392694063926940695,0,0.000,21.39269406392694063926940695,0.2739726027397260273972602740,0.2191780821917808219178082192,21.11872146118721461187214668,0E-28,0E-28,0,0,0,144,145,2035,BASE,0.2739726027397260273972602740,0.2191780821917808219178082192,0.05823481578782760993307062143,0.04192906736723587915181084743
21.11872146118721461187214668,0,0.000,21.11872146118721461187214668,0.2739726027397260273972602740,0.2191780821917808219178082192,20.84474885844748858447488641,0E-28,0E-28,0,0,0,145,146,2035,BASE,0.2739726027397260273972602740,0.2191780821917808219178082192,0.05748420591730781259773566176,0.04138862826046162507036967647
20.84474885844748858447488641,0,0.000,20.84474885844748858447488641,0.2739726027397260273972602740,0.2191780821917808219178082192,20.57077625570776255707762614,0E-28,0E-28,0,0,0,146,147,2035,BASE,0.2739726027397260273972602740,0.2191780821917808219178082192,0.05673359604678801526240070214,0.04084818915368737098892850554
20.57077625570776255707762614,0,0.000,20.57077625570776255707762614,0.2739726027397260273972602740,0.2191780821917808219178082192,20.29680365296803652968036587,0E-28,0E-28,0,0,0,147,148,2035,BASE,0.2739726027397260273972602740,0.2191780821917808219178082192,0.05598298617626821792706574247,0.04030775004691311690748733458
20.29680365296803652968036587,0,0.000,20.29680365296803652968036587,0.2739726027397260273972602740,0.2191780821917808219178082192,20.02283105022831050228310560,0E-28,0E-28,0,0,0,148,149,2035,BASE,0.2739726027397260273972602740,0.2191780821917808219178082192,0.05523237630574842059173078285,0.03976731094013886282604616365
20.02283105022831050228310560,0,0.000,20.02283105022831050228310560,0.2739726027397260273972602740,0.2191780821917808219178082192,19.74885844748858447488584533,0E-28,0E-28,0,0,0,149,150,2035,BASE,0.2739726027397260273972602740,0.2191780821917808219178082192,0.05448176643522862325639582318,0.03922687183336460874460499269
19.74885844748858447488584533,0,0.000,19.74885844748858447488584533,0.2739726027397260273972602740,0.2191780821917808219178082192,19.47488584474885844748858506,0E-28,0E-28,0,0,0,150,151,2035,BASE,0.2739726027397260273972602740,0.2191780821917808219178082192,0.05373115656470882592106086357,0.03868643272659035466316382177
19.47488584474885844748858506,0,0.000,19.47488584474885844748858506,0.2739726027397260273972602740,0.2191780821917808219178082192,19.20091324200913242009132479,0E-28,0E-28,0,0,0,151,152,2035,BASE,0.2739726027397260273972602740,0.2191780821917808219178082192,0.05298054669418902858572590390,0.03814599361981610058172265081
19.20091324200913242009132479,0,0.000,19.20091324200913242009132479,0.02283105022831050228310502283,0.01826484018264840182648401826,19.17808219178082191780821977,0E-29,0E-29,0,0,0,152,1825/12,2035,BASE,0.02283105022831050228310502283,0.01826484018264840182648401826,0.004381163862304789307979400064,0.003154437980859448301745168046
19.17808219178082191780821977,9.299768103468885223170527625,0.4184895646560998350426737431,28.05936073059360730593607366,0.2511415525114155251141552512,0.2009132420091324200913242010,27.80821917808219178082191841,0E-28,0E-28,9.299768103468885223170527625,0E-27,0,1825/12,153,2035,BASE,0.2511415525114155251141552512,0.2009132420091324200913242010,0.07015335376660203081670524121,0.05051041471195346218802777367
27.80821917808219178082191841,0,0.000,27.80821917808219178082191841,0.2739726027397260273972602740,0.2191780821917808219178082192,27.53424657534246575342465814,0E-28,0E-28,0,0,0,153,154,2035,BASE,0.2739726027397260273972602740,0.2191780821917808219178082192,0.07581159692249953086883092680,0.05458434978419966222555826730
27.53424657534246575342465814,0,0.000,27.53424657534246575342465814,0.2739726027397260273972602740,0.2191780821917808219178082192,27.26027397260273972602739787,0E-28,0E-28,0,0,0,154,155,2035,BASE,0.2739726027397260273972602740,0.2191780821917808219178082192,0.07506098705197973353349596713,0.05404391067742540814411709633
27.26027397260273972602739787,0,0.000,27.26027397260273972602739787,0.2739726027397260273972602740,0.2191780821917808219178082192,26.98630136986301369863013760,0E-28,0E-28,0,0,0,155,156,2035,BASE,0.2739726027397260273972602740,0.2191780821917808219178082192,0.07431037718145993619816100751,0.05350347157065115406267592541
26.98630136986301369863013760,0,0.000,26.98630136986301369863013760,0.2739726027397260273972602740,0.2191780821917808219178082192,26.71232876712328767123287733,0E-28,0E-28,0,0,0,156,157,2035,BASE,0.2739726027397260273972602740,0.2191780821917808219178082192,0.07355976731094013886282604784,0.05296303246387689998123475444
26.71232876712328767123287733,0,0.000,26.71232876712328767123287733,0.2739726027397260273972602740,0.2191780821917808219178082192,26.43835616438356164383561706,0E-28,0E-28,0,0,0,157,158,2035,BASE,0.2739726027397260273972602740,0.2191780821917808219178082192,0.07280915744042034152749108823,0.05242259335710264589979358353
26.43835616438356164383561706,0,0.000,26.43835616438356164383561706,0.2739726027397260273972602740,0.2191780821917808219178082192,26.16438356164383561643835679,0E-28,0E-28,0,0,0,158,159,2035,BASE,0.2739726027397260273972602740,0.2191780821917808219178082192,0.07205854756990054419215612856,0.05188215425032839181835241256
26.16438356164383561643835679,0,0.000,26.16438356164383561643835679,0.2739726027397260273972602740,0.2191780821917808219178082192,25.89041095890410958904109652,0E-28,0E-28,0,0,0,159,160,2035,BASE,0.2739726027397260273972602740,0.2191780821917808219178082192,0.07130793769938074685682116894,0.05134171514355413773691124164
25.89041095890410958904109652,0,0.000,25.89041095890410958904109652,0.2739726027397260273972602740,0.2191780821917808219178082192,25.61643835616438356164383625,0E-28,0E-28,0,0,0,160,161,2035,BASE,0.2739726027397260273972602740,0.2191780821917808219178082192,0.07055732782886094952148620927,0.05080127603677988365547007067
25.61643835616438356164383625,0,0.000,25.61643835616438356164383625,0.2739726027397260273972602740,0.2191780821917808219178082192,25.34246575342465753424657598,0E-28,0E-28,0,0,0,161,162,2035,BASE,0.2739726027397260273972602740,0.2191780821917808219178082192,0.06980671795834115218615124965,0.05026083693000562957402889975
25.34246575342465753424657598,0,0.000,25.34246575342465753424657598,0.2739726027397260273972602740,0.2191780821917808219178082192,25.06849315068493150684931571,0E-28,0E-28,0,0,0,162,163,2035,BASE,0.2739726027397260273972602740,0.2191780821917808219178082192,0.06905610808782135485081628998,0.04972039782323137549258772879
25.06849315068493150684931571,0,0.000,25.06849315068493150684931571,0.2739726027397260273972602740,0.2191780821917808219178082192,24.79452054794520547945205544,0E-28,0E-28,0,0,0,163,164,2035,BASE,0.2739726027397260273972602740,0.2191780821917808219178082192,0.06830549821730155751548133036,0.04917995871645712141114655786
24.79452054794520547945205544,0,0.000,24.79452054794520547945205544,0.2739726027397260273972602740,0.2191780821917808219178082192,24.52054794520547945205479517,0E-28,0E-28,0,0,0,164,165,2035,BASE,0.2739726027397260273972602740,0.2191780821917808219178082192,0.06755488834678176018014637069,0.04863951960968286732970538690
24.52054794520547945205479517,0,0.000,24.52054794520547945205479517,0.2739726027397260273972602740,0.2191780821917808219178082192,24.24657534246575342465753490,0E-28,0E-28,0,0,0,165,166,2035,BASE,0.2739726027397260273972602740,0.2191780821917808219178082192,0.06680427847626196284481141108,0.04809908050290861324826421598
24.24657534246575342465753490,0,0.000,24.24657534246575342465753490,0.2739726027397260273972602740,0.2191780821917808219178082192,23.97260273972602739726027463,0E-28,0E-28,0,0,0,166,167,2035,BASE,0.2739726027397260273972602740,0.2191780821917808219178082192,0.06605366860574216550947645140,0.04755864139613435916682304501
23.97260273972602739726027463,0,0.000,23.97260273972602739726027463,0.2739726027397260273972602740,0.2191780821917808219178082192,23.69863013698630136986301436,0E-28,0E-28,0,0,0,167,168,2035,BASE,0.2739726027397260273972602740,0.2191780821917808219178082192,0.06530305873522236817414149179,0.04701820228936010508538187409
23.69863013698630136986301436,0,0.000,23.69863013698630136986301436,0.2739726027397260273972602740,0.2191780821917808219178082192,23.42465753424657534246575409,0E-28,0E-28,0,0,0,168,169,2035,BASE,0.2739726027397260273972602740,0.2191780821917808219178082192,0.06455244886470257083880653212,0.04647776318258585100394070313
23.42465753424657534246575409,0,0.000,23.42465753424657534246575409,0.2739726027397260273972602740,0.2191780821917808219178082192,23.15068493150684931506849382,0E-28,0E-28,0,0,0,169,170,2035,BASE,0.2739726027397260273972602740,0.2191780821917808219178082192,0.06380183899418277350347157250,0.04593732407581159692249953220
23.15068493150684931506849382,0,0.000,23.15068493150684931506849382,0.2739726027397260273972602740,0.2191780821917808219178082192,22.87671232876712328767123355,0E-28,0E-28,0,0,0,170,171,2035,BASE,0.2739726027397260273972602740,0.2191780821917808219178082192,0.06305122912366297616813661283,0.04539688496903734284105836124
22.87671232876712328767123355,0,0.000,22.87671232876712328767123355,0.2739726027397260273972602740,0.2191780821917808219178082192,22.60273972602739726027397328,0E-28,0E-28,0,0,0,171,172,2035,BASE,0.2739726027397260273972602740,0.2191780821917808219178082192,0.06230061925314317883280165321,0.04485644586226308875961719031
22.60273972602739726027397328,0,0.000,22.60273972602739726027397328,0.2739726027397260273972602740,0.2191780821917808219178082192,22.32876712328767123287671301,0E-28,0E-28,0,0,0,172,173,2035,BASE,0.2739726027397260273972602740,0.2191780821917808219178082192,0.06155000938262338149746669354,0.04431600675548883467817601935
22.32876712328767123287671301,0,0.000,22.32876712328767123287671301,0.2739726027397260273972602740,0.2191780821917808219178082192,22.05479452054794520547945274,0E-28,0E-28,0,0,0,173,174,2035,BASE,0.2739726027397260273972602740,0.2191780821917808219178082192,0.06079939951210358416213173392,0.04377556764871458059673484842
22.05479452054794520547945274,0,0.000,22.05479452054794520547945274,0.2739726027397260273972602740,0.2191780821917808219178082192,21.78082191780821917808219247,0E-28,0E-28,0,0,0,174,175,2035,BASE,0.2739726027397260273972602740,0.2191780821917808219178082192,0.06004878964158378682679677425,0.04323512854194032651529367746
21.78082191780821917808219247,0,0.000,21.78082191780821917808219247,0.2739726027397260273972602740,0.2191780821917808219178082192,21.50684931506849315068493220,0E-28,0E-28,0,0,0,175,176,2035,BASE,0.2739726027397260273972602740,0.2191780821917808219178082192,0.05929817977106398949146181464,0.04269468943516607243385250654
21.50684931506849315068493220,0,0.000,21.50684931506849315068493220,0.2739726027397260273972602740,0.2191780821917808219178082192,21.23287671232876712328767193,0E-28,0E-28,0,0,0,176,177,2035,BASE,0.2739726027397260273972602740,0.2191780821917808219178082192,0.05854756990054419215612685496,0.04215425032839181835241133557
21.23287671232876712328767193,0,0.000,21.23287671232876712328767193,0.2739726027397260273972602740,0.2191780821917808219178082192,20.95890410958904109589041166,0E-28,0E-28,0,0,0,177,178,2035,BASE,0.2739726027397260273972602740,0.2191780821917808219178082192,0.05779696003002439482079189535,0.04161381122161756427097016465
20.95890410958904109589041166,0,0.000,20.95890410958904109589041166,0.2739726027397260273972602740,0.2191780821917808219178082192,20.68493150684931506849315139,0E-28,0E-28,0,0,0,178,179,2035,BASE,0.2739726027397260273972602740,0.2191780821917808219178082192,0.05704635015950459748545693568,0.04107337211484331018952899369
20.68493150684931506849315139,0,0.000,20.68493150684931506849315139,0.2739726027397260273972602740,0.2191780821917808219178082192,20.41095890410958904109589112,0E-28,0E-28,0,0,0,179,180,2035,BASE,0.2739726027397260273972602740,0.2191780821917808219178082192,0.05629574028898480015012197606,0.04053293300806905610808782276
20.41095890410958904109589112,0,0.000,20.41095890410958904109589112,0.2739726027397260273972602740,0.2191780821917808219178082192,20.13698630136986301369863085,0E-28,0E-28,0,0,0,180,181,2035,BASE,0.2739726027397260273972602740,0.2191780821917808219178082192,0.05554513041846500281478701639,0.03999249390129480202664665180
20.13698630136986301369863085,0,0.000,20.13698630136986301369863085,0.2739726027397260273972602740,0.2191780821917808219178082192,19.86301369863013698630137058,0E-28,0E-28,0,0,0,181,182,2035,BASE,0.2739726027397260273972602740,0.2191780821917808219178082192,0.05479452054794520547945205677,0.03945205479452054794520548087
19.86301369863013698630137058,0,0.000,19.86301369863013698630137058,0.1369863013698630136986301370,0.1095890410958904109589041096,19.72602739726027397260274044,0E-28,0E-28,0,0,0,182,365/2,2035,BASE,0.1369863013698630136986301370,0.1095890410958904109589041096,0.02711578157252767873897541851,0.01952336273221992869206230133
19.72602739726027397260274044,9.299768103468885223170527625,0.4184895646560998350426737431,28.60730593607305936073059432,0.1369863013698630136986301370,0.1095890410958904109589041096,28.47031963470319634703196418,0E-28,0E-28,9.299768103468885223170527625,0E-27,0,365/2,183,2035,BASE,0.1369863013698630136986301370,0.1095890410958904109589041096,0.03909426408957277788202914966,0.02814787014449240007506098776
28.47031963470319634703196418,0,0.000,28.47031963470319634703196418,0.2739726027397260273972602740,0.2191780821917808219178082192,28.19634703196347031963470391,0E-28,0E-28,0,0,0,183,184,2035,BASE,0.2739726027397260273972602740,0.2191780821917808219178082192,0.07762557077625570776255707957,0.05589041095890410958904109729
28.19634703196347031963470391,0,0.000,28.19634703196347031963470391,0.2739726027397260273972602740,0.2191780821917808219178082192,27.92237442922374429223744364,0E-28,0E-28,0,0,0,184,185,2035,BASE,0.2739726027397260273972602740,0.2191780821917808219178082192,0.07687496090573591042722211995,0.05534997185212985550759992636
27.92237442922374429223744364,0,0.000,27.92237442922374429223744364,0.2739726027397260273972602740,0.2191780821917808219178082192,27.64840182648401826484018337,0E-28,0E-28,0,0,0,185,186,2035,BASE,0.2739726027397260273972602740,0.2191780821917808219178082192,0.07612435103521611309188716028,0.05480953274535560142615875540
27.64840182648401826484018337,0,0.000,27.64840182648401826484018337,0.2739726027397260273972602740,0.2191780821917808219178082192,27.37442922374429223744292310,0E-28,0E-28,0,0,0,186,187,2035,BASE,0.2739726027397260273972602740,0.2191780821917808219178082192,0.07537374116469631575655220067,0.05426909363858134734471758448
27.37442922374429223744292310,0,0.000,27.37442922374429223744292310,0.2739726027397260273972602740,0.2191780821917808219178082192,27.10045662100456621004566283,0E-28,0E-28,0,0,0,187,188,2035,BASE,0.2739726027397260273972602740,0.2191780821917808219178082192,0.07462313129417651842121724099,0.05372865453180709326327641351
27.10045662100456621004566283,0,0.000,27.10045662100456621004566283,0.2739726027397260273972602740,0.2191780821917808219178082192,26.82648401826484018264840256,0E-28,0E-28,0,0,0,188,189,2035,BASE,0.2739726027397260273972602740,0.2191780821917808219178082192,0.07387252142365672108588228138,0.05318821542503283918183524259
26.82648401826484018264840256,0,0.000,26.82648401826484018264840256,0.2739726027397260273972602740,0.2191780821917808219178082192,26.55251141552511415525114229,0E-28,0E-28,0,0,0,189,190,2035,BASE,0.2739726027397260273972602740,0.2191780821917808219178082192,0.07312191155313692375054732171,0.05264777631825858510039407163
26.55251141552511415525114229,0,0.000,26.55251141552511415525114229,0.2739726027397260273972602740,0.2191780821917808219178082192,26.27853881278538812785388202,0E-28,0E-28,0,0,0,190,191,2035,BASE,0.2739726027397260273972602740,0.2191780821917808219178082192,0.07237130168261712641521236209,0.05210733721148433101895290070
26.27853881278538812785388202,0,0.000,26.27853881278538812785388202,0.2739726027397260273972602740,0.2191780821917808219178082192,26.00456621004566210045662175,0E-28,0E-28,0,0,0,191,192,2035,BASE,0.2739726027397260273972602740,0.2191780821917808219178082192,0.07162069181209732907987740242,0.05156689810471007693751172974
26.00456621004566210045662175,0,0.000,26.00456621004566210045662175,0.2739726027397260273972602740,0.2191780821917808219178082192,25.73059360730593607305936148,0E-28,0E-28,0,0,0,192,193,2035,BASE,0.2739726027397260273972602740,0.2191780821917808219178082192,0.07087008194157753174454244280,0.05102645899793582285607055882
25.73059360730593607305936148,0,0.000,25.73059360730593607305936148,0.2739726027397260273972602740,0.2191780821917808219178082192,25.45662100456621004566210121,0E-28,0E-28,0,0,0,193,194,2035,BASE,0.2739726027397260273972602740,0.2191780821917808219178082192,0.07011947207105773440920748313,0.05048601989116156877462938785
25.45662100456621004566210121,0,0.000,25.45662100456621004566210121,0.2739726027397260273972602740,0.2191780821917808219178082192,25.18264840182648401826484094,0E-28,0E-28,0,0,0,194,195,2035,BASE,0.2739726027397260273972602740,0.2191780821917808219178082192,0.06936886220053793707387252351,0.04994558078438731469318821693
25.18264840182648401826484094,0,0.000,25.18264840182648401826484094,0.2739726027397260273972602740,0.2191780821917808219178082192,24.90867579908675799086758067,0E-28,0E-28,0,0,0,195,196,2035,BASE,0.2739726027397260273972602740,0.2191780821917808219178082192,0.06861825233001813973853756384,0.04940514167761306061174704596
24.90867579908675799086758067,0,0.000,24.90867579908675799086758067,0.2739726027397260273972602740,0.2191780821917808219178082192,24.63470319634703196347032040,0E-28,0E-28,0,0,0,196,197,2035,BASE,0.2739726027397260273972602740,0.2191780821917808219178082192,0.06786764245949834240320260423,0.04886470257083880653030587505
24.63470319634703196347032040,0,0.000,24.63470319634703196347032040,0.2739726027397260273972602740,0.2191780821917808219178082192,24.36073059360730593607306013,0E-28,0E-28,0,0,0,197,198,2035,BASE,0.2739726027397260273972602740,0.2191780821917808219178082192,0.06711703258897854506786764455,0.04832426346406455244886470408
24.36073059360730593607306013,0,0.000,24.36073059360730593607306013,0.2739726027397260273972602740,0.2191780821917808219178082192,24.08675799086757990867579986,0E-28,0E-28,0,0,0,198,199,2035,BASE,0.2739726027397260273972602740,0.2191780821917808219178082192,0.06636642271845874773253268494,0.04778382435729029836742353316
24.08675799086757990867579986,0,0.000,24.08675799086757990867579986,0.2739726027397260273972602740,0.2191780821917808219178082192,23.81278538812785388127853959,0E-28,0E-28,0,0,0,199,200,2035,BASE,0.2739726027397260273972602740,0.2191780821917808219178082192,0.06561581284793895039719772527,0.04724338525051604428598236219
23.81278538812785388127853959,0,0.000,23.81278538812785388127853959,0.2739726027397260273972602740,0.2191780821917808219178082192,23.53881278538812785388127932,0E-28,0E-28,0,0,0,200,201,2035,BASE,0.2739726027397260273972602740,0.2191780821917808219178082192,0.06486520297741915306186276565,0.04670294614374179020454119127
23.53881278538812785388127932,0,0.000,23.53881278538812785388127932,0.2739726027397260273972602740,0.2191780821917808219178082192,23.26484018264840182648401905,0E-28,0E-28,0,0,0,201,202,2035,BASE,0.2739726027397260273972602740,0.2191780821917808219178082192,0.06411459310689935572652780598,0.04616250703696753612310002031
23.26484018264840182648401905,0,0.000,23.26484018264840182648401905,0.2739726027397260273972602740,0.2191780821917808219178082192,22.99086757990867579908675878,0E-28,0E-28,0,0,0,202,203,2035,BASE,0.2739726027397260273972602740,0.2191780821917808219178082192,0.06336398323637955839119284636,0.04562206793019328204165884938
22.99086757990867579908675878,0,0.000,22.99086757990867579908675878,0.2739726027397260273972602740,0.2191780821917808219178082192,22.71689497716894977168949851,0E-28,0E-28,0,0,0,203,204,2035,BASE,0.2739726027397260273972602740,0.2191780821917808219178082192,0.06261337336585976105585788669,0.04508162882341902796021767842
22.71689497716894977168949851,0,0.000,22.71689497716894977168949851,0.2739726027397260273972602740,0.2191780821917808219178082192,22.44292237442922374429223824,0E-28,0E-28,0,0,0,204,205,2035,BASE,0.2739726027397260273972602740,0.2191780821917808219178082192,0.06186276349533996372052292707,0.04454118971664477387877650749
22.44292237442922374429223824,0,0.000,22.44292237442922374429223824,0.2739726027397260273972602740,0.2191780821917808219178082192,22.16894977168949771689497797,0E-28,0E-28,0,0,0,205,206,2035,BASE,0.2739726027397260273972602740,0.2191780821917808219178082192,0.06111215362482016638518796740,0.04400075060987051979733533653
22.16894977168949771689497797,0,0.000,22.16894977168949771689497797,0.2739726027397260273972602740,0.2191780821917808219178082192,21.89497716894977168949771770,0E-28,0E-28,0,0,0,206,207,2035,BASE,0.2739726027397260273972602740,0.2191780821917808219178082192,0.06036154375430036904985300779,0.04346031150309626571589416561
21.89497716894977168949771770,0,0.000,21.89497716894977168949771770,0.2739726027397260273972602740,0.2191780821917808219178082192,21.62100456621004566210045743,0E-28,0E-28,0,0,0,207,208,2035,BASE,0.2739726027397260273972602740,0.2191780821917808219178082192,0.05961093388378057171451804812,0.04291987239632201163445299465
21.62100456621004566210045743,0,0.000,21.62100456621004566210045743,0.2739726027397260273972602740,0.2191780821917808219178082192,21.34703196347031963470319716,0E-28,0E-28,0,0,0,208,209,2035,BASE,0.2739726027397260273972602740,0.2191780821917808219178082192,0.05886032401326077437918308850,0.04237943328954775755301182372
21.34703196347031963470319716,0,0.000,21.34703196347031963470319716,0.2739726027397260273972602740,0.2191780821917808219178082192,21.07305936073059360730593689,0E-28,0E-28,0,0,0,209,210,2035,BASE,0.2739726027397260273972602740,0.2191780821917808219178082192,0.05810971414274097704384812883,0.04183899418277350347157065276
21.07305936073059360730593689,0,0.000,21.07305936073059360730593689,0.2739726027397260273972602740,0.2191780821917808219178082192,20.79908675799086757990867662,0E-28,0E-28,0,0,0,210,211,2035,BASE,0.2739726027397260273972602740,0.2191780821917808219178082192,0.05735910427222117970851316921,0.04129855507599924939012948183
20.79908675799086757990867662,0,0.000,20.79908675799086757990867662,0.2739726027397260273972602740,0.2191780821917808219178082192,20.52511415525114155251141635,0E-28,0E-28,0,0,0,211,212,2035,BASE,0.2739726027397260273972602740,0.2191780821917808219178082192,0.05660849440170138237317820954,0.04075811596922499530868831087
20.52511415525114155251141635,0,0.000,20.52511415525114155251141635,0.2511415525114155251141552512,0.2009132420091324200913242010,20.27397260273972602739726110,0E-28,0E-28,0,0,0,212,2555/12,2035,BASE,0.2511415525114155251141552512,0.2009132420091324200913242010,0.05123172994724880632180313378,0.03688684556201914055169825632
20.27397260273972602739726110,9.299768103468885223170527625,0.4184895646560998350426737431,29.15525114155251141552511498,0.02283105022831050228310502283,0.01826484018264840182648401826,29.13242009132420091324200996,0E-29,0E-29,9.299768103468885223170527625,0E-27,0,2555/12,213,2035,BASE,0.02283105022831050228310502283,0.01826484018264840182648401826,0.006653843748045286795521361294,0.004790767498592606492775380132
29.13242009132420091324200996,0,0.000,29.13242009132420091324200996,0.2739726027397260273972602740,0.2191780821917808219178082192,28.85844748858447488584474969,0E-28,0E-28,0,0,0,213,214,2035,BASE,0.2739726027397260273972602740,0.2191780821917808219178082192,0.07943954463001188465628323239,0.05719647213360855695252392732
28.85844748858447488584474969,0,0.000,28.85844748858447488584474969,0.2739726027397260273972602740,0.2191780821917808219178082192,28.58447488584474885844748942,0E-28,0E-28,0,0,0,214,215,2035,BASE,0.2739726027397260273972602740,0.2191780821917808219178082192,0.07868893475949208732094827277,0.05665603302683430287108275639
28.58447488584474885844748942,0,0.000,28.58447488584474885844748942,0.2739726027397260273972602740,0.2191780821917808219178082192,28.31050228310502283105022915,0E-28,0E-28,0,0,0,215,216,2035,BASE,0.2739726027397260273972602740,0.2191780821917808219178082192,0.07793832488897228998561331310,0.05611559392006004878964158543
28.31050228310502283105022915,0,0.000,28.31050228310502283105022915,0.2739726027397260273972602740,0.2191780821917808219178082192,28.03652968036529680365296888,0E-28,0E-28,0,0,0,216,217,2035,BASE,0.2739726027397260273972602740,0.2191780821917808219178082192,0.07718771501845249265027835349,0.05557515481328579470820041451
28.03652968036529680365296888,0,0.000,28.03652968036529680365296888,0.2739726027397260273972602740,0.2191780821917808219178082192,27.76255707762557077625570861,0E-28,0E-28,0,0,0,217,218,2035,BASE,0.2739726027397260273972602740,0.2191780821917808219178082192,0.07643710514793269531494339382,0.05503471570651154062675924355
27.76255707762557077625570861,0,0.000,27.76255707762557077625570861,0.2739726027397260273972602740,0.2191780821917808219178082192,27.48858447488584474885844834,0E-28,0E-28,0,0,0,218,219,2035,BASE,0.2739726027397260273972602740,0.2191780821917808219178082192,0.07568649527741289797960843420,0.05449427659973728654531807262
27.48858447488584474885844834,0,0.000,27.48858447488584474885844834,0.2739726027397260273972602740,0.2191780821917808219178082192,27.21461187214611872146118807,0E-28,0E-28,0,0,0,219,220,2035,BASE,0.2739726027397260273972602740,0.2191780821917808219178082192,0.07493588540689310064427347453,0.05395383749296303246387690166
27.21461187214611872146118807,0,0.000,27.21461187214611872146118807,0.2739726027397260273972602740,0.2191780821917808219178082192,26.94063926940639269406392780,0E-28,0E-28,0,0,0,220,221,2035,BASE,0.2739726027397260273972602740,0.2191780821917808219178082192,0.07418527553637330330893851491,0.05341339838618877838243573074
26.94063926940639269406392780,0,0.000,26.94063926940639269406392780,0.2739726027397260273972602740,0.2191780821917808219178082192,26.66666666666666666666666753,0E-28,0E-28,0,0,0,221,222,2035,BASE,0.2739726027397260273972602740,0.2191780821917808219178082192,0.07343466566585350597360355524,0.05287295927941452430099455977
26.66666666666666666666666753,0,0.000,26.66666666666666666666666753,0.2739726027397260273972602740,0.2191780821917808219178082192,26.39269406392694063926940726,0E-28,0E-28,0,0,0,222,223,2035,BASE,0.2739726027397260273972602740,0.2191780821917808219178082192,0.07268405579533370863826859562,0.05233252017264027021955338885
26.39269406392694063926940726,0,0.000,26.39269406392694063926940726,0.2739726027397260273972602740,0.2191780821917808219178082192,26.11872146118721461187214699,0E-28,0E-28,0,0,0,223,224,2035,BASE,0.2739726027397260273972602740,0.2191780821917808219178082192,0.07193344592481391130293363595,0.05179208106586601613811221788
26.11872146118721461187214699,0,0.000,26.11872146118721461187214699,0.2739726027397260273972602740,0.2191780821917808219178082192,25.84474885844748858447488672,0E-28,0E-28,0,0,0,224,225,2035,BASE,0.2739726027397260273972602740,0.2191780821917808219178082192,0.07118283605429411396759867634,0.05125164195909176205667104696
25.84474885844748858447488672,0,0.000,25.84474885844748858447488672,0.2739726027397260273972602740,0.2191780821917808219178082192,25.57077625570776255707762645,0E-28,0E-28,0,0,0,225,226,2035,BASE,0.2739726027397260273972602740,0.2191780821917808219178082192,0.07043222618377431663226371666,0.05071120285231750797522987600
25.57077625570776255707762645,0,0.000,25.57077625570776255707762645,0.2739726027397260273972602740,0.2191780821917808219178082192,25.29680365296803652968036618,0E-28,0E-28,0,0,0,226,227,2035,BASE,0.2739726027397260273972602740,0.2191780821917808219178082192,0.06968161631325451929692875705,0.05017076374554325389378870508
25.29680365296803652968036618,0,0.000,25.29680365296803652968036618,0.2739726027397260273972602740,0.2191780821917808219178082192,25.02283105022831050228310591,0E-28,0E-28,0,0,0,227,228,2035,BASE,0.2739726027397260273972602740,0.2191780821917808219178082192,0.06893100644273472196159379738,0.04963032463876899981234753411
25.02283105022831050228310591,0,0.000,25.02283105022831050228310591,0.2739726027397260273972602740,0.2191780821917808219178082192,24.74885844748858447488584564,0E-28,0E-28,0,0,0,228,229,2035,BASE,0.2739726027397260273972602740,0.2191780821917808219178082192,0.06818039657221492462625883776,0.04908988553199474573090636319
24.74885844748858447488584564,0,0.000,24.74885844748858447488584564,0.2739726027397260273972602740,0.2191780821917808219178082192,24.47488584474885844748858537,0E-28,0E-28,0,0,0,229,230,2035,BASE,0.2739726027397260273972602740,0.2191780821917808219178082192,0.06742978670169512729092387809,0.04854944642522049164946519222
24.47488584474885844748858537,0,0.000,24.47488584474885844748858537,0.2739726027397260273972602740,0.2191780821917808219178082192,24.20091324200913242009132510,0E-28,0E-28,0,0,0,230,231,2035,BASE,0.2739726027397260273972602740,0.2191780821917808219178082192,0.06667917683117532995558891847,0.04800900731844623756802402130
24.20091324200913242009132510,0,0.000,24.20091324200913242009132510,0.2739726027397260273972602740,0.2191780821917808219178082192,23.92694063926940639269406483,0E-28,0E-28,0,0,0,231,232,2035,BASE,0.2739726027397260273972602740,0.2191780821917808219178082192,0.06592856696065553262025395880,0.04746856821167198348658285034
23.92694063926940639269406483,0,0.000,23.92694063926940639269406483,0.2739726027397260273972602740,0.2191780821917808219178082192,23.65296803652968036529680456,0E-28,0E-28,0,0,0,232,233,2035,BASE,0.2739726027397260273972602740,0.2191780821917808219178082192,0.06517795709013573528491899918,0.04692812910489772940514167941
23.65296803652968036529680456,0,0.000,23.65296803652968036529680456,0.2739726027397260273972602740,0.2191780821917808219178082192,23.37899543378995433789954429,0E-28,0E-28,0,0,0,233,234,2035,BASE,0.2739726027397260273972602740,0.2191780821917808219178082192,0.06442734721961593794958403951,0.04638768999812347532370050845
23.37899543378995433789954429,0,0.000,23.37899543378995433789954429,0.2739726027397260273972602740,0.2191780821917808219178082192,23.10502283105022831050228402,0E-28,0E-28,0,0,0,234,235,2035,BASE,0.2739726027397260273972602740,0.2191780821917808219178082192,0.06367673734909614061424907990,0.04584725089134922124225933753
23.10502283105022831050228402,0,0.000,23.10502283105022831050228402,0.2739726027397260273972602740,0.2191780821917808219178082192,22.83105022831050228310502375,0E-28,0E-28,0,0,0,235,236,2035,BASE,0.2739726027397260273972602740,0.2191780821917808219178082192,0.06292612747857634327891412023,0.04530681178457496716081816657
22.83105022831050228310502375,0,0.000,22.83105022831050228310502375,0.2739726027397260273972602740,0.2191780821917808219178082192,22.55707762557077625570776348,0E-28,0E-28,0,0,0,236,237,2035,BASE,0.2739726027397260273972602740,0.2191780821917808219178082192,0.06217551760805654594357916061,0.04476637267780071307937699564
22.55707762557077625570776348,0,0.000,22.55707762557077625570776348,0.2739726027397260273972602740,0.2191780821917808219178082192,22.28310502283105022831050321,0E-28,0E-28,0,0,0,237,238,2035,BASE,0.2739726027397260273972602740,0.2191780821917808219178082192,0.06142490773753674860824420094,0.04422593357102645899793582468
22.28310502283105022831050321,0,0.000,22.28310502283105022831050321,0.2739726027397260273972602740,0.2191780821917808219178082192,22.00913242009132420091324294,0E-28,0E-28,0,0,0,238,239,2035,BASE,0.2739726027397260273972602740,0.2191780821917808219178082192,0.06067429786701695127290924132,0.04368549446425220491649465375
22.00913242009132420091324294,0,0.000,22.00913242009132420091324294,0.2739726027397260273972602740,0.2191780821917808219178082192,21.73515981735159817351598267,0E-28,0E-28,0,0,0,239,240,2035,BASE,0.2739726027397260273972602740,0.2191780821917808219178082192,0.05992368799649715393757428165,0.04314505535747795083505348279
21.73515981735159817351598267,0,0.000,21.73515981735159817351598267,0.2739726027397260273972602740,0.2191780821917808219178082192,21.46118721461187214611872240,0E-28,0E-28,0,0,0,240,241,2035,BASE,0.2739726027397260273972602740,0.2191780821917808219178082192,0.05917307812597735660223932203,0.04260461625070369675361231186
21.46118721461187214611872240,0,0.000,21.46118721461187214611872240,0.2739726027397260273972602740,0.2191780821917808219178082192,21.18721461187214611872146213,0E-28,0E-28,0,0,0,241,242,2035,BASE,0.2739726027397260273972602740,0.2191780821917808219178082192,0.05842246825545755926690436236,0.04206417714392944267217114090
21.18721461187214611872146213,0,0.000,21.18721461187214611872146213,0.2739726027397260273972602740,0.2191780821917808219178082192,20.91324200913242009132420186,0E-28,0E-28,0,0,0,242,243,2035,BASE,0.2739726027397260273972602740,0.2191780821917808219178082192,0.05767185838493776193156940275,0.04152373803715518859072996998
20.91324200913242009132420186,0,0.000,20.91324200913242009132420186,0.09132420091324200913242009132,0.07305936073059360730593607306,20.82191780821917808219178177,0E-29,0E-29,0,0,0,243,730/3,2035,BASE,0.09132420091324200913242009132,0.07305936073059360730593607306,0.01905715060153041012489314321,0.01372114843310189528992306311
20.82191780821917808219178177,9.299768103468885223170527625,0.4184895646560998350426737431,29.70319634703196347031963566,0.1826484018264840182648401827,0.1461187214611872146118721462,29.52054794520547945205479548,0E-28,0E-28,9.299768103468885223170527625,0E-27,0,730/3,244,2035,BASE,0.1826484018264840182648401827,0.1461187214611872146118721462,0.05408561122578761910719126133,0.03894164008256708575717770816
29.52054794520547945205479548,0,0.000,29.52054794520547945205479548,0.2739726027397260273972602740,0.2191780821917808219178082192,29.24657534246575342465753521,0E-28,0E-28,0,0,0,244,245,2035,BASE,0.2739726027397260273972602740,0.2191780821917808219178082192,0.08050290861324826421467442560,0.05796209420153875023456558643
29.24657534246575342465753521,0,0.000,29.24657534246575342465753521,0.2739726027397260273972602740,0.2191780821917808219178082192,28.97260273972602739726027494,0E-28,0E-28,0,0,0,245,246,2035,BASE,0.2739726027397260273972602740,0.2191780821917808219178082192,0.07975229874272846687933946598,0.05742165509476449615312441551
28.97260273972602739726027494,0,0.000,28.97260273972602739726027494,0.2739726027397260273972602740,0.2191780821917808219178082192,28.69863013698630136986301467,0E-28,0E-28,0,0,0,246,247,2035,BASE,0.2739726027397260273972602740,0.2191780821917808219178082192,0.07900168887220866954400450631,0.05688121598799024207168324454
28.69863013698630136986301467,0,0.000,28.69863013698630136986301467,0.2739726027397260273972602740,0.2191780821917808219178082192,28.42465753424657534246575440,0E-28,0E-28,0,0,0,247,248,2035,BASE,0.2739726027397260273972602740,0.2191780821917808219178082192,0.07825107900168887220866954669,0.05634077688121598799024207362
28.42465753424657534246575440,0,0.000,28.42465753424657534246575440,0.2739726027397260273972602740,0.2191780821917808219178082192,28.15068493150684931506849413,0E-28,0E-28,0,0,0,248,249,2035,BASE,0.2739726027397260273972602740,0.2191780821917808219178082192,0.07750046913116907487333458702,0.05580033777444173390880090265
28.15068493150684931506849413,0,0.000,28.15068493150684931506849413,0.2739726027397260273972602740,0.2191780821917808219178082192,27.87671232876712328767123386,0E-28,0E-28,0,0,0,249,250,2035,BASE,0.2739726027397260273972602740,0.2191780821917808219178082192,0.07674985926064927753799962740,0.05525989866766747982735973173
27.87671232876712328767123386,0,0.000,27.87671232876712328767123386,0.2739726027397260273972602740,0.2191780821917808219178082192,27.60273972602739726027397359,0E-28,0E-28,0,0,0,250,251,2035,BASE,0.2739726027397260273972602740,0.2191780821917808219178082192,0.07599924939012948020266466773,0.05471945956089322574591856077
27.60273972602739726027397359,0,0.000,27.60273972602739726027397359,0.2739726027397260273972602740,0.2191780821917808219178082192,27.32876712328767123287671332,0E-28,0E-28,0,0,0,251,252,2035,BASE,0.2739726027397260273972602740,0.2191780821917808219178082192,0.07524863951960968286732970812,0.05417902045411897166447738985
27.32876712328767123287671332,0,0.000,27.32876712328767123287671332,0.2739726027397260273972602740,0.2191780821917808219178082192,27.05479452054794520547945305,0E-28,0E-28,0,0,0,252,253,2035,BASE,0.2739726027397260273972602740,0.2191780821917808219178082192,0.07449802964908988553199474845,0.05363858134734471758303621888
27.05479452054794520547945305,0,0.000,27.05479452054794520547945305,0.2739726027397260273972602740,0.2191780821917808219178082192,26.78082191780821917808219278,0E-28,0E-28,0,0,0,253,254,2035,BASE,0.2739726027397260273972602740,0.2191780821917808219178082192,0.07374741977857008819665978883,0.05309814224057046350159504796
26.78082191780821917808219278,0,0.000,26.78082191780821917808219278,0.2739726027397260273972602740,0.2191780821917808219178082192,26.50684931506849315068493251,0E-28,0E-28,0,0,0,254,255,2035,BASE,0.2739726027397260273972602740,0.2191780821917808219178082192,0.07299680990805029086132482916,0.05255770313379620942015387700
26.50684931506849315068493251,0,0.000,26.50684931506849315068493251,0.2739726027397260273972602740,0.2191780821917808219178082192,26.23287671232876712328767224,0E-28,0E-28,0,0,0,255,256,2035,BASE,0.2739726027397260273972602740,0.2191780821917808219178082192,0.07224620003753049352598986954,0.05201726402702195533871270607
26.23287671232876712328767224,0,0.000,26.23287671232876712328767224,0.2739726027397260273972602740,0.2191780821917808219178082192,25.95890410958904109589041197,0E-28,0E-28,0,0,0,256,257,2035,BASE,0.2739726027397260273972602740,0.2191780821917808219178082192,0.07149559016701069619065490987,0.05147682492024770125727153511
25.95890410958904109589041197,0,0.000,25.95890410958904109589041197,0.2739726027397260273972602740,0.2191780821917808219178082192,25.68493150684931506849315170,0E-28,0E-28,0,0,0,257,258,2035,BASE,0.2739726027397260273972602740,0.2191780821917808219178082192,0.07074498029649089885531995025,0.05093638581347344717583036418
25.68493150684931506849315170,0,0.000,25.68493150684931506849315170,0.2739726027397260273972602740,0.2191780821917808219178082192,25.41095890410958904109589143,0E-28,0E-28,0,0,0,258,259,2035,BASE,0.2739726027397260273972602740,0.2191780821917808219178082192,0.06999437042597110151998499058,0.05039594670669919309438919322
25.41095890410958904109589143,0,0.000,25.41095890410958904109589143,0.2739726027397260273972602740,0.2191780821917808219178082192,25.13698630136986301369863116,0E-28,0E-28,0,0,0,259,260,2035,BASE,0.2739726027397260273972602740,0.2191780821917808219178082192,0.06924376055545130418465003097,0.04985550759992493901294802230
25.13698630136986301369863116,0,0.000,25.13698630136986301369863116,0.2739726027397260273972602740,0.2191780821917808219178082192,24.86301369863013698630137089,0E-28,0E-28,0,0,0,260,261,2035,BASE,0.2739726027397260273972602740,0.2191780821917808219178082192,0.06849315068493150684931507129,0.04931506849315068493150685133
24.86301369863013698630137089,0,0.000,24.86301369863013698630137089,0.2739726027397260273972602740,0.2191780821917808219178082192,24.58904109589041095890411062,0E-28,0E-28,0,0,0,261,262,2035,BASE,0.2739726027397260273972602740,0.2191780821917808219178082192,0.06774254081441170951398011168,0.04877462938637643085006568041
24.58904109589041095890411062,0,0.000,24.58904109589041095890411062,0.2739726027397260273972602740,0.2191780821917808219178082192,24.31506849315068493150685035,0E-28,0E-28,0,0,0,262,263,2035,BASE,0.2739726027397260273972602740,0.2191780821917808219178082192,0.06699193094389191217864515201,0.04823419027960217676862450945
24.31506849315068493150685035,0,0.000,24.31506849315068493150685035,0.2739726027397260273972602740,0.2191780821917808219178082192,24.04109589041095890410959008,0E-28,0E-28,0,0,0,263,264,2035,BASE,0.2739726027397260273972602740,0.2191780821917808219178082192,0.06624132107337211484331019239,0.04769375117282792268718333852
24.04109589041095890410959008,0,0.000,24.04109589041095890410959008,0.2739726027397260273972602740,0.2191780821917808219178082192,23.76712328767123287671232981,0E-28,0E-28,0,0,0,264,265,2035,BASE,0.2739726027397260273972602740,0.2191780821917808219178082192,0.06549071120285231750797523272,0.04715331206605366860574216756
23.76712328767123287671232981,0,0.000,23.76712328767123287671232981,0.2739726027397260273972602740,0.2191780821917808219178082192,23.49315068493150684931506954,0E-28,0E-28,0,0,0,265,266,2035,BASE,0.2739726027397260273972602740,0.2191780821917808219178082192,0.06474010133233252017264027310,0.04661287295927941452430099663
23.49315068493150684931506954,0,0.000,23.49315068493150684931506954,0.2739726027397260273972602740,0.2191780821917808219178082192,23.21917808219178082191780927,0E-28,0E-28,0,0,0,266,267,2035,BASE,0.2739726027397260273972602740,0.2191780821917808219178082192,0.06398949146181272283730531343,0.04607243385250516044285982567
23.21917808219178082191780927,0,0.000,23.21917808219178082191780927,0.2739726027397260273972602740,0.2191780821917808219178082192,22.94520547945205479452054900,0E-28,0E-28,0,0,0,267,268,2035,BASE,0.2739726027397260273972602740,0.2191780821917808219178082192,0.06323888159129292550197035381,0.04553199474573090636141865474
22.94520547945205479452054900,0,0.000,22.94520547945205479452054900,0.2739726027397260273972602740,0.2191780821917808219178082192,22.67123287671232876712328873,0E-28,0E-28,0,0,0,268,269,2035,BASE,0.2739726027397260273972602740,0.2191780821917808219178082192,0.06248827172077312816663539414,0.04499155563895665227997748378
22.67123287671232876712328873,0,0.000,22.67123287671232876712328873,0.2739726027397260273972602740,0.2191780821917808219178082192,22.39726027397260273972602846,0E-28,0E-28,0,0,0,269,270,2035,BASE,0.2739726027397260273972602740,0.2191780821917808219178082192,0.06173766185025333083130043453,0.04445111653218239819853631286
22.39726027397260273972602846,0,0.000,22.39726027397260273972602846,0.2739726027397260273972602740,0.2191780821917808219178082192,22.12328767123287671232876819,0E-28,0E-28,0,0,0,270,271,2035,BASE,0.2739726027397260273972602740,0.2191780821917808219178082192,0.06098705197973353349596547486,0.04391067742540814411709514190
22.12328767123287671232876819,0,0.000,22.12328767123287671232876819,0.2739726027397260273972602740,0.2191780821917808219178082192,21.84931506849315068493150792,0E-28,0E-28,0,0,0,271,272,2035,BASE,0.2739726027397260273972602740,0.2191780821917808219178082192,0.06023644210921373616063051524,0.04337023831863389003565397097
21.84931506849315068493150792,0,0.000,21.84931506849315068493150792,0.2739726027397260273972602740,0.2191780821917808219178082192,21.57534246575342465753424765,0E-28,0E-28,0,0,0,272,273,2035,BASE,0.2739726027397260273972602740,0.2191780821917808219178082192,0.05948583223869393882529555557,0.04282979921185963595421280001
21.57534246575342465753424765,0,0.000,21.57534246575342465753424765,0.2054794520547945205479452055,0.1643835616438356164383561644,21.36986301369863013698630244,0E-28,0E-28,0,0,0,273,1095/4,2035,BASE,0.2054794520547945205479452055,0.1643835616438356164383561644,0.04412178645149183711765809940,0.03176768624507412272471383157
21.36986301369863013698630244,9.299768103468885223170527625,0.4184895646560998350426737431,30.25114155251141552511415632,0.06849315068493150684931506849,0.05479452054794520547945205479,30.18264840182648401826484125,0E-29,0E-29,9.299768103468885223170527625,0E-27,0,1095/4,274,2035,BASE,0.06849315068493150684931506849,0.05479452054794520547945205479,0.02069650340901982861074623204,0.01490148245449427659973728707
30.18264840182648401826484125,0,0.000,30.18264840182648401826484125,0.2739726027397260273972602740,0.2191780821917808219178082192,29.90867579908675799086758098,0E-28,0E-28,0,0,0,274,275,2035,BASE,0.2739726027397260273972602740,0.2191780821917808219178082192,0.08231688246700444110840057842,0.05926815537624319759804841646
29.90867579908675799086758098,0,0.000,29.90867579908675799086758098,0.2739726027397260273972602740,0.2191780821917808219178082192,29.63470319634703196347032071,0E-28,0E-28,0,0,0,275,276,2035,BASE,0.2739726027397260273972602740,0.2191780821917808219178082192,0.08156627259648464377306561875,0.05872771626946894351660724550
29.63470319634703196347032071,0,0.000,29.63470319634703196347032071,0.2739726027397260273972602740,0.2191780821917808219178082192,29.36073059360730593607306044,0E-28,0E-28,0,0,0,276,277,2035,BASE,0.2739726027397260273972602740,0.2191780821917808219178082192,0.08081566272596484643773065913,0.05818727716269468943516607457
29.36073059360730593607306044,0,0.000,29.36073059360730593607306044,0.2739726027397260273972602740,0.2191780821917808219178082192,29.08675799086757990867580017,0E-28,0E-28,0,0,0,277,278,2035,BASE,0.2739726027397260273972602740,0.2191780821917808219178082192,0.08006505285544504910239569946,0.05764683805592043535372490361
29.08675799086757990867580017,0,0.000,29.08675799086757990867580017,0.2739726027397260273972602740,0.2191780821917808219178082192,28.81278538812785388127853990,0E-28,0E-28,0,0,0,278,279,2035,BASE,0.2739726027397260273972602740,0.2191780821917808219178082192,0.07931444298492525176706073984,0.05710639894914618127228373268
28.81278538812785388127853990,0,0.000,28.81278538812785388127853990,0.2739726027397260273972602740,0.2191780821917808219178082192,28.53881278538812785388127963,0E-28,0E-28,0,0,0,279,280,2035,BASE,0.2739726027397260273972602740,0.2191780821917808219178082192,0.07856383311440545443172578017,0.05656595984237192719084256172
28.53881278538812785388127963,0,0.000,28.53881278538812785388127963,0.2739726027397260273972602740,0.2191780821917808219178082192,28.26484018264840182648401936,0E-28,0E-28,0,0,0,280,281,2035,BASE,0.2739726027397260273972602740,0.2191780821917808219178082192,0.07781322324388565709639082056,0.05602552073559767310940139080
28.26484018264840182648401936,0,0.000,28.26484018264840182648401936,0.2739726027397260273972602740,0.2191780821917808219178082192,27.99086757990867579908675909,0E-28,0E-28,0,0,0,281,282,2035,BASE,0.2739726027397260273972602740,0.2191780821917808219178082192,0.07706261337336585976105586088,0.05548508162882341902796021983
27.99086757990867579908675909,0,0.000,27.99086757990867579908675909,0.2739726027397260273972602740,0.2191780821917808219178082192,27.71689497716894977168949882,0E-28,0E-28,0,0,0,282,283,2035,BASE,0.2739726027397260273972602740,0.2191780821917808219178082192,0.07631200350284606242572090127,0.05494464252204916494651904891
27.71689497716894977168949882,0,0.000,27.71689497716894977168949882,0.2739726027397260273972602740,0.2191780821917808219178082192,27.44292237442922374429223855,0E-28,0E-28,0,0,0,283,284,2035,BASE,0.2739726027397260273972602740,0.2191780821917808219178082192,0.07556139363232626509038594160,0.05440420341527491086507787795
27.44292237442922374429223855,0,0.000,27.44292237442922374429223855,0.2739726027397260273972602740,0.2191780821917808219178082192,27.16894977168949771689497828,0E-28,0E-28,0,0,0,284,285,2035,BASE,0.2739726027397260273972602740,0.2191780821917808219178082192,0.07481078376180646775505098198,0.05386376430850065678363670703
27.16894977168949771689497828,0,0.000,27.16894977168949771689497828,0.2739726027397260273972602740,0.2191780821917808219178082192,26.89497716894977168949771801,0E-28,0E-28,0,0,0,285,286,2035,BASE,0.2739726027397260273972602740,0.2191780821917808219178082192,0.07406017389128667041971602231,0.05332332520172640270219553606
26.89497716894977168949771801,0,0.000,26.89497716894977168949771801,0.2739726027397260273972602740,0.2191780821917808219178082192,26.62100456621004566210045774,0E-28,0E-28,0,0,0,286,287,2035,BASE,0.2739726027397260273972602740,0.2191780821917808219178082192,0.07330956402076687308438106269,0.05278288609495214862075436514
26.62100456621004566210045774,0,0.000,26.62100456621004566210045774,0.2739726027397260273972602740,0.2191780821917808219178082192,26.34703196347031963470319747,0E-28,0E-28,0,0,0,287,288,2035,BASE,0.2739726027397260273972602740,0.2191780821917808219178082192,0.07255895415024707574904610302,0.05224244698817789453931319417
26.34703196347031963470319747,0,0.000,26.34703196347031963470319747,0.2739726027397260273972602740,0.2191780821917808219178082192,26.07305936073059360730593720,0E-28,0E-28,0,0,0,288,289,2035,BASE,0.2739726027397260273972602740,0.2191780821917808219178082192,0.07180834427972727841371114340,0.05170200788140364045787202325
26.07305936073059360730593720,0,0.000,26.07305936073059360730593720,0.2739726027397260273972602740,0.2191780821917808219178082192,25.79908675799086757990867693,0E-28,0E-28,0,0,0,289,290,2035,BASE,0.2739726027397260273972602740,0.2191780821917808219178082192,0.07105773440920748107837618373,0.05116156877462938637643085229
25.79908675799086757990867693,0,0.000,25.79908675799086757990867693,0.2739726027397260273972602740,0.2191780821917808219178082192,25.52511415525114155251141666,0E-28,0E-28,0,0,0,290,291,2035,BASE,0.2739726027397260273972602740,0.2191780821917808219178082192,0.07030712453868768374304122412,0.05062112966785513229498968137
25.52511415525114155251141666,0,0.000,25.52511415525114155251141666,0.2739726027397260273972602740,0.2191780821917808219178082192,25.25114155251141552511415639,0E-28,0E-28,0,0,0,291,292,2035,BASE,0.2739726027397260273972602740,0.2191780821917808219178082192,0.06955651466816788640770626445,0.05008069056108087821354851040
25.25114155251141552511415639,0,0.000,25.25114155251141552511415639,0.2739726027397260273972602740,0.2191780821917808219178082192,24.97716894977168949771689612,0E-28,0E-28,0,0,0,292,293,2035,BASE,0.2739726027397260273972602740,0.2191780821917808219178082192,0.06880590479764808907237130483,0.04954025145430662413210733948
24.97716894977168949771689612,0,0.000,24.97716894977168949771689612,0.2739726027397260273972602740,0.2191780821917808219178082192,24.70319634703196347031963585,0E-28,0E-28,0,0,0,293,294,2035,BASE,0.2739726027397260273972602740,0.2191780821917808219178082192,0.06805529492712829173703634516,0.04899981234753237005066616852
24.70319634703196347031963585,0,0.000,24.70319634703196347031963585,0.2739726027397260273972602740,0.2191780821917808219178082192,24.42922374429223744292237558,0E-28,0E-28,0,0,0,294,295,2035,BASE,0.2739726027397260273972602740,0.2191780821917808219178082192,0.06730468505660849440170138554,0.04845937324075811596922499759
24.42922374429223744292237558,0,0.000,24.42922374429223744292237558,0.2739726027397260273972602740,0.2191780821917808219178082192,24.15525114155251141552511531,0E-28,0E-28,0,0,0,295,296,2035,BASE,0.2739726027397260273972602740,0.2191780821917808219178082192,0.06655407518608869706636642587,0.04791893413398386188778382663
24.15525114155251141552511531,0,0.000,24.15525114155251141552511531,0.2739726027397260273972602740,0.2191780821917808219178082192,23.88127853881278538812785504,0E-28,0E-28,0,0,0,296,297,2035,BASE,0.2739726027397260273972602740,0.2191780821917808219178082192,0.06580346531556889973103146625,0.04737849502720960780634265570
23.88127853881278538812785504,0,0.000,23.88127853881278538812785504,0.2739726027397260273972602740,0.2191780821917808219178082192,23.60730593607305936073059477,0E-28,0E-28,0,0,0,297,298,2035,BASE,0.2739726027397260273972602740,0.2191780821917808219178082192,0.06505285544504910239569650658,0.04683805592043535372490148474
23.60730593607305936073059477,0,0.000,23.60730593607305936073059477,0.2739726027397260273972602740,0.2191780821917808219178082192,23.33333333333333333333333450,0E-28,0E-28,0,0,0,298,299,2035,BASE,0.2739726027397260273972602740,0.2191780821917808219178082192,0.06430224557452930506036154697,0.04629761681366109964346031382
23.33333333333333333333333450,0,0.000,23.33333333333333333333333450,0.2739726027397260273972602740,0.2191780821917808219178082192,23.05936073059360730593607423,0E-28,0E-28,0,0,0,299,300,2035,BASE,0.2739726027397260273972602740,0.2191780821917808219178082192,0.06355163570400950772502658729,0.04575717770688684556201914285
23.05936073059360730593607423,0,0.000,23.05936073059360730593607423,0.2739726027397260273972602740,0.2191780821917808219178082192,22.78538812785388127853881396,0E-28,0E-28,0,0,0,300,301,2035,BASE,0.2739726027397260273972602740,0.2191780821917808219178082192,0.06280102583348971038969162768,0.04521673860011259148057797193
22.78538812785388127853881396,0,0.000,22.78538812785388127853881396,0.2739726027397260273972602740,0.2191780821917808219178082192,22.51141552511415525114155369,0E-28,0E-28,0,0,0,301,302,2035,BASE,0.2739726027397260273972602740,0.2191780821917808219178082192,0.06205041596296991305435666801,0.04467629949333833739913680097
22.51141552511415525114155369,0,0.000,22.51141552511415525114155369,0.2739726027397260273972602740,0.2191780821917808219178082192,22.23744292237442922374429342,0E-28,0E-28,0,0,0,302,303,2035,BASE,0.2739726027397260273972602740,0.2191780821917808219178082192,0.06129980609245011571902170839,0.04413586038656408331769563004
22.23744292237442922374429342,0,0.000,22.23744292237442922374429342,0.2739726027397260273972602740,0.2191780821917808219178082192,21.96347031963470319634703315,0E-28,0E-28,0,0,0,303,304,2035,BASE,0.2739726027397260273972602740,0.2191780821917808219178082192,0.06054919622193031838368674872,0.04359542127978982923625445908
21.96347031963470319634703315,0,0.000,21.96347031963470319634703315,0.04566210045662100456621004567,0.03652968036529680365296803654,21.91780821917808219178082310,0E-29,0E-29,0,0,0,304,1825/6,2035,BASE,0.04566210045662100456621004567,0.03652968036529680365296803654,0.01001855674402118387856800371,0.007213360855695252392568962671
21.91780821917808219178082310,9.299768103468885223170527625,0.4184895646560998350426737431,30.79908675799086757990867698,0.2283105022831050228310502283,0.1826484018264840182648401826,30.57077625570776255707762675,0E-28,0E-28,9.299768103468885223170527625,0E-27,0,1825/6,305,2035,BASE,0.2283105022831050228310502283,0.1826484018264840182648401826,0.07005692124851441796459623712,0.05044098329893038093450929073
30.57077625570776255707762675,0,0.000,30.57077625570776255707762675,0.2739726027397260273972602740,0.2191780821917808219178082192,30.29680365296803652968036648,0E-28,0E-28,0,0,0,305,306,2035,BASE,0.2739726027397260273972602740,0.2191780821917808219178082192,0.08338024645024082066679177157,0.06003377744417339088009007553
30.29680365296803652968036648,0,0.000,30.29680365296803652968036648,0.2739726027397260273972602740,0.2191780821917808219178082192,30.02283105022831050228310621,0E-28,0E-28,0,0,0,306,307,2035,BASE,0.2739726027397260273972602740,0.2191780821917808219178082192,0.08262963657972102333145681190,0.05949333833739913679864890457
30.02283105022831050228310621,0,0.000,30.02283105022831050228310621,0.2739726027397260273972602740,0.2191780821917808219178082192,29.74885844748858447488584594,0E-28,0E-28,0,0,0,307,308,2035,BASE,0.2739726027397260273972602740,0.2191780821917808219178082192,0.08187902670920122599612185228,0.05895289923062488271720773364
29.74885844748858447488584594,0,0.000,29.74885844748858447488584594,0.2739726027397260273972602740,0.2191780821917808219178082192,29.47488584474885844748858567,0E-28,0E-28,0,0,0,308,309,2035,BASE,0.2739726027397260273972602740,0.2191780821917808219178082192,0.08112841683868142866078689261,0.05841246012385062863576656268
29.47488584474885844748858567,0,0.000,29.47488584474885844748858567,0.2739726027397260273972602740,0.2191780821917808219178082192,29.20091324200913242009132540,0E-28,0E-28,0,0,0,309,310,2035,BASE,0.2739726027397260273972602740,0.2191780821917808219178082192,0.08037780696816163132545193299,0.05787202101707637455432539175
29.20091324200913242009132540,0,0.000,29.20091324200913242009132540,0.2739726027397260273972602740,0.2191780821917808219178082192,28.92694063926940639269406513,0E-28,0E-28,0,0,0,310,311,2035,BASE,0.2739726027397260273972602740,0.2191780821917808219178082192,0.07962719709764183399011697332,0.05733158191030212047288422079
28.92694063926940639269406513,0,0.000,28.92694063926940639269406513,0.2739726027397260273972602740,0.2191780821917808219178082192,28.65296803652968036529680486,0E-28,0E-28,0,0,0,311,312,2035,BASE,0.2739726027397260273972602740,0.2191780821917808219178082192,0.07887658722712203665478201371,0.05679114280352786639144304987
28.65296803652968036529680486,0,0.000,28.65296803652968036529680486,0.2739726027397260273972602740,0.2191780821917808219178082192,28.37899543378995433789954459,0E-28,0E-28,0,0,0,312,313,2035,BASE,0.2739726027397260273972602740,0.2191780821917808219178082192,0.07812597735660223931944705404,0.05625070369675361231000187891
28.37899543378995433789954459,0,0.000,28.37899543378995433789954459,0.2739726027397260273972602740,0.2191780821917808219178082192,28.10502283105022831050228432,0E-28,0E-28,0,0,0,313,314,2035,BASE,0.2739726027397260273972602740,0.2191780821917808219178082192,0.07737536748608244198411209442,0.05571026458997935822856070798
28.10502283105022831050228432,0,0.000,28.10502283105022831050228432,0.2739726027397260273972602740,0.2191780821917808219178082192,27.83105022831050228310502405,0E-28,0E-28,0,0,0,314,315,2035,BASE,0.2739726027397260273972602740,0.2191780821917808219178082192,0.07662475761556264464877713475,0.05516982548320510414711953702
27.83105022831050228310502405,0,0.000,27.83105022831050228310502405,0.2739726027397260273972602740,0.2191780821917808219178082192,27.55707762557077625570776378,0E-28,0E-28,0,0,0,315,316,2035,BASE,0.2739726027397260273972602740,0.2191780821917808219178082192,0.07587414774504284731344217513,0.05462938637643085006567836609
27.55707762557077625570776378,0,0.000,27.55707762557077625570776378,0.2739726027397260273972602740,0.2191780821917808219178082192,27.28310502283105022831050351,0E-28,0E-28,0,0,0,316,317,2035,BASE,0.2739726027397260273972602740,0.2191780821917808219178082192,0.07512353787452304997810721546,0.05408894726965659598423719513
27.28310502283105022831050351,0,0.000,27.28310502283105022831050351,0.2739726027397260273972602740,0.2191780821917808219178082192,27.00913242009132420091324324,0E-28,0E-28,0,0,0,317,318,2035,BASE,0.2739726027397260273972602740,0.2191780821917808219178082192,0.07437292800400325264277225584,0.05354850816288234190279602420
27.00913242009132420091324324,0,0.000,27.00913242009132420091324324,0.2739726027397260273972602740,0.2191780821917808219178082192,26.73515981735159817351598297,0E-28,0E-28,0,0,0,318,319,2035,BASE,0.2739726027397260273972602740,0.2191780821917808219178082192,0.07362231813348345530743729617,0.05300806905610808782135485324
26.73515981735159817351598297,0,0.000,26.73515981735159817351598297,0.2739726027397260273972602740,0.2191780821917808219178082192,26.46118721461187214611872270,0E-28,0E-28,0,0,0,319,320,2035,BASE,0.2739726027397260273972602740,0.2191780821917808219178082192,0.07287170826296365797210233656,0.05246762994933383373991368232
26.46118721461187214611872270,0,0.000,26.46118721461187214611872270,0.2739726027397260273972602740,0.2191780821917808219178082192,26.18721461187214611872146243,0E-28,0E-28,0,0,0,320,321,2035,BASE,0.2739726027397260273972602740,0.2191780821917808219178082192,0.07212109839244386063676737688,0.05192719084255957965847251135
26.18721461187214611872146243,0,0.000,26.18721461187214611872146243,0.2739726027397260273972602740,0.2191780821917808219178082192,25.91324200913242009132420216,0E-28,0E-28,0,0,0,321,322,2035,BASE,0.2739726027397260273972602740,0.2191780821917808219178082192,0.07137048852192406330143241727,0.05138675173578532557703134043
25.91324200913242009132420216,0,0.000,25.91324200913242009132420216,0.2739726027397260273972602740,0.2191780821917808219178082192,25.63926940639269406392694189,0E-28,0E-28,0,0,0,322,323,2035,BASE,0.2739726027397260273972602740,0.2191780821917808219178082192,0.07061987865140426596609745760,0.05084631262901107149559016947
25.63926940639269406392694189,0,0.000,25.63926940639269406392694189,0.2739726027397260273972602740,0.2191780821917808219178082192,25.36529680365296803652968162,0E-28,0E-28,0,0,0,323,324,2035,BASE,0.2739726027397260273972602740,0.2191780821917808219178082192,0.06986926878088446863076249798,0.05030587352223681741414899855
25.36529680365296803652968162,0,0.000,25.36529680365296803652968162,0.2739726027397260273972602740,0.2191780821917808219178082192,25.09132420091324200913242135,0E-28,0E-28,0,0,0,324,325,2035,BASE,0.2739726027397260273972602740,0.2191780821917808219178082192,0.06911865891036467129542753831,0.04976543441546256333270782758
25.09132420091324200913242135,0,0.000,25.09132420091324200913242135,0.2739726027397260273972602740,0.2191780821917808219178082192,24.81735159817351598173516108,0E-28,0E-28,0,0,0,325,326,2035,BASE,0.2739726027397260273972602740,0.2191780821917808219178082192,0.06836804903984487396009257869,0.04922499530868830925126665666
24.81735159817351598173516108,0,0.000,24.81735159817351598173516108,0.2739726027397260273972602740,0.2191780821917808219178082192,24.54337899543378995433790081,0E-28,0E-28,0,0,0,326,327,2035,BASE,0.2739726027397260273972602740,0.2191780821917808219178082192,0.06761743916932507662475761902,0.04868455620191405516982548569
24.54337899543378995433790081,0,0.000,24.54337899543378995433790081,0.2739726027397260273972602740,0.2191780821917808219178082192,24.26940639269406392694064054,0E-28,0E-28,0,0,0,327,328,2035,BASE,0.2739726027397260273972602740,0.2191780821917808219178082192,0.06686682929880527928942265940,0.04814411709513980108838431477
24.26940639269406392694064054,0,0.000,24.26940639269406392694064054,0.2739726027397260273972602740,0.2191780821917808219178082192,23.99543378995433789954338027,0E-28,0E-28,0,0,0,328,329,2035,BASE,0.2739726027397260273972602740,0.2191780821917808219178082192,0.06611621942828548195408769973,0.04760367798836554700694314381
23.99543378995433789954338027,0,0.000,23.99543378995433789954338027,0.2739726027397260273972602740,0.2191780821917808219178082192,23.72146118721461187214612000,0E-28,0E-28,0,0,0,329,330,2035,BASE,0.2739726027397260273972602740,0.2191780821917808219178082192,0.06536560955776568461875274012,0.04706323888159129292550197289
23.72146118721461187214612000,0,0.000,23.72146118721461187214612000,0.2739726027397260273972602740,0.2191780821917808219178082192,23.44748858447488584474885973,0E-28,0E-28,0,0,0,330,331,2035,BASE,0.2739726027397260273972602740,0.2191780821917808219178082192,0.06461499968724588728341778044,0.04652279977481703884406080192
23.44748858447488584474885973,0,0.000,23.44748858447488584474885973,0.2739726027397260273972602740,0.2191780821917808219178082192,23.17351598173515981735159946,0E-28,0E-28,0,0,0,331,332,2035,BASE,0.2739726027397260273972602740,0.2191780821917808219178082192,0.06386438981672608994808282083,0.04598236066804278476261963100
23.17351598173515981735159946,0,0.000,23.17351598173515981735159946,0.2739726027397260273972602740,0.2191780821917808219178082192,22.89954337899543378995433919,0E-28,0E-28,0,0,0,332,333,2035,BASE,0.2739726027397260273972602740,0.2191780821917808219178082192,0.06311377994620629261274786116,0.04544192156126853068117846004
22.89954337899543378995433919,0,0.000,22.89954337899543378995433919,0.2739726027397260273972602740,0.2191780821917808219178082192,22.62557077625570776255707892,0E-28,0E-28,0,0,0,333,334,2035,BASE,0.2739726027397260273972602740,0.2191780821917808219178082192,0.06236317007568649527741290154,0.04490148245449427659973728911
22.62557077625570776255707892,0,0.000,22.62557077625570776255707892,0.1598173515981735159817351598,0.1278538812785388127853881278,22.46575342465753424657534376,0E-28,0E-28,0,0,0,334,4015/12,2035,BASE,0.1598173515981735159817351598,0.1278538812785388127853881278,0.03603188006922291028127020077,0.02594295364984049540251454455
22.46575342465753424657534376,9.2997681034688852231705277,0.4184895646560998350426737465,31.34703196347031963470319771,0.1141552511415525114155251142,0.09132420091324200913242009136,31.23287671232876712328767260,0E-28,0E-29,9.2997681034688852231705277,0E-25,0,4015/12,335,2035,BASE,0.1141552511415525114155251142,0.09132420091324200913242009136,0.03571912595650632805821396709,0.02571777068868455620191405630
31.23287671232876712328767260,0,0.000,31.23287671232876712328767260,0.2739726027397260273972602740,0.2191780821917808219178082192,30.95890410958904109589041233,0E-28,0E-28,0,0,0,335,336,2035,BASE,0.2739726027397260273972602740,0.2191780821917808219178082192,0.08519422030399699756051792456,0.06133983861887783824357290568
30.95890410958904109589041233,0,0.000,30.95890410958904109589041233,0.2739726027397260273972602740,0.2191780821917808219178082192,30.68493150684931506849315206,0E-28,0E-28,0,0,0,336,337,2035,BASE,0.2739726027397260273972602740,0.2191780821917808219178082192,0.08444361043347720022518296494,0.06079939951210358416213173476
30.68493150684931506849315206,0,0.000,30.68493150684931506849315206,0.2739726027397260273972602740,0.2191780821917808219178082192,30.41095890410958904109589179,0E-28,0E-28,0,0,0,337,338,2035,BASE,0.2739726027397260273972602740,0.2191780821917808219178082192,0.08369300056295740288984800527,0.06025896040532933008069056379
30.41095890410958904109589179,0,0.000,30.41095890410958904109589179,0.2739726027397260273972602740,0.2191780821917808219178082192,30.13698630136986301369863152,0E-28,0E-28,0,0,0,338,339,2035,BASE,0.2739726027397260273972602740,0.2191780821917808219178082192,0.08294239069243760555451304565,0.05971852129855507599924939287
30.13698630136986301369863152,0,0.000,30.13698630136986301369863152,0.2739726027397260273972602740,0.2191780821917808219178082192,29.86301369863013698630137125,0E-28,0E-28,0,0,0,339,340,2035,BASE,0.2739726027397260273972602740,0.2191780821917808219178082192,0.08219178082191780821917808598,0.05917808219178082191780822191
29.86301369863013698630137125,0,0.000,29.86301369863013698630137125,0.2739726027397260273972602740,0.2191780821917808219178082192,29.58904109589041095890411098,0E-28,0E-28,0,0,0,340,341,2035,BASE,0.2739726027397260273972602740,0.2191780821917808219178082192,0.08144117095139801088384312636,0.05863764308500656783636705098
29.58904109589041095890411098,0,0.000,29.58904109589041095890411098,0.2739726027397260273972602740,0.2191780821917808219178082192,29.31506849315068493150685071,0E-28,0E-28,0,0,0,341,342,2035,BASE,0.2739726027397260273972602740,0.2191780821917808219178082192,0.08069056108087821354850816669,0.05809720397823231375492588002
29.31506849315068493150685071,0,0.000,29.31506849315068493150685071,0.2739726027397260273972602740,0.2191780821917808219178082192,29.04109589041095890410959044,0E-28,0E-28,0,0,0,342,343,2035,BASE,0.2739726027397260273972602740,0.2191780821917808219178082192,0.07993995121035841621317320708,0.05755676487145805967348470910
29.04109589041095890410959044,0,0.000,29.04109589041095890410959044,0.2739726027397260273972602740,0.2191780821917808219178082192,28.76712328767123287671233017,0E-28,0E-28,0,0,0,343,344,2035,BASE,0.2739726027397260273972602740,0.2191780821917808219178082192,0.07918934133983861887783824741,0.05701632576468380559204353814
28.76712328767123287671233017,0,0.000,28.76712328767123287671233017,0.2739726027397260273972602740,0.2191780821917808219178082192,28.49315068493150684931506990,0E-28,0E-28,0,0,0,344,345,2035,BASE,0.2739726027397260273972602740,0.2191780821917808219178082192,0.07843873146931882154250328779,0.05647588665790955151060236721
28.49315068493150684931506990,0,0.000,28.49315068493150684931506990,0.2739726027397260273972602740,0.2191780821917808219178082192,28.21917808219178082191780963,0E-28,0E-28,0,0,0,345,346,2035,BASE,0.2739726027397260273972602740,0.2191780821917808219178082192,0.07768812159879902420716832812,0.05593544755113529742916119625
28.21917808219178082191780963,0,0.000,28.21917808219178082191780963,0.2739726027397260273972602740,0.2191780821917808219178082192,27.94520547945205479452054936,0E-28,0E-28,0,0,0,346,347,2035,BASE,0.2739726027397260273972602740,0.2191780821917808219178082192,0.07693751172827922687183336850,0.05539500844436104334772002532
27.94520547945205479452054936,0,0.000,27.94520547945205479452054936,0.2739726027397260273972602740,0.2191780821917808219178082192,27.67123287671232876712328909,0E-28,0E-28,0,0,0,347,348,2035,BASE,0.2739726027397260273972602740,0.2191780821917808219178082192,0.07618690185775942953649840883,0.05485456933758678926627885436
27.67123287671232876712328909,0,0.000,27.67123287671232876712328909,0.2739726027397260273972602740,0.2191780821917808219178082192,27.39726027397260273972602882,0E-28,0E-28,0,0,0,348,349,2035,BASE,0.2739726027397260273972602740,0.2191780821917808219178082192,0.07543629198723963220116344921,0.05431413023081253518483768343
27.39726027397260273972602882,0,0.000,27.39726027397260273972602882,0.2739726027397260273972602740,0.2191780821917808219178082192,27.12328767123287671232876855,0E-28,0E-28,0,0,0,349,350,2035,BASE,0.2739726027397260273972602740,0.2191780821917808219178082192,0.07468568211671983486582848954,0.05377369112403828110339651247
27.12328767123287671232876855,0,0.000,27.12328767123287671232876855,0.2739726027397260273972602740,0.2191780821917808219178082192,26.84931506849315068493150828,0E-28,0E-28,0,0,0,350,351,2035,BASE,0.2739726027397260273972602740,0.2191780821917808219178082192,0.07393507224620003753049352993,0.05323325201726402702195534155
26.84931506849315068493150828,0,0.000,26.84931506849315068493150828,0.2739726027397260273972602740,0.2191780821917808219178082192,26.57534246575342465753424801,0E-28,0E-28,0,0,0,351,352,2035,BASE,0.2739726027397260273972602740,0.2191780821917808219178082192,0.07318446237568024019515857025,0.05269281291048977294051417058
26.57534246575342465753424801,0,0.000,26.57534246575342465753424801,0.2739726027397260273972602740,0.2191780821917808219178082192,26.30136986301369863013698774,0E-28,0E-28,0,0,0,352,353,2035,BASE,0.2739726027397260273972602740,0.2191780821917808219178082192,0.07243385250516044285982361064,0.05215237380371551885907299966
26.30136986301369863013698774,0,0.000,26.30136986301369863013698774,0.2739726027397260273972602740,0.2191780821917808219178082192,26.02739726027397260273972747,0E-28,0E-28,0,0,0,353,354,2035,BASE,0.2739726027397260273972602740,0.2191780821917808219178082192,0.07168324263464064552448865097,0.05161193469694126477763182870
26.02739726027397260273972747,0,0.000,26.02739726027397260273972747,0.2739726027397260273972602740,0.2191780821917808219178082192,25.75342465753424657534246720,0E-28,0E-28,0,0,0,354,355,2035,BASE,0.2739726027397260273972602740,0.2191780821917808219178082192,0.07093263276412084818915369135,0.05107149559016701069619065777
25.75342465753424657534246720,0,0.000,25.75342465753424657534246720,0.2739726027397260273972602740,0.2191780821917808219178082192,25.47945205479452054794520693,0E-28,0E-28,0,0,0,355,356,2035,BASE,0.2739726027397260273972602740,0.2191780821917808219178082192,0.07018202289360105085381873168,0.05053105648339275661474948681
25.47945205479452054794520693,0,0.000,25.47945205479452054794520693,0.2739726027397260273972602740,0.2191780821917808219178082192,25.20547945205479452054794666,0E-28,0E-28,0,0,0,356,357,2035,BASE,0.2739726027397260273972602740,0.2191780821917808219178082192,0.06943141302308125351848377206,0.04999061737661850253330831588
25.20547945205479452054794666,0,0.000,25.20547945205479452054794666,0.2739726027397260273972602740,0.2191780821917808219178082192,24.93150684931506849315068639,0E-28,0E-28,0,0,0,357,358,2035,BASE,0.2739726027397260273972602740,0.2191780821917808219178082192,0.06868080315256145618314881239,0.04945017826984424845186714492
24.93150684931506849315068639,0,0.000,24.93150684931506849315068639,0.2739726027397260273972602740,0.2191780821917808219178082192,24.65753424657534246575342612,0E-28,0E-28,0,0,0,358,359,2035,BASE,0.2739726027397260273972602740,0.2191780821917808219178082192,0.06793019328204165884781385277,0.04890973916306999437042597399
24.65753424657534246575342612,0,0.000,24.65753424657534246575342612,0.2739726027397260273972602740,0.2191780821917808219178082192,24.38356164383561643835616585,0E-28,0E-28,0,0,0,359,360,2035,BASE,0.2739726027397260273972602740,0.2191780821917808219178082192,0.06717958341152186151247889310,0.04836930005629574028898480303
24.38356164383561643835616585,0,0.000,24.38356164383561643835616585,0.2739726027397260273972602740,0.2191780821917808219178082192,24.10958904109589041095890558,0E-28,0E-28,0,0,0,360,361,2035,BASE,0.2739726027397260273972602740,0.2191780821917808219178082192,0.06642897354100206417714393349,0.04782886094952148620754363211
24.10958904109589041095890558,0,0.000,24.10958904109589041095890558,0.2739726027397260273972602740,0.2191780821917808219178082192,23.83561643835616438356164531,0E-28,0E-28,0,0,0,361,362,2035,BASE,0.2739726027397260273972602740,0.2191780821917808219178082192,0.06567836367048226684180897381,0.04728842184274723212610246114
23.83561643835616438356164531,0,0.000,23.83561643835616438356164531,0.2739726027397260273972602740,0.2191780821917808219178082192,23.56164383561643835616438504,0E-28,0E-28,0,0,0,362,363,2035,BASE,0.2739726027397260273972602740,0.2191780821917808219178082192,0.06492775379996246950647401420,0.04674798273597297804466129022
23.56164383561643835616438504,0,0.000,23.56164383561643835616438504,0.2739726027397260273972602740,0.2191780821917808219178082192,23.28767123287671232876712477,0E-28,0E-28,0,0,0,363,364,2035,BASE,0.2739726027397260273972602740,0.2191780821917808219178082192,0.06417714392944267217113905453,0.04620754362919872396322011926
23.28767123287671232876712477,0,0.000,23.28767123287671232876712477,0.2739726027397260273972602740,0.2191780821917808219178082192,23.01369863013698630136986450,0E-28,0E-28,0,0,0,364,365,2035,BASE,0.2739726027397260273972602740,0.2191780821917808219178082192,0.06342653405892287483580409491,0.04566710452242446988177894834
23.01369863013698630136986450,12.71394562379411398369512852,0.5721275530707351292662807834,35.15551670086036515579871224,0.3835616438356164383561643836,0.2876712328767123287671232877,34.77195505702474871744254786,0E-28,0E-28,12.71394562379411398369512852,0E-26,0,365,366,2036,BASE,0.3835616438356164383561643836,0.2876712328767123287671232877,0.09579105720258234777156337001,0.06896956118585929039552562641
34.77195505702474871744254786,0,0.000,34.77195505702474871744254786,0.3835616438356164383561643836,0.2876712328767123287671232877,34.38839341318913227908638348,0E-28,0E-28,0,0,0,366,367,2036,BASE,0.3835616438356164383561643836,0.2876712328767123287671232877,0.09474020338385463150209442650,0.06821294643637533468150798708
34.38839341318913227908638348,0,0.000,34.38839341318913227908638348,0.3835616438356164383561643836,0.2876712328767123287671232877,34.00483176935351584073021910,0E-28,0E-28,0,0,0,367,368,2036,BASE,0.3835616438356164383561643836,0.2876712328767123287671232877,0.09368934956512691523262548300,0.06745633168689137896749034776
34.00483176935351584073021910,0,0.000,34.00483176935351584073021910,0.3835616438356164383561643836,0.2876712328767123287671232877,33.62127012551789940237405472,0E-28,0E-28,0,0,0,368,369,2036,BASE,0.3835616438356164383561643836,0.2876712328767123287671232877,0.09263849574639919896315653949,0.06669971693740742325347270843
33.62127012551789940237405472,0,0.000,33.62127012551789940237405472,0.3835616438356164383561643836,0.2876712328767123287671232877,33.23770848168228296401789034,0E-28,0E-28,0,0,0,369,370,2036,BASE,0.3835616438356164383561643836,0.2876712328767123287671232877,0.09158764192767148269368759598,0.06594310218792346753945506911
33.23770848168228296401789034,0,0.000,33.23770848168228296401789034,0.3835616438356164383561643836,0.2876712328767123287671232877,32.85414683784666652566172596,0E-28,0E-28,0,0,0,370,371,2036,BASE,0.3835616438356164383561643836,0.2876712328767123287671232877,0.09053678810894376642421865247,0.06518648743843951182543742978
32.85414683784666652566172596,0,0.000,32.85414683784666652566172596,0.3835616438356164383561643836,0.2876712328767123287671232877,32.47058519401105008730556158,0E-28,0E-28,0,0,0,371,372,2036,BASE,0.3835616438356164383561643836,0.2876712328767123287671232877,0.08948593429021605015474970897,0.06442987268895555611141979046
32.47058519401105008730556158,0,0.000,32.47058519401105008730556158,0.3835616438356164383561643836,0.2876712328767123287671232877,32.08702355017543364894939720,0E-28,0E-28,0,0,0,372,373,2036,BASE,0.3835616438356164383561643836,0.2876712328767123287671232877,0.08843508047148833388528076546,0.06367325793947160039740215113
32.08702355017543364894939720,0,0.000,32.08702355017543364894939720,0.3835616438356164383561643836,0.2876712328767123287671232877,31.70346190633981721059323282,0E-28,0E-28,0,0,0,373,374,2036,BASE,0.3835616438356164383561643836,0.2876712328767123287671232877,0.08738422665276061761581182195,0.06291664318998764468338451180
31.70346190633981721059323282,0,0.000,31.70346190633981721059323282,0.3835616438356164383561643836,0.2876712328767123287671232877,31.31990026250420077223706844,0E-28,0E-28,0,0,0,374,375,2036,BASE,0.3835616438356164383561643836,0.2876712328767123287671232877,0.08633337283403290134634287845,0.06216002844050368896936687248
31.31990026250420077223706844,0,0.000,31.31990026250420077223706844,0.3835616438356164383561643836,0.2876712328767123287671232877,30.93633861866858433388090406,0E-28,0E-28,0,0,0,375,376,2036,BASE,0.3835616438356164383561643836,0.2876712328767123287671232877,0.08528251901530518507687393494,0.06140341369101973325534923316
30.93633861866858433388090406,0,0.000,30.93633861866858433388090406,0.3835616438356164383561643836,0.2876712328767123287671232877,30.55277697483296789552473968,0E-28,0E-28,0,0,0,376,377,2036,BASE,0.3835616438356164383561643836,0.2876712328767123287671232877,0.08423166519657746880740499143,0.06064679894153577754133159383
30.55277697483296789552473968,0,0.000,30.55277697483296789552473968,0.3835616438356164383561643836,0.2876712328767123287671232877,30.16921533099735145716857530,0E-28,0E-28,0,0,0,377,378,2036,BASE,0.3835616438356164383561643836,0.2876712328767123287671232877,0.08318081137784975253793604793,0.05989018419205182182731395451
30.16921533099735145716857530,0,0.000,30.16921533099735145716857530,0.3835616438356164383561643836,0.2876712328767123287671232877,29.78565368716173501881241092,0E-28,0E-28,0,0,0,378,379,2036,BASE,0.3835616438356164383561643836,0.2876712328767123287671232877,0.08212995755912203626846710442,0.05913356944256786611329631518
29.78565368716173501881241092,0,0.000,29.78565368716173501881241092,0.3835616438356164383561643836,0.2876712328767123287671232877,29.40209204332611858045624654,0E-28,0E-28,0,0,0,379,380,2036,BASE,0.3835616438356164383561643836,0.2876712328767123287671232877,0.08107910374039431999899816091,0.05837695469308391039927867586
29.40209204332611858045624654,0,0.000,29.40209204332611858045624654,0.3835616438356164383561643836,0.2876712328767123287671232877,29.01853039949050214210008216,0E-28,0E-28,0,0,0,380,381,2036,BASE,0.3835616438356164383561643836,0.2876712328767123287671232877,0.08002824992166660372952921741,0.05762033994359995468526103654
29.01853039949050214210008216,0,0.000,29.01853039949050214210008216,0.3835616438356164383561643836,0.2876712328767123287671232877,28.63496875565488570374391778,0E-28,0E-28,0,0,0,381,382,2036,BASE,0.3835616438356164383561643836,0.2876712328767123287671232877,0.07897739610293888746006027390,0.05686372519411599897124339721
28.63496875565488570374391778,0,0.000,28.63496875565488570374391778,0.3835616438356164383561643836,0.2876712328767123287671232877,28.25140711181926926538775340,0E-28,0E-28,0,0,0,382,383,2036,BASE,0.3835616438356164383561643836,0.2876712328767123287671232877,0.07792654228421117119059133039,0.05610711044463204325722575788
28.25140711181926926538775340,0,0.000,28.25140711181926926538775340,0.3835616438356164383561643836,0.2876712328767123287671232877,27.86784546798365282703158902,0E-28,0E-28,0,0,0,383,384,2036,BASE,0.3835616438356164383561643836,0.2876712328767123287671232877,0.07687568846548345492112238688,0.05535049569514808754320811855
27.86784546798365282703158902,0,0.000,27.86784546798365282703158902,0.3835616438356164383561643836,0.2876712328767123287671232877,27.48428382414803638867542464,0E-28,0E-28,0,0,0,384,385,2036,BASE,0.3835616438356164383561643836,0.2876712328767123287671232877,0.07582483464675573865165344338,0.05459388094566413182919047923
27.48428382414803638867542464,0,0.000,27.48428382414803638867542464,0.3835616438356164383561643836,0.2876712328767123287671232877,27.10072218031241995031926026,0E-28,0E-28,0,0,0,385,386,2036,BASE,0.3835616438356164383561643836,0.2876712328767123287671232877,0.07477398082802802238218449987,0.05383726619618017611517283991
27.10072218031241995031926026,0,0.000,27.10072218031241995031926026,0.3835616438356164383561643836,0.2876712328767123287671232877,26.71716053647680351196309588,0E-28,0E-28,0,0,0,386,387,2036,BASE,0.3835616438356164383561643836,0.2876712328767123287671232877,0.07372312700930030611271555636,0.05308065144669622040115520058
26.71716053647680351196309588,0,0.000,26.71716053647680351196309588,0.3835616438356164383561643836,0.2876712328767123287671232877,26.33359889264118707360693150,0E-28,0E-28,0,0,0,387,388,2036,BASE,0.3835616438356164383561643836,0.2876712328767123287671232877,0.07267227319057258984324661286,0.05232403669721226468713756126
26.33359889264118707360693150,0,0.000,26.33359889264118707360693150,0.3835616438356164383561643836,0.2876712328767123287671232877,25.95003724880557063525076712,0E-28,0E-28,0,0,0,388,389,2036,BASE,0.3835616438356164383561643836,0.2876712328767123287671232877,0.07162141937184487357377766935,0.05156742194772830897311992193
25.95003724880557063525076712,0,0.000,25.95003724880557063525076712,0.3835616438356164383561643836,0.2876712328767123287671232877,25.56647560496995419689460274,0E-28,0E-28,0,0,0,389,390,2036,BASE,0.3835616438356164383561643836,0.2876712328767123287671232877,0.07057056555311715730430872584,0.05081080719824435325910228260
25.56647560496995419689460274,0,0.000,25.56647560496995419689460274,0.3835616438356164383561643836,0.2876712328767123287671232877,25.18291396113433775853843836,0E-28,0E-28,0,0,0,390,391,2036,BASE,0.3835616438356164383561643836,0.2876712328767123287671232877,0.06951971173438944103483978234,0.05005419244876039754508464328
25.18291396113433775853843836,0,0.000,25.18291396113433775853843836,0.3835616438356164383561643836,0.2876712328767123287671232877,24.79935231729872132018227398,0E-28,0E-28,0,0,0,391,392,2036,BASE,0.3835616438356164383561643836,0.2876712328767123287671232877,0.06846885791566172476537083883,0.04929757769927644183106700396
24.79935231729872132018227398,0,0.000,24.79935231729872132018227398,0.3835616438356164383561643836,0.2876712328767123287671232877,24.41579067346310488182610960,0E-28,0E-28,0,0,0,392,393,2036,BASE,0.3835616438356164383561643836,0.2876712328767123287671232877,0.06741800409693400849590189532,0.04854096294979248611704936463
24.41579067346310488182610960,0,0.000,24.41579067346310488182610960,0.3835616438356164383561643836,0.2876712328767123287671232877,24.03222902962748844346994522,0E-28,0E-28,0,0,0,393,394,2036,BASE,0.3835616438356164383561643836,0.2876712328767123287671232877,0.06636715027820629222643295181,0.04778434820030853040303172530
24.03222902962748844346994522,0,0.000,24.03222902962748844346994522,0.3835616438356164383561643836,0.2876712328767123287671232877,23.64866738579187200511378084,0E-28,0E-28,0,0,0,394,395,2036,BASE,0.3835616438356164383561643836,0.2876712328767123287671232877,0.06531629645947857595696400831,0.04702773345082457468901408598
23.64866738579187200511378084,0,0.000,23.64866738579187200511378084,0.1598173515981735159817351599,0.1198630136986301369863013699,23.48885003419369848913204568,0E-28,0E-28,0,0,0,395,4745/12,2036,BASE,0.1598173515981735159817351599,0.1198630136986301369863013699,0.02690497569633879594420423889,0.01937158250136393307982705200
23.48885003419369848913204568,12.71394562379411398369512852,0.5721275530707351292662807834,35.63066810491707734356089342,0.2237442922374429223744292237,0.1678082191780821917808219178,35.40692381267963442118646420,0E-28,0E-28,12.71394562379411398369512852,0E-26,0,4745/12,396,2036,BASE,0.2237442922374429223744292237,0.1678082191780821917808219178,0.05676519902091061442388487480,0.04087094329505564238519710986
35.40692381267963442118646420,0,0.000,35.40692381267963442118646420,0.3835616438356164383561643836,0.2876712328767123287671232877,35.02336216884401798283029982,0E-28,0E-28,0,0,0,396,397,2036,BASE,0.3835616438356164383561643836,0.2876712328767123287671232877,0.09647984381030637315618734798,0.06946548754342058867245489055
35.02336216884401798283029982,0,0.000,35.02336216884401798283029982,0.3835616438356164383561643836,0.2876712328767123287671232877,34.63980052500840154447413544,0E-28,0E-28,0,0,0,397,398,2036,BASE,0.3835616438356164383561643836,0.2876712328767123287671232877,0.09542898999157865688671840448,0.06870887279393663295843725123
34.63980052500840154447413544,0,0.000,34.63980052500840154447413544,0.3835616438356164383561643836,0.2876712328767123287671232877,34.25623888117278510611797106,0E-28,0E-28,0,0,0,398,399,2036,BASE,0.3835616438356164383561643836,0.2876712328767123287671232877,0.09437813617285094061724946097,0.06795225804445267724441961190
34.25623888117278510611797106,0,0.000,34.25623888117278510611797106,0.3835616438356164383561643836,0.2876712328767123287671232877,33.87267723733716866776180668,0E-28,0E-28,0,0,0,399,400,2036,BASE,0.3835616438356164383561643836,0.2876712328767123287671232877,0.09332728235412322434778051746,0.06719564329496872153040197257
33.87267723733716866776180668,0,0.000,33.87267723733716866776180668,0.3835616438356164383561643836,0.2876712328767123287671232877,33.48911559350155222940564230,0E-28,0E-28,0,0,0,400,401,2036,BASE,0.3835616438356164383561643836,0.2876712328767123287671232877,0.09227642853539550807831157395,0.06643902854548476581638433324
33.48911559350155222940564230,0,0.000,33.48911559350155222940564230,0.3835616438356164383561643836,0.2876712328767123287671232877,33.10555394966593579104947792,0E-28,0E-28,0,0,0,401,402,2036,BASE,0.3835616438356164383561643836,0.2876712328767123287671232877,0.09122557471666779180884263045,0.06568241379600081010236669392
33.10555394966593579104947792,0,0.000,33.10555394966593579104947792,0.3835616438356164383561643836,0.2876712328767123287671232877,32.72199230583031935269331354,0E-28,0E-28,0,0,0,402,403,2036,BASE,0.3835616438356164383561643836,0.2876712328767123287671232877,0.09017472089794007553937368694,0.06492579904651685438834905460
32.72199230583031935269331354,0,0.000,32.72199230583031935269331354,0.3835616438356164383561643836,0.2876712328767123287671232877,32.33843066199470291433714916,0E-28,0E-28,0,0,0,403,404,2036,BASE,0.3835616438356164383561643836,0.2876712328767123287671232877,0.08912386707921235926990474343,0.06416918429703289867433141527
32.33843066199470291433714916,0,0.000,32.33843066199470291433714916,0.3835616438356164383561643836,0.2876712328767123287671232877,31.95486901815908647598098478,0E-28,0E-28,0,0,0,404,405,2036,BASE,0.3835616438356164383561643836,0.2876712328767123287671232877,0.08807301326048464300043579993,0.06341256954754894296031377595
31.95486901815908647598098478,0,0.000,31.95486901815908647598098478,0.3835616438356164383561643836,0.2876712328767123287671232877,31.57130737432347003762482040,0E-28,0E-28,0,0,0,405,406,2036,BASE,0.3835616438356164383561643836,0.2876712328767123287671232877,0.08702215944175692673096685642,0.06265595479806498724629613662
31.57130737432347003762482040,0,0.000,31.57130737432347003762482040,0.3835616438356164383561643836,0.2876712328767123287671232877,31.18774573048785359926865602,0E-28,0E-28,0,0,0,406,407,2036,BASE,0.3835616438356164383561643836,0.2876712328767123287671232877,0.08597130562302921046149791291,0.06189934004858103153227849730
31.18774573048785359926865602,0,0.000,31.18774573048785359926865602,0.3835616438356164383561643836,0.2876712328767123287671232877,30.80418408665223716091249164,0E-28,0E-28,0,0,0,407,408,2036,BASE,0.3835616438356164383561643836,0.2876712328767123287671232877,0.08492045180430149419202896941,0.06114272529909707581826085798
30.80418408665223716091249164,0,0.000,30.80418408665223716091249164,0.3835616438356164383561643836,0.2876712328767123287671232877,30.42062244281662072255632726,0E-28,0E-28,0,0,0,408,409,2036,BASE,0.3835616438356164383561643836,0.2876712328767123287671232877,0.08386959798557377792256002590,0.06038611054961312010424321865
30.42062244281662072255632726,0,0.000,30.42062244281662072255632726,0.3835616438356164383561643836,0.2876712328767123287671232877,30.03706079898100428420016288,0E-28,0E-28,0,0,0,409,410,2036,BASE,0.3835616438356164383561643836,0.2876712328767123287671232877,0.08281874416684606165309108239,0.05962949580012916439022557932
30.03706079898100428420016288,0,0.000,30.03706079898100428420016288,0.3835616438356164383561643836,0.2876712328767123287671232877,29.65349915514538784584399850,0E-28,0E-28,0,0,0,410,411,2036,BASE,0.3835616438356164383561643836,0.2876712328767123287671232877,0.08176789034811834538362213888,0.05887288105064520867620793999
29.65349915514538784584399850,0,0.000,29.65349915514538784584399850,0.3835616438356164383561643836,0.2876712328767123287671232877,29.26993751130977140748783412,0E-28,0E-28,0,0,0,411,412,2036,BASE,0.3835616438356164383561643836,0.2876712328767123287671232877,0.08071703652939062911415319538,0.05811626630116125296219030067
29.26993751130977140748783412,0,0.000,29.26993751130977140748783412,0.3835616438356164383561643836,0.2876712328767123287671232877,28.88637586747415496913166974,0E-28,0E-28,0,0,0,412,413,2036,BASE,0.3835616438356164383561643836,0.2876712328767123287671232877,0.07966618271066291284468425187,0.05735965155167729724817266135
28.88637586747415496913166974,0,0.000,28.88637586747415496913166974,0.3835616438356164383561643836,0.2876712328767123287671232877,28.50281422363853853077550536,0E-28,0E-28,0,0,0,413,414,2036,BASE,0.3835616438356164383561643836,0.2876712328767123287671232877,0.07861532889193519657521530836,0.05660303680219334153415502202
28.50281422363853853077550536,0,0.000,28.50281422363853853077550536,0.3835616438356164383561643836,0.2876712328767123287671232877,28.11925257980292209241934098,0E-28,0E-28,0,0,0,414,415,2036,BASE,0.3835616438356164383561643836,0.2876712328767123287671232877,0.07756447507320748030574636486,0.05584642205270938582013738270
28.11925257980292209241934098,0,0.000,28.11925257980292209241934098,0.3835616438356164383561643836,0.2876712328767123287671232877,27.73569093596730565406317660,0E-28,0E-28,0,0,0,415,416,2036,BASE,0.3835616438356164383561643836,0.2876712328767123287671232877,0.07651362125447976403627742135,0.05508980730322543010611974337
27.73569093596730565406317660,0,0.000,27.73569093596730565406317660,0.3835616438356164383561643836,0.2876712328767123287671232877,27.35212929213168921570701222,0E-28,0E-28,0,0,0,416,417,2036,BASE,0.3835616438356164383561643836,0.2876712328767123287671232877,0.07546276743575204776680847784,0.05433319255374147439210210404
27.35212929213168921570701222,0,0.000,27.35212929213168921570701222,0.3835616438356164383561643836,0.2876712328767123287671232877,26.96856764829607277735084784,0E-28,0E-28,0,0,0,417,418,2036,BASE,0.3835616438356164383561643836,0.2876712328767123287671232877,0.07441191361702433149733953434,0.05357657780425751867808446472
26.96856764829607277735084784,0,0.000,26.96856764829607277735084784,0.3835616438356164383561643836,0.2876712328767123287671232877,26.58500600446045633899468346,0E-28,0E-28,0,0,0,418,419,2036,BASE,0.3835616438356164383561643836,0.2876712328767123287671232877,0.07336105979829661522787059083,0.05281996305477356296406682540
26.58500600446045633899468346,0,0.000,26.58500600446045633899468346,0.3835616438356164383561643836,0.2876712328767123287671232877,26.20144436062483990063851908,0E-28,0E-28,0,0,0,419,420,2036,BASE,0.3835616438356164383561643836,0.2876712328767123287671232877,0.07231020597956889895840164732,0.05206334830528960725004918607
26.20144436062483990063851908,0,0.000,26.20144436062483990063851908,0.3835616438356164383561643836,0.2876712328767123287671232877,25.81788271678922346228235470,0E-28,0E-28,0,0,0,420,421,2036,BASE,0.3835616438356164383561643836,0.2876712328767123287671232877,0.07125935216084118268893270382,0.05130673355580565153603154675
25.81788271678922346228235470,0,0.000,25.81788271678922346228235470,0.3835616438356164383561643836,0.2876712328767123287671232877,25.43432107295360702392619032,0E-28,0E-28,0,0,0,421,422,2036,BASE,0.3835616438356164383561643836,0.2876712328767123287671232877,0.07020849834211346641946376031,0.05055011880632169582201390742
25.43432107295360702392619032,0,0.000,25.43432107295360702392619032,0.3835616438356164383561643836,0.2876712328767123287671232877,25.05075942911799058557002594,0E-28,0E-28,0,0,0,422,423,2036,BASE,0.3835616438356164383561643836,0.2876712328767123287671232877,0.06915764452338575014999481680,0.04979350405683774010799626810
25.05075942911799058557002594,0,0.000,25.05075942911799058557002594,0.3835616438356164383561643836,0.2876712328767123287671232877,24.66719778528237414721386156,0E-28,0E-28,0,0,0,423,424,2036,BASE,0.3835616438356164383561643836,0.2876712328767123287671232877,0.06810679070465803388052587329,0.04903688930735378439397862877
24.66719778528237414721386156,0,0.000,24.66719778528237414721386156,0.3835616438356164383561643836,0.2876712328767123287671232877,24.28363614144675770885769718,0E-28,0E-28,0,0,0,424,425,2036,BASE,0.3835616438356164383561643836,0.2876712328767123287671232877,0.06705593688593031761105692979,0.04828027455786982867996098945
24.28363614144675770885769718,0,0.000,24.28363614144675770885769718,0.3196347031963470319634703196,0.2397260273972602739726027397,23.96400143825041067689422686,0E-28,0E-28,0,0,0,425,2555/6,2036,BASE,0.3196347031963470319634703196,0.2397260273972602739726027397,0.05507721184896937030336977630,0.03965559253125794661842623894
23.96400143825041067689422686,12.71394562379411398369512852,0.5721275530707351292662807834,36.10581950897378953132307460,0.06392694063926940639269406394,0.04794520547945205479452054795,36.04189256833452012493038054,0E-29,0E-29,12.71394562379411398369512852,0E-26,0,2555/6,426,2036,BASE,0.06392694063926940639269406394,0.04794520547945205479452054795,0.01647208038294710266124508109,0.01185989787572191391609645838
36.04189256833452012493038054,0,0.000,36.04189256833452012493038054,0.3835616438356164383561643836,0.2876712328767123287671232877,35.65833092449890368657421616,0E-28,0E-28,0,0,0,426,427,2036,BASE,0.3835616438356164383561643836,0.2876712328767123287671232877,0.09821948423675811481028026946,0.07071802865046584266340179401
35.65833092449890368657421616,0,0.000,35.65833092449890368657421616,0.3835616438356164383561643836,0.2876712328767123287671232877,35.27476928066328724821805178,0E-28,0E-28,0,0,0,427,428,2036,BASE,0.3835616438356164383561643836,0.2876712328767123287671232877,0.09716863041803039854081132595,0.06996141390098188694938415468
35.27476928066328724821805178,0,0.000,35.27476928066328724821805178,0.3835616438356164383561643836,0.2876712328767123287671232877,34.89120763682767080986188740,0E-28,0E-28,0,0,0,428,429,2036,BASE,0.3835616438356164383561643836,0.2876712328767123287671232877,0.09611777659930268227134238245,0.06920479915149793123536651536
34.89120763682767080986188740,0,0.000,34.89120763682767080986188740,0.3835616438356164383561643836,0.2876712328767123287671232877,34.50764599299205437150572302,0E-28,0E-28,0,0,0,429,430,2036,BASE,0.3835616438356164383561643836,0.2876712328767123287671232877,0.09506692278057496600187343894,0.06844818440201397552134887604
34.50764599299205437150572302,0,0.000,34.50764599299205437150572302,0.3835616438356164383561643836,0.2876712328767123287671232877,34.12408434915643793314955864,0E-28,0E-28,0,0,0,430,431,2036,BASE,0.3835616438356164383561643836,0.2876712328767123287671232877,0.09401606896184724973240449543,0.06769156965253001980733123671
34.12408434915643793314955864,0,0.000,34.12408434915643793314955864,0.3835616438356164383561643836,0.2876712328767123287671232877,33.74052270532082149479339426,0E-28,0E-28,0,0,0,431,432,2036,BASE,0.3835616438356164383561643836,0.2876712328767123287671232877,0.09296521514311953346293555193,0.06693495490304606409331359739
33.74052270532082149479339426,0,0.000,33.74052270532082149479339426,0.3835616438356164383561643836,0.2876712328767123287671232877,33.35696106148520505643722988,0E-28,0E-28,0,0,0,432,433,2036,BASE,0.3835616438356164383561643836,0.2876712328767123287671232877,0.09191436132439181719346660842,0.06617834015356210837929595806
33.35696106148520505643722988,0,0.000,33.35696106148520505643722988,0.3835616438356164383561643836,0.2876712328767123287671232877,32.97339941764958861808106550,0E-28,0E-28,0,0,0,433,434,2036,BASE,0.3835616438356164383561643836,0.2876712328767123287671232877,0.09086350750566410092399766491,0.06542172540407815266527831874
32.97339941764958861808106550,0,0.000,32.97339941764958861808106550,0.3835616438356164383561643836,0.2876712328767123287671232877,32.58983777381397217972490112,0E-28,0E-28,0,0,0,434,435,2036,BASE,0.3835616438356164383561643836,0.2876712328767123287671232877,0.08981265368693638465452872141,0.06466511065459419695126067942
32.58983777381397217972490112,0,0.000,32.58983777381397217972490112,0.3835616438356164383561643836,0.2876712328767123287671232877,32.20627612997835574136873674,0E-28,0E-28,0,0,0,435,436,2036,BASE,0.3835616438356164383561643836,0.2876712328767123287671232877,0.08876179986820866838505977790,0.06390849590511024123724304009
32.20627612997835574136873674,0,0.000,32.20627612997835574136873674,0.3835616438356164383561643836,0.2876712328767123287671232877,31.82271448614273930301257236,0E-28,0E-28,0,0,0,436,437,2036,BASE,0.3835616438356164383561643836,0.2876712328767123287671232877,0.08771094604948095211559083439,0.06315188115562628552322540076
31.82271448614273930301257236,0,0.000,31.82271448614273930301257236,0.3835616438356164383561643836,0.2876712328767123287671232877,31.43915284230712286465640798,0E-28,0E-28,0,0,0,437,438,2036,BASE,0.3835616438356164383561643836,0.2876712328767123287671232877,0.08666009223075323584612189089,0.06239526640614232980920776144
31.43915284230712286465640798,0,0.000,31.43915284230712286465640798,0.3835616438356164383561643836,0.2876712328767123287671232877,31.05559119847150642630024360,0E-28,0E-28,0,0,0,438,439,2036,BASE,0.3835616438356164383561643836,0.2876712328767123287671232877,0.08560923841202551957665294738,0.06163865165665837409519012211
31.05559119847150642630024360,0,0.000,31.05559119847150642630024360,0.3835616438356164383561643836,0.2876712328767123287671232877,30.67202955463588998794407922,0E-28,0E-28,0,0,0,439,440,2036,BASE,0.3835616438356164383561643836,0.2876712328767123287671232877,0.08455838459329780330718400387,0.06088203690717441838117248279
30.67202955463588998794407922,0,0.000,30.67202955463588998794407922,0.3835616438356164383561643836,0.2876712328767123287671232877,30.28846791080027354958791484,0E-28,0E-28,0,0,0,440,441,2036,BASE,0.3835616438356164383561643836,0.2876712328767123287671232877,0.08350753077457008703771506036,0.06012542215769046266715484346
30.28846791080027354958791484,0,0.000,30.28846791080027354958791484,0.3835616438356164383561643836,0.2876712328767123287671232877,29.90490626696465711123175046,0E-28,0E-28,0,0,0,441,442,2036,BASE,0.3835616438356164383561643836,0.2876712328767123287671232877,0.08245667695584237076824611686,0.05936880740820650695313720414
29.90490626696465711123175046,0,0.000,29.90490626696465711123175046,0.3835616438356164383561643836,0.2876712328767123287671232877,29.52134462312904067287558608,0E-28,0E-28,0,0,0,442,443,2036,BASE,0.3835616438356164383561643836,0.2876712328767123287671232877,0.08140582313711465449877717335,0.05861219265872255123911956481
29.52134462312904067287558608,0,0.000,29.52134462312904067287558608,0.3835616438356164383561643836,0.2876712328767123287671232877,29.13778297929342423451942170,0E-28,0E-28,0,0,0,443,444,2036,BASE,0.3835616438356164383561643836,0.2876712328767123287671232877,0.08035496931838693822930822984,0.05785557790923859552510192548
29.13778297929342423451942170,0,0.000,29.13778297929342423451942170,0.3835616438356164383561643836,0.2876712328767123287671232877,28.75422133545780779616325732,0E-28,0E-28,0,0,0,444,445,2036,BASE,0.3835616438356164383561643836,0.2876712328767123287671232877,0.07930411549965922195983928634,0.05709896315975463981108428616
28.75422133545780779616325732,0,0.000,28.75422133545780779616325732,0.3835616438356164383561643836,0.2876712328767123287671232877,28.37065969162219135780709294,0E-28,0E-28,0,0,0,445,446,2036,BASE,0.3835616438356164383561643836,0.2876712328767123287671232877,0.07825326168093150569037034283,0.05634234841027068409706664684
28.37065969162219135780709294,0,0.000,28.37065969162219135780709294,0.3835616438356164383561643836,0.2876712328767123287671232877,27.98709804778657491945092856,0E-28,0E-28,0,0,0,446,447,2036,BASE,0.3835616438356164383561643836,0.2876712328767123287671232877,0.07720240786220378942090139932,0.05558573366078672838304900751
27.98709804778657491945092856,0,0.000,27.98709804778657491945092856,0.3835616438356164383561643836,0.2876712328767123287671232877,27.60353640395095848109476418,0E-28,0E-28,0,0,0,447,448,2036,BASE,0.3835616438356164383561643836,0.2876712328767123287671232877,0.07615155404347607315143245582,0.05482911891130277266903136819
27.60353640395095848109476418,0,0.000,27.60353640395095848109476418,0.3835616438356164383561643836,0.2876712328767123287671232877,27.21997476011534204273859980,0E-28,0E-28,0,0,0,448,449,2036,BASE,0.3835616438356164383561643836,0.2876712328767123287671232877,0.07510070022474835688196351231,0.05407250416181881695501372886
27.21997476011534204273859980,0,0.000,27.21997476011534204273859980,0.3835616438356164383561643836,0.2876712328767123287671232877,26.83641311627972560438243542,0E-28,0E-28,0,0,0,449,450,2036,BASE,0.3835616438356164383561643836,0.2876712328767123287671232877,0.07404984640602064061249456880,0.05331588941233486124099608954
26.83641311627972560438243542,0,0.000,26.83641311627972560438243542,0.3835616438356164383561643836,0.2876712328767123287671232877,26.45285147244410916602627104,0E-28,0E-28,0,0,0,450,451,2036,BASE,0.3835616438356164383561643836,0.2876712328767123287671232877,0.07299899258729292434302562529,0.05255927466285090552697845021
26.45285147244410916602627104,0,0.000,26.45285147244410916602627104,0.3835616438356164383561643836,0.2876712328767123287671232877,26.06928982860849272767010666,0E-28,0E-28,0,0,0,451,452,2036,BASE,0.3835616438356164383561643836,0.2876712328767123287671232877,0.07194813876856520807355668179,0.05180265991336694981296081089
26.06928982860849272767010666,0,0.000,26.06928982860849272767010666,0.3835616438356164383561643836,0.2876712328767123287671232877,25.68572818477287628931394228,0E-28,0E-28,0,0,0,452,453,2036,BASE,0.3835616438356164383561643836,0.2876712328767123287671232877,0.07089728494983749180408773828,0.05104604516388299409894317156
25.68572818477287628931394228,0,0.000,25.68572818477287628931394228,0.3835616438356164383561643836,0.2876712328767123287671232877,25.30216654093725985095777790,0E-28,0E-28,0,0,0,453,454,2036,BASE,0.3835616438356164383561643836,0.2876712328767123287671232877,0.06984643113110977553461879477,0.05028943041439903838492553223
25.30216654093725985095777790,0,0.000,25.30216654093725985095777790,0.3835616438356164383561643836,0.2876712328767123287671232877,24.91860489710164341260161352,0E-28,0E-28,0,0,0,454,455,2036,BASE,0.3835616438356164383561643836,0.2876712328767123287671232877,0.06879557731238205926514985127,0.04953281566491508267090789291
24.91860489710164341260161352,0,0.000,24.91860489710164341260161352,0.3835616438356164383561643836,0.2876712328767123287671232877,24.53504325326602697424544914,0E-28,0E-28,0,0,0,455,456,2036,BASE,0.3835616438356164383561643836,0.2876712328767123287671232877,0.06774472349365434299568090776,0.04877620091543112695689025359
24.53504325326602697424544914,0,0.000,24.53504325326602697424544914,0.09589041095890410958904109589,0.07191780821917808219178082191,24.43915284230712286465640804,0E-29,0E-29,0,0,0,456,1825/4,2036,BASE,0.09589041095890410958904109589,0.07191780821917808219178082191,0.01677198496423738008181570451,0.01207582917425091365890730725
24.43915284230712286465640804,12.71394562379411398369512852,0.5721275530707351292662807834,36.58097091303050171908525578,0.2876712328767123287671232877,0.2157534246575342465753424658,36.29329968015378939031813249,0E-28,0E-28,12.71394562379411398369512852,0E-26,0,1825/4,457,2036,BASE,0.2876712328767123287671232877,0.2157534246575342465753424658,0.07487082595190166894801717975,0.05390699468536920164257236942
36.29329968015378939031813249,0,0.000,36.29329968015378939031813249,0.3835616438356164383561643836,0.2876712328767123287671232877,35.90973803631817295196196811,0E-28,0E-28,0,0,0,457,458,2036,BASE,0.3835616438356164383561643836,0.2876712328767123287671232877,0.09890827084448214019490424741,0.07121395500802714094033105814
35.90973803631817295196196811,0,0.000,35.90973803631817295196196811,0.3835616438356164383561643836,0.2876712328767123287671232877,35.52617639248255651360580373,0E-28,0E-28,0,0,0,458,459,2036,BASE,0.3835616438356164383561643836,0.2876712328767123287671232877,0.09785741702575442392543530390,0.07045734025854318522631341881
35.52617639248255651360580373,0,0.000,35.52617639248255651360580373,0.3835616438356164383561643836,0.2876712328767123287671232877,35.14261474864694007524963935,0E-28,0E-28,0,0,0,459,460,2036,BASE,0.3835616438356164383561643836,0.2876712328767123287671232877,0.09680656320702670765596636039,0.06970072550905922951229577948
35.14261474864694007524963935,0,0.000,35.14261474864694007524963935,0.3835616438356164383561643836,0.2876712328767123287671232877,34.75905310481132363689347497,0E-28,0E-28,0,0,0,460,461,2036,BASE,0.3835616438356164383561643836,0.2876712328767123287671232877,0.09575570938829899138649741689,0.06894411075957527379827814016
34.75905310481132363689347497,0,0.000,34.75905310481132363689347497,0.3835616438356164383561643836,0.2876712328767123287671232877,34.37549146097570719853731059,0E-28,0E-28,0,0,0,461,462,2036,BASE,0.3835616438356164383561643836,0.2876712328767123287671232877,0.09470485556957127511702847338,0.06818749601009131808426050083
34.37549146097570719853731059,0,0.000,34.37549146097570719853731059,0.3835616438356164383561643836,0.2876712328767123287671232877,33.99192981714009076018114621,0E-28,0E-28,0,0,0,462,463,2036,BASE,0.3835616438356164383561643836,0.2876712328767123287671232877,0.09365400175084355884755952987,0.06743088126060736237024286151
33.99192981714009076018114621,0,0.000,33.99192981714009076018114621,0.3835616438356164383561643836,0.2876712328767123287671232877,33.60836817330447432182498183,0E-28,0E-28,0,0,0,463,464,2036,BASE,0.3835616438356164383561643836,0.2876712328767123287671232877,0.09260314793211584257809058637,0.06667426651112340665622522219
33.60836817330447432182498183,0,0.000,33.60836817330447432182498183,0.3835616438356164383561643836,0.2876712328767123287671232877,33.22480652946885788346881745,0E-28,0E-28,0,0,0,464,465,2036,BASE,0.3835616438356164383561643836,0.2876712328767123287671232877,0.09155229411338812630862164286,0.06591765176163945094220758286
33.22480652946885788346881745,0,0.000,33.22480652946885788346881745,0.3835616438356164383561643836,0.2876712328767123287671232877,32.84124488563324144511265307,0E-28,0E-28,0,0,0,465,466,2036,BASE,0.3835616438356164383561643836,0.2876712328767123287671232877,0.09050144029466041003915269935,0.06516103701215549522818994353
32.84124488563324144511265307,0,0.000,32.84124488563324144511265307,0.3835616438356164383561643836,0.2876712328767123287671232877,32.45768324179762500675648869,0E-28,0E-28,0,0,0,466,467,2036,BASE,0.3835616438356164383561643836,0.2876712328767123287671232877,0.08945058647593269376968375584,0.06440442226267153951417230420
32.45768324179762500675648869,0,0.000,32.45768324179762500675648869,0.3835616438356164383561643836,0.2876712328767123287671232877,32.07412159796200856840032431,0E-28,0E-28,0,0,0,467,468,2036,BASE,0.3835616438356164383561643836,0.2876712328767123287671232877,0.08839973265720497750021481234,0.06364780751318758380015466488
32.07412159796200856840032431,0,0.000,32.07412159796200856840032431,0.3835616438356164383561643836,0.2876712328767123287671232877,31.69055995412639213004415993,0E-28,0E-28,0,0,0,468,469,2036,BASE,0.3835616438356164383561643836,0.2876712328767123287671232877,0.08734887883847726123074586883,0.06289119276370362808613702556
31.69055995412639213004415993,0,0.000,31.69055995412639213004415993,0.3835616438356164383561643836,0.2876712328767123287671232877,31.30699831029077569168799555,0E-28,0E-28,0,0,0,469,470,2036,BASE,0.3835616438356164383561643836,0.2876712328767123287671232877,0.08629802501974954496127692532,0.06213457801421967237211938623
31.30699831029077569168799555,0,0.000,31.30699831029077569168799555,0.3835616438356164383561643836,0.2876712328767123287671232877,30.92343666645515925333183117,0E-28,0E-28,0,0,0,470,471,2036,BASE,0.3835616438356164383561643836,0.2876712328767123287671232877,0.08524717120102182869180798182,0.06137796326473571665810174691
30.92343666645515925333183117,0,0.000,30.92343666645515925333183117,0.3835616438356164383561643836,0.2876712328767123287671232877,30.53987502261954281497566679,0E-28,0E-28,0,0,0,471,472,2036,BASE,0.3835616438356164383561643836,0.2876712328767123287671232877,0.08419631738229411242233903831,0.06062134851525176094408410758
30.53987502261954281497566679,0,0.000,30.53987502261954281497566679,0.3835616438356164383561643836,0.2876712328767123287671232877,30.15631337878392637661950241,0E-28,0E-28,0,0,0,472,473,2036,BASE,0.3835616438356164383561643836,0.2876712328767123287671232877,0.08314546356356639615287009480,0.05986473376576780523006646826
30.15631337878392637661950241,0,0.000,30.15631337878392637661950241,0.3835616438356164383561643836,0.2876712328767123287671232877,29.77275173494830993826333803,0E-28,0E-28,0,0,0,473,474,2036,BASE,0.3835616438356164383561643836,0.2876712328767123287671232877,0.08209460974483867988340115130,0.05910811901628384951604882894
29.77275173494830993826333803,0,0.000,29.77275173494830993826333803,0.3835616438356164383561643836,0.2876712328767123287671232877,29.38919009111269349990717365,0E-28,0E-28,0,0,0,474,475,2036,BASE,0.3835616438356164383561643836,0.2876712328767123287671232877,0.08104375592611096361393220779,0.05835150426679989380203118961
29.38919009111269349990717365,0,0.000,29.38919009111269349990717365,0.3835616438356164383561643836,0.2876712328767123287671232877,29.00562844727707706155100927,0E-28,0E-28,0,0,0,475,476,2036,BASE,0.3835616438356164383561643836,0.2876712328767123287671232877,0.07999290210738324734446326428,0.05759488951731593808801355028
29.00562844727707706155100927,0,0.000,29.00562844727707706155100927,0.3835616438356164383561643836,0.2876712328767123287671232877,28.62206680344146062319484489,0E-28,0E-28,0,0,0,476,477,2036,BASE,0.3835616438356164383561643836,0.2876712328767123287671232877,0.07894204828865553107499432078,0.05683827476783198237399591096
28.62206680344146062319484489,0,0.000,28.62206680344146062319484489,0.3835616438356164383561643836,0.2876712328767123287671232877,28.23850515960584418483868051,0E-28,0E-28,0,0,0,477,478,2036,BASE,0.3835616438356164383561643836,0.2876712328767123287671232877,0.07789119446992781480552537727,0.05608166001834802665997827163
28.23850515960584418483868051,0,0.000,28.23850515960584418483868051,0.3835616438356164383561643836,0.2876712328767123287671232877,27.85494351577022774648251613,0E-28,0E-28,0,0,0,478,479,2036,BASE,0.3835616438356164383561643836,0.2876712328767123287671232877,0.07684034065120009853605643376,0.05532504526886407094596063231
27.85494351577022774648251613,0,0.000,27.85494351577022774648251613,0.3835616438356164383561643836,0.2876712328767123287671232877,27.47138187193461130812635175,0E-28,0E-28,0,0,0,479,480,2036,BASE,0.3835616438356164383561643836,0.2876712328767123287671232877,0.07578948683247238226658749025,0.05456843051938011523194299298
27.47138187193461130812635175,0,0.000,27.47138187193461130812635175,0.3835616438356164383561643836,0.2876712328767123287671232877,27.08782022809899486977018737,0E-28,0E-28,0,0,0,480,481,2036,BASE,0.3835616438356164383561643836,0.2876712328767123287671232877,0.07473863301374466599711854675,0.05381181576989615951792535366
27.08782022809899486977018737,0,0.000,27.08782022809899486977018737,0.3835616438356164383561643836,0.2876712328767123287671232877,26.70425858426337843141402299,0E-28,0E-28,0,0,0,481,482,2036,BASE,0.3835616438356164383561643836,0.2876712328767123287671232877,0.07368777919501694972764960324,0.05305520102041220380390771433
26.70425858426337843141402299,0,0.000,26.70425858426337843141402299,0.3835616438356164383561643836,0.2876712328767123287671232877,26.32069694042776199305785861,0E-28,0E-28,0,0,0,482,483,2036,BASE,0.3835616438356164383561643836,0.2876712328767123287671232877,0.07263692537628923345818065973,0.05229858627092824808989007501
26.32069694042776199305785861,0,0.000,26.32069694042776199305785861,0.3835616438356164383561643836,0.2876712328767123287671232877,25.93713529659214555470169423,0E-28,0E-28,0,0,0,483,484,2036,BASE,0.3835616438356164383561643836,0.2876712328767123287671232877,0.07158607155756151718871171623,0.05154197152144429237587243569
25.93713529659214555470169423,0,0.000,25.93713529659214555470169423,0.3835616438356164383561643836,0.2876712328767123287671232877,25.55357365275652911634552985,0E-28,0E-28,0,0,0,484,485,2036,BASE,0.3835616438356164383561643836,0.2876712328767123287671232877,0.07053521773883380091924277272,0.05078535677196033666185479636
25.55357365275652911634552985,0,0.000,25.55357365275652911634552985,0.3835616438356164383561643836,0.2876712328767123287671232877,25.17001200892091267798936547,0E-28,0E-28,0,0,0,485,486,2036,BASE,0.3835616438356164383561643836,0.2876712328767123287671232877,0.06948436392010608464977382921,0.05002874202247638094783715703
25.17001200892091267798936547,0,0.000,25.17001200892091267798936547,0.2557077625570776255707762558,0.1917808219178082191780821918,24.91430424636383505241858921,0E-28,0E-28,0,0,0,486,1460/3,2036,BASE,0.2557077625570776255707762558,0.1917808219178082191780821918,0.04573910160299976961681091753,0.03293215315415983412410386062
24.91430424636383505241858921,12.71394562379411398369512852,0.5721275530707351292662807834,37.05612231708721390684743695,0.1278538812785388127853881278,0.09589041095890410958904109589,36.92826843580867509406204882,0E-28,0E-29,12.71394562379411398369512852,0E-26,0,1460/3,487,2036,BASE,0.1278538812785388127853881278,0.09589041095890410958904109589,0.03378282682780634200954771039,0.02432363531602056624687435148
36.92826843580867509406204882,0,0.000,36.92826843580867509406204882,0.3835616438356164383561643836,0.2876712328767123287671232877,36.54470679197305865570588444,0E-28,0E-28,0,0,0,487,488,2036,BASE,0.3835616438356164383561643836,0.2876712328767123287671232877,0.1006479112709338818489971689,0.07246649611507239493127796161
36.54470679197305865570588444,0,0.000,36.54470679197305865570588444,0.3835616438356164383561643836,0.2876712328767123287671232877,36.16114514813744221734972006,0E-28,0E-28,0,0,0,488,489,2036,BASE,0.3835616438356164383561643836,0.2876712328767123287671232877,0.09959705745220616557952822535,0.07170988136558843921726032225
36.16114514813744221734972006,0,0.000,36.16114514813744221734972006,0.3835616438356164383561643836,0.2876712328767123287671232877,35.77758350430182577899355568,0E-28,0E-28,0,0,0,489,490,2036,BASE,0.3835616438356164383561643836,0.2876712328767123287671232877,0.09854620363347844931005928185,0.07095326661610448350324268293
35.77758350430182577899355568,0,0.000,35.77758350430182577899355568,0.3835616438356164383561643836,0.2876712328767123287671232877,35.39402186046620934063739130,0E-28,0E-28,0,0,0,490,491,2036,BASE,0.3835616438356164383561643836,0.2876712328767123287671232877,0.09749534981475073304059033834,0.07019665186662052778922504360
35.39402186046620934063739130,0,0.000,35.39402186046620934063739130,0.3835616438356164383561643836,0.2876712328767123287671232877,35.01046021663059290228122692,0E-28,0E-28,0,0,0,491,492,2036,BASE,0.3835616438356164383561643836,0.2876712328767123287671232877,0.09644449599602301677112139483,0.06944003711713657207520740428
35.01046021663059290228122692,0,0.000,35.01046021663059290228122692,0.3835616438356164383561643836,0.2876712328767123287671232877,34.62689857279497646392506254,0E-28,0E-28,0,0,0,492,493,2036,BASE,0.3835616438356164383561643836,0.2876712328767123287671232877,0.09539364217729530050165245132,0.06868342236765261636118976495
34.62689857279497646392506254,0,0.000,34.62689857279497646392506254,0.3835616438356164383561643836,0.2876712328767123287671232877,34.24333692895936002556889816,0E-28,0E-28,0,0,0,493,494,2036,BASE,0.3835616438356164383561643836,0.2876712328767123287671232877,0.09434278835856758423218350782,0.06792680761816866064717212563
34.24333692895936002556889816,0,0.000,34.24333692895936002556889816,0.3835616438356164383561643836,0.2876712328767123287671232877,33.85977528512374358721273378,0E-28,0E-28,0,0,0,494,495,2036,BASE,0.3835616438356164383561643836,0.2876712328767123287671232877,0.09329193453983986796271456431,0.06717019286868470493315448630
33.85977528512374358721273378,0,0.000,33.85977528512374358721273378,0.3835616438356164383561643836,0.2876712328767123287671232877,33.47621364128812714885656940,0E-28,0E-28,0,0,0,495,496,2036,BASE,0.3835616438356164383561643836,0.2876712328767123287671232877,0.09224108072111215169324562080,0.06641357811920074921913684698
33.47621364128812714885656940,0,0.000,33.47621364128812714885656940,0.3835616438356164383561643836,0.2876712328767123287671232877,33.09265199745251071050040502,0E-28,0E-28,0,0,0,496,497,2036,BASE,0.3835616438356164383561643836,0.2876712328767123287671232877,0.09119022690238443542377667730,0.06565696336971679350511920766
33.09265199745251071050040502,0,0.000,33.09265199745251071050040502,0.3835616438356164383561643836,0.2876712328767123287671232877,32.70909035361689427214424064,0E-28,0E-28,0,0,0,497,498,2036,BASE,0.3835616438356164383561643836,0.2876712328767123287671232877,0.09013937308365671915430773379,0.06490034862023283779110156833
32.70909035361689427214424064,0,0.000,32.70909035361689427214424064,0.3835616438356164383561643836,0.2876712328767123287671232877,32.32552870978127783378807626,0E-28,0E-28,0,0,0,498,499,2036,BASE,0.3835616438356164383561643836,0.2876712328767123287671232877,0.08908851926492900288483879028,0.06414373387074888207708392900
32.32552870978127783378807626,0,0.000,32.32552870978127783378807626,0.3835616438356164383561643836,0.2876712328767123287671232877,31.94196706594566139543191188,0E-28,0E-28,0,0,0,499,500,2036,BASE,0.3835616438356164383561643836,0.2876712328767123287671232877,0.08803766544620128661536984678,0.06338711912126492636306628968
31.94196706594566139543191188,0,0.000,31.94196706594566139543191188,0.3835616438356164383561643836,0.2876712328767123287671232877,31.55840542211004495707574750,0E-28,0E-28,0,0,0,500,501,2036,BASE,0.3835616438356164383561643836,0.2876712328767123287671232877,0.08698681162747357034590090327,0.06263050437178097064904865035
31.55840542211004495707574750,0,0.000,31.55840542211004495707574750,0.3835616438356164383561643836,0.2876712328767123287671232877,31.17484377827442851871958312,0E-28,0E-28,0,0,0,501,502,2036,BASE,0.3835616438356164383561643836,0.2876712328767123287671232877,0.08593595780874585407643195976,0.06187388962229701493503101103
31.17484377827442851871958312,0,0.000,31.17484377827442851871958312,0.3835616438356164383561643836,0.2876712328767123287671232877,30.79128213443881208036341874,0E-28,0E-28,0,0,0,502,503,2036,BASE,0.3835616438356164383561643836,0.2876712328767123287671232877,0.08488510399001813780696301626,0.06111727487281305922101337171
30.79128213443881208036341874,0,0.000,30.79128213443881208036341874,0.3835616438356164383561643836,0.2876712328767123287671232877,30.40772049060319564200725436,0E-28,0E-28,0,0,0,503,504,2036,BASE,0.3835616438356164383561643836,0.2876712328767123287671232877,0.08383425017129042153749407275,0.06036066012332910350699573238
30.40772049060319564200725436,0,0.000,30.40772049060319564200725436,0.3835616438356164383561643836,0.2876712328767123287671232877,30.02415884676757920365108998,0E-28,0E-28,0,0,0,504,505,2036,BASE,0.3835616438356164383561643836,0.2876712328767123287671232877,0.08278339635256270526802512924,0.05960404537384514779297809305
30.02415884676757920365108998,0,0.000,30.02415884676757920365108998,0.3835616438356164383561643836,0.2876712328767123287671232877,29.64059720293196276529492560,0E-28,0E-28,0,0,0,505,506,2036,BASE,0.3835616438356164383561643836,0.2876712328767123287671232877,0.08173254253383498899855618573,0.05884743062436119207896045373
29.64059720293196276529492560,0,0.000,29.64059720293196276529492560,0.3835616438356164383561643836,0.2876712328767123287671232877,29.25703555909634632693876122,0E-28,0E-28,0,0,0,506,507,2036,BASE,0.3835616438356164383561643836,0.2876712328767123287671232877,0.08068168871510727272908724223,0.05809081587487723636494281441
29.25703555909634632693876122,0,0.000,29.25703555909634632693876122,0.3835616438356164383561643836,0.2876712328767123287671232877,28.87347391526072988858259684,0E-28,0E-28,0,0,0,507,508,2036,BASE,0.3835616438356164383561643836,0.2876712328767123287671232877,0.07963083489637955645961829872,0.05733420112539328065092517508
28.87347391526072988858259684,0,0.000,28.87347391526072988858259684,0.3835616438356164383561643836,0.2876712328767123287671232877,28.48991227142511345022643246,0E-28,0E-28,0,0,0,508,509,2036,BASE,0.3835616438356164383561643836,0.2876712328767123287671232877,0.07857998107765184019014935521,0.05657758637590932493690753575
28.48991227142511345022643246,0,0.000,28.48991227142511345022643246,0.3835616438356164383561643836,0.2876712328767123287671232877,28.10635062758949701187026808,0E-28,0E-28,0,0,0,509,510,2036,BASE,0.3835616438356164383561643836,0.2876712328767123287671232877,0.07752912725892412392068041171,0.05582097162642536922288989643
28.10635062758949701187026808,0,0.000,28.10635062758949701187026808,0.3835616438356164383561643836,0.2876712328767123287671232877,27.72278898375388057351410370,0E-28,0E-28,0,0,0,510,511,2036,BASE,0.3835616438356164383561643836,0.2876712328767123287671232877,0.07647827344019640765121146820,0.05506435687694141350887225710
27.72278898375388057351410370,0,0.000,27.72278898375388057351410370,0.3835616438356164383561643836,0.2876712328767123287671232877,27.33922733991826413515793932,0E-28,0E-28,0,0,0,511,512,2036,BASE,0.3835616438356164383561643836,0.2876712328767123287671232877,0.07542741962146869138174252469,0.05430774212745745779485461778
27.33922733991826413515793932,0,0.000,27.33922733991826413515793932,0.3835616438356164383561643836,0.2876712328767123287671232877,26.95566569608264769680177494,0E-28,0E-28,0,0,0,512,513,2036,BASE,0.3835616438356164383561643836,0.2876712328767123287671232877,0.07437656580274097511227358119,0.05355112737797350208083697846
26.95566569608264769680177494,0,0.000,26.95566569608264769680177494,0.3835616438356164383561643836,0.2876712328767123287671232877,26.57210405224703125844561056,0E-28,0E-28,0,0,0,513,514,2036,BASE,0.3835616438356164383561643836,0.2876712328767123287671232877,0.07332571198401325884280463768,0.05279451262848954636681933913
26.57210405224703125844561056,0,0.000,26.57210405224703125844561056,0.3835616438356164383561643836,0.2876712328767123287671232877,26.18854240841141482008944618,0E-28,0E-28,0,0,0,514,515,2036,BASE,0.3835616438356164383561643836,0.2876712328767123287671232877,0.07227485816528554257333569417,0.05203789787900559065280169980
26.18854240841141482008944618,0,0.000,26.18854240841141482008944618,0.3835616438356164383561643836,0.2876712328767123287671232877,25.80498076457579838173328180,0E-28,0E-28,0,0,0,515,516,2036,BASE,0.3835616438356164383561643836,0.2876712328767123287671232877,0.07122400434655782630386675066,0.05128128312952163493878406048
25.80498076457579838173328180,0,0.000,25.80498076457579838173328180,0.3835616438356164383561643836,0.2876712328767123287671232877,25.42141912074018194337711742,0E-28,0E-28,0,0,0,516,517,2036,BASE,0.3835616438356164383561643836,0.2876712328767123287671232877,0.07017315052783011003439780716,0.05052466838003767922476642116
25.42141912074018194337711742,0,0.000,25.42141912074018194337711742,0.03196347031963470319634703196,0.02397260273972602739726027397,25.38945565042054724018077039,0E-29,0E-29,0,0,0,517,6205/12,2036,BASE,0.03196347031963470319634703196,0.02397260273972602739726027397,0.005800328170223827532369621895,0.004176236282561155823306127764
25.38945565042054724018077039,12.71394562379411398369512852,0.5721275530707351292662807834,37.53127372114392609460961813,0.3515981735159817351598173517,0.2636986301369863013698630138,37.17967554762794435944980078,0E-28,0E-28,12.71394562379411398369512852,0E-26,0,6205/12,518,2036,BASE,0.3515981735159817351598173517,0.2636986301369863013698630138,0.09381511894480486015920703291,0.06754688564025949931462906370
37.17967554762794435944980078,0,0.000,37.17967554762794435944980078,0.3835616438356164383561643836,0.2876712328767123287671232877,36.79611390379232792109363640,0E-28,0E-28,0,0,0,518,519,2036,BASE,0.3835616438356164383561643836,0.2876712328767123287671232877,0.1013366978786579072336211468,0.07296242247263369320820722570
36.79611390379232792109363640,0,0.000,36.79611390379232792109363640,0.3835616438356164383561643836,0.2876712328767123287671232877,36.41255225995671148273747202,0E-28,0E-28,0,0,0,519,520,2036,BASE,0.3835616438356164383561643836,0.2876712328767123287671232877,0.1002858440599301909641522033,0.07220580772314973749418958638
36.41255225995671148273747202,0,0.000,36.41255225995671148273747202,0.3835616438356164383561643836,0.2876712328767123287671232877,36.02899061612109504438130764,0E-28,0E-28,0,0,0,520,521,2036,BASE,0.3835616438356164383561643836,0.2876712328767123287671232877,0.09923499024120247469468325982,0.07144919297366578178017194707
36.02899061612109504438130764,0,0.000,36.02899061612109504438130764,0.3835616438356164383561643836,0.2876712328767123287671232877,35.64542897228547860602514326,0E-28,0E-28,0,0,0,521,522,2036,BASE,0.3835616438356164383561643836,0.2876712328767123287671232877,0.09818413642247475842521431631,0.07069257822418182606615430774
35.64542897228547860602514326,0,0.000,35.64542897228547860602514326,0.3835616438356164383561643836,0.2876712328767123287671232877,35.26186732844986216766897888,0E-28,0E-28,0,0,0,522,523,2036,BASE,0.3835616438356164383561643836,0.2876712328767123287671232877,0.09713328260374704215574537280,0.06993596347469787035213666842
35.26186732844986216766897888,0,0.000,35.26186732844986216766897888,0.3835616438356164383561643836,0.2876712328767123287671232877,34.87830568461424572931281450,0E-28,0E-28,0,0,0,523,524,2036,BASE,0.3835616438356164383561643836,0.2876712328767123287671232877,0.09608242878501932588627642930,0.06917934872521391463811902910
34.87830568461424572931281450,0,0.000,34.87830568461424572931281450,0.3835616438356164383561643836,0.2876712328767123287671232877,34.49474404077862929095665012,0E-28,0E-28,0,0,0,524,525,2036,BASE,0.3835616438356164383561643836,0.2876712328767123287671232877,0.09503157496629160961680748579,0.06842273397572995892410138977
34.49474404077862929095665012,0,0.000,34.49474404077862929095665012,0.3835616438356164383561643836,0.2876712328767123287671232877,34.11118239694301285260048574,0E-28,0E-28,0,0,0,525,526,2036,BASE,0.3835616438356164383561643836,0.2876712328767123287671232877,0.09398072114756389334733854228,0.06766611922624600321008375044
34.11118239694301285260048574,0,0.000,34.11118239694301285260048574,0.3835616438356164383561643836,0.2876712328767123287671232877,33.72762075310739641424432136,0E-28,0E-28,0,0,0,526,527,2036,BASE,0.3835616438356164383561643836,0.2876712328767123287671232877,0.09292986732883617707786959878,0.06690950447676204749606611112
33.72762075310739641424432136,0,0.000,33.72762075310739641424432136,0.3835616438356164383561643836,0.2876712328767123287671232877,33.34405910927177997588815698,0E-28,0E-28,0,0,0,527,528,2036,BASE,0.3835616438356164383561643836,0.2876712328767123287671232877,0.09187901351010846080840065527,0.06615288972727809178204847179
33.34405910927177997588815698,0,0.000,33.34405910927177997588815698,0.3835616438356164383561643836,0.2876712328767123287671232877,32.96049746543616353753199260,0E-28,0E-28,0,0,0,528,529,2036,BASE,0.3835616438356164383561643836,0.2876712328767123287671232877,0.09082815969138074453893171176,0.06539627497779413606803083247
32.96049746543616353753199260,0,0.000,32.96049746543616353753199260,0.3835616438356164383561643836,0.2876712328767123287671232877,32.57693582160054709917582822,0E-28,0E-28,0,0,0,529,530,2036,BASE,0.3835616438356164383561643836,0.2876712328767123287671232877,0.08977730587265302826946276826,0.06463966022831018035401319315
32.57693582160054709917582822,0,0.000,32.57693582160054709917582822,0.3835616438356164383561643836,0.2876712328767123287671232877,32.19337417776493066081966384,0E-28,0E-28,0,0,0,530,531,2036,BASE,0.3835616438356164383561643836,0.2876712328767123287671232877,0.08872645205392531199999382475,0.06388304547882622463999555382
32.19337417776493066081966384,0,0.000,32.19337417776493066081966384,0.3835616438356164383561643836,0.2876712328767123287671232877,31.80981253392931422246349946,0E-28,0E-28,0,0,0,531,532,2036,BASE,0.3835616438356164383561643836,0.2876712328767123287671232877,0.08767559823519759573052488124,0.06312643072934226892597791449
31.80981253392931422246349946,0,0.000,31.80981253392931422246349946,0.3835616438356164383561643836,0.2876712328767123287671232877,31.42625089009369778410733508,0E-28,0E-28,0,0,0,532,533,2036,BASE,0.3835616438356164383561643836,0.2876712328767123287671232877,0.08662474441646987946105593773,0.06236981597985831321196027517
31.42625089009369778410733508,0,0.000,31.42625089009369778410733508,0.3835616438356164383561643836,0.2876712328767123287671232877,31.04268924625808134575117070,0E-28,0E-28,0,0,0,533,534,2036,BASE,0.3835616438356164383561643836,0.2876712328767123287671232877,0.08557389059774216319158699423,0.06161320123037435749794263585
31.04268924625808134575117070,0,0.000,31.04268924625808134575117070,0.3835616438356164383561643836,0.2876712328767123287671232877,30.65912760242246490739500632,0E-28,0E-28,0,0,0,534,535,2036,BASE,0.3835616438356164383561643836,0.2876712328767123287671232877,0.08452303677901444692211805072,0.06085658648089040178392499652
30.65912760242246490739500632,0,0.000,30.65912760242246490739500632,0.3835616438356164383561643836,0.2876712328767123287671232877,30.27556595858684846903884194,0E-28,0E-28,0,0,0,535,536,2036,BASE,0.3835616438356164383561643836,0.2876712328767123287671232877,0.08347218296028673065264910721,0.06009997173140644606990735719
30.27556595858684846903884194,0,0.000,30.27556595858684846903884194,0.3835616438356164383561643836,0.2876712328767123287671232877,29.89200431475123203068267756,0E-28,0E-28,0,0,0,536,537,2036,BASE,0.3835616438356164383561643836,0.2876712328767123287671232877,0.08242132914155901438318016371,0.05934335698192249035588971787
29.89200431475123203068267756,0,0.000,29.89200431475123203068267756,0.3835616438356164383561643836,0.2876712328767123287671232877,29.50844267091561559232651318,0E-28,0E-28,0,0,0,537,538,2036,BASE,0.3835616438356164383561643836,0.2876712328767123287671232877,0.08137047532283129811371122020,0.05858674223243853464187207854
29.50844267091561559232651318,0,0.000,29.50844267091561559232651318,0.3835616438356164383561643836,0.2876712328767123287671232877,29.12488102707999915397034880,0E-28,0E-28,0,0,0,538,539,2036,BASE,0.3835616438356164383561643836,0.2876712328767123287671232877,0.08031962150410358184424227669,0.05783012748295457892785443922
29.12488102707999915397034880,0,0.000,29.12488102707999915397034880,0.3835616438356164383561643836,0.2876712328767123287671232877,28.74131938324438271561418442,0E-28,0E-28,0,0,0,539,540,2036,BASE,0.3835616438356164383561643836,0.2876712328767123287671232877,0.07926876768537586557477333319,0.05707351273347062321383679990
28.74131938324438271561418442,0,0.000,28.74131938324438271561418442,0.3835616438356164383561643836,0.2876712328767123287671232877,28.35775773940876627725802004,0E-28,0E-28,0,0,0,540,541,2036,BASE,0.3835616438356164383561643836,0.2876712328767123287671232877,0.07821791386664814930530438968,0.05631689798398666749981916057
28.35775773940876627725802004,0,0.000,28.35775773940876627725802004,0.3835616438356164383561643836,0.2876712328767123287671232877,27.97419609557314983890185566,0E-28,0E-28,0,0,0,541,542,2036,BASE,0.3835616438356164383561643836,0.2876712328767123287671232877,0.07716706004792043303583544617,0.05556028323450271178580152124
27.97419609557314983890185566,0,0.000,27.97419609557314983890185566,0.3835616438356164383561643836,0.2876712328767123287671232877,27.59063445173753340054569128,0E-28,0E-28,0,0,0,542,543,2036,BASE,0.3835616438356164383561643836,0.2876712328767123287671232877,0.07611620622919271676636650267,0.05480366848501875607178388192
27.59063445173753340054569128,0,0.000,27.59063445173753340054569128,0.3835616438356164383561643836,0.2876712328767123287671232877,27.20707280790191696218952690,0E-28,0E-28,0,0,0,543,544,2036,BASE,0.3835616438356164383561643836,0.2876712328767123287671232877,0.07506535241046500049689755916,0.05404705373553480035776624260
27.20707280790191696218952690,0,0.000,27.20707280790191696218952690,0.3835616438356164383561643836,0.2876712328767123287671232877,26.82351116406630052383336252,0E-28,0E-28,0,0,0,544,545,2036,BASE,0.3835616438356164383561643836,0.2876712328767123287671232877,0.07401449859173728422742861565,0.05329043898605084464374860327
26.82351116406630052383336252,0,0.000,26.82351116406630052383336252,0.3835616438356164383561643836,0.2876712328767123287671232877,26.43994952023068408547719814,0E-28,0E-28,0,0,0,545,546,2036,BASE,0.3835616438356164383561643836,0.2876712328767123287671232877,0.07296364477300956795795967214,0.05253382423656688892973096394
26.43994952023068408547719814,0,0.000,26.43994952023068408547719814,0.3835616438356164383561643836,0.2876712328767123287671232877,26.05638787639506764712103376,0E-28,0E-28,0,0,0,546,547,2036,BASE,0.3835616438356164383561643836,0.2876712328767123287671232877,0.07191279095428185168849072864,0.05177720948708293321571332462
26.05638787639506764712103376,0,0.000,26.05638787639506764712103376,0.1917808219178082191780821918,0.1438356164383561643835616438,25.86460705447725942794295157,0E-28,0E-28,0,0,0,547,1095/2,2036,BASE,0.1917808219178082191780821918,0.1438356164383561643835616438,0.03556232529511803224319451050,0.02560487421248498321510004756
25.86460705447725942794295157,12.71394562379411398369512852,0.1525673474855293678043415422,38.42598533078584404383373855,0.1917808219178082191780821918,0.1438356164383561643835616438,38.23420450886803582465565636,0E-28,0E-28,12.71394562379411398369512852,0E-26,0,1095/2,548,2036,ZBO,0.1917808219178082191780821918,0.1438356164383561643835616438,0.05250697934222868484143109242,0.03780502512640465308583038654
38.23420450886803582465565636,0,0.000,38.23420450886803582465565636,0.3835616438356164383561643836,0.2876712328767123287671232877,37.85064286503241938629949198,0E-28,0E-28,0,0,0,548,549,2036,ZBO,0.3835616438356164383561643836,0.2876712328767123287671232877,0.1042258183204115824807604772,0.07504258919069633938614754358
37.85064286503241938629949198,0,0.000,37.85064286503241938629949198,0.3835616438356164383561643836,0.2876712328767123287671232877,37.46708122119680294794332760,0E-28,0E-28,0,0,0,549,550,2036,ZBO,0.3835616438356164383561643836,0.2876712328767123287671232877,0.1031749645016838662112915337,0.07428597444121238367212990426
37.46708122119680294794332760,0,0.000,37.46708122119680294794332760,0.3835616438356164383561643836,0.2876712328767123287671232877,37.08351957736118650958716322,0E-28,0E-28,0,0,0,550,551,2036,ZBO,0.3835616438356164383561643836,0.2876712328767123287671232877,0.1021241106829561499418225902,0.07352935969172842795811226494
37.08351957736118650958716322,0,0.000,37.08351957736118650958716322,0.3835616438356164383561643836,0.2876712328767123287671232877,36.69995793352557007123099884,0E-28,0E-28,0,0,0,551,552,2036,ZBO,0.3835616438356164383561643836,0.2876712328767123287671232877,0.1010732568642284336723536467,0.07277274494224447224409462562
36.69995793352557007123099884,0,0.000,36.69995793352557007123099884,0.3835616438356164383561643836,0.2876712328767123287671232877,36.31639628968995363287483446,0E-28,0E-28,0,0,0,552,553,2036,ZBO,0.3835616438356164383561643836,0.2876712328767123287671232877,0.1000224030455007174028847032,0.07201613019276051653007698630
36.31639628968995363287483446,0,0.000,36.31639628968995363287483446,0.3835616438356164383561643836,0.2876712328767123287671232877,35.93283464585433719451867008,0E-28,0E-28,0,0,0,553,554,2036,ZBO,0.3835616438356164383561643836,0.2876712328767123287671232877,0.09897154922677300113341575965,0.07125951544327656081605934695
35.93283464585433719451867008,0,0.000,35.93283464585433719451867008,0.3835616438356164383561643836,0.2876712328767123287671232877,35.54927300201872075616250570,0E-28,0E-28,0,0,0,554,555,2036,ZBO,0.3835616438356164383561643836,0.2876712328767123287671232877,0.09792069540804528486394681615,0.07050290069379260510204170763
35.54927300201872075616250570,0,0.000,35.54927300201872075616250570,0.3835616438356164383561643836,0.2876712328767123287671232877,35.16571135818310431780634132,0E-28,0E-28,0,0,0,555,556,2036,ZBO,0.3835616438356164383561643836,0.2876712328767123287671232877,0.09686984158931756859447787264,0.06974628594430864938802406830
35.16571135818310431780634132,0,0.000,35.16571135818310431780634132,0.3835616438356164383561643836,0.2876712328767123287671232877,34.78214971434748787945017694,0E-28,0E-28,0,0,0,556,557,2036,ZBO,0.3835616438356164383561643836,0.2876712328767123287671232877,0.09581898777058985232500892913,0.06898967119482469367400642897
34.78214971434748787945017694,0,0.000,34.78214971434748787945017694,0.3835616438356164383561643836,0.2876712328767123287671232877,34.39858807051187144109401256,0E-28,0E-28,0,0,0,557,558,2036,ZBO,0.3835616438356164383561643836,0.2876712328767123287671232877,0.09476813395186213605553998563,0.06823305644534073795998878965
34.39858807051187144109401256,0,0.000,34.39858807051187144109401256,0.3835616438356164383561643836,0.2876712328767123287671232877,34.01502642667625500273784818,0E-28,0E-28,0,0,0,558,559,2036,ZBO,0.3835616438356164383561643836,0.2876712328767123287671232877,0.09371728013313441978607104212,0.06747644169585678224597115033
34.01502642667625500273784818,0,0.000,34.01502642667625500273784818,0.3835616438356164383561643836,0.2876712328767123287671232877,33.63146478284063856438168380,0E-28,0E-28,0,0,0,559,560,2036,ZBO,0.3835616438356164383561643836,0.2876712328767123287671232877,0.09266642631440670351660209861,0.06671982694637282653195351100
33.63146478284063856438168380,0,0.000,33.63146478284063856438168380,0.3835616438356164383561643836,0.2876712328767123287671232877,33.24790313900502212602551942,0E-28,0E-28,0,0,0,560,561,2036,ZBO,0.3835616438356164383561643836,0.2876712328767123287671232877,0.09161557249567898724713315511,0.06596321219688887081793587168
33.24790313900502212602551942,0,0.000,33.24790313900502212602551942,0.3835616438356164383561643836,0.2876712328767123287671232877,32.86434149516940568766935504,0E-28,0E-28,0,0,0,561,562,2036,ZBO,0.3835616438356164383561643836,0.2876712328767123287671232877,0.09056471867695127097766421160,0.06520659744740491510391823235
32.86434149516940568766935504,0,0.000,32.86434149516940568766935504,0.3835616438356164383561643836,0.2876712328767123287671232877,32.48077985133378924931319066,0E-28,0E-28,0,0,0,562,563,2036,ZBO,0.3835616438356164383561643836,0.2876712328767123287671232877,0.08951386485822355470819526809,0.06444998269792095938990059302
32.48077985133378924931319066,0,0.000,32.48077985133378924931319066,0.3835616438356164383561643836,0.2876712328767123287671232877,32.09721820749817281095702628,0E-28,0E-28,0,0,0,563,564,2036,ZBO,0.3835616438356164383561643836,0.2876712328767123287671232877,0.08846301103949583843872632458,0.06369336794843700367588295370
32.09721820749817281095702628,0,0.000,32.09721820749817281095702628,0.3835616438356164383561643836,0.2876712328767123287671232877,31.71365656366255637260086190,0E-28,0E-28,0,0,0,564,565,2036,ZBO,0.3835616438356164383561643836,0.2876712328767123287671232877,0.08741215722076812216925738108,0.06293675319895304796186531438
31.71365656366255637260086190,0,0.000,31.71365656366255637260086190,0.3835616438356164383561643836,0.2876712328767123287671232877,31.33009491982693993424469752,0E-28,0E-28,0,0,0,565,566,2036,ZBO,0.3835616438356164383561643836,0.2876712328767123287671232877,0.08636130340204040589978843757,0.06218013844946909224784767505
31.33009491982693993424469752,0,0.000,31.33009491982693993424469752,0.3835616438356164383561643836,0.2876712328767123287671232877,30.94653327599132349588853314,0E-28,0E-28,0,0,0,566,567,2036,ZBO,0.3835616438356164383561643836,0.2876712328767123287671232877,0.08531044958331268963031949406,0.06142352369998513653383003572
30.94653327599132349588853314,0,0.000,30.94653327599132349588853314,0.3835616438356164383561643836,0.2876712328767123287671232877,30.56297163215570705753236876,0E-28,0E-28,0,0,0,567,568,2036,ZBO,0.3835616438356164383561643836,0.2876712328767123287671232877,0.08425959576458497336085055056,0.06066690895050118081981239640
30.56297163215570705753236876,0,0.000,30.56297163215570705753236876,0.3835616438356164383561643836,0.2876712328767123287671232877,30.17940998832009061917620438,0E-28,0E-28,0,0,0,568,569,2036,ZBO,0.3835616438356164383561643836,0.2876712328767123287671232877,0.08320874194585725709138160705,0.05991029420101722510579475708
30.17940998832009061917620438,0,0.000,30.17940998832009061917620438,0.3835616438356164383561643836,0.2876712328767123287671232877,29.79584834448447418082004000,0E-28,0E-28,0,0,0,569,570,2036,ZBO,0.3835616438356164383561643836,0.2876712328767123287671232877,0.08215788812712954082191266354,0.05915367945153326939177711775
29.79584834448447418082004000,0,0.000,29.79584834448447418082004000,0.3835616438356164383561643836,0.2876712328767123287671232877,29.41228670064885774246387562,0E-28,0E-28,0,0,0,570,571,2036,ZBO,0.3835616438356164383561643836,0.2876712328767123287671232877,0.08110703430840182455244372004,0.05839706470204931367775947843
29.41228670064885774246387562,0,0.000,29.41228670064885774246387562,0.3835616438356164383561643836,0.2876712328767123287671232877,29.02872505681324130410771124,0E-28,0E-28,0,0,0,571,572,2036,ZBO,0.3835616438356164383561643836,0.2876712328767123287671232877,0.08005618048967410828297477653,0.05764044995256535796374183910
29.02872505681324130410771124,0,0.000,29.02872505681324130410771124,0.3835616438356164383561643836,0.2876712328767123287671232877,28.64516341297762486575154686,0E-28,0E-28,0,0,0,572,573,2036,ZBO,0.3835616438356164383561643836,0.2876712328767123287671232877,0.07900532667094639201350583302,0.05688383520308140224972419977
28.64516341297762486575154686,0,0.000,28.64516341297762486575154686,0.3835616438356164383561643836,0.2876712328767123287671232877,28.26160176914200842739538248,0E-28,0E-28,0,0,0,573,574,2036,ZBO,0.3835616438356164383561643836,0.2876712328767123287671232877,0.07795447285221867574403688951,0.05612722045359744653570656045
28.26160176914200842739538248,0,0.000,28.26160176914200842739538248,0.3835616438356164383561643836,0.2876712328767123287671232877,27.87804012530639198903921810,0E-28,0E-28,0,0,0,574,575,2036,ZBO,0.3835616438356164383561643836,0.2876712328767123287671232877,0.07690361903349095947456794601,0.05537060570411349082168892113
27.87804012530639198903921810,0,0.000,27.87804012530639198903921810,0.3835616438356164383561643836,0.2876712328767123287671232877,27.49447848147077555068305372,0E-28,0E-28,0,0,0,575,576,2036,ZBO,0.3835616438356164383561643836,0.2876712328767123287671232877,0.07585276521476324320509900250,0.05461399095462953510767128180
27.49447848147077555068305372,0,0.000,27.49447848147077555068305372,0.3835616438356164383561643836,0.2876712328767123287671232877,27.11091683763515911232688934,0E-28,0E-28,0,0,0,576,577,2036,ZBO,0.3835616438356164383561643836,0.2876712328767123287671232877,0.07480191139603552693563005899,0.05385737620514557939365364247
27.11091683763515911232688934,0,0.000,27.11091683763515911232688934,0.3515981735159817351598173517,0.2636986301369863013698630138,26.75931866411917737716707199,0E-28,0E-28,0,0,0,577,6935/12,2036,ZBO,0.3515981735159817351598173517,0.2636986301369863013698630138,0.06764527289033078782927323912,0.04870459648103816723707673217
26.75931866411917737716707199,12.71394562379411398369512852,0.1525673474855293678043415422,39.32069694042776199305785897,0.03196347031963470319634703196,0.02397260273972602739726027397,39.28873347010812728986151194,0E-29,0E-29,12.71394562379411398369512852,0E-26,0,6935/12,578,2036,ZBO,0.03196347031963470319634703196,0.02397260273972602739726027397,0.008973679270609119781155179328,0.006461049074838566242431729116
39.28873347010812728986151194,0,0.000,39.28873347010812728986151194,0.3835616438356164383561643836,0.2876712328767123287671232877,38.90517182627251085150534756,0E-28,0E-28,0,0,0,578,579,2036,ZBO,0.3835616438356164383561643836,0.2876712328767123287671232877,0.1071149387621652577278998075,0.07712275590875898556408786140
38.90517182627251085150534756,0,0.000,38.90517182627251085150534756,0.3835616438356164383561643836,0.2876712328767123287671232877,38.52161018243689441314918318,0E-28,0E-28,0,0,0,579,580,2036,ZBO,0.3835616438356164383561643836,0.2876712328767123287671232877,0.1060640849434375414584308640,0.07636614115927502985007022208
38.52161018243689441314918318,0,0.000,38.52161018243689441314918318,0.3835616438356164383561643836,0.2876712328767123287671232877,38.13804853860127797479301880,0E-28,0E-28,0,0,0,580,581,2036,ZBO,0.3835616438356164383561643836,0.2876712328767123287671232877,0.1050132311247098251889619205,0.07560952640979107413605258276
38.13804853860127797479301880,0,0.000,38.13804853860127797479301880,0.3835616438356164383561643836,0.2876712328767123287671232877,37.75448689476566153643685442,0E-28,0E-28,0,0,0,581,582,2036,ZBO,0.3835616438356164383561643836,0.2876712328767123287671232877,0.1039623773059821089194929770,0.07485291166030711842203494344
37.75448689476566153643685442,0,0.000,37.75448689476566153643685442,0.3835616438356164383561643836,0.2876712328767123287671232877,37.37092525093004509808069004,0E-28,0E-28,0,0,0,582,583,2036,ZBO,0.3835616438356164383561643836,0.2876712328767123287671232877,0.1029115234872543926500240335,0.07409629691082316270801730412
37.37092525093004509808069004,0,0.000,37.37092525093004509808069004,0.3835616438356164383561643836,0.2876712328767123287671232877,36.98736360709442865972452566,0E-28,0E-28,0,0,0,583,584,2036,ZBO,0.3835616438356164383561643836,0.2876712328767123287671232877,0.1018606696685266763805550900,0.07333968216133920699399966480
36.98736360709442865972452566,0,0.000,36.98736360709442865972452566,0.3835616438356164383561643836,0.2876712328767123287671232877,36.60380196325881222136836128,0E-28,0E-28,0,0,0,584,585,2036,ZBO,0.3835616438356164383561643836,0.2876712328767123287671232877,0.1008098158497989601110861465,0.07258306741185525127998202548
36.60380196325881222136836128,0,0.000,36.60380196325881222136836128,0.3835616438356164383561643836,0.2876712328767123287671232877,36.22024031942319578301219690,0E-28,0E-28,0,0,0,585,586,2036,ZBO,0.3835616438356164383561643836,0.2876712328767123287671232877,0.09975896203107124384161720300,0.07182645266237129556596438616
36.22024031942319578301219690,0,0.000,36.22024031942319578301219690,0.3835616438356164383561643836,0.2876712328767123287671232877,35.83667867558757934465603252,0E-28,0E-28,0,0,0,586,587,2036,ZBO,0.3835616438356164383561643836,0.2876712328767123287671232877,0.09870810821234352757214825949,0.07106983791288733985194674683
35.83667867558757934465603252,0,0.000,35.83667867558757934465603252,0.3835616438356164383561643836,0.2876712328767123287671232877,35.45311703175196290629986814,0E-28,0E-28,0,0,0,587,588,2036,ZBO,0.3835616438356164383561643836,0.2876712328767123287671232877,0.09765725439361581130267931598,0.07031322316340338413792910751
35.45311703175196290629986814,0,0.000,35.45311703175196290629986814,0.3835616438356164383561643836,0.2876712328767123287671232877,35.06955538791634646794370376,0E-28,0E-28,0,0,0,588,589,2036,ZBO,0.3835616438356164383561643836,0.2876712328767123287671232877,0.09660640057488809503321037248,0.06955660841391942842391146819
35.06955538791634646794370376,0,0.000,35.06955538791634646794370376,0.3835616438356164383561643836,0.2876712328767123287671232877,34.68599374408073002958753938,0E-28,0E-28,0,0,0,589,590,2036,ZBO,0.3835616438356164383561643836,0.2876712328767123287671232877,0.09555554675616037876374142897,0.06879999366443547270989382886
34.68599374408073002958753938,0,0.000,34.68599374408073002958753938,0.3835616438356164383561643836,0.2876712328767123287671232877,34.30243210024511359123137500,0E-28,0E-28,0,0,0,590,591,2036,ZBO,0.3835616438356164383561643836,0.2876712328767123287671232877,0.09450469293743266249427248546,0.06804337891495151699587618953
34.30243210024511359123137500,0,0.000,34.30243210024511359123137500,0.3835616438356164383561643836,0.2876712328767123287671232877,33.91887045640949715287521062,0E-28,0E-28,0,0,0,591,592,2036,ZBO,0.3835616438356164383561643836,0.2876712328767123287671232877,0.09345383911870494622480354195,0.06728676416546756128185855020
33.91887045640949715287521062,0,0.000,33.91887045640949715287521062,0.3835616438356164383561643836,0.2876712328767123287671232877,33.53530881257388071451904624,0E-28,0E-28,0,0,0,592,593,2036,ZBO,0.3835616438356164383561643836,0.2876712328767123287671232877,0.09240298529997722995533459845,0.06653014941598360556784091088
33.53530881257388071451904624,0,0.000,33.53530881257388071451904624,0.3835616438356164383561643836,0.2876712328767123287671232877,33.15174716873826427616288186,0E-28,0E-28,0,0,0,593,594,2036,ZBO,0.3835616438356164383561643836,0.2876712328767123287671232877,0.09135213148124951368586565494,0.06577353466649964985382327156
33.15174716873826427616288186,0,0.000,33.15174716873826427616288186,0.3835616438356164383561643836,0.2876712328767123287671232877,32.76818552490264783780671748,0E-28,0E-28,0,0,0,594,595,2036,ZBO,0.3835616438356164383561643836,0.2876712328767123287671232877,0.09030127766252179741639671143,0.06501691991701569413980563223
32.76818552490264783780671748,0,0.000,32.76818552490264783780671748,0.3835616438356164383561643836,0.2876712328767123287671232877,32.38462388106703139945055310,0E-28,0E-28,0,0,0,595,596,2036,ZBO,0.3835616438356164383561643836,0.2876712328767123287671232877,0.08925042384379408114692776793,0.06426030516753173842578799291
32.38462388106703139945055310,0,0.000,32.38462388106703139945055310,0.3835616438356164383561643836,0.2876712328767123287671232877,32.00106223723141496109438872,0E-28,0E-28,0,0,0,596,597,2036,ZBO,0.3835616438356164383561643836,0.2876712328767123287671232877,0.08819957002506636487745882442,0.06350369041804778271177035358
32.00106223723141496109438872,0,0.000,32.00106223723141496109438872,0.3835616438356164383561643836,0.2876712328767123287671232877,31.61750059339579852273822434,0E-28,0E-28,0,0,0,597,598,2036,ZBO,0.3835616438356164383561643836,0.2876712328767123287671232877,0.08714871620633864860798988091,0.06274707566856382699775271426
31.61750059339579852273822434,0,0.000,31.61750059339579852273822434,0.3835616438356164383561643836,0.2876712328767123287671232877,31.23393894956018208438205996,0E-28,0E-28,0,0,0,598,599,2036,ZBO,0.3835616438356164383561643836,0.2876712328767123287671232877,0.08609786238761093233852093741,0.06199046091907987128373507494
31.23393894956018208438205996,0,0.000,31.23393894956018208438205996,0.3835616438356164383561643836,0.2876712328767123287671232877,30.85037730572456564602589558,0E-28,0E-28,0,0,0,599,600,2036,ZBO,0.3835616438356164383561643836,0.2876712328767123287671232877,0.08504700856888321606905199390,0.06123384616959591556971743561
30.85037730572456564602589558,0,0.000,30.85037730572456564602589558,0.3835616438356164383561643836,0.2876712328767123287671232877,30.46681566188894920766973120,0E-28,0E-28,0,0,0,600,601,2036,ZBO,0.3835616438356164383561643836,0.2876712328767123287671232877,0.08399615475015549979958305039,0.06047723142011195985569979628
30.46681566188894920766973120,0,0.000,30.46681566188894920766973120,0.3835616438356164383561643836,0.2876712328767123287671232877,30.08325401805333276931356682,0E-28,0E-28,0,0,0,601,602,2036,ZBO,0.3835616438356164383561643836,0.2876712328767123287671232877,0.08294530093142778353011410689,0.05972061667062800414168215696
30.08325401805333276931356682,0,0.000,30.08325401805333276931356682,0.3835616438356164383561643836,0.2876712328767123287671232877,29.69969237421771633095740244,0E-28,0E-28,0,0,0,602,603,2036,ZBO,0.3835616438356164383561643836,0.2876712328767123287671232877,0.08189444711270006726064516338,0.05896400192114404842766451763
29.69969237421771633095740244,0,0.000,29.69969237421771633095740244,0.3835616438356164383561643836,0.2876712328767123287671232877,29.31613073038209989260123806,0E-28,0E-28,0,0,0,603,604,2036,ZBO,0.3835616438356164383561643836,0.2876712328767123287671232877,0.08084359329397235099117621987,0.05820738717166009271364687831
29.31613073038209989260123806,0,0.000,29.31613073038209989260123806,0.3835616438356164383561643836,0.2876712328767123287671232877,28.93256908654648345424507368,0E-28,0E-28,0,0,0,604,605,2036,ZBO,0.3835616438356164383561643836,0.2876712328767123287671232877,0.07979273947524463472170727636,0.05745077242217613699962923898
28.93256908654648345424507368,0,0.000,28.93256908654648345424507368,0.3835616438356164383561643836,0.2876712328767123287671232877,28.54900744271086701588890930,0E-28,0E-28,0,0,0,605,606,2036,ZBO,0.3835616438356164383561643836,0.2876712328767123287671232877,0.07874188565651691845223833286,0.05669415767269218128561159966
28.54900744271086701588890930,0,0.000,28.54900744271086701588890930,0.3835616438356164383561643836,0.2876712328767123287671232877,28.16544579887525057753274492,0E-28,0E-28,0,0,0,606,607,2036,ZBO,0.3835616438356164383561643836,0.2876712328767123287671232877,0.07769103183778920218276938935,0.05593754292320822557159396033
28.16544579887525057753274492,0,0.000,28.16544579887525057753274492,0.3835616438356164383561643836,0.2876712328767123287671232877,27.78188415503963413917658054,0E-28,0E-28,0,0,0,607,608,2036,ZBO,0.3835616438356164383561643836,0.2876712328767123287671232877,0.07664017801906148591330044584,0.05518092817372426985757632100
27.78188415503963413917658054,0,0.000,27.78188415503963413917658054,0.1278538812785388127853881278,0.09589041095890410958904109589,27.65403027376109532639119241,0E-28,0E-29,0,0,0,608,1825/3,2036,ZBO,0.1278538812785388127853881278,0.09589041095890410958904109589,0.02531320293552544724455149450,0.01822550611357832201607707604
27.65403027376109532639119241,12.71394562379411398369512852,0.1525673474855293678043415422,40.21540855006967994228197939,0.2557077625570776255707762558,0.1917808219178082191780821918,39.95970078751260231671120313,0E-28,0E-28,12.71394562379411398369512852,0E-26,0,1825/3,609,2036,ZBO,0.2557077625570776255707762558,0.1917808219178082191780821918,0.07321927793386509795341843155,0.05271788011238287052646127072
39.95970078751260231671120313,0,0.000,39.95970078751260231671120313,0.3835616438356164383561643836,0.2876712328767123287671232877,39.57613914367698587835503875,0E-28,0E-28,0,0,0,609,610,2036,ZBO,0.3835616438356164383561643836,0.2876712328767123287671232877,0.1089532053851912167055701944,0.07844630787733767602801053997
39.57613914367698587835503875,0,0.000,39.57613914367698587835503875,0.3835616438356164383561643836,0.2876712328767123287671232877,39.19257749984136943999887437,0E-28,0E-28,0,0,0,610,611,2036,ZBO,0.3835616438356164383561643836,0.2876712328767123287671232877,0.1079023515664635004361012509,0.07768969312785372031399290065
39.19257749984136943999887437,0,0.000,39.19257749984136943999887437,0.3835616438356164383561643836,0.2876712328767123287671232877,38.80901585600575300164270999,0E-28,0E-28,0,0,0,611,612,2036,ZBO,0.3835616438356164383561643836,0.2876712328767123287671232877,0.1068514977477357841666323074,0.07693307837836976459997526133
38.80901585600575300164270999,0,0.000,38.80901585600575300164270999,0.3835616438356164383561643836,0.2876712328767123287671232877,38.42545421217013656328654561,0E-28,0E-28,0,0,0,612,613,2036,ZBO,0.3835616438356164383561643836,0.2876712328767123287671232877,0.1058006439290080678971633638,0.07617646362888580888595762194
38.42545421217013656328654561,0,0.000,38.42545421217013656328654561,0.3835616438356164383561643836,0.2876712328767123287671232877,38.04189256833452012493038123,0E-28,0E-28,0,0,0,613,614,2036,ZBO,0.3835616438356164383561643836,0.2876712328767123287671232877,0.1047497901102803516276944203,0.07541984887940185317193998262
38.04189256833452012493038123,0,0.000,38.04189256833452012493038123,0.3835616438356164383561643836,0.2876712328767123287671232877,37.65833092449890368657421685,0E-28,0E-28,0,0,0,614,615,2036,ZBO,0.3835616438356164383561643836,0.2876712328767123287671232877,0.1036989362915526353582254768,0.07466323412991789745792234330
37.65833092449890368657421685,0,0.000,37.65833092449890368657421685,0.3835616438356164383561643836,0.2876712328767123287671232877,37.27476928066328724821805247,0E-28,0E-28,0,0,0,615,616,2036,ZBO,0.3835616438356164383561643836,0.2876712328767123287671232877,0.1026480824728249190887565333,0.07390661938043394174390470398
37.27476928066328724821805247,0,0.000,37.27476928066328724821805247,0.3835616438356164383561643836,0.2876712328767123287671232877,36.89120763682767080986188809,0E-28,0E-28,0,0,0,616,617,2036,ZBO,0.3835616438356164383561643836,0.2876712328767123287671232877,0.1015972286540972028192875898,0.07315000463094998602988706466
36.89120763682767080986188809,0,0.000,36.89120763682767080986188809,0.3835616438356164383561643836,0.2876712328767123287671232877,36.50764599299205437150572371,0E-28,0E-28,0,0,0,617,618,2036,ZBO,0.3835616438356164383561643836,0.2876712328767123287671232877,0.1005463748353694865498186463,0.07239338988146603031586942534
36.50764599299205437150572371,0,0.000,36.50764599299205437150572371,0.3835616438356164383561643836,0.2876712328767123287671232877,36.12408434915643793314955933,0E-28,0E-28,0,0,0,618,619,2036,ZBO,0.3835616438356164383561643836,0.2876712328767123287671232877,0.09949552101664177028034970280,0.07163677513198207460185178602
36.12408434915643793314955933,0,0.000,36.12408434915643793314955933,0.3835616438356164383561643836,0.2876712328767123287671232877,35.74052270532082149479339495,0E-28,0E-28,0,0,0,619,620,2036,ZBO,0.3835616438356164383561643836,0.2876712328767123287671232877,0.09844466719791405401088075930,0.07088016038249811888783414670
35.74052270532082149479339495,0,0.000,35.74052270532082149479339495,0.3835616438356164383561643836,0.2876712328767123287671232877,35.35696106148520505643723057,0E-28,0E-28,0,0,0,620,621,2036,ZBO,0.3835616438356164383561643836,0.2876712328767123287671232877,0.09739381337918633774141181579,0.07012354563301416317381650737
35.35696106148520505643723057,0,0.000,35.35696106148520505643723057,0.3835616438356164383561643836,0.2876712328767123287671232877,34.97339941764958861808106619,0E-28,0E-28,0,0,0,621,622,2036,ZBO,0.3835616438356164383561643836,0.2876712328767123287671232877,0.09634295956045862147194287228,0.06936693088353020745979886804
34.97339941764958861808106619,0,0.000,34.97339941764958861808106619,0.3835616438356164383561643836,0.2876712328767123287671232877,34.58983777381397217972490181,0E-28,0E-28,0,0,0,622,623,2036,ZBO,0.3835616438356164383561643836,0.2876712328767123287671232877,0.09529210574173090520247392878,0.06861031613404625174578122872
34.58983777381397217972490181,0,0.000,34.58983777381397217972490181,0.3835616438356164383561643836,0.2876712328767123287671232877,34.20627612997835574136873743,0E-28,0E-28,0,0,0,623,624,2036,ZBO,0.3835616438356164383561643836,0.2876712328767123287671232877,0.09424125192300318893300498527,0.06785370138456229603176358939
34.20627612997835574136873743,0,0.000,34.20627612997835574136873743,0.3835616438356164383561643836,0.2876712328767123287671232877,33.82271448614273930301257305,0E-28,0E-28,0,0,0,624,625,2036,ZBO,0.3835616438356164383561643836,0.2876712328767123287671232877,0.09319039810427547266353604176,0.06709708663507834031774595007
33.82271448614273930301257305,0,0.000,33.82271448614273930301257305,0.3835616438356164383561643836,0.2876712328767123287671232877,33.43915284230712286465640867,0E-28,0E-28,0,0,0,625,626,2036,ZBO,0.3835616438356164383561643836,0.2876712328767123287671232877,0.09213954428554775639406709826,0.06634047188559438460372831075
33.43915284230712286465640867,0,0.000,33.43915284230712286465640867,0.3835616438356164383561643836,0.2876712328767123287671232877,33.05559119847150642630024429,0E-28,0E-28,0,0,0,626,627,2036,ZBO,0.3835616438356164383561643836,0.2876712328767123287671232877,0.09108869046682004012459815475,0.06558385713611042888971067142
33.05559119847150642630024429,0,0.000,33.05559119847150642630024429,0.3835616438356164383561643836,0.2876712328767123287671232877,32.67202955463588998794407991,0E-28,0E-28,0,0,0,627,628,2036,ZBO,0.3835616438356164383561643836,0.2876712328767123287671232877,0.09003783664809232385512921124,0.06482724238662647317569303209
32.67202955463588998794407991,0,0.000,32.67202955463588998794407991,0.3835616438356164383561643836,0.2876712328767123287671232877,32.28846791080027354958791553,0E-28,0E-28,0,0,0,628,629,2036,ZBO,0.3835616438356164383561643836,0.2876712328767123287671232877,0.08898698282936460758566026773,0.06407062763714251746167539277
32.28846791080027354958791553,0,0.000,32.28846791080027354958791553,0.3835616438356164383561643836,0.2876712328767123287671232877,31.90490626696465711123175115,0E-28,0E-28,0,0,0,629,630,2036,ZBO,0.3835616438356164383561643836,0.2876712328767123287671232877,0.08793612901063689131619132423,0.06331401288765856174765775345
31.90490626696465711123175115,0,0.000,31.90490626696465711123175115,0.3835616438356164383561643836,0.2876712328767123287671232877,31.52134462312904067287558677,0E-28,0E-28,0,0,0,630,631,2036,ZBO,0.3835616438356164383561643836,0.2876712328767123287671232877,0.08688527519190917504672238072,0.06255739813817460603364011412
31.52134462312904067287558677,0,0.000,31.52134462312904067287558677,0.3835616438356164383561643836,0.2876712328767123287671232877,31.13778297929342423451942239,0E-28,0E-28,0,0,0,631,632,2036,ZBO,0.3835616438356164383561643836,0.2876712328767123287671232877,0.08583442137318145877725343721,0.06180078338869065031962247479
31.13778297929342423451942239,0,0.000,31.13778297929342423451942239,0.3835616438356164383561643836,0.2876712328767123287671232877,30.75422133545780779616325801,0E-28,0E-28,0,0,0,632,633,2036,ZBO,0.3835616438356164383561643836,0.2876712328767123287671232877,0.08478356755445374250778449371,0.06104416863920669460560483547
30.75422133545780779616325801,0,0.000,30.75422133545780779616325801,0.3835616438356164383561643836,0.2876712328767123287671232877,30.37065969162219135780709363,0E-28,0E-28,0,0,0,633,634,2036,ZBO,0.3835616438356164383561643836,0.2876712328767123287671232877,0.08373271373572602623831555020,0.06028755388972273889158719614
30.37065969162219135780709363,0,0.000,30.37065969162219135780709363,0.3835616438356164383561643836,0.2876712328767123287671232877,29.98709804778657491945092925,0E-28,0E-28,0,0,0,634,635,2036,ZBO,0.3835616438356164383561643836,0.2876712328767123287671232877,0.08268185991699830996884660669,0.05953093914023878317756955682
29.98709804778657491945092925,0,0.000,29.98709804778657491945092925,0.3835616438356164383561643836,0.2876712328767123287671232877,29.60353640395095848109476487,0E-28,0E-28,0,0,0,635,636,2036,ZBO,0.3835616438356164383561643836,0.2876712328767123287671232877,0.08163100609827059369937766319,0.05877432439075482746355191750
29.60353640395095848109476487,0,0.000,29.60353640395095848109476487,0.3835616438356164383561643836,0.2876712328767123287671232877,29.21997476011534204273860049,0E-28,0E-28,0,0,0,636,637,2036,ZBO,0.3835616438356164383561643836,0.2876712328767123287671232877,0.08058015227954287742990871968,0.05801770964127087174953427817
29.21997476011534204273860049,0,0.000,29.21997476011534204273860049,0.3835616438356164383561643836,0.2876712328767123287671232877,28.83641311627972560438243611,0E-28,0E-28,0,0,0,637,638,2036,ZBO,0.3835616438356164383561643836,0.2876712328767123287671232877,0.07952929846081516116043977617,0.05726109489178691603551663884
28.83641311627972560438243611,0,0.000,28.83641311627972560438243611,0.2876712328767123287671232877,0.2157534246575342465753424658,28.54874188340301327561531282,0E-28,0E-28,0,0,0,638,2555/4,2036,ZBO,0.2876712328767123287671232877,0.2157534246575342465753424658,0.05895735102707130706849083794,0.04244929273949134108931340332
28.54874188340301327561531282,12.71394562379411398369512852,0.1525673474855293678043415422,41.11012015971159789150609980,0.09589041095890410958904109589,0.07191780821917808219178082191,41.01422974875269378191705870,0E-29,0E-29,12.71394562379411398369512852,0E-26,0,2555/4,639,2036,ZBO,0.09589041095890410958904109589,0.07191780821917808219178082191,0.02812477736591242865528190359,0.02024983970345694863180297058
41.01422974875269378191705870,0,0.000,41.01422974875269378191705870,0.3835616438356164383561643836,0.2876712328767123287671232877,40.63066810491707734356089432,0E-28,0E-28,0,0,0,639,640,2036,ZBO,0.3835616438356164383561643836,0.2876712328767123287671232877,0.1118423258269448919527095247,0.08052647459540032220595085778
40.63066810491707734356089432,0,0.000,40.63066810491707734356089432,0.3835616438356164383561643836,0.2876712328767123287671232877,40.24710646108146090520472994,0E-28,0E-28,0,0,0,640,641,2036,ZBO,0.3835616438356164383561643836,0.2876712328767123287671232877,0.1107914720082171756832405812,0.07976985984591636649193321846
40.24710646108146090520472994,0,0.000,40.24710646108146090520472994,0.3835616438356164383561643836,0.2876712328767123287671232877,39.86354481724584446684856556,0E-28,0E-28,0,0,0,641,642,2036,ZBO,0.3835616438356164383561643836,0.2876712328767123287671232877,0.1097406181894894594137716377,0.07901324509643241077791557914
39.86354481724584446684856556,0,0.000,39.86354481724584446684856556,0.3835616438356164383561643836,0.2876712328767123287671232877,39.47998317341022802849240118,0E-28,0E-28,0,0,0,642,643,2036,ZBO,0.3835616438356164383561643836,0.2876712328767123287671232877,0.1086897643707617431443026942,0.07825663034694845506389793982
39.47998317341022802849240118,0,0.000,39.47998317341022802849240118,0.3835616438356164383561643836,0.2876712328767123287671232877,39.09642152957461159013623680,0E-28,0E-28,0,0,0,643,644,2036,ZBO,0.3835616438356164383561643836,0.2876712328767123287671232877,0.1076389105520340268748337507,0.07750001559746449934988030050
39.09642152957461159013623680,0,0.000,39.09642152957461159013623680,0.3835616438356164383561643836,0.2876712328767123287671232877,38.71285988573899515178007242,0E-28,0E-28,0,0,0,644,645,2036,ZBO,0.3835616438356164383561643836,0.2876712328767123287671232877,0.1065880567333063106053648072,0.07674340084798054363586266118
38.71285988573899515178007242,0,0.000,38.71285988573899515178007242,0.3835616438356164383561643836,0.2876712328767123287671232877,38.32929824190337871342390804,0E-28,0E-28,0,0,0,645,646,2036,ZBO,0.3835616438356164383561643836,0.2876712328767123287671232877,0.1055372029145785943358958637,0.07598678609849658792184502186
38.32929824190337871342390804,0,0.000,38.32929824190337871342390804,0.3835616438356164383561643836,0.2876712328767123287671232877,37.94573659806776227506774366,0E-28,0E-28,0,0,0,646,647,2036,ZBO,0.3835616438356164383561643836,0.2876712328767123287671232877,0.1044863490958508780664269201,0.07523017134901263220782738247
37.94573659806776227506774366,0,0.000,37.94573659806776227506774366,0.3835616438356164383561643836,0.2876712328767123287671232877,37.56217495423214583671157928,0E-28,0E-28,0,0,0,647,648,2036,ZBO,0.3835616438356164383561643836,0.2876712328767123287671232877,0.1034354952771231617969579766,0.07447355659952867649380974315
37.56217495423214583671157928,0,0.000,37.56217495423214583671157928,0.3835616438356164383561643836,0.2876712328767123287671232877,37.17861331039652939835541490,0E-28,0E-28,0,0,0,648,649,2036,ZBO,0.3835616438356164383561643836,0.2876712328767123287671232877,0.1023846414583954455274890331,0.07371694185004472077979210383
37.17861331039652939835541490,0,0.000,37.17861331039652939835541490,0.3835616438356164383561643836,0.2876712328767123287671232877,36.79505166656091295999925052,0E-28,0E-28,0,0,0,649,650,2036,ZBO,0.3835616438356164383561643836,0.2876712328767123287671232877,0.1013337876396677292580200896,0.07296032710056076506577446451
36.79505166656091295999925052,0,0.000,36.79505166656091295999925052,0.3835616438356164383561643836,0.2876712328767123287671232877,36.41149002272529652164308614,0E-28,0E-28,0,0,0,650,651,2036,ZBO,0.3835616438356164383561643836,0.2876712328767123287671232877,0.1002829338209400129885511461,0.07220371235107680935175682519
36.41149002272529652164308614,0,0.000,36.41149002272529652164308614,0.3835616438356164383561643836,0.2876712328767123287671232877,36.02792837888968008328692176,0E-28,0E-28,0,0,0,651,652,2036,ZBO,0.3835616438356164383561643836,0.2876712328767123287671232877,0.09923208000221229671908220261,0.07144709760159285363773918588
36.02792837888968008328692176,0,0.000,36.02792837888968008328692176,0.3835616438356164383561643836,0.2876712328767123287671232877,35.64436673505406364493075738,0E-28,0E-28,0,0,0,652,653,2036,ZBO,0.3835616438356164383561643836,0.2876712328767123287671232877,0.09818122618348458044961325911,0.07069048285210889792372154656
35.64436673505406364493075738,0,0.000,35.64436673505406364493075738,0.3835616438356164383561643836,0.2876712328767123287671232877,35.26080509121844720657459300,0E-28,0E-28,0,0,0,653,654,2036,ZBO,0.3835616438356164383561643836,0.2876712328767123287671232877,0.09713037236475686418014431560,0.06993386810262494220970390723
35.26080509121844720657459300,0,0.000,35.26080509121844720657459300,0.3835616438356164383561643836,0.2876712328767123287671232877,34.87724344738283076821842862,0E-28,0E-28,0,0,0,654,655,2036,ZBO,0.3835616438356164383561643836,0.2876712328767123287671232877,0.09607951854602914791067537209,0.06917725335314098649568626790
34.87724344738283076821842862,0,0.000,34.87724344738283076821842862,0.3835616438356164383561643836,0.2876712328767123287671232877,34.49368180354721432986226424,0E-28,0E-28,0,0,0,655,656,2036,ZBO,0.3835616438356164383561643836,0.2876712328767123287671232877,0.09502866472730143164120642858,0.06842063860365703078166862858
34.49368180354721432986226424,0,0.000,34.49368180354721432986226424,0.3835616438356164383561643836,0.2876712328767123287671232877,34.11012015971159789150609986,0E-28,0E-28,0,0,0,656,657,2036,ZBO,0.3835616438356164383561643836,0.2876712328767123287671232877,0.09397781090857371537173748508,0.06766402385417307506765098926
34.11012015971159789150609986,0,0.000,34.11012015971159789150609986,0.3835616438356164383561643836,0.2876712328767123287671232877,33.72655851587598145314993548,0E-28,0E-28,0,0,0,657,658,2036,ZBO,0.3835616438356164383561643836,0.2876712328767123287671232877,0.09292695708984599910226854157,0.06690740910468911935363334993
33.72655851587598145314993548,0,0.000,33.72655851587598145314993548,0.3835616438356164383561643836,0.2876712328767123287671232877,33.34299687204036501479377110,0E-28,0E-28,0,0,0,658,659,2036,ZBO,0.3835616438356164383561643836,0.2876712328767123287671232877,0.09187610327111828283279959806,0.06615079435520516363961571060
33.34299687204036501479377110,0,0.000,33.34299687204036501479377110,0.3835616438356164383561643836,0.2876712328767123287671232877,32.95943522820474857643760672,0E-28,0E-28,0,0,0,659,660,2036,ZBO,0.3835616438356164383561643836,0.2876712328767123287671232877,0.09082524945239056656333065456,0.06539417960572120792559807128
32.95943522820474857643760672,0,0.000,32.95943522820474857643760672,0.3835616438356164383561643836,0.2876712328767123287671232877,32.57587358436913213808144234,0E-28,0E-28,0,0,0,660,661,2036,ZBO,0.3835616438356164383561643836,0.2876712328767123287671232877,0.08977439563366285029386171105,0.06463756485623725221158043196
32.57587358436913213808144234,0,0.000,32.57587358436913213808144234,0.3835616438356164383561643836,0.2876712328767123287671232877,32.19231194053351569972527796,0E-28,0E-28,0,0,0,661,662,2036,ZBO,0.3835616438356164383561643836,0.2876712328767123287671232877,0.08872354181493513402439276754,0.06388095010675329649756279263
32.19231194053351569972527796,0,0.000,32.19231194053351569972527796,0.3835616438356164383561643836,0.2876712328767123287671232877,31.80875029669789926136911358,0E-28,0E-28,0,0,0,662,663,2036,ZBO,0.3835616438356164383561643836,0.2876712328767123287671232877,0.08767268799620741775492382404,0.06312433535726934078354515331
31.80875029669789926136911358,0,0.000,31.80875029669789926136911358,0.3835616438356164383561643836,0.2876712328767123287671232877,31.42518865286228282301294920,0E-28,0E-28,0,0,0,663,664,2036,ZBO,0.3835616438356164383561643836,0.2876712328767123287671232877,0.08662183417747970148545488053,0.06236772060778538506952751398
31.42518865286228282301294920,0,0.000,31.42518865286228282301294920,0.3835616438356164383561643836,0.2876712328767123287671232877,31.04162700902666638465678482,0E-28,0E-28,0,0,0,664,665,2036,ZBO,0.3835616438356164383561643836,0.2876712328767123287671232877,0.08557098035875198521598593702,0.06161110585830142935550987465
31.04162700902666638465678482,0,0.000,31.04162700902666638465678482,0.3835616438356164383561643836,0.2876712328767123287671232877,30.65806536519104994630062044,0E-28,0E-28,0,0,0,665,666,2036,ZBO,0.3835616438356164383561643836,0.2876712328767123287671232877,0.08452012654002426894651699352,0.06085449110881747364149223533
30.65806536519104994630062044,0,0.000,30.65806536519104994630062044,0.3835616438356164383561643836,0.2876712328767123287671232877,30.27450372135543350794445606,0E-28,0E-28,0,0,0,666,667,2036,ZBO,0.3835616438356164383561643836,0.2876712328767123287671232877,0.08346927272129655267704805001,0.06009787635933351792747459601
30.27450372135543350794445606,0,0.000,30.27450372135543350794445606,0.3835616438356164383561643836,0.2876712328767123287671232877,29.89094207751981706958829168,0E-28,0E-28,0,0,0,667,668,2036,ZBO,0.3835616438356164383561643836,0.2876712328767123287671232877,0.08241841890256883640757910650,0.05934126160984956221345695668
29.89094207751981706958829168,0,0.000,29.89094207751981706958829168,0.3835616438356164383561643836,0.2876712328767123287671232877,29.50738043368420063123212730,0E-28,0E-28,0,0,0,668,669,2036,ZBO,0.3835616438356164383561643836,0.2876712328767123287671232877,0.08136756508384112013811016299,0.05858464686036560649943931735
29.50738043368420063123212730,0,0.000,29.50738043368420063123212730,0.06392694063926940639269406394,0.04794520547945205479452054795,29.44345349304493122483943324,0E-29,0E-29,0,0,0,669,4015/6,2036,ZBO,0.06392694063926940639269406394,0.04794520547945205479452054795,0.01345909450381943649681999099,0.009690548042749994277710393513
29.44345349304493122483943324,12.71394562379411398369512852,0.1525673474855293678043415422,42.00483176935351584073022022,0.3196347031963470319634703196,0.2397260273972602739726027397,41.68519706615716880876674990,0E-28,0E-28,12.71394562379411398369512852,0E-26,0,4015/6,670,2036,ZBO,0.3196347031963470319634703196,0.2397260273972602739726027397,0.09553656259761493681449425812,0.06878632507028275450643586585
41.68519706615716880876674990,0,0.000,41.68519706615716880876674990,0.3835616438356164383561643836,0.2876712328767123287671232877,41.30163542232155237041058552,0E-28,0E-28,0,0,0,670,671,2036,ZBO,0.3835616438356164383561643836,0.2876712328767123287671232877,0.1136805924499708509303799115,0.08185002656397901266987353628
41.30163542232155237041058552,0,0.000,41.30163542232155237041058552,0.3835616438356164383561643836,0.2876712328767123287671232877,40.91807377848593593205442114,0E-28,0E-28,0,0,0,671,672,2036,ZBO,0.3835616438356164383561643836,0.2876712328767123287671232877,0.1126297386312431346609109680,0.08109341181449505695585589696
40.91807377848593593205442114,0,0.000,40.91807377848593593205442114,0.3835616438356164383561643836,0.2876712328767123287671232877,40.53451213465031949369825676,0E-28,0E-28,0,0,0,672,673,2036,ZBO,0.3835616438356164383561643836,0.2876712328767123287671232877,0.1115788848125154183914420245,0.08033679706501110124183825764
40.53451213465031949369825676,0,0.000,40.53451213465031949369825676,0.3835616438356164383561643836,0.2876712328767123287671232877,40.15095049081470305534209238,0E-28,0E-28,0,0,0,673,674,2036,ZBO,0.3835616438356164383561643836,0.2876712328767123287671232877,0.1105280309937877021219730810,0.07958018231552714552782061832
40.15095049081470305534209238,0,0.000,40.15095049081470305534209238,0.3835616438356164383561643836,0.2876712328767123287671232877,39.76738884697908661698592800,0E-28,0E-28,0,0,0,674,675,2036,ZBO,0.3835616438356164383561643836,0.2876712328767123287671232877,0.1094771771750599858525041375,0.07882356756604318981380297900
39.76738884697908661698592800,0,0.000,39.76738884697908661698592800,0.3835616438356164383561643836,0.2876712328767123287671232877,39.38382720314347017862976362,0E-28,0E-28,0,0,0,675,676,2036,ZBO,0.3835616438356164383561643836,0.2876712328767123287671232877,0.1084263233563322695830351940,0.07806695281655923409978533968
39.38382720314347017862976362,0,0.000,39.38382720314347017862976362,0.3835616438356164383561643836,0.2876712328767123287671232877,39.00026555930785374027359924,0E-28,0E-28,0,0,0,676,677,2036,ZBO,0.3835616438356164383561643836,0.2876712328767123287671232877,0.1073754695376045533135662505,0.07731033806707527838576770036
39.00026555930785374027359924,0,0.000,39.00026555930785374027359924,0.3835616438356164383561643836,0.2876712328767123287671232877,38.61670391547223730191743486,0E-28,0E-28,0,0,0,677,678,2036,ZBO,0.3835616438356164383561643836,0.2876712328767123287671232877,0.1063246157188768370440973070,0.07655372331759132267175006104
38.61670391547223730191743486,0,0.000,38.61670391547223730191743486,0.3835616438356164383561643836,0.2876712328767123287671232877,38.23314227163662086356127048,0E-28,0E-28,0,0,0,678,679,2036,ZBO,0.3835616438356164383561643836,0.2876712328767123287671232877,0.1052737619001491207746283635,0.07579710856810736695773242172
38.23314227163662086356127048,0,0.000,38.23314227163662086356127048,0.3835616438356164383561643836,0.2876712328767123287671232877,37.84958062780100442520510610,0E-28,0E-28,0,0,0,679,680,2036,ZBO,0.3835616438356164383561643836,0.2876712328767123287671232877,0.1042229080814214045051594200,0.07504049381862341124371478240
37.84958062780100442520510610,0,0.000,37.84958062780100442520510610,0.3835616438356164383561643836,0.2876712328767123287671232877,37.46601898396538798684894172,0E-28,0E-28,0,0,0,680,681,2036,ZBO,0.3835616438356164383561643836,0.2876712328767123287671232877,0.1031720542626936882356904765,0.07428387906913945552969714308
37.46601898396538798684894172,0,0.000,37.46601898396538798684894172,0.3835616438356164383561643836,0.2876712328767123287671232877,37.08245734012977154849277734,0E-28,0E-28,0,0,0,681,682,2036,ZBO,0.3835616438356164383561643836,0.2876712328767123287671232877,0.1021212004439659719662215330,0.07352726431965549981567950376
37.08245734012977154849277734,0,0.000,37.08245734012977154849277734,0.3835616438356164383561643836,0.2876712328767123287671232877,36.69889569629415511013661296,0E-28,0E-28,0,0,0,682,683,2036,ZBO,0.3835616438356164383561643836,0.2876712328767123287671232877,0.1010703466252382556967525895,0.07277064957017154410166186444
36.69889569629415511013661296,0,0.000,36.69889569629415511013661296,0.3835616438356164383561643836,0.2876712328767123287671232877,36.31533405245853867178044858,0E-28,0E-28,0,0,0,683,684,2036,ZBO,0.3835616438356164383561643836,0.2876712328767123287671232877,0.1000194928065105394272836460,0.07201403482068758838764422512
36.31533405245853867178044858,0,0.000,36.31533405245853867178044858,0.3835616438356164383561643836,0.2876712328767123287671232877,35.93177240862292223342428420,0E-28,0E-28,0,0,0,684,685,2036,ZBO,0.3835616438356164383561643836,0.2876712328767123287671232877,0.09896863898778282315781470245,0.07125742007120363267362658576
35.93177240862292223342428420,0,0.000,35.93177240862292223342428420,0.3835616438356164383561643836,0.2876712328767123287671232877,35.54821076478730579506811982,0E-28,0E-28,0,0,0,685,686,2036,ZBO,0.3835616438356164383561643836,0.2876712328767123287671232877,0.09791778516905510688834575894,0.07050080532171967695960894644
35.54821076478730579506811982,0,0.000,35.54821076478730579506811982,0.3835616438356164383561643836,0.2876712328767123287671232877,35.16464912095168935671195544,0E-28,0E-28,0,0,0,686,687,2036,ZBO,0.3835616438356164383561643836,0.2876712328767123287671232877,0.09686693135032739061887681543,0.06974419057223572124559130711
35.16464912095168935671195544,0,0.000,35.16464912095168935671195544,0.3835616438356164383561643836,0.2876712328767123287671232877,34.78108747711607291835579106,0E-28,0E-28,0,0,0,687,688,2036,ZBO,0.3835616438356164383561643836,0.2876712328767123287671232877,0.09581607753159967434940787193,0.06898757582275176553157366779
34.78108747711607291835579106,0,0.000,34.78108747711607291835579106,0.3835616438356164383561643836,0.2876712328767123287671232877,34.39752583328045647999962668,0E-28,0E-28,0,0,0,688,689,2036,ZBO,0.3835616438356164383561643836,0.2876712328767123287671232877,0.09476522371287195807993892842,0.06823096107326780981755602846
34.39752583328045647999962668,0,0.000,34.39752583328045647999962668,0.3835616438356164383561643836,0.2876712328767123287671232877,34.01396418944484004164346230,0E-28,0E-28,0,0,0,689,690,2036,ZBO,0.3835616438356164383561643836,0.2876712328767123287671232877,0.09371436989414424181046998491,0.06747434632378385410353838914
34.01396418944484004164346230,0,0.000,34.01396418944484004164346230,0.3835616438356164383561643836,0.2876712328767123287671232877,33.63040254560922360328729792,0E-28,0E-28,0,0,0,690,691,2036,ZBO,0.3835616438356164383561643836,0.2876712328767123287671232877,0.09266351607541652554100104141,0.06671773157429989838952074982
33.63040254560922360328729792,0,0.000,33.63040254560922360328729792,0.3835616438356164383561643836,0.2876712328767123287671232877,33.24684090177360716493113354,0E-28,0E-28,0,0,0,691,692,2036,ZBO,0.3835616438356164383561643836,0.2876712328767123287671232877,0.09161266225668880927153209790,0.06596111682481594267550311049
33.24684090177360716493113354,0,0.000,33.24684090177360716493113354,0.3835616438356164383561643836,0.2876712328767123287671232877,32.86327925793799072657496916,0E-28,0E-28,0,0,0,692,693,2036,ZBO,0.3835616438356164383561643836,0.2876712328767123287671232877,0.09056180843796109300206315439,0.06520450207533198696148547116
32.86327925793799072657496916,0,0.000,32.86327925793799072657496916,0.3835616438356164383561643836,0.2876712328767123287671232877,32.47971761410237428821880478,0E-28,0E-28,0,0,0,693,694,2036,ZBO,0.3835616438356164383561643836,0.2876712328767123287671232877,0.08951095461923337673259421089,0.06444788732584803124746783184
32.47971761410237428821880478,0,0.000,32.47971761410237428821880478,0.3835616438356164383561643836,0.2876712328767123287671232877,32.09615597026675784986264040,0E-28,0E-28,0,0,0,694,695,2036,ZBO,0.3835616438356164383561643836,0.2876712328767123287671232877,0.08846010080050566046312526738,0.06369127257636407553345019251
32.09615597026675784986264040,0,0.000,32.09615597026675784986264040,0.3835616438356164383561643836,0.2876712328767123287671232877,31.71259432643114141150647602,0E-28,0E-28,0,0,0,695,696,2036,ZBO,0.3835616438356164383561643836,0.2876712328767123287671232877,0.08740924698177794419365632387,0.06293465782688011981943255319
31.71259432643114141150647602,0,0.000,31.71259432643114141150647602,0.3835616438356164383561643836,0.2876712328767123287671232877,31.32903268259552497315031164,0E-28,0E-28,0,0,0,696,697,2036,ZBO,0.3835616438356164383561643836,0.2876712328767123287671232877,0.08635839316305022792418738036,0.06217804307739616410541491386
31.32903268259552497315031164,0,0.000,31.32903268259552497315031164,0.3835616438356164383561643836,0.2876712328767123287671232877,30.94547103875990853479414726,0E-28,0E-28,0,0,0,697,698,2036,ZBO,0.3835616438356164383561643836,0.2876712328767123287671232877,0.08530753934432251165471843686,0.06142142832791220839139727454
30.94547103875990853479414726,0,0.000,30.94547103875990853479414726,0.3835616438356164383561643836,0.2876712328767123287671232877,30.56190939492429209643798288,0E-28,0E-28,0,0,0,698,699,2036,ZBO,0.3835616438356164383561643836,0.2876712328767123287671232877,0.08425668552559479538524949335,0.06066481357842825267737963521
30.56190939492429209643798288,0,0.000,30.56190939492429209643798288,0.2237442922374429223744292237,0.1678082191780821917808219178,30.33816510268684917406355366,0E-28,0E-28,0,0,0,699,8395/12,2036,ZBO,0.2237442922374429223744292237,0.1678082191780821917808219178,0.04866444309169840055861994928,0.03503839902602284840220636348
30.33816510268684917406355366,12.7139456237941139836951285,0.1525673474855293678043415420,42.89954337899543378995434062,0.1598173515981735159817351599,0.1198630136986301369863013699,42.73972602739726027397260546,0E-28,0E-28,12.7139456237941139836951285,0E-25,0,8395/12,700,2036,ZBO,0.1598173515981735159817351599,0.1198630136986301369863013699,0.04888086153332916327849711536,0.03519422030399699756051792306
42.73972602739726027397260546,0,0.000,42.73972602739726027397260546,0.3835616438356164383561643836,0.2876712328767123287671232877,42.35616438356164383561644108,0E-28,0E-28,0,0,0,700,701,2036,ZBO,0.3835616438356164383561643836,0.2876712328767123287671232877,0.1165697128917245261775192418,0.08393019328204165884781385410
42.35616438356164383561644108,0,0.000,42.35616438356164383561644108,0.3835616438356164383561643836,0.2876712328767123287671232877,41.97260273972602739726027670,0E-28,0E-28,0,0,0,701,702,2036,ZBO,0.3835616438356164383561643836,0.2876712328767123287671232877,0.1155188590729968099080502983,0.08317357853255770313379621478
41.97260273972602739726027670,0,0.000,41.97260273972602739726027670,0.3835616438356164383561643836,0.2876712328767123287671232877,41.58904109589041095890411232,0E-28,0E-28,0,0,0,702,703,2036,ZBO,0.3835616438356164383561643836,0.2876712328767123287671232877,0.1144680052542690936385813548,0.08241696378307374741977857546
41.58904109589041095890411232,0,0.000,41.58904109589041095890411232,0.3835616438356164383561643836,0.2876712328767123287671232877,41.20547945205479452054794794,0E-28,0E-28,0,0,0,703,704,2036,ZBO,0.3835616438356164383561643836,0.2876712328767123287671232877,0.1134171514355413773691124113,0.08166034903358979170576093614
41.20547945205479452054794794,0,0.000,41.20547945205479452054794794,0.3835616438356164383561643836,0.2876712328767123287671232877,40.82191780821917808219178356,0E-28,0E-28,0,0,0,704,705,2036,ZBO,0.3835616438356164383561643836,0.2876712328767123287671232877,0.1123662976168136610996434678,0.08090373428410583599174329682
40.82191780821917808219178356,0,0.000,40.82191780821917808219178356,0.3835616438356164383561643836,0.2876712328767123287671232877,40.43835616438356164383561918,0E-28,0E-28,0,0,0,705,706,2036,ZBO,0.3835616438356164383561643836,0.2876712328767123287671232877,0.1113154437980859448301745243,0.08014711953462188027772565750
40.43835616438356164383561918,0,0.000,40.43835616438356164383561918,0.3835616438356164383561643836,0.2876712328767123287671232877,40.05479452054794520547945480,0E-28,0E-28,0,0,0,706,707,2036,ZBO,0.3835616438356164383561643836,0.2876712328767123287671232877,0.1102645899793582285607055808,0.07939050478513792456370801818
40.05479452054794520547945480,0,0.000,40.05479452054794520547945480,0.3835616438356164383561643836,0.2876712328767123287671232877,39.67123287671232876712329042,0E-28,0E-28,0,0,0,707,708,2036,ZBO,0.3835616438356164383561643836,0.2876712328767123287671232877,0.1092137361606305122912366373,0.07863389003565396884969037886
39.67123287671232876712329042,0,0.000,39.67123287671232876712329042,0.3835616438356164383561643836,0.2876712328767123287671232877,39.28767123287671232876712604,0E-28,0E-28,0,0,0,708,709,2036,ZBO,0.3835616438356164383561643836,0.2876712328767123287671232877,0.1081628823419027960217676938,0.07787727528617001313567273954
39.28767123287671232876712604,0,0.000,39.28767123287671232876712604,0.3835616438356164383561643836,0.2876712328767123287671232877,38.90410958904109589041096166,0E-28,0E-28,0,0,0,709,710,2036,ZBO,0.3835616438356164383561643836,0.2876712328767123287671232877,0.1071120285231750797522987503,0.07712066053668605742165510022
38.90410958904109589041096166,0,0.000,38.90410958904109589041096166,0.3835616438356164383561643836,0.2876712328767123287671232877,38.52054794520547945205479728,0E-28,0E-28,0,0,0,710,711,2036,ZBO,0.3835616438356164383561643836,0.2876712328767123287671232877,0.1060611747044473634828298068,0.07636404578720210170763746090
38.52054794520547945205479728,0,0.000,38.52054794520547945205479728,0.3835616438356164383561643836,0.2876712328767123287671232877,38.13698630136986301369863290,0E-28,0E-28,0,0,0,711,712,2036,ZBO,0.3835616438356164383561643836,0.2876712328767123287671232877,0.1050103208857196472133608633,0.07560743103771814599361982158
38.13698630136986301369863290,0,0.000,38.13698630136986301369863290,0.3835616438356164383561643836,0.2876712328767123287671232877,37.75342465753424657534246852,0E-28,0E-28,0,0,0,712,713,2036,ZBO,0.3835616438356164383561643836,0.2876712328767123287671232877,0.1039594670669919309438919198,0.07485081628823419027960218226
37.75342465753424657534246852,0,0.000,37.75342465753424657534246852,0.3835616438356164383561643836,0.2876712328767123287671232877,37.36986301369863013698630414,0E-28,0E-28,0,0,0,713,714,2036,ZBO,0.3835616438356164383561643836,0.2876712328767123287671232877,0.1029086132482642146744229763,0.07409420153875023456558454294
37.36986301369863013698630414,0,0.000,37.36986301369863013698630414,0.3835616438356164383561643836,0.2876712328767123287671232877,36.98630136986301369863013976,0E-28,0E-28,0,0,0,714,715,2036,ZBO,0.3835616438356164383561643836,0.2876712328767123287671232877,0.1018577594295364984049540327,0.07333758678926627885156690354
36.98630136986301369863013976,0,0.000,36.98630136986301369863013976,0.3835616438356164383561643836,0.2876712328767123287671232877,36.60273972602739726027397538,0E-28,0E-28,0,0,0,715,716,2036,ZBO,0.3835616438356164383561643836,0.2876712328767123287671232877,0.1008069056108087821354850892,0.07258097203978232313754926422
36.60273972602739726027397538,0,0.000,36.60273972602739726027397538,0.3835616438356164383561643836,0.2876712328767123287671232877,36.21917808219178082191781100,0E-28,0E-28,0,0,0,716,717,2036,ZBO,0.3835616438356164383561643836,0.2876712328767123287671232877,0.09975605179208106586601614574,0.07182435729029836742353162493
36.21917808219178082191781100,0,0.000,36.21917808219178082191781100,0.3835616438356164383561643836,0.2876712328767123287671232877,35.83561643835616438356164662,0E-28,0E-28,0,0,0,717,718,2036,ZBO,0.3835616438356164383561643836,0.2876712328767123287671232877,0.09870519797335334959654720223,0.07106774254081441170951398561
35.83561643835616438356164662,0,0.000,35.83561643835616438356164662,0.3835616438356164383561643836,0.2876712328767123287671232877,35.45205479452054794520548224,0E-28,0E-28,0,0,0,718,719,2036,ZBO,0.3835616438356164383561643836,0.2876712328767123287671232877,0.09765434415462563332707825872,0.07031112779133045599549634628
35.45205479452054794520548224,0,0.000,35.45205479452054794520548224,0.3835616438356164383561643836,0.2876712328767123287671232877,35.06849315068493150684931786,0E-28,0E-28,0,0,0,719,720,2036,ZBO,0.3835616438356164383561643836,0.2876712328767123287671232877,0.09660349033589791705760931522,0.06955451304184650028147870696
35.06849315068493150684931786,0,0.000,35.06849315068493150684931786,0.3835616438356164383561643836,0.2876712328767123287671232877,34.68493150684931506849315348,0E-28,0E-28,0,0,0,720,721,2036,ZBO,0.3835616438356164383561643836,0.2876712328767123287671232877,0.09555263651717020078814037171,0.06879789829236254456746106763
34.68493150684931506849315348,0,0.000,34.68493150684931506849315348,0.3835616438356164383561643836,0.2876712328767123287671232877,34.30136986301369863013698910,0E-28,0E-28,0,0,0,721,722,2036,ZBO,0.3835616438356164383561643836,0.2876712328767123287671232877,0.09450178269844248451867142820,0.06804128354287858885344342830
34.30136986301369863013698910,0,0.000,34.30136986301369863013698910,0.3835616438356164383561643836,0.2876712328767123287671232877,33.91780821917808219178082472,0E-28,0E-28,0,0,0,722,723,2036,ZBO,0.3835616438356164383561643836,0.2876712328767123287671232877,0.09345092887971476824920248469,0.06728466879339463313942578898
33.91780821917808219178082472,0,0.000,33.91780821917808219178082472,0.3835616438356164383561643836,0.2876712328767123287671232877,33.53424657534246575342466034,0E-28,0E-28,0,0,0,723,724,2036,ZBO,0.3835616438356164383561643836,0.2876712328767123287671232877,0.09240007506098705197973354119,0.06652805404391067742540814966
33.53424657534246575342466034,0,0.000,33.53424657534246575342466034,0.3835616438356164383561643836,0.2876712328767123287671232877,33.15068493150684931506849596,0E-28,0E-28,0,0,0,724,725,2036,ZBO,0.3835616438356164383561643836,0.2876712328767123287671232877,0.09134922124225933571026459768,0.06577143929442672171139051033
33.15068493150684931506849596,0,0.000,33.15068493150684931506849596,0.3835616438356164383561643836,0.2876712328767123287671232877,32.76712328767123287671233158,0E-28,0E-28,0,0,0,725,726,2036,ZBO,0.3835616438356164383561643836,0.2876712328767123287671232877,0.09029836742353161944079565417,0.06501482454494276599737287100
32.76712328767123287671233158,0,0.000,32.76712328767123287671233158,0.3835616438356164383561643836,0.2876712328767123287671232877,32.38356164383561643835616720,0E-28,0E-28,0,0,0,726,727,2036,ZBO,0.3835616438356164383561643836,0.2876712328767123287671232877,0.08924751360480390317132671067,0.06425820979545881028335523168
32.38356164383561643835616720,0,0.000,32.38356164383561643835616720,0.3835616438356164383561643836,0.2876712328767123287671232877,32.00000000000000000000000282,0E-28,0E-28,0,0,0,727,728,2036,ZBO,0.3835616438356164383561643836,0.2876712328767123287671232877,0.08819665978607618690185776716,0.06350159504597485456933759236
32.00000000000000000000000282,0,0.000,32.00000000000000000000000282,0.3835616438356164383561643836,0.2876712328767123287671232877,31.61643835616438356164383844,0E-28,0E-28,0,0,0,728,729,2036,ZBO,0.3835616438356164383561643836,0.2876712328767123287671232877,0.08714580596734847063238882365,0.06274498029649089885531995303
31.61643835616438356164383844,0,0.000,31.61643835616438356164383844,0.3835616438356164383561643836,0.2876712328767123287671232877,31.23287671232876712328767406,0E-28,0E-28,0,0,0,729,730,2036,ZBO,0.3835616438356164383561643836,0.2876712328767123287671232877,0.08609495214862075436291988015,0.06198836554700694314130231371
31.23287671232876712328767406,17.37747952600151590778843843,0.2085297543120181908934612612,48.40182648401826484018265123,0.5205479452054794520547945206,0.3698630136986301369863013699,47.88127853881278538812785671,0E-28,0E-28,17.37747952600151590778843843,0E-26,0,730,731,2037,ZBO,0.5205479452054794520547945206,0.3698630136986301369863013699,0.1318946644148370551072746684,0.09496415837868267967723776125
47.88127853881278538812785671,0,0.000,47.88127853881278538812785671,0.5205479452054794520547945206,0.3698630136986301369863013699,47.36073059360730593607306219,0E-28,0E-28,0,0,0,731,732,2037,ZBO,0.5205479452054794520547945206,0.3698630136986301369863013699,0.1304685056608494401701382451,0.09393732407581159692249953647
47.36073059360730593607306219,0,0.000,47.36073059360730593607306219,0.5205479452054794520547945206,0.3698630136986301369863013699,46.84018264840182648401826767,0E-28,0E-28,0,0,0,732,733,2037,ZBO,0.5205479452054794520547945206,0.3698630136986301369863013699,0.1290423469068618252330018217,0.09291048977294051416776131162
46.84018264840182648401826767,0,0.000,46.84018264840182648401826767,0.5205479452054794520547945206,0.3698630136986301369863013699,46.31963470319634703196347315,0E-28,0E-28,0,0,0,733,734,2037,ZBO,0.5205479452054794520547945206,0.3698630136986301369863013699,0.1276161881528742102958653984,0.09188365547006943141302308685
46.31963470319634703196347315,0,0.000,46.31963470319634703196347315,0.5205479452054794520547945206,0.3698630136986301369863013699,45.79908675799086757990867863,0E-28,0E-28,0,0,0,734,735,2037,ZBO,0.5205479452054794520547945206,0.3698630136986301369863013699,0.1261900293988865953587289751,0.09085682116719834865828486207
45.79908675799086757990867863,0,0.000,45.79908675799086757990867863,0.5205479452054794520547945206,0.3698630136986301369863013699,45.27853881278538812785388411,0E-28,0E-28,0,0,0,735,736,2037,ZBO,0.5205479452054794520547945206,0.3698630136986301369863013699,0.1247638706448989804215925517,0.08982998686432726590354663722
45.27853881278538812785388411,0,0.000,45.27853881278538812785388411,0.5205479452054794520547945206,0.3698630136986301369863013699,44.75799086757990867579908959,0E-28,0E-28,0,0,0,736,737,2037,ZBO,0.5205479452054794520547945206,0.3698630136986301369863013699,0.1233377118909113654844561284,0.08880315256145618314880841245
44.75799086757990867579908959,0,0.000,44.75799086757990867579908959,0.5205479452054794520547945206,0.3698630136986301369863013699,44.23744292237442922374429507,0E-28,0E-28,0,0,0,737,738,2037,ZBO,0.5205479452054794520547945206,0.3698630136986301369863013699,0.1219115531369237505473197050,0.08777631825858510039407018760
44.23744292237442922374429507,0,0.000,44.23744292237442922374429507,0.5205479452054794520547945206,0.3698630136986301369863013699,43.71689497716894977168950055,0E-28,0E-28,0,0,0,738,739,2037,ZBO,0.5205479452054794520547945206,0.3698630136986301369863013699,0.1204853943829361356101832817,0.08674948395571401763933196282
43.71689497716894977168950055,0,0.000,43.71689497716894977168950055,0.5205479452054794520547945206,0.3698630136986301369863013699,43.19634703196347031963470603,0E-28,0E-28,0,0,0,739,740,2037,ZBO,0.5205479452054794520547945206,0.3698630136986301369863013699,0.1190592356289485206730468583,0.08572264965284293488459373798
43.19634703196347031963470603,0,0.000,43.19634703196347031963470603,0.5205479452054794520547945206,0.3698630136986301369863013699,42.67579908675799086757991151,0E-28,0E-28,0,0,0,740,741,2037,ZBO,0.5205479452054794520547945206,0.3698630136986301369863013699,0.1176330768749609057359104350,0.08469581534997185212985551320
42.67579908675799086757991151,0,0.000,42.67579908675799086757991151,0.5205479452054794520547945206,0.3698630136986301369863013699,42.15525114155251141552511699,0E-28,0E-28,0,0,0,741,742,2037,ZBO,0.5205479452054794520547945206,0.3698630136986301369863013699,0.1162069181209732907987740117,0.08366898104710076937511728842
42.15525114155251141552511699,0,0.000,42.15525114155251141552511699,0.5205479452054794520547945206,0.3698630136986301369863013699,41.63470319634703196347032247,0E-28,0E-28,0,0,0,742,743,2037,ZBO,0.5205479452054794520547945206,0.3698630136986301369863013699,0.1147807593669856758616375883,0.08264214674422968662037906358
41.63470319634703196347032247,0,0.000,41.63470319634703196347032247,0.5205479452054794520547945206,0.3698630136986301369863013699,41.11415525114155251141552795,0E-28,0E-28,0,0,0,743,744,2037,ZBO,0.5205479452054794520547945206,0.3698630136986301369863013699,0.1133546006129980609245011650,0.08161531244135860386564083880
41.11415525114155251141552795,0,0.000,41.11415525114155251141552795,0.5205479452054794520547945206,0.3698630136986301369863013699,40.59360730593607305936073343,0E-28,0E-28,0,0,0,744,745,2037,ZBO,0.5205479452054794520547945206,0.3698630136986301369863013699,0.1119284418590104459873647416,0.08058847813848752111090261395
40.59360730593607305936073343,0,0.000,40.59360730593607305936073343,0.5205479452054794520547945206,0.3698630136986301369863013699,40.07305936073059360730593891,0E-28,0E-28,0,0,0,745,746,2037,ZBO,0.5205479452054794520547945206,0.3698630136986301369863013699,0.1105022831050228310502283183,0.07956164383561643835616438918
40.07305936073059360730593891,0,0.000,40.07305936073059360730593891,0.5205479452054794520547945206,0.3698630136986301369863013699,39.55251141552511415525114439,0E-28,0E-28,0,0,0,746,747,2037,ZBO,0.5205479452054794520547945206,0.3698630136986301369863013699,0.1090761243510352161130918949,0.07853480953274535560142616433
39.55251141552511415525114439,0,0.000,39.55251141552511415525114439,0.5205479452054794520547945206,0.3698630136986301369863013699,39.03196347031963470319634987,0E-28,0E-28,0,0,0,747,748,2037,ZBO,0.5205479452054794520547945206,0.3698630136986301369863013699,0.1076499655970476011759554716,0.07750797522987427284668793955
39.03196347031963470319634987,0,0.000,39.03196347031963470319634987,0.5205479452054794520547945206,0.3698630136986301369863013699,38.51141552511415525114155535,0E-28,0E-28,0,0,0,748,749,2037,ZBO,0.5205479452054794520547945206,0.3698630136986301369863013699,0.1062238068430599862388190483,0.07648114092700319009194971478
38.51141552511415525114155535,0,0.000,38.51141552511415525114155535,0.5205479452054794520547945206,0.3698630136986301369863013699,37.99086757990867579908676083,0E-28,0E-28,0,0,0,749,750,2037,ZBO,0.5205479452054794520547945206,0.3698630136986301369863013699,0.1047976480890723713016826249,0.07545430662413210733721148993
37.99086757990867579908676083,0,0.000,37.99086757990867579908676083,0.5205479452054794520547945206,0.3698630136986301369863013699,37.47031963470319634703196631,0E-28,0E-28,0,0,0,750,751,2037,ZBO,0.5205479452054794520547945206,0.3698630136986301369863013699,0.1033714893350847563645462016,0.07442747232126102458247326515
37.47031963470319634703196631,0,0.000,37.47031963470319634703196631,0.5205479452054794520547945206,0.3698630136986301369863013699,36.94977168949771689497717179,0E-28,0E-28,0,0,0,751,752,2037,ZBO,0.5205479452054794520547945206,0.3698630136986301369863013699,0.1019453305810971414274097782,0.07340063801838994182773504030
36.94977168949771689497717179,0,0.000,36.94977168949771689497717179,0.5205479452054794520547945206,0.3698630136986301369863013699,36.42922374429223744292237727,0E-28,0E-28,0,0,0,752,753,2037,ZBO,0.5205479452054794520547945206,0.3698630136986301369863013699,0.1005191718271095264902733549,0.07237380371551885907299681553
36.42922374429223744292237727,0,0.000,36.42922374429223744292237727,0.5205479452054794520547945206,0.3698630136986301369863013699,35.90867579908675799086758275,0E-28,0E-28,0,0,0,753,754,2037,ZBO,0.5205479452054794520547945206,0.3698630136986301369863013699,0.09909301307312191155313693154,0.07134696941264777631825859071
35.90867579908675799086758275,0,0.000,35.90867579908675799086758275,0.5205479452054794520547945206,0.3698630136986301369863013699,35.38812785388127853881278823,0E-28,0E-28,0,0,0,754,755,2037,ZBO,0.5205479452054794520547945206,0.3698630136986301369863013699,0.09766685431913429661600050820,0.07032013510977669356352036590
35.38812785388127853881278823,0,0.000,35.38812785388127853881278823,0.5205479452054794520547945206,0.3698630136986301369863013699,34.86757990867579908675799371,0E-28,0E-28,0,0,0,755,756,2037,ZBO,0.5205479452054794520547945206,0.3698630136986301369863013699,0.09624069556514668167886408486,0.06929330080690561080878214110
34.86757990867579908675799371,0,0.000,34.86757990867579908675799371,0.5205479452054794520547945206,0.3698630136986301369863013699,34.34703196347031963470319919,0E-28,0E-28,0,0,0,756,757,2037,ZBO,0.5205479452054794520547945206,0.3698630136986301369863013699,0.09481453681115906674172766152,0.06826646650403452805404391629
34.34703196347031963470319919,0,0.000,34.34703196347031963470319919,0.5205479452054794520547945206,0.3698630136986301369863013699,33.82648401826484018264840467,0E-28,0E-28,0,0,0,757,758,2037,ZBO,0.5205479452054794520547945206,0.3698630136986301369863013699,0.09338837805717145180459123817,0.06723963220116344529930569148
33.82648401826484018264840467,0,0.000,33.82648401826484018264840467,0.5205479452054794520547945206,0.3698630136986301369863013699,33.30593607305936073059361015,0E-28,0E-28,0,0,0,758,759,2037,ZBO,0.5205479452054794520547945206,0.3698630136986301369863013699,0.09196221930318383686745481483,0.06621279789829236254456746668
33.30593607305936073059361015,0,0.000,33.30593607305936073059361015,0.5205479452054794520547945206,0.3698630136986301369863013699,32.78538812785388127853881563,0E-28,0E-28,0,0,0,759,760,2037,ZBO,0.5205479452054794520547945206,0.3698630136986301369863013699,0.09053606054919622193031839149,0.06518596359542127978982924187
32.78538812785388127853881563,0,0.000,32.78538812785388127853881563,0.2168949771689497716894977170,0.1541095890410958904109589042,32.56849315068493150684931791,0E-28,0E-28,0,0,0,760,9125/12,2037,ZBO,0.2168949771689497716894977170,0.1541095890410958904109589042,0.03730244365213402556243614930,0.02685775942953649840495402750
32.56849315068493150684931791,17.37747952600151590778843843,0.2085297543120181908934612612,49.73744292237442922374429508,0.3036529680365296803652968036,0.2157534246575342465753424657,49.43378995433789954337899828,0E-28,0E-28,17.37747952600151590778843843,0E-26,0,9125/12,761,2037,ZBO,0.3036529680365296803652968036,0.2157534246575342465753424657,0.07924641896540939513354601067,0.05705742165509476449615312768
49.43378995433789954337899828,0,0.000,49.43378995433789954337899828,0.5205479452054794520547945206,0.3698630136986301369863013699,48.91324200913242009132420376,0E-28,0E-28,0,0,0,761,762,2037,ZBO,0.5205479452054794520547945206,0.3698630136986301369863013699,0.1347219615937949584037030165,0.09699981234753237005066617188
48.91324200913242009132420376,0,0.000,48.91324200913242009132420376,0.5205479452054794520547945206,0.3698630136986301369863013699,48.39269406392694063926940924,0E-28,0E-28,0,0,0,762,763,2037,ZBO,0.5205479452054794520547945206,0.3698630136986301369863013699,0.1332958028398073434665665932,0.09597297804466128729592794710
48.39269406392694063926940924,0,0.000,48.39269406392694063926940924,0.5205479452054794520547945206,0.3698630136986301369863013699,47.87214611872146118721461472,0E-28,0E-28,0,0,0,763,764,2037,ZBO,0.5205479452054794520547945206,0.3698630136986301369863013699,0.1318696440858197285294301698,0.09494614374179020454118972226
47.87214611872146118721461472,0,0.000,47.87214611872146118721461472,0.5205479452054794520547945206,0.3698630136986301369863013699,47.35159817351598173515982020,0E-28,0E-28,0,0,0,764,765,2037,ZBO,0.5205479452054794520547945206,0.3698630136986301369863013699,0.1304434853318321135922937465,0.09391930943891912178645149748
47.35159817351598173515982020,0,0.000,47.35159817351598173515982020,0.5205479452054794520547945206,0.3698630136986301369863013699,46.83105022831050228310502568,0E-28,0E-28,0,0,0,765,766,2037,ZBO,0.5205479452054794520547945206,0.3698630136986301369863013699,0.1290173265778444986551573231,0.09289247513604803903171327263
46.83105022831050228310502568,0,0.000,46.83105022831050228310502568,0.5205479452054794520547945206,0.3698630136986301369863013699,46.31050228310502283105023116,0E-28,0E-28,0,0,0,766,767,2037,ZBO,0.5205479452054794520547945206,0.3698630136986301369863013699,0.1275911678238568837180208998,0.09186564083317695627697504786
46.31050228310502283105023116,0,0.000,46.31050228310502283105023116,0.5205479452054794520547945206,0.3698630136986301369863013699,45.78995433789954337899543664,0E-28,0E-28,0,0,0,767,768,2037,ZBO,0.5205479452054794520547945206,0.3698630136986301369863013699,0.1261650090698692687808844765,0.09083880653030587352223682308
45.78995433789954337899543664,0,0.000,45.78995433789954337899543664,0.5205479452054794520547945206,0.3698630136986301369863013699,45.26940639269406392694064212,0E-28,0E-28,0,0,0,768,769,2037,ZBO,0.5205479452054794520547945206,0.3698630136986301369863013699,0.1247388503158816538437480531,0.08981197222743479076749859823
45.26940639269406392694064212,0,0.000,45.26940639269406392694064212,0.5205479452054794520547945206,0.3698630136986301369863013699,44.74885844748858447488584760,0E-28,0E-28,0,0,0,769,770,2037,ZBO,0.5205479452054794520547945206,0.3698630136986301369863013699,0.1233126915618940389066116298,0.08878513792456370801276037346
44.74885844748858447488584760,0,0.000,44.74885844748858447488584760,0.5205479452054794520547945206,0.3698630136986301369863013699,44.22831050228310502283105308,0E-28,0E-28,0,0,0,770,771,2037,ZBO,0.5205479452054794520547945206,0.3698630136986301369863013699,0.1218865328079064239694752064,0.08775830362169262525802214861
44.22831050228310502283105308,0,0.000,44.22831050228310502283105308,0.5205479452054794520547945206,0.3698630136986301369863013699,43.70776255707762557077625856,0E-28,0E-28,0,0,0,771,772,2037,ZBO,0.5205479452054794520547945206,0.3698630136986301369863013699,0.1204603740539188090323387831,0.08673146931882154250328392383
43.70776255707762557077625856,0,0.000,43.70776255707762557077625856,0.5205479452054794520547945206,0.3698630136986301369863013699,43.18721461187214611872146404,0E-28,0E-28,0,0,0,772,773,2037,ZBO,0.5205479452054794520547945206,0.3698630136986301369863013699,0.1190342152999311940952023597,0.08570463501595045974854569898
43.18721461187214611872146404,0,0.000,43.18721461187214611872146404,0.5205479452054794520547945206,0.3698630136986301369863013699,42.66666666666666666666666952,0E-28,0E-28,0,0,0,773,774,2037,ZBO,0.5205479452054794520547945206,0.3698630136986301369863013699,0.1176080565459435791580659364,0.08467780071307937699380747421
42.66666666666666666666666952,0,0.000,42.66666666666666666666666952,0.5205479452054794520547945206,0.3698630136986301369863013699,42.14611872146118721461187500,0E-28,0E-28,0,0,0,774,775,2037,ZBO,0.5205479452054794520547945206,0.3698630136986301369863013699,0.1161818977919559642209295131,0.08365096641020829423906924943
42.14611872146118721461187500,0,0.000,42.14611872146118721461187500,0.5205479452054794520547945206,0.3698630136986301369863013699,41.62557077625570776255708048,0E-28,0E-28,0,0,0,775,776,2037,ZBO,0.5205479452054794520547945206,0.3698630136986301369863013699,0.1147557390379683492837930897,0.08262413210733721148433102458
41.62557077625570776255708048,0,0.000,41.62557077625570776255708048,0.5205479452054794520547945206,0.3698630136986301369863013699,41.10502283105022831050228596,0E-28,0E-28,0,0,0,776,777,2037,ZBO,0.5205479452054794520547945206,0.3698630136986301369863013699,0.1133295802839807343466566664,0.08159729780446612872959279981
41.10502283105022831050228596,0,0.000,41.10502283105022831050228596,0.5205479452054794520547945206,0.3698630136986301369863013699,40.58447488584474885844749144,0E-28,0E-28,0,0,0,777,778,2037,ZBO,0.5205479452054794520547945206,0.3698630136986301369863013699,0.1119034215299931194095202430,0.08057046350159504597485457496
40.58447488584474885844749144,0,0.000,40.58447488584474885844749144,0.5205479452054794520547945206,0.3698630136986301369863013699,40.06392694063926940639269692,0E-28,0E-28,0,0,0,778,779,2037,ZBO,0.5205479452054794520547945206,0.3698630136986301369863013699,0.1104772627760055044723838197,0.07954362919872396322011635018
40.06392694063926940639269692,0,0.000,40.06392694063926940639269692,0.5205479452054794520547945206,0.3698630136986301369863013699,39.54337899543378995433790240,0E-28,0E-28,0,0,0,779,780,2037,ZBO,0.5205479452054794520547945206,0.3698630136986301369863013699,0.1090511040220178895352473963,0.07851679489585288046537812534
39.54337899543378995433790240,0,0.000,39.54337899543378995433790240,0.5205479452054794520547945206,0.3698630136986301369863013699,39.02283105022831050228310788,0E-28,0E-28,0,0,0,780,781,2037,ZBO,0.5205479452054794520547945206,0.3698630136986301369863013699,0.1076249452680302745981109730,0.07748996059298179771063990056
39.02283105022831050228310788,0,0.000,39.02283105022831050228310788,0.5205479452054794520547945206,0.3698630136986301369863013699,38.50228310502283105022831336,0E-28,0E-28,0,0,0,781,782,2037,ZBO,0.5205479452054794520547945206,0.3698630136986301369863013699,0.1061987865140426596609745497,0.07646312629011071495590167578
38.50228310502283105022831336,0,0.000,38.50228310502283105022831336,0.5205479452054794520547945206,0.3698630136986301369863013699,37.98173515981735159817351884,0E-28,0E-28,0,0,0,782,783,2037,ZBO,0.5205479452054794520547945206,0.3698630136986301369863013699,0.1047726277600550447238381263,0.07543629198723963220116345094
37.98173515981735159817351884,0,0.000,37.98173515981735159817351884,0.5205479452054794520547945206,0.3698630136986301369863013699,37.46118721461187214611872432,0E-28,0E-28,0,0,0,783,784,2037,ZBO,0.5205479452054794520547945206,0.3698630136986301369863013699,0.1033464690060674297867017030,0.07440945768436854944642522616
37.46118721461187214611872432,0,0.000,37.46118721461187214611872432,0.5205479452054794520547945206,0.3698630136986301369863013699,36.94063926940639269406392980,0E-28,0E-28,0,0,0,784,785,2037,ZBO,0.5205479452054794520547945206,0.3698630136986301369863013699,0.1019203102520798148495652796,0.07338262338149746669168700131
36.94063926940639269406392980,0,0.000,36.94063926940639269406392980,0.5205479452054794520547945206,0.3698630136986301369863013699,36.42009132420091324200913528,0E-28,0E-28,0,0,0,785,786,2037,ZBO,0.5205479452054794520547945206,0.3698630136986301369863013699,0.1004941514980921999124288563,0.07235578907862638393694877654
36.42009132420091324200913528,0,0.000,36.42009132420091324200913528,0.5205479452054794520547945206,0.3698630136986301369863013699,35.89954337899543378995434076,0E-28,0E-28,0,0,0,786,787,2037,ZBO,0.5205479452054794520547945206,0.3698630136986301369863013699,0.09906799274410458497529243294,0.07132895477575530118221055172
35.89954337899543378995434076,0,0.000,35.89954337899543378995434076,0.5205479452054794520547945206,0.3698630136986301369863013699,35.37899543378995433789954624,0E-28,0E-28,0,0,0,787,788,2037,ZBO,0.5205479452054794520547945206,0.3698630136986301369863013699,0.09764183399011697003815600960,0.07030212047288421842747232691
35.37899543378995433789954624,0,0.000,35.37899543378995433789954624,0.5205479452054794520547945206,0.3698630136986301369863013699,34.85844748858447488584475172,0E-28,0E-28,0,0,0,788,789,2037,ZBO,0.5205479452054794520547945206,0.3698630136986301369863013699,0.09621567523612935510101958626,0.06927528617001313567273410211
34.85844748858447488584475172,0,0.000,34.85844748858447488584475172,0.5205479452054794520547945206,0.3698630136986301369863013699,34.33789954337899543378995720,0E-28,0E-28,0,0,0,789,790,2037,ZBO,0.5205479452054794520547945206,0.3698630136986301369863013699,0.09478951648214174016388316291,0.06824845186714205291799587730
34.33789954337899543378995720,0,0.000,34.33789954337899543378995720,0.4337899543378995433789954338,0.3082191780821917808219178082,33.90410958904109589041096177,0E-28,0E-28,0,0,0,790,4745/6,2037,ZBO,0.4337899543378995433789954338,0.3082191780821917808219178082,0.07790183690915535539292342347,0.05608932257459185588290486490
33.90410958904109589041096177,17.37747952600151590778843843,0.2085297543120181908934612612,51.07305936073059360730593894,0.08675799086757990867579908677,0.06164383561643835616438356165,50.98630136986301369863013985,0E-29,0E-29,17.37747952600151590778843843,0E-26,0,4745/6,791,2037,ZBO,0.08675799086757990867579908677,0.06164383561643835616438356165,0.02330122391109443089176622804,0.01677688121598799024207168419
50.98630136986301369863013985,0,0.000,50.98630136986301369863013985,0.5205479452054794520547945206,0.3698630136986301369863013699,50.46575342465753424657534533,0E-28,0E-28,0,0,0,791,792,2037,ZBO,0.5205479452054794520547945206,0.3698630136986301369863013699,0.1389754175267404766372677880,0.1000623006192531431788328074
50.46575342465753424657534533,0,0.000,50.46575342465753424657534533,0.5205479452054794520547945206,0.3698630136986301369863013699,49.94520547945205479452055081,0E-28,0E-28,0,0,0,792,793,2037,ZBO,0.5205479452054794520547945206,0.3698630136986301369863013699,0.1375492587727528617001313645,0.09903546631638206042409458244
49.94520547945205479452055081,0,0.000,49.94520547945205479452055081,0.5205479452054794520547945206,0.3698630136986301369863013699,49.42465753424657534246575629,0E-28,0E-28,0,0,0,793,794,2037,ZBO,0.5205479452054794520547945206,0.3698630136986301369863013699,0.1361231000187652467629949412,0.09800863201351097766935635766
49.42465753424657534246575629,0,0.000,49.42465753424657534246575629,0.5205479452054794520547945206,0.3698630136986301369863013699,48.90410958904109589041096177,0E-28,0E-28,0,0,0,794,795,2037,ZBO,0.5205479452054794520547945206,0.3698630136986301369863013699,0.1346969412647776318258585179,0.09698179771063989491461813289
48.90410958904109589041096177,0,0.000,48.90410958904109589041096177,0.5205479452054794520547945206,0.3698630136986301369863013699,48.38356164383561643835616725,0E-28,0E-28,0,0,0,795,796,2037,ZBO,0.5205479452054794520547945206,0.3698630136986301369863013699,0.1332707825107900168887220946,0.09595496340776881215987990811
48.38356164383561643835616725,0,0.000,48.38356164383561643835616725,0.5205479452054794520547945206,0.3698630136986301369863013699,47.86301369863013698630137273,0E-28,0E-28,0,0,0,796,797,2037,ZBO,0.5205479452054794520547945206,0.3698630136986301369863013699,0.1318446237568024019515856712,0.09492812910489772940514168326
47.86301369863013698630137273,0,0.000,47.86301369863013698630137273,0.5205479452054794520547945206,0.3698630136986301369863013699,47.34246575342465753424657821,0E-28,0E-28,0,0,0,797,798,2037,ZBO,0.5205479452054794520547945206,0.3698630136986301369863013699,0.1304184650028147870144492479,0.09390129480202664665040345849
47.34246575342465753424657821,0,0.000,47.34246575342465753424657821,0.5205479452054794520547945206,0.3698630136986301369863013699,46.82191780821917808219178369,0E-28,0E-28,0,0,0,798,799,2037,ZBO,0.5205479452054794520547945206,0.3698630136986301369863013699,0.1289923062488271720773128245,0.09287446049915556389566523364
46.82191780821917808219178369,0,0.000,46.82191780821917808219178369,0.5205479452054794520547945206,0.3698630136986301369863013699,46.30136986301369863013698917,0E-28,0E-28,0,0,0,799,800,2037,ZBO,0.5205479452054794520547945206,0.3698630136986301369863013699,0.1275661474948395571401764012,0.09184762619628448114092700886
46.30136986301369863013698917,0,0.000,46.30136986301369863013698917,0.5205479452054794520547945206,0.3698630136986301369863013699,45.78082191780821917808219465,0E-28,0E-28,0,0,0,800,801,2037,ZBO,0.5205479452054794520547945206,0.3698630136986301369863013699,0.1261399887408519422030399778,0.09082079189341339838618878402
45.78082191780821917808219465,0,0.000,45.78082191780821917808219465,0.5205479452054794520547945206,0.3698630136986301369863013699,45.26027397260273972602740013,0E-28,0E-28,0,0,0,801,802,2037,ZBO,0.5205479452054794520547945206,0.3698630136986301369863013699,0.1247138299868643272659035545,0.08979395759054231563145055924
45.26027397260273972602740013,0,0.000,45.26027397260273972602740013,0.5205479452054794520547945206,0.3698630136986301369863013699,44.73972602739726027397260561,0E-28,0E-28,0,0,0,802,803,2037,ZBO,0.5205479452054794520547945206,0.3698630136986301369863013699,0.1232876712328767123287671312,0.08876712328767123287671233446
44.73972602739726027397260561,0,0.000,44.73972602739726027397260561,0.5205479452054794520547945206,0.3698630136986301369863013699,44.21917808219178082191781109,0E-28,0E-28,0,0,0,803,804,2037,ZBO,0.5205479452054794520547945206,0.3698630136986301369863013699,0.1218615124788890973916307078,0.08774028898480015012197410962
44.21917808219178082191781109,0,0.000,44.21917808219178082191781109,0.5205479452054794520547945206,0.3698630136986301369863013699,43.69863013698630136986301657,0E-28,0E-28,0,0,0,804,805,2037,ZBO,0.5205479452054794520547945206,0.3698630136986301369863013699,0.1204353537249014824544942845,0.08671345468192906736723588484
43.69863013698630136986301657,0,0.000,43.69863013698630136986301657,0.5205479452054794520547945206,0.3698630136986301369863013699,43.17808219178082191780822205,0E-28,0E-28,0,0,0,805,806,2037,ZBO,0.5205479452054794520547945206,0.3698630136986301369863013699,0.1190091949709138675173578611,0.08568662037905798461249765999
43.17808219178082191780822205,0,0.000,43.17808219178082191780822205,0.5205479452054794520547945206,0.3698630136986301369863013699,42.65753424657534246575342753,0E-28,0E-28,0,0,0,806,807,2037,ZBO,0.5205479452054794520547945206,0.3698630136986301369863013699,0.1175830362169262525802214378,0.08465978607618690185775943522
42.65753424657534246575342753,0,0.000,42.65753424657534246575342753,0.5205479452054794520547945206,0.3698630136986301369863013699,42.13698630136986301369863301,0E-28,0E-28,0,0,0,807,808,2037,ZBO,0.5205479452054794520547945206,0.3698630136986301369863013699,0.1161568774629386376430850144,0.08363295177331581910302121037
42.13698630136986301369863301,0,0.000,42.13698630136986301369863301,0.5205479452054794520547945206,0.3698630136986301369863013699,41.61643835616438356164383849,0E-28,0E-28,0,0,0,808,809,2037,ZBO,0.5205479452054794520547945206,0.3698630136986301369863013699,0.1147307187089510227059485911,0.08260611747044473634828298559
41.61643835616438356164383849,0,0.000,41.61643835616438356164383849,0.5205479452054794520547945206,0.3698630136986301369863013699,41.09589041095890410958904397,0E-28,0E-28,0,0,0,809,810,2037,ZBO,0.5205479452054794520547945206,0.3698630136986301369863013699,0.1133045599549634077688121678,0.08157928316757365359354476082
41.09589041095890410958904397,0,0.000,41.09589041095890410958904397,0.5205479452054794520547945206,0.3698630136986301369863013699,40.57534246575342465753424945,0E-28,0E-28,0,0,0,810,811,2037,ZBO,0.5205479452054794520547945206,0.3698630136986301369863013699,0.1118784012009757928316757444,0.08055244886470257083880653597
40.57534246575342465753424945,0,0.000,40.57534246575342465753424945,0.5205479452054794520547945206,0.3698630136986301369863013699,40.05479452054794520547945493,0E-28,0E-28,0,0,0,811,812,2037,ZBO,0.5205479452054794520547945206,0.3698630136986301369863013699,0.1104522424469881778945393211,0.07952561456183148808406831119
40.05479452054794520547945493,0,0.000,40.05479452054794520547945493,0.5205479452054794520547945206,0.3698630136986301369863013699,39.53424657534246575342466041,0E-28,0E-28,0,0,0,812,813,2037,ZBO,0.5205479452054794520547945206,0.3698630136986301369863013699,0.1090260836930005629574028977,0.07849878025896040532933008634
39.53424657534246575342466041,0,0.000,39.53424657534246575342466041,0.5205479452054794520547945206,0.3698630136986301369863013699,39.01369863013698630136986589,0E-28,0E-28,0,0,0,813,814,2037,ZBO,0.5205479452054794520547945206,0.3698630136986301369863013699,0.1075999249390129480202664744,0.07747194595608932257459186157
39.01369863013698630136986589,0,0.000,39.01369863013698630136986589,0.5205479452054794520547945206,0.3698630136986301369863013699,38.49315068493150684931507137,0E-28,0E-28,0,0,0,814,815,2037,ZBO,0.5205479452054794520547945206,0.3698630136986301369863013699,0.1061737661850253330831300511,0.07644511165321823981985363679
38.49315068493150684931507137,0,0.000,38.49315068493150684931507137,0.5205479452054794520547945206,0.3698630136986301369863013699,37.97260273972602739726027685,0E-28,0E-28,0,0,0,815,816,2037,ZBO,0.5205479452054794520547945206,0.3698630136986301369863013699,0.1047476074310377181459936277,0.07541827735034715706511541194
37.97260273972602739726027685,0,0.000,37.97260273972602739726027685,0.5205479452054794520547945206,0.3698630136986301369863013699,37.45205479452054794520548233,0E-28,0E-28,0,0,0,816,817,2037,ZBO,0.5205479452054794520547945206,0.3698630136986301369863013699,0.1033214486770501032088572044,0.07439144304747607431037718717
37.45205479452054794520548233,0,0.000,37.45205479452054794520548233,0.5205479452054794520547945206,0.3698630136986301369863013699,36.93150684931506849315068781,0E-28,0E-28,0,0,0,817,818,2037,ZBO,0.5205479452054794520547945206,0.3698630136986301369863013699,0.1018952899230624882717207810,0.07336460874460499155563896232
36.93150684931506849315068781,0,0.000,36.93150684931506849315068781,0.5205479452054794520547945206,0.3698630136986301369863013699,36.41095890410958904109589329,0E-28,0E-28,0,0,0,818,819,2037,ZBO,0.5205479452054794520547945206,0.3698630136986301369863013699,0.1004691311690748733345843577,0.07233777444173390880090073754
36.41095890410958904109589329,0,0.000,36.41095890410958904109589329,0.5205479452054794520547945206,0.3698630136986301369863013699,35.89041095890410958904109877,0E-28,0E-28,0,0,0,819,820,2037,ZBO,0.5205479452054794520547945206,0.3698630136986301369863013699,0.09904297241508725839744793434,0.07131094013886282604616251272
35.89041095890410958904109877,0,0.000,35.89041095890410958904109877,0.5205479452054794520547945206,0.3698630136986301369863013699,35.36986301369863013698630425,0E-28,0E-28,0,0,0,820,821,2037,ZBO,0.5205479452054794520547945206,0.3698630136986301369863013699,0.09761681366109964346031151100,0.07028410583599174329142428792
35.36986301369863013698630425,0,0.000,35.36986301369863013698630425,0.1301369863013698630136986301,0.09246575342465753424657534246,35.23972602739726027397260562,0E-28,0E-29,0,0,0,821,3285/4,2037,ZBO,0.1301369863013698630136986301,0.09246575342465753424657534246,0.02418136610996434603115031160,0.01741058359917432914242822435
35.23972602739726027397260562,17.37747952600151590778843843,0.2085297543120181908934612612,52.40867579908675799086758279,0.3904109589041095890410958904,0.2773972602739726027397260274,52.01826484018264840182648690,0E-28,0E-28,17.37747952600151590778843843,0E-26,0,3285/4,822,2037,ZBO,0.3904109589041095890410958904,0.2773972602739726027397260274,0.1072879527115781572527678798,0.07724732595233627322199287346
52.01826484018264840182648690,0,0.000,52.01826484018264840182648690,0.5205479452054794520547945206,0.3698630136986301369863013699,51.49771689497716894977169238,0E-28,0E-28,0,0,0,822,823,2037,ZBO,0.5205479452054794520547945206,0.3698630136986301369863013699,0.1418027147056983799336961360,0.1020979545881028335522612179
51.49771689497716894977169238,0,0.000,51.49771689497716894977169238,0.5205479452054794520547945206,0.3698630136986301369863013699,50.97716894977168949771689786,0E-28,0E-28,0,0,0,823,824,2037,ZBO,0.5205479452054794520547945206,0.3698630136986301369863013699,0.1403765559517107649965597126,0.1010711202852317507975229931
50.97716894977168949771689786,0,0.000,50.97716894977168949771689786,0.5205479452054794520547945206,0.3698630136986301369863013699,50.45662100456621004566210334,0E-28,0E-28,0,0,0,824,825,2037,ZBO,0.5205479452054794520547945206,0.3698630136986301369863013699,0.1389503971977231500594232893,0.1000442859823606680427847683
50.45662100456621004566210334,0,0.000,50.45662100456621004566210334,0.5205479452054794520547945206,0.3698630136986301369863013699,49.93607305936073059360730882,0E-28,0E-28,0,0,0,825,826,2037,ZBO,0.5205479452054794520547945206,0.3698630136986301369863013699,0.1375242384437355351222868660,0.09901745167948958528804654352
49.93607305936073059360730882,0,0.000,49.93607305936073059360730882,0.5205479452054794520547945206,0.3698630136986301369863013699,49.41552511415525114155251430,0E-28,0E-28,0,0,0,826,827,2037,ZBO,0.5205479452054794520547945206,0.3698630136986301369863013699,0.1360980796897479201851504426,0.09799061737661850253330831867
49.41552511415525114155251430,0,0.000,49.41552511415525114155251430,0.5205479452054794520547945206,0.3698630136986301369863013699,48.89497716894977168949771978,0E-28,0E-28,0,0,0,827,828,2037,ZBO,0.5205479452054794520547945206,0.3698630136986301369863013699,0.1346719209357603052480140193,0.09696378307374741977857009390
48.89497716894977168949771978,0,0.000,48.89497716894977168949771978,0.5205479452054794520547945206,0.3698630136986301369863013699,48.37442922374429223744292526,0E-28,0E-28,0,0,0,828,829,2037,ZBO,0.5205479452054794520547945206,0.3698630136986301369863013699,0.1332457621817726903108775960,0.09593694877087633702383186912
48.37442922374429223744292526,0,0.000,48.37442922374429223744292526,0.5205479452054794520547945206,0.3698630136986301369863013699,47.85388127853881278538813074,0E-28,0E-28,0,0,0,829,830,2037,ZBO,0.5205479452054794520547945206,0.3698630136986301369863013699,0.1318196034277850753737411726,0.09491011446800525426909364427
47.85388127853881278538813074,0,0.000,47.85388127853881278538813074,0.5205479452054794520547945206,0.3698630136986301369863013699,47.33333333333333333333333622,0E-28,0E-28,0,0,0,830,831,2037,ZBO,0.5205479452054794520547945206,0.3698630136986301369863013699,0.1303934446737974604366047493,0.09388328016513417151435541950
47.33333333333333333333333622,0,0.000,47.33333333333333333333333622,0.5205479452054794520547945206,0.3698630136986301369863013699,46.81278538812785388127854170,0E-28,0E-28,0,0,0,831,832,2037,ZBO,0.5205479452054794520547945206,0.3698630136986301369863013699,0.1289672859198098454994683259,0.09285644586226308875961719465
46.81278538812785388127854170,0,0.000,46.81278538812785388127854170,0.5205479452054794520547945206,0.3698630136986301369863013699,46.29223744292237442922374718,0E-28,0E-28,0,0,0,832,833,2037,ZBO,0.5205479452054794520547945206,0.3698630136986301369863013699,0.1275411271658222305623319026,0.09182961155939200600487896987
46.29223744292237442922374718,0,0.000,46.29223744292237442922374718,0.5205479452054794520547945206,0.3698630136986301369863013699,45.77168949771689497716895266,0E-28,0E-28,0,0,0,833,834,2037,ZBO,0.5205479452054794520547945206,0.3698630136986301369863013699,0.1261149684118346156251954792,0.09080277725652092325014074502
45.77168949771689497716895266,0,0.000,45.77168949771689497716895266,0.5205479452054794520547945206,0.3698630136986301369863013699,45.25114155251141552511415814,0E-28,0E-28,0,0,0,834,835,2037,ZBO,0.5205479452054794520547945206,0.3698630136986301369863013699,0.1246888096578470006880590559,0.08977594295364984049540252025
45.25114155251141552511415814,0,0.000,45.25114155251141552511415814,0.5205479452054794520547945206,0.3698630136986301369863013699,44.73059360730593607305936362,0E-28,0E-28,0,0,0,835,836,2037,ZBO,0.5205479452054794520547945206,0.3698630136986301369863013699,0.1232626509038593857509226326,0.08874910865077875774066429547
44.73059360730593607305936362,0,0.000,44.73059360730593607305936362,0.5205479452054794520547945206,0.3698630136986301369863013699,44.21004566210045662100456910,0E-28,0E-28,0,0,0,836,837,2037,ZBO,0.5205479452054794520547945206,0.3698630136986301369863013699,0.1218364921498717708137862092,0.08772227434790767498592607062
44.21004566210045662100456910,0,0.000,44.21004566210045662100456910,0.5205479452054794520547945206,0.3698630136986301369863013699,43.68949771689497716894977458,0E-28,0E-28,0,0,0,837,838,2037,ZBO,0.5205479452054794520547945206,0.3698630136986301369863013699,0.1204103333958841558766497859,0.08669544004503659223118784585
43.68949771689497716894977458,0,0.000,43.68949771689497716894977458,0.5205479452054794520547945206,0.3698630136986301369863013699,43.16894977168949771689498006,0E-28,0E-28,0,0,0,838,839,2037,ZBO,0.5205479452054794520547945206,0.3698630136986301369863013699,0.1189841746418965409395133625,0.08566860574216550947644962100
43.16894977168949771689498006,0,0.000,43.16894977168949771689498006,0.5205479452054794520547945206,0.3698630136986301369863013699,42.64840182648401826484018554,0E-28,0E-28,0,0,0,839,840,2037,ZBO,0.5205479452054794520547945206,0.3698630136986301369863013699,0.1175580158879089260023769392,0.08464177143929442672171139622
42.64840182648401826484018554,0,0.000,42.64840182648401826484018554,0.5205479452054794520547945206,0.3698630136986301369863013699,42.12785388127853881278539102,0E-28,0E-28,0,0,0,840,841,2037,ZBO,0.5205479452054794520547945206,0.3698630136986301369863013699,0.1161318571339213110652405158,0.08361493713642334396697317138
42.12785388127853881278539102,0,0.000,42.12785388127853881278539102,0.5205479452054794520547945206,0.3698630136986301369863013699,41.60730593607305936073059650,0E-28,0E-28,0,0,0,841,842,2037,ZBO,0.5205479452054794520547945206,0.3698630136986301369863013699,0.1147056983799336961281040925,0.08258810283355226121223494660
41.60730593607305936073059650,0,0.000,41.60730593607305936073059650,0.5205479452054794520547945206,0.3698630136986301369863013699,41.08675799086757990867580198,0E-28,0E-28,0,0,0,842,843,2037,ZBO,0.5205479452054794520547945206,0.3698630136986301369863013699,0.1132795396259460811909676692,0.08156126853068117845749672182
41.08675799086757990867580198,0,0.000,41.08675799086757990867580198,0.5205479452054794520547945206,0.3698630136986301369863013699,40.56621004566210045662100746,0E-28,0E-28,0,0,0,843,844,2037,ZBO,0.5205479452054794520547945206,0.3698630136986301369863013699,0.1118533808719584662538312458,0.08053443422781009570275849698
40.56621004566210045662100746,0,0.000,40.56621004566210045662100746,0.5205479452054794520547945206,0.3698630136986301369863013699,40.04566210045662100456621294,0E-28,0E-28,0,0,0,844,845,2037,ZBO,0.5205479452054794520547945206,0.3698630136986301369863013699,0.1104272221179708513166948225,0.07950759992493901294802027220
40.04566210045662100456621294,0,0.000,40.04566210045662100456621294,0.5205479452054794520547945206,0.3698630136986301369863013699,39.52511415525114155251141842,0E-28,0E-28,0,0,0,845,846,2037,ZBO,0.5205479452054794520547945206,0.3698630136986301369863013699,0.1090010633639832363795583991,0.07848076562206793019328204735
39.52511415525114155251141842,0,0.000,39.52511415525114155251141842,0.5205479452054794520547945206,0.3698630136986301369863013699,39.00456621004566210045662390,0E-28,0E-28,0,0,0,846,847,2037,ZBO,0.5205479452054794520547945206,0.3698630136986301369863013699,0.1075749046099956214424219758,0.07745393131919684743854382258
39.00456621004566210045662390,0,0.000,39.00456621004566210045662390,0.5205479452054794520547945206,0.3698630136986301369863013699,38.48401826484018264840182938,0E-28,0E-28,0,0,0,847,848,2037,ZBO,0.5205479452054794520547945206,0.3698630136986301369863013699,0.1061487458560080065052855524,0.07642709701632576468380559773
38.48401826484018264840182938,0,0.000,38.48401826484018264840182938,0.5205479452054794520547945206,0.3698630136986301369863013699,37.96347031963470319634703486,0E-28,0E-28,0,0,0,848,849,2037,ZBO,0.5205479452054794520547945206,0.3698630136986301369863013699,0.1047225871020203915681491291,0.07540026271345468192906737295
37.96347031963470319634703486,0,0.000,37.96347031963470319634703486,0.5205479452054794520547945206,0.3698630136986301369863013699,37.44292237442922374429224034,0E-28,0E-28,0,0,0,849,850,2037,ZBO,0.5205479452054794520547945206,0.3698630136986301369863013699,0.1032964283480327766310127058,0.07437342841058359917432914818
37.44292237442922374429224034,0,0.000,37.44292237442922374429224034,0.5205479452054794520547945206,0.3698630136986301369863013699,36.92237442922374429223744582,0E-28,0E-28,0,0,0,850,851,2037,ZBO,0.5205479452054794520547945206,0.3698630136986301369863013699,0.1018702695940451616938762824,0.07334659410771251641959092333
36.92237442922374429223744582,0,0.000,36.92237442922374429223744582,0.3470319634703196347031963471,0.2465753424657534246575342466,36.57534246575342465753424947,0E-28,0E-28,0,0,0,851,2555/3,2037,ZBO,0.3470319634703196347031963471,0.2465753424657534246575342466,0.06712120264381476616417506420,0.04832726590354663163820604622
36.57534246575342465753424947,17.37747952600151590778843843,0.2085297543120181908934612612,53.74429223744292237442922664,0.1735159817351598173515981735,0.1232876712328767123287671233,53.57077625570776255707762847,0E-28,0E-28,17.37747952600151590778843843,0E-26,0,2555/3,852,2037,ZBO,0.1735159817351598173515981735,0.1232876712328767123287671233,0.04900231438043410270845061876,0.03528166635391255395008444551
53.57077625570776255707762847,0,0.000,53.57077625570776255707762847,0.5205479452054794520547945206,0.3698630136986301369863013699,53.05022831050228310502283395,0E-28,0E-28,0,0,0,852,853,2037,ZBO,0.5205479452054794520547945206,0.3698630136986301369863013699,0.1460561706386438981672609074,0.1051604428598236066804278533
53.05022831050228310502283395,0,0.000,53.05022831050228310502283395,0.5205479452054794520547945206,0.3698630136986301369863013699,52.52968036529680365296803943,0E-28,0E-28,0,0,0,853,854,2037,ZBO,0.5205479452054794520547945206,0.3698630136986301369863013699,0.1446300118846562832301244841,0.1041336085569525239256896286
52.52968036529680365296803943,0,0.000,52.52968036529680365296803943,0.5205479452054794520547945206,0.3698630136986301369863013699,52.00913242009132420091324491,0E-28,0E-28,0,0,0,854,855,2037,ZBO,0.5205479452054794520547945206,0.3698630136986301369863013699,0.1432038531306686682929880607,0.1031067742540814411709514037
52.00913242009132420091324491,0,0.000,52.00913242009132420091324491,0.5205479452054794520547945206,0.3698630136986301369863013699,51.48858447488584474885845039,0E-28,0E-28,0,0,0,855,856,2037,ZBO,0.5205479452054794520547945206,0.3698630136986301369863013699,0.1417776943766810533558516374,0.1020799399512103584162131789
51.48858447488584474885845039,0,0.000,51.48858447488584474885845039,0.5205479452054794520547945206,0.3698630136986301369863013699,50.96803652968036529680365587,0E-28,0E-28,0,0,0,856,857,2037,ZBO,0.5205479452054794520547945206,0.3698630136986301369863013699,0.1403515356226934384187152141,0.1010531056483392756614749542
50.96803652968036529680365587,0,0.000,50.96803652968036529680365587,0.5205479452054794520547945206,0.3698630136986301369863013699,50.44748858447488584474886135,0E-28,0E-28,0,0,0,857,858,2037,ZBO,0.5205479452054794520547945206,0.3698630136986301369863013699,0.1389253768687058234815787907,0.1000262713454681929067367293
50.44748858447488584474886135,0,0.000,50.44748858447488584474886135,0.5205479452054794520547945206,0.3698630136986301369863013699,49.92694063926940639269406683,0E-28,0E-28,0,0,0,858,859,2037,ZBO,0.5205479452054794520547945206,0.3698630136986301369863013699,0.1374992181147182085444423674,0.09899943704259711015199850453
49.92694063926940639269406683,0,0.000,49.92694063926940639269406683,0.5205479452054794520547945206,0.3698630136986301369863013699,49.40639269406392694063927231,0E-28,0E-28,0,0,0,859,860,2037,ZBO,0.5205479452054794520547945206,0.3698630136986301369863013699,0.1360730593607305936073059440,0.09797260273972602739726027968
49.40639269406392694063927231,0,0.000,49.40639269406392694063927231,0.5205479452054794520547945206,0.3698630136986301369863013699,48.88584474885844748858447779,0E-28,0E-28,0,0,0,860,861,2037,ZBO,0.5205479452054794520547945206,0.3698630136986301369863013699,0.1346469006067429786701695207,0.09694576843685494464252205490
48.88584474885844748858447779,0,0.000,48.88584474885844748858447779,0.5205479452054794520547945206,0.3698630136986301369863013699,48.36529680365296803652968327,0E-28,0E-28,0,0,0,861,862,2037,ZBO,0.5205479452054794520547945206,0.3698630136986301369863013699,0.1332207418527553637330330974,0.09591893413398386188778383013
48.36529680365296803652968327,0,0.000,48.36529680365296803652968327,0.5205479452054794520547945206,0.3698630136986301369863013699,47.84474885844748858447488875,0E-28,0E-28,0,0,0,862,863,2037,ZBO,0.5205479452054794520547945206,0.3698630136986301369863013699,0.1317945830987677487958966740,0.09489209983111277913304560528
47.84474885844748858447488875,0,0.000,47.84474885844748858447488875,0.5205479452054794520547945206,0.3698630136986301369863013699,47.32420091324200913242009423,0E-28,0E-28,0,0,0,863,864,2037,ZBO,0.5205479452054794520547945206,0.3698630136986301369863013699,0.1303684243447801338587602507,0.09386526552824169637830738050
47.32420091324200913242009423,0,0.000,47.32420091324200913242009423,0.5205479452054794520547945206,0.3698630136986301369863013699,46.80365296803652968036529971,0E-28,0E-28,0,0,0,864,865,2037,ZBO,0.5205479452054794520547945206,0.3698630136986301369863013699,0.1289422655907925189216238273,0.09283843122537061362356915566
46.80365296803652968036529971,0,0.000,46.80365296803652968036529971,0.5205479452054794520547945206,0.3698630136986301369863013699,46.28310502283105022831050519,0E-28,0E-28,0,0,0,865,866,2037,ZBO,0.5205479452054794520547945206,0.3698630136986301369863013699,0.1275161068368049039844874040,0.09181159692249953086883093088
46.28310502283105022831050519,0,0.000,46.28310502283105022831050519,0.5205479452054794520547945206,0.3698630136986301369863013699,45.76255707762557077625571067,0E-28,0E-28,0,0,0,866,867,2037,ZBO,0.5205479452054794520547945206,0.3698630136986301369863013699,0.1260899480828172890473509806,0.09078476261962844811409270603
45.76255707762557077625571067,0,0.000,45.76255707762557077625571067,0.5205479452054794520547945206,0.3698630136986301369863013699,45.24200913242009132420091615,0E-28,0E-28,0,0,0,867,868,2037,ZBO,0.5205479452054794520547945206,0.3698630136986301369863013699,0.1246637893288296741102145573,0.08975792831675736535935448126
45.24200913242009132420091615,0,0.000,45.24200913242009132420091615,0.5205479452054794520547945206,0.3698630136986301369863013699,44.72146118721461187214612163,0E-28,0E-28,0,0,0,868,869,2037,ZBO,0.5205479452054794520547945206,0.3698630136986301369863013699,0.1232376305748420591730781340,0.08873109401388628260461625648
44.72146118721461187214612163,0,0.000,44.72146118721461187214612163,0.5205479452054794520547945206,0.3698630136986301369863013699,44.20091324200913242009132711,0E-28,0E-28,0,0,0,869,870,2037,ZBO,0.5205479452054794520547945206,0.3698630136986301369863013699,0.1218114718208544442359417106,0.08770425971101519984987803163
44.20091324200913242009132711,0,0.000,44.20091324200913242009132711,0.5205479452054794520547945206,0.3698630136986301369863013699,43.68036529680365296803653259,0E-28,0E-28,0,0,0,870,871,2037,ZBO,0.5205479452054794520547945206,0.3698630136986301369863013699,0.1203853130668668292988052873,0.08667742540814411709513980686
43.68036529680365296803653259,0,0.000,43.68036529680365296803653259,0.5205479452054794520547945206,0.3698630136986301369863013699,43.15981735159817351598173807,0E-28,0E-28,0,0,0,871,872,2037,ZBO,0.5205479452054794520547945206,0.3698630136986301369863013699,0.1189591543128792143616688639,0.08565059110527303434040158201
43.15981735159817351598173807,0,0.000,43.15981735159817351598173807,0.5205479452054794520547945206,0.3698630136986301369863013699,42.63926940639269406392694355,0E-28,0E-28,0,0,0,872,873,2037,ZBO,0.5205479452054794520547945206,0.3698630136986301369863013699,0.1175329955588915994245324406,0.08462375680240195158566335723
42.63926940639269406392694355,0,0.000,42.63926940639269406392694355,0.5205479452054794520547945206,0.3698630136986301369863013699,42.11872146118721461187214903,0E-28,0E-28,0,0,0,873,874,2037,ZBO,0.5205479452054794520547945206,0.3698630136986301369863013699,0.1161068368049039844873960172,0.08359692249953086883092513238
42.11872146118721461187214903,0,0.000,42.11872146118721461187214903,0.5205479452054794520547945206,0.3698630136986301369863013699,41.59817351598173515981735451,0E-28,0E-28,0,0,0,874,875,2037,ZBO,0.5205479452054794520547945206,0.3698630136986301369863013699,0.1146806780509163695502595939,0.08257008819665978607618690761
41.59817351598173515981735451,0,0.000,41.59817351598173515981735451,0.5205479452054794520547945206,0.3698630136986301369863013699,41.07762557077625570776255999,0E-28,0E-28,0,0,0,875,876,2037,ZBO,0.5205479452054794520547945206,0.3698630136986301369863013699,0.1132545192969287546131231706,0.08154325389378870332144868283
41.07762557077625570776255999,0,0.000,41.07762557077625570776255999,0.5205479452054794520547945206,0.3698630136986301369863013699,40.55707762557077625570776547,0E-28,0E-28,0,0,0,876,877,2037,ZBO,0.5205479452054794520547945206,0.3698630136986301369863013699,0.1118283605429411396759867472,0.08051641959091762056671045798
40.55707762557077625570776547,0,0.000,40.55707762557077625570776547,0.5205479452054794520547945206,0.3698630136986301369863013699,40.03652968036529680365297095,0E-28,0E-28,0,0,0,877,878,2037,ZBO,0.5205479452054794520547945206,0.3698630136986301369863013699,0.1104022017889535247388503239,0.07948958528804653781197223321
40.03652968036529680365297095,0,0.000,40.03652968036529680365297095,0.5205479452054794520547945206,0.3698630136986301369863013699,39.51598173515981735159817643,0E-28,0E-28,0,0,0,878,879,2037,ZBO,0.5205479452054794520547945206,0.3698630136986301369863013699,0.1089760430349659098017139005,0.07846275098517545505723400836
39.51598173515981735159817643,0,0.000,39.51598173515981735159817643,0.5205479452054794520547945206,0.3698630136986301369863013699,38.99543378995433789954338191,0E-28,0E-28,0,0,0,879,880,2037,ZBO,0.5205479452054794520547945206,0.3698630136986301369863013699,0.1075498842809782948645774772,0.07743591668230437230249578358
38.99543378995433789954338191,0,0.000,38.99543378995433789954338191,0.5205479452054794520547945206,0.3698630136986301369863013699,38.47488584474885844748858739,0E-28,0E-28,0,0,0,880,881,2037,ZBO,0.5205479452054794520547945206,0.3698630136986301369863013699,0.1061237255269906799274410538,0.07640908237943328954775755874
38.47488584474885844748858739,0,0.000,38.47488584474885844748858739,0.5205479452054794520547945206,0.3698630136986301369863013699,37.95433789954337899543379287,0E-28,0E-28,0,0,0,881,882,2037,ZBO,0.5205479452054794520547945206,0.3698630136986301369863013699,0.1046975667730030649903046305,0.07538224807656220679301933396
37.95433789954337899543379287,0,0.000,37.95433789954337899543379287,0.04337899543378995433789954338,0.03082191780821917808219178082,37.91095890410958904109589333,0E-29,0E-29,0,0,0,882,10585/12,2037,ZBO,0.04337899543378995433789954338,0.03082191780821917808219178082,0.008660422009549425574946311210,0.006235503846875586413961344071
37.91095890410958904109589333,17.37747952600151590778843843,0.2085297543120181908934612612,55.07990867579908675799087050,0.4771689497716894977168949773,0.3390410958904109589041095891,54.60273972602739726027397552,0E-28,0E-28,17.37747952600151590778843843,0E-26,0,10585/12,883,2037,ZBO,0.4771689497716894977168949773,0.3390410958904109589041095891,0.1377293530159921602969079117,0.09916513417151435541377369642
54.60273972602739726027397552,0,0.000,54.60273972602739726027397552,0.5205479452054794520547945206,0.3698630136986301369863013699,54.08219178082191780821918100,0E-28,0E-28,0,0,0,883,884,2037,ZBO,0.5205479452054794520547945206,0.3698630136986301369863013699,0.1488834678176018014636892555,0.1071960968286732970538562640
54.08219178082191780821918100,0,0.000,54.08219178082191780821918100,0.5205479452054794520547945206,0.3698630136986301369863013699,53.56164383561643835616438648,0E-28,0E-28,0,0,0,884,885,2037,ZBO,0.5205479452054794520547945206,0.3698630136986301369863013699,0.1474573090636141865265528322,0.1061692625258022142991180392
53.56164383561643835616438648,0,0.000,53.56164383561643835616438648,0.5205479452054794520547945206,0.3698630136986301369863013699,53.04109589041095890410959196,0E-28,0E-28,0,0,0,885,886,2037,ZBO,0.5205479452054794520547945206,0.3698630136986301369863013699,0.1460311503096265715894164088,0.1051424282229311315443798143
53.04109589041095890410959196,0,0.000,53.04109589041095890410959196,0.5205479452054794520547945206,0.3698630136986301369863013699,52.52054794520547945205479744,0E-28,0E-28,0,0,0,886,887,2037,ZBO,0.5205479452054794520547945206,0.3698630136986301369863013699,0.1446049915556389566522799855,0.1041155939200600487896415896
52.52054794520547945205479744,0,0.000,52.52054794520547945205479744,0.5205479452054794520547945206,0.3698630136986301369863013699,52.00000000000000000000000292,0E-28,0E-28,0,0,0,887,888,2037,ZBO,0.5205479452054794520547945206,0.3698630136986301369863013699,0.1431788328016513417151435622,0.1030887596171889660349033648
52.00000000000000000000000292,0,0.000,52.00000000000000000000000292,0.5205479452054794520547945206,0.3698630136986301369863013699,51.47945205479452054794520840,0E-28,0E-28,0,0,0,888,889,2037,ZBO,0.5205479452054794520547945206,0.3698630136986301369863013699,0.1417526740476637267780071388,0.1020619253143178832801651399
51.47945205479452054794520840,0,0.000,51.47945205479452054794520840,0.5205479452054794520547945206,0.3698630136986301369863013699,50.95890410958904109589041388,0E-28,0E-28,0,0,0,889,890,2037,ZBO,0.5205479452054794520547945206,0.3698630136986301369863013699,0.1403265152936761118408707155,0.1010350910114468005254269152
50.95890410958904109589041388,0,0.000,50.95890410958904109589041388,0.5205479452054794520547945206,0.3698630136986301369863013699,50.43835616438356164383561936,0E-28,0E-28,0,0,0,890,891,2037,ZBO,0.5205479452054794520547945206,0.3698630136986301369863013699,0.1389003565396884969037342921,0.1000082567085757177706886903
50.43835616438356164383561936,0,0.000,50.43835616438356164383561936,0.5205479452054794520547945206,0.3698630136986301369863013699,49.91780821917808219178082484,0E-28,0E-28,0,0,0,891,892,2037,ZBO,0.5205479452054794520547945206,0.3698630136986301369863013699,0.1374741977857008819665978688,0.09898142240570463501595046554
49.91780821917808219178082484,0,0.000,49.91780821917808219178082484,0.5205479452054794520547945206,0.3698630136986301369863013699,49.39726027397260273972603032,0E-28,0E-28,0,0,0,892,893,2037,ZBO,0.5205479452054794520547945206,0.3698630136986301369863013699,0.1360480390317132670294614454,0.09795458810283355226121224069
49.39726027397260273972603032,0,0.000,49.39726027397260273972603032,0.5205479452054794520547945206,0.3698630136986301369863013699,48.87671232876712328767123580,0E-28,0E-28,0,0,0,893,894,2037,ZBO,0.5205479452054794520547945206,0.3698630136986301369863013699,0.1346218802777256520923250221,0.09692775379996246950647401591
48.87671232876712328767123580,0,0.000,48.87671232876712328767123580,0.5205479452054794520547945206,0.3698630136986301369863013699,48.35616438356164383561644128,0E-28,0E-28,0,0,0,894,895,2037,ZBO,0.5205479452054794520547945206,0.3698630136986301369863013699,0.1331957215237380371551885988,0.09590091949709138675173579114
48.35616438356164383561644128,0,0.000,48.35616438356164383561644128,0.5205479452054794520547945206,0.3698630136986301369863013699,47.83561643835616438356164676,0E-28,0E-28,0,0,0,895,896,2037,ZBO,0.5205479452054794520547945206,0.3698630136986301369863013699,0.1317695627697504222180521754,0.09487408519422030399699756629
47.83561643835616438356164676,0,0.000,47.83561643835616438356164676,0.5205479452054794520547945206,0.3698630136986301369863013699,47.31506849315068493150685224,0E-28,0E-28,0,0,0,896,897,2037,ZBO,0.5205479452054794520547945206,0.3698630136986301369863013699,0.1303434040157628072809157521,0.09384725089134922124225934151
47.31506849315068493150685224,0,0.000,47.31506849315068493150685224,0.5205479452054794520547945206,0.3698630136986301369863013699,46.79452054794520547945205772,0E-28,0E-28,0,0,0,897,898,2037,ZBO,0.5205479452054794520547945206,0.3698630136986301369863013699,0.1289172452617751923437793287,0.09282041658847813848752111666
46.79452054794520547945205772,0,0.000,46.79452054794520547945205772,0.5205479452054794520547945206,0.3698630136986301369863013699,46.27397260273972602739726320,0E-28,0E-28,0,0,0,898,899,2037,ZBO,0.5205479452054794520547945206,0.3698630136986301369863013699,0.1274910865077875774066429054,0.09179358228560705573278289189
46.27397260273972602739726320,0,0.000,46.27397260273972602739726320,0.5205479452054794520547945206,0.3698630136986301369863013699,45.75342465753424657534246868,0E-28,0E-28,0,0,0,899,900,2037,ZBO,0.5205479452054794520547945206,0.3698630136986301369863013699,0.1260649277537999624695064820,0.09076674798273597297804466704
45.75342465753424657534246868,0,0.000,45.75342465753424657534246868,0.5205479452054794520547945206,0.3698630136986301369863013699,45.23287671232876712328767416,0E-28,0E-28,0,0,0,900,901,2037,ZBO,0.5205479452054794520547945206,0.3698630136986301369863013699,0.1246387689998123475323700587,0.08973991367986489022330644226
45.23287671232876712328767416,0,0.000,45.23287671232876712328767416,0.5205479452054794520547945206,0.3698630136986301369863013699,44.71232876712328767123287964,0E-28,0E-28,0,0,0,901,902,2037,ZBO,0.5205479452054794520547945206,0.3698630136986301369863013699,0.1232126102458247325952336354,0.08871307937699380746856821749
44.71232876712328767123287964,0,0.000,44.71232876712328767123287964,0.5205479452054794520547945206,0.3698630136986301369863013699,44.19178082191780821917808512,0E-28,0E-28,0,0,0,902,903,2037,ZBO,0.5205479452054794520547945206,0.3698630136986301369863013699,0.1217864514918371176580972120,0.08768624507412272471382999264
44.19178082191780821917808512,0,0.000,44.19178082191780821917808512,0.5205479452054794520547945206,0.3698630136986301369863013699,43.67123287671232876712329060,0E-28,0E-28,0,0,0,903,904,2037,ZBO,0.5205479452054794520547945206,0.3698630136986301369863013699,0.1203602927378495027209607887,0.08665941077125164195909176786
43.67123287671232876712329060,0,0.000,43.67123287671232876712329060,0.5205479452054794520547945206,0.3698630136986301369863013699,43.15068493150684931506849608,0E-28,0E-28,0,0,0,904,905,2037,ZBO,0.5205479452054794520547945206,0.3698630136986301369863013699,0.1189341339838618877838243653,0.08563257646838055920435354302
43.15068493150684931506849608,0,0.000,43.15068493150684931506849608,0.5205479452054794520547945206,0.3698630136986301369863013699,42.63013698630136986301370156,0E-28,0E-28,0,0,0,905,906,2037,ZBO,0.5205479452054794520547945206,0.3698630136986301369863013699,0.1175079752298742728466879420,0.08460574216550947644961531824
42.63013698630136986301370156,0,0.000,42.63013698630136986301370156,0.5205479452054794520547945206,0.3698630136986301369863013699,42.10958904109589041095890704,0E-28,0E-28,0,0,0,906,907,2037,ZBO,0.5205479452054794520547945206,0.3698630136986301369863013699,0.1160818164758866579095515186,0.08357890786263839369487709339
42.10958904109589041095890704,0,0.000,42.10958904109589041095890704,0.5205479452054794520547945206,0.3698630136986301369863013699,41.58904109589041095890411252,0E-28,0E-28,0,0,0,907,908,2037,ZBO,0.5205479452054794520547945206,0.3698630136986301369863013699,0.1146556577218990429724150953,0.08255207355976731094013886862
41.58904109589041095890411252,0,0.000,41.58904109589041095890411252,0.5205479452054794520547945206,0.3698630136986301369863013699,41.06849315068493150684931800,0E-28,0E-28,0,0,0,908,909,2037,ZBO,0.5205479452054794520547945206,0.3698630136986301369863013699,0.1132294989679114280352786720,0.08152523925689622818540064384
41.06849315068493150684931800,0,0.000,41.06849315068493150684931800,0.5205479452054794520547945206,0.3698630136986301369863013699,40.54794520547945205479452348,0E-28,0E-28,0,0,0,909,910,2037,ZBO,0.5205479452054794520547945206,0.3698630136986301369863013699,0.1118033402139238130981422486,0.08049840495402514543066241899
40.54794520547945205479452348,0,0.000,40.54794520547945205479452348,0.5205479452054794520547945206,0.3698630136986301369863013699,40.02739726027397260273972896,0E-28,0E-28,0,0,0,910,911,2037,ZBO,0.5205479452054794520547945206,0.3698630136986301369863013699,0.1103771814599361981610058253,0.07947157065115406267592419422
40.02739726027397260273972896,0,0.000,40.02739726027397260273972896,0.5205479452054794520547945206,0.3698630136986301369863013699,39.50684931506849315068493444,0E-28,0E-28,0,0,0,911,912,2037,ZBO,0.5205479452054794520547945206,0.3698630136986301369863013699,0.1089510227059485832238694019,0.07844473634828297992118596937
39.50684931506849315068493444,0,0.000,39.50684931506849315068493444,0.2602739726027397260273972603,0.1849315068493150684931506850,39.24657534246575342465753718,0E-28,0E-28,0,0,0,912,1825/2,2037,ZBO,0.2602739726027397260273972603,0.1849315068493150684931506850,0.05394070182022893601050854221,0.03883730531056483392756615039
39.24657534246575342465753718,17.37747952600151590778843843,0.2085297543120181908934612612,56.41552511415525114155251435,0.2602739726027397260273972603,0.1849315068493150684931506850,56.15525114155251141552511709,0E-28,0E-28,17.37747952600151590778843843,0E-26,0,1825/2,913,2037,ZBO,0.2602739726027397260273972603,0.1849315068493150684931506850,0.07710327140801901545005317220,0.05551435541377369112403828398
56.15525114155251141552511709,0,0.000,56.15525114155251141552511709,0.5205479452054794520547945206,0.3698630136986301369863013699,55.63470319634703196347032257,0E-28,0E-28,0,0,0,913,914,2037,ZBO,0.5205479452054794520547945206,0.3698630136986301369863013699,0.1531369237505473196972540270,0.1102585851003940701820228994
55.63470319634703196347032257,0,0.000,55.63470319634703196347032257,0.5205479452054794520547945206,0.3698630136986301369863013699,55.11415525114155251141552805,0E-28,0E-28,0,0,0,914,915,2037,ZBO,0.5205479452054794520547945206,0.3698630136986301369863013699,0.1517107649965597047601176036,0.1092317507975229874272846746
55.11415525114155251141552805,0,0.000,55.11415525114155251141552805,0.5205479452054794520547945206,0.3698630136986301369863013699,54.59360730593607305936073353,0E-28,0E-28,0,0,0,915,916,2037,ZBO,0.5205479452054794520547945206,0.3698630136986301369863013699,0.1502846062425720898229811803,0.1082049164946519046725464498
54.59360730593607305936073353,0,0.000,54.59360730593607305936073353,0.5205479452054794520547945206,0.3698630136986301369863013699,54.07305936073059360730593901,0E-28,0E-28,0,0,0,916,917,2037,ZBO,0.5205479452054794520547945206,0.3698630136986301369863013699,0.1488584474885844748858447569,0.1071780821917808219178082250
54.07305936073059360730593901,0,0.000,54.07305936073059360730593901,0.5205479452054794520547945206,0.3698630136986301369863013699,53.55251141552511415525114449,0E-28,0E-28,0,0,0,917,918,2037,ZBO,0.5205479452054794520547945206,0.3698630136986301369863013699,0.1474322887345968599487083336,0.1061512478889097391630700002
53.55251141552511415525114449,0,0.000,53.55251141552511415525114449,0.5205479452054794520547945206,0.3698630136986301369863013699,53.03196347031963470319634997,0E-28,0E-28,0,0,0,918,919,2037,ZBO,0.5205479452054794520547945206,0.3698630136986301369863013699,0.1460061299806092450115719103,0.1051244135860386564083317754
53.03196347031963470319634997,0,0.000,53.03196347031963470319634997,0.5205479452054794520547945206,0.3698630136986301369863013699,52.51141552511415525114155545,0E-28,0E-28,0,0,0,919,920,2037,ZBO,0.5205479452054794520547945206,0.3698630136986301369863013699,0.1445799712266216300744354869,0.1040975792831675736535935506
52.51141552511415525114155545,0,0.000,52.51141552511415525114155545,0.5205479452054794520547945206,0.3698630136986301369863013699,51.99086757990867579908676093,0E-28,0E-28,0,0,0,920,921,2037,ZBO,0.5205479452054794520547945206,0.3698630136986301369863013699,0.1431538124726340151372990636,0.1030707449802964908988553258
51.99086757990867579908676093,0,0.000,51.99086757990867579908676093,0.5205479452054794520547945206,0.3698630136986301369863013699,51.47031963470319634703196641,0E-28,0E-28,0,0,0,921,922,2037,ZBO,0.5205479452054794520547945206,0.3698630136986301369863013699,0.1417276537186464002001626402,0.1020439106774254081441171009
51.47031963470319634703196641,0,0.000,51.47031963470319634703196641,0.5205479452054794520547945206,0.3698630136986301369863013699,50.94977168949771689497717189,0E-28,0E-28,0,0,0,922,923,2037,ZBO,0.5205479452054794520547945206,0.3698630136986301369863013699,0.1403014949646587852630262169,0.1010170763745543253893788762
50.94977168949771689497717189,0,0.000,50.94977168949771689497717189,0.5205479452054794520547945206,0.3698630136986301369863013699,50.42922374429223744292237737,0E-28,0E-28,0,0,0,923,924,2037,ZBO,0.5205479452054794520547945206,0.3698630136986301369863013699,0.1388753362106711703258897936,0.09999024207168324263464065139
50.42922374429223744292237737,0,0.000,50.42922374429223744292237737,0.5205479452054794520547945206,0.3698630136986301369863013699,49.90867579908675799086758285,0E-28,0E-28,0,0,0,924,925,2037,ZBO,0.5205479452054794520547945206,0.3698630136986301369863013699,0.1374491774566835553887533702,0.09896340776881215987990242654
49.90867579908675799086758285,0,0.000,49.90867579908675799086758285,0.5205479452054794520547945206,0.3698630136986301369863013699,49.38812785388127853881278833,0E-28,0E-28,0,0,0,925,926,2037,ZBO,0.5205479452054794520547945206,0.3698630136986301369863013699,0.1360230187026959404516169468,0.09793657346594107712516420170
49.38812785388127853881278833,0,0.000,49.38812785388127853881278833,0.5205479452054794520547945206,0.3698630136986301369863013699,48.86757990867579908675799381,0E-28,0E-28,0,0,0,926,927,2037,ZBO,0.5205479452054794520547945206,0.3698630136986301369863013699,0.1345968599487083255144805235,0.09690973916306999437042597692
48.86757990867579908675799381,0,0.000,48.86757990867579908675799381,0.5205479452054794520547945206,0.3698630136986301369863013699,48.34703196347031963470319929,0E-28,0E-28,0,0,0,927,928,2037,ZBO,0.5205479452054794520547945206,0.3698630136986301369863013699,0.1331707011947207105773441002,0.09588290486019891161568775214
48.34703196347031963470319929,0,0.000,48.34703196347031963470319929,0.5205479452054794520547945206,0.3698630136986301369863013699,47.82648401826484018264840477,0E-28,0E-28,0,0,0,928,929,2037,ZBO,0.5205479452054794520547945206,0.3698630136986301369863013699,0.1317445424407330956402076768,0.09485607055732782886094952730
47.82648401826484018264840477,0,0.000,47.82648401826484018264840477,0.5205479452054794520547945206,0.3698630136986301369863013699,47.30593607305936073059361025,0E-28,0E-28,0,0,0,929,930,2037,ZBO,0.5205479452054794520547945206,0.3698630136986301369863013699,0.1303183836867454807030712535,0.09382923625445674610621130252
47.30593607305936073059361025,0,0.000,47.30593607305936073059361025,0.5205479452054794520547945206,0.3698630136986301369863013699,46.78538812785388127853881573,0E-28,0E-28,0,0,0,930,931,2037,ZBO,0.5205479452054794520547945206,0.3698630136986301369863013699,0.1288922249327578657659348301,0.09280240195158566335147307767
46.78538812785388127853881573,0,0.000,46.78538812785388127853881573,0.5205479452054794520547945206,0.3698630136986301369863013699,46.26484018264840182648402121,0E-28,0E-28,0,0,0,931,932,2037,ZBO,0.5205479452054794520547945206,0.3698630136986301369863013699,0.1274660661787702508287984068,0.09177556764871458059673485290
46.26484018264840182648402121,0,0.000,46.26484018264840182648402121,0.5205479452054794520547945206,0.3698630136986301369863013699,45.74429223744292237442922669,0E-28,0E-28,0,0,0,932,933,2037,ZBO,0.5205479452054794520547945206,0.3698630136986301369863013699,0.1260399074247826358916619834,0.09074873334584349784199662805
45.74429223744292237442922669,0,0.000,45.74429223744292237442922669,0.5205479452054794520547945206,0.3698630136986301369863013699,45.22374429223744292237443217,0E-28,0E-28,0,0,0,933,934,2037,ZBO,0.5205479452054794520547945206,0.3698630136986301369863013699,0.1246137486707950209545255601,0.08972189904297241508725840327
45.22374429223744292237443217,0,0.000,45.22374429223744292237443217,0.5205479452054794520547945206,0.3698630136986301369863013699,44.70319634703196347031963765,0E-28,0E-28,0,0,0,934,935,2037,ZBO,0.5205479452054794520547945206,0.3698630136986301369863013699,0.1231875899168074060173891368,0.08869506474010133233252017850
44.70319634703196347031963765,0,0.000,44.70319634703196347031963765,0.5205479452054794520547945206,0.3698630136986301369863013699,44.18264840182648401826484313,0E-28,0E-28,0,0,0,935,936,2037,ZBO,0.5205479452054794520547945206,0.3698630136986301369863013699,0.1217614311628197910802527134,0.08766823043723024957778195365
44.18264840182648401826484313,0,0.000,44.18264840182648401826484313,0.5205479452054794520547945206,0.3698630136986301369863013699,43.66210045662100456621004861,0E-28,0E-28,0,0,0,936,937,2037,ZBO,0.5205479452054794520547945206,0.3698630136986301369863013699,0.1203352724088321761431162901,0.08664139613435916682304372887
43.66210045662100456621004861,0,0.000,43.66210045662100456621004861,0.5205479452054794520547945206,0.3698630136986301369863013699,43.14155251141552511415525409,0E-28,0E-28,0,0,0,937,938,2037,ZBO,0.5205479452054794520547945206,0.3698630136986301369863013699,0.1189091136548445612059798667,0.08561456183148808406830550402
43.14155251141552511415525409,0,0.000,43.14155251141552511415525409,0.5205479452054794520547945206,0.3698630136986301369863013699,42.62100456621004566210045957,0E-28,0E-28,0,0,0,938,939,2037,ZBO,0.5205479452054794520547945206,0.3698630136986301369863013699,0.1174829549008569462688434434,0.08458772752861700131356727925
42.62100456621004566210045957,0,0.000,42.62100456621004566210045957,0.5205479452054794520547945206,0.3698630136986301369863013699,42.10045662100456621004566505,0E-28,0E-28,0,0,0,939,940,2037,ZBO,0.5205479452054794520547945206,0.3698630136986301369863013699,0.1160567961468693313317070200,0.08356089322574591855882905440
42.10045662100456621004566505,0,0.000,42.10045662100456621004566505,0.5205479452054794520547945206,0.3698630136986301369863013699,41.57990867579908675799087053,0E-28,0E-28,0,0,0,940,941,2037,ZBO,0.5205479452054794520547945206,0.3698630136986301369863013699,0.1146306373928817163945705967,0.08253405892287483580409082962
41.57990867579908675799087053,0,0.000,41.57990867579908675799087053,0.5205479452054794520547945206,0.3698630136986301369863013699,41.05936073059360730593607601,0E-28,0E-28,0,0,0,941,942,2037,ZBO,0.5205479452054794520547945206,0.3698630136986301369863013699,0.1132044786388941014574341734,0.08150722462000375304935260485
41.05936073059360730593607601,0,0.000,41.05936073059360730593607601,0.4771689497716894977168949773,0.3390410958904109589041095891,40.58219178082191780821918103,0E-28,0E-28,0,0,0,942,11315/12,2037,ZBO,0.4771689497716894977168949773,0.3390410958904109589041095891,0.1025179312357957507141218981,0.07381291048977294051416776663
40.58219178082191780821918103,17.37747952600151590778843843,0.2085297543120181908934612612,57.75114155251141552511415820,0.04337899543378995433789954338,0.03082191780821917808219178082,57.70776255707762557077625866,0E-29,0E-29,17.37747952600151590778843843,0E-26,0,11315/12,943,2037,ZBO,0.04337899543378995433789954338,0.03082191780821917808219178082,0.01318024019515856633514730786,0.009489772940514167761306061659
57.70776255707762557077625866,0,0.000,57.70776255707762557077625866,0.5205479452054794520547945206,0.3698630136986301369863013699,57.18721461187214611872146414,0E-28,0E-28,0,0,0,943,944,2037,ZBO,0.5205479452054794520547945206,0.3698630136986301369863013699,0.1573903796834928379308187984,0.1133210733721148433101895348
57.18721461187214611872146414,0,0.000,57.18721461187214611872146414,0.5205479452054794520547945206,0.3698630136986301369863013699,56.66666666666666666666666962,0E-28,0E-28,0,0,0,944,945,2037,ZBO,0.5205479452054794520547945206,0.3698630136986301369863013699,0.1559642209295052229936823751,0.1122942390692437605554513101
56.66666666666666666666666962,0,0.000,56.66666666666666666666666962,0.5205479452054794520547945206,0.3698630136986301369863013699,56.14611872146118721461187510,0E-28,0E-28,0,0,0,945,946,2037,ZBO,0.5205479452054794520547945206,0.3698630136986301369863013699,0.1545380621755176080565459517,0.1112674047663726778007130852
56.14611872146118721461187510,0,0.000,56.14611872146118721461187510,0.5205479452054794520547945206,0.3698630136986301369863013699,55.62557077625570776255708058,0E-28,0E-28,0,0,0,946,947,2037,ZBO,0.5205479452054794520547945206,0.3698630136986301369863013699,0.1531119034215299931194095284,0.1102405704635015950459748604
55.62557077625570776255708058,0,0.000,55.62557077625570776255708058,0.5205479452054794520547945206,0.3698630136986301369863013699,55.10502283105022831050228606,0E-28,0E-28,0,0,0,947,948,2037,ZBO,0.5205479452054794520547945206,0.3698630136986301369863013699,0.1516857446675423781822731049,0.1092137361606305122912366355
55.10502283105022831050228606,0,0.000,55.10502283105022831050228606,0.5205479452054794520547945206,0.3698630136986301369863013699,54.58447488584474885844749154,0E-28,0E-28,0,0,0,948,949,2037,ZBO,0.5205479452054794520547945206,0.3698630136986301369863013699,0.1502595859135547632451366817,0.1081869018577594295364984108
54.58447488584474885844749154,0,0.000,54.58447488584474885844749154,0.5205479452054794520547945206,0.3698630136986301369863013699,54.06392694063926940639269702,0E-28,0E-28,0,0,0,949,950,2037,ZBO,0.5205479452054794520547945206,0.3698630136986301369863013699,0.1488334271595671483080002584,0.1071600675548883467817601860
54.06392694063926940639269702,0,0.000,54.06392694063926940639269702,0.5205479452054794520547945206,0.3698630136986301369863013699,53.54337899543378995433790250,0E-28,0E-28,0,0,0,950,951,2037,ZBO,0.5205479452054794520547945206,0.3698630136986301369863013699,0.1474072684055795333708638349,0.1061332332520172640270219611
53.54337899543378995433790250,0,0.000,53.54337899543378995433790250,0.5205479452054794520547945206,0.3698630136986301369863013699,53.02283105022831050228310798,0E-28,0E-28,0,0,0,951,952,2037,ZBO,0.5205479452054794520547945206,0.3698630136986301369863013699,0.1459811096515919184337274117,0.1051063989491461812722837364
53.02283105022831050228310798,0,0.000,53.02283105022831050228310798,0.5205479452054794520547945206,0.3698630136986301369863013699,52.50228310502283105022831346,0E-28,0E-28,0,0,0,952,953,2037,ZBO,0.5205479452054794520547945206,0.3698630136986301369863013699,0.1445549508976043034965909882,0.1040795646462750985175455115
52.50228310502283105022831346,0,0.000,52.50228310502283105022831346,0.5205479452054794520547945206,0.3698630136986301369863013699,51.98173515981735159817351894,0E-28,0E-28,0,0,0,953,954,2037,ZBO,0.5205479452054794520547945206,0.3698630136986301369863013699,0.1431287921436166885594545649,0.1030527303434040157628072867
51.98173515981735159817351894,0,0.000,51.98173515981735159817351894,0.5205479452054794520547945206,0.3698630136986301369863013699,51.46118721461187214611872442,0E-28,0E-28,0,0,0,954,955,2037,ZBO,0.5205479452054794520547945206,0.3698630136986301369863013699,0.1417026333896290736223181417,0.1020258960405329330080690620
51.46118721461187214611872442,0,0.000,51.46118721461187214611872442,0.5205479452054794520547945206,0.3698630136986301369863013699,50.94063926940639269406392990,0E-28,0E-28,0,0,0,955,956,2037,ZBO,0.5205479452054794520547945206,0.3698630136986301369863013699,0.1402764746356414586851817182,0.1009990617376618502533308371
50.94063926940639269406392990,0,0.000,50.94063926940639269406392990,0.5205479452054794520547945206,0.3698630136986301369863013699,50.42009132420091324200913538,0E-28,0E-28,0,0,0,956,957,2037,ZBO,0.5205479452054794520547945206,0.3698630136986301369863013699,0.1388503158816538437480452949,0.09997222743479076749859261233
50.42009132420091324200913538,0,0.000,50.42009132420091324200913538,0.5205479452054794520547945206,0.3698630136986301369863013699,49.89954337899543378995434086,0E-28,0E-28,0,0,0,957,958,2037,ZBO,0.5205479452054794520547945206,0.3698630136986301369863013699,0.1374241571276662288109088715,0.09894539313191968474385438748
49.89954337899543378995434086,0,0.000,49.89954337899543378995434086,0.5205479452054794520547945206,0.3698630136986301369863013699,49.37899543378995433789954634,0E-28,0E-28,0,0,0,958,959,2037,ZBO,0.5205479452054794520547945206,0.3698630136986301369863013699,0.1359979983736786138737724482,0.09791855882904860198911616270
49.37899543378995433789954634,0,0.000,49.37899543378995433789954634,0.5205479452054794520547945206,0.3698630136986301369863013699,48.85844748858447488584475182,0E-28,0E-28,0,0,0,959,960,2037,ZBO,0.5205479452054794520547945206,0.3698630136986301369863013699,0.1345718396196909989366360249,0.09689172452617751923437793793
48.85844748858447488584475182,0,0.000,48.85844748858447488584475182,0.5205479452054794520547945206,0.3698630136986301369863013699,48.33789954337899543378995730,0E-28,0E-28,0,0,0,960,961,2037,ZBO,0.5205479452054794520547945206,0.3698630136986301369863013699,0.1331456808657033839994996015,0.09586489022330643647963971308
48.33789954337899543378995730,0,0.000,48.33789954337899543378995730,0.5205479452054794520547945206,0.3698630136986301369863013699,47.81735159817351598173516278,0E-28,0E-28,0,0,0,961,962,2037,ZBO,0.5205479452054794520547945206,0.3698630136986301369863013699,0.1317195221117157690623631782,0.09483805592043535372490148830
47.81735159817351598173516278,0,0.000,47.81735159817351598173516278,0.5205479452054794520547945206,0.3698630136986301369863013699,47.29680365296803652968036826,0E-28,0E-28,0,0,0,962,963,2037,ZBO,0.5205479452054794520547945206,0.3698630136986301369863013699,0.1302933633577281541252267549,0.09381122161756427097016326353
47.29680365296803652968036826,0,0.000,47.29680365296803652968036826,0.5205479452054794520547945206,0.3698630136986301369863013699,46.77625570776255707762557374,0E-28,0E-28,0,0,0,963,964,2037,ZBO,0.5205479452054794520547945206,0.3698630136986301369863013699,0.1288672046037405391880903315,0.09278438731469318821542503868
46.77625570776255707762557374,0,0.000,46.77625570776255707762557374,0.5205479452054794520547945206,0.3698630136986301369863013699,46.25570776255707762557077922,0E-28,0E-28,0,0,0,964,965,2037,ZBO,0.5205479452054794520547945206,0.3698630136986301369863013699,0.1274410458497529242509539082,0.09175755301182210546068681390
46.25570776255707762557077922,0,0.000,46.25570776255707762557077922,0.5205479452054794520547945206,0.3698630136986301369863013699,45.73515981735159817351598470,0E-28,0E-28,0,0,0,965,966,2037,ZBO,0.5205479452054794520547945206,0.3698630136986301369863013699,0.1260148870957653093138174848,0.09073071870895102270594858906
45.73515981735159817351598470,0,0.000,45.73515981735159817351598470,0.5205479452054794520547945206,0.3698630136986301369863013699,45.21461187214611872146119018,0E-28,0E-28,0,0,0,966,967,2037,ZBO,0.5205479452054794520547945206,0.3698630136986301369863013699,0.1245887283417776943766810615,0.08970388440607993995121036428
45.21461187214611872146119018,0,0.000,45.21461187214611872146119018,0.5205479452054794520547945206,0.3698630136986301369863013699,44.69406392694063926940639566,0E-28,0E-28,0,0,0,967,968,2037,ZBO,0.5205479452054794520547945206,0.3698630136986301369863013699,0.1231625695877900794395446381,0.08867705010320885719647213943
44.69406392694063926940639566,0,0.000,44.69406392694063926940639566,0.5205479452054794520547945206,0.3698630136986301369863013699,44.17351598173515981735160114,0E-28,0E-28,0,0,0,968,969,2037,ZBO,0.5205479452054794520547945206,0.3698630136986301369863013699,0.1217364108338024645024082148,0.08765021580033777444173391466
44.17351598173515981735160114,0,0.000,44.17351598173515981735160114,0.5205479452054794520547945206,0.3698630136986301369863013699,43.65296803652968036529680662,0E-28,0E-28,0,0,0,969,970,2037,ZBO,0.5205479452054794520547945206,0.3698630136986301369863013699,0.1203102520798148495652717915,0.08662338149746669168699568988
43.65296803652968036529680662,0,0.000,43.65296803652968036529680662,0.5205479452054794520547945206,0.3698630136986301369863013699,43.13242009132420091324201210,0E-28,0E-28,0,0,0,970,971,2037,ZBO,0.5205479452054794520547945206,0.3698630136986301369863013699,0.1188840933258272346281353681,0.08559654719459560893225746503
43.13242009132420091324201210,0,0.000,43.13242009132420091324201210,0.5205479452054794520547945206,0.3698630136986301369863013699,42.61187214611872146118721758,0E-28,0E-28,0,0,0,971,972,2037,ZBO,0.5205479452054794520547945206,0.3698630136986301369863013699,0.1174579345718396196909989448,0.08456971289172452617751924026
42.61187214611872146118721758,0,0.000,42.61187214611872146118721758,0.5205479452054794520547945206,0.3698630136986301369863013699,42.09132420091324200913242306,0E-28,0E-28,0,0,0,972,973,2037,ZBO,0.5205479452054794520547945206,0.3698630136986301369863013699,0.1160317758178520047538625214,0.08354287858885344342278101541
42.09132420091324200913242306,0,0.000,42.09132420091324200913242306,0.1735159817351598173515981735,0.1232876712328767123287671233,41.91780821917808219178082489,0E-28,0E-28,0,0,0,973,2920/3,2037,ZBO,0.1735159817351598173515981735,0.1232876712328767123287671233,0.03836033443839786493192385751,0.02761944079564646275098517741
41.91780821917808219178082489,17.37747952600151590778843843,0.2085297543120181908934612612,59.08675799086757990867580206,0.3470319634703196347031963471,0.2465753424657534246575342466,58.73972602739726027397260571,0E-28,0E-28,17.37747952600151590778843843,0E-26,0,2920/3,974,2037,ZBO,0.3470319634703196347031963471,0.2465753424657534246575342466,0.1076040949938491691165738884,0.07747494839557140176393319965
58.73972602739726027397260571,0,0.000,58.73972602739726027397260571,0.5205479452054794520547945206,0.3698630136986301369863013699,58.21917808219178082191781119,0E-28,0E-28,0,0,0,974,975,2037,ZBO,0.5205479452054794520547945206,0.3698630136986301369863013699,0.1602176768624507412272471465,0.1153567273409645336836179455
58.21917808219178082191781119,0,0.000,58.21917808219178082191781119,0.5205479452054794520547945206,0.3698630136986301369863013699,57.69863013698630136986301667,0E-28,0E-28,0,0,0,975,976,2037,ZBO,0.5205479452054794520547945206,0.3698630136986301369863013699,0.1587915181084631262901107232,0.1143298930380934509288797207
57.69863013698630136986301667,0,0.000,57.69863013698630136986301667,0.5205479452054794520547945206,0.3698630136986301369863013699,57.17808219178082191780822215,0E-28,0E-28,0,0,0,976,977,2037,ZBO,0.5205479452054794520547945206,0.3698630136986301369863013699,0.1573653593544755113529742997,0.1133030587352223681741414958
57.17808219178082191780822215,0,0.000,57.17808219178082191780822215,0.5205479452054794520547945206,0.3698630136986301369863013699,56.65753424657534246575342763,0E-28,0E-28,0,0,0,977,978,2037,ZBO,0.5205479452054794520547945206,0.3698630136986301369863013699,0.1559392006004878964158378765,0.1122762244323512854194032711
56.65753424657534246575342763,0,0.000,56.65753424657534246575342763,0.5205479452054794520547945206,0.3698630136986301369863013699,56.13698630136986301369863311,0E-28,0E-28,0,0,0,978,979,2037,ZBO,0.5205479452054794520547945206,0.3698630136986301369863013699,0.1545130418465002814787014530,0.1112493901294802026646650462
56.13698630136986301369863311,0,0.000,56.13698630136986301369863311,0.5205479452054794520547945206,0.3698630136986301369863013699,55.61643835616438356164383859,0E-28,0E-28,0,0,0,979,980,2037,ZBO,0.5205479452054794520547945206,0.3698630136986301369863013699,0.1530868830925126665415650297,0.1102225558266091199099268214
55.61643835616438356164383859,0,0.000,55.61643835616438356164383859,0.5205479452054794520547945206,0.3698630136986301369863013699,55.09589041095890410958904407,0E-28,0E-28,0,0,0,980,981,2037,ZBO,0.5205479452054794520547945206,0.3698630136986301369863013699,0.1516607243385250516044286065,0.1091957215237380371551885967
55.09589041095890410958904407,0,0.000,55.09589041095890410958904407,0.5205479452054794520547945206,0.3698630136986301369863013699,54.57534246575342465753424955,0E-28,0E-28,0,0,0,981,982,2037,ZBO,0.5205479452054794520547945206,0.3698630136986301369863013699,0.1502345655845374366672921830,0.1081688872208669544004503718
54.57534246575342465753424955,0,0.000,54.57534246575342465753424955,0.5205479452054794520547945206,0.3698630136986301369863013699,54.05479452054794520547945503,0E-28,0E-28,0,0,0,982,983,2037,ZBO,0.5205479452054794520547945206,0.3698630136986301369863013699,0.1488084068305498217301557597,0.1071420529179958716457121470
54.05479452054794520547945503,0,0.000,54.05479452054794520547945503,0.5205479452054794520547945206,0.3698630136986301369863013699,53.53424657534246575342466051,0E-28,0E-28,0,0,0,983,984,2037,ZBO,0.5205479452054794520547945206,0.3698630136986301369863013699,0.1473822480765622067930193363,0.1061152186151247888909739221
53.53424657534246575342466051,0,0.000,53.53424657534246575342466051,0.5205479452054794520547945206,0.3698630136986301369863013699,53.01369863013698630136986599,0E-28,0E-28,0,0,0,984,985,2037,ZBO,0.5205479452054794520547945206,0.3698630136986301369863013699,0.1459560893225745918558829130,0.1050883843122537061362356974
53.01369863013698630136986599,0,0.000,53.01369863013698630136986599,0.5205479452054794520547945206,0.3698630136986301369863013699,52.49315068493150684931507147,0E-28,0E-28,0,0,0,985,986,2037,ZBO,0.5205479452054794520547945206,0.3698630136986301369863013699,0.1445299305685869769187464897,0.1040615500093826233814974726
52.49315068493150684931507147,0,0.000,52.49315068493150684931507147,0.5205479452054794520547945206,0.3698630136986301369863013699,51.97260273972602739726027695,0E-28,0E-28,0,0,0,986,987,2037,ZBO,0.5205479452054794520547945206,0.3698630136986301369863013699,0.1431037718145993619816100663,0.1030347157065115406267592477
51.97260273972602739726027695,0,0.000,51.97260273972602739726027695,0.5205479452054794520547945206,0.3698630136986301369863013699,51.45205479452054794520548243,0E-28,0E-28,0,0,0,987,988,2037,ZBO,0.5205479452054794520547945206,0.3698630136986301369863013699,0.1416776130606117470444736430,0.1020078814036404578720210230
51.45205479452054794520548243,0,0.000,51.45205479452054794520548243,0.5205479452054794520547945206,0.3698630136986301369863013699,50.93150684931506849315068791,0E-28,0E-28,0,0,0,988,989,2037,ZBO,0.5205479452054794520547945206,0.3698630136986301369863013699,0.1402514543066241321073372196,0.1009810471007693751172827981
50.93150684931506849315068791,0,0.000,50.93150684931506849315068791,0.5205479452054794520547945206,0.3698630136986301369863013699,50.41095890410958904109589339,0E-28,0E-28,0,0,0,989,990,2037,ZBO,0.5205479452054794520547945206,0.3698630136986301369863013699,0.1388252955526365171702007963,0.09995421279789829236254457334
50.41095890410958904109589339,0,0.000,50.41095890410958904109589339,0.5205479452054794520547945206,0.3698630136986301369863013699,49.89041095890410958904109887,0E-28,0E-28,0,0,0,990,991,2037,ZBO,0.5205479452054794520547945206,0.3698630136986301369863013699,0.1373991367986489022330643730,0.09892737849502720960780634856
49.89041095890410958904109887,0,0.000,49.89041095890410958904109887,0.5205479452054794520547945206,0.3698630136986301369863013699,49.36986301369863013698630435,0E-28,0E-28,0,0,0,991,992,2037,ZBO,0.5205479452054794520547945206,0.3698630136986301369863013699,0.1359729780446612872959279496,0.09790054419215612685306812371
49.36986301369863013698630435,0,0.000,49.36986301369863013698630435,0.5205479452054794520547945206,0.3698630136986301369863013699,48.84931506849315068493150983,0E-28,0E-28,0,0,0,992,993,2037,ZBO,0.5205479452054794520547945206,0.3698630136986301369863013699,0.1345468192906736723587915263,0.09687370988928504409832989894
48.84931506849315068493150983,0,0.000,48.84931506849315068493150983,0.5205479452054794520547945206,0.3698630136986301369863013699,48.32876712328767123287671531,0E-28,0E-28,0,0,0,993,994,2037,ZBO,0.5205479452054794520547945206,0.3698630136986301369863013699,0.1331206605366860574216551029,0.09584687558641396134359167409
48.32876712328767123287671531,0,0.000,48.32876712328767123287671531,0.5205479452054794520547945206,0.3698630136986301369863013699,47.80821917808219178082192079,0E-28,0E-28,0,0,0,994,995,2037,ZBO,0.5205479452054794520547945206,0.3698630136986301369863013699,0.1316945017826984424845186796,0.09482004128354287858885344931
47.80821917808219178082192079,0,0.000,47.80821917808219178082192079,0.5205479452054794520547945206,0.3698630136986301369863013699,47.28767123287671232876712627,0E-28,0E-28,0,0,0,995,996,2037,ZBO,0.5205479452054794520547945206,0.3698630136986301369863013699,0.1302683430287108275473822563,0.09379320698067179583411522454
47.28767123287671232876712627,0,0.000,47.28767123287671232876712627,0.5205479452054794520547945206,0.3698630136986301369863013699,46.76712328767123287671233175,0E-28,0E-28,0,0,0,996,997,2037,ZBO,0.5205479452054794520547945206,0.3698630136986301369863013699,0.1288421842747232126102458329,0.09276637267780071307937699969
46.76712328767123287671233175,0,0.000,46.76712328767123287671233175,0.5205479452054794520547945206,0.3698630136986301369863013699,46.24657534246575342465753723,0E-28,0E-28,0,0,0,997,998,2037,ZBO,0.5205479452054794520547945206,0.3698630136986301369863013699,0.1274160255207355976731094096,0.09173953837492963032463877491
46.24657534246575342465753723,0,0.000,46.24657534246575342465753723,0.5205479452054794520547945206,0.3698630136986301369863013699,45.72602739726027397260274271,0E-28,0E-28,0,0,0,998,999,2037,ZBO,0.5205479452054794520547945206,0.3698630136986301369863013699,0.1259898667667479827359729862,0.09071270407205854756990055006
45.72602739726027397260274271,0,0.000,45.72602739726027397260274271,0.5205479452054794520547945206,0.3698630136986301369863013699,45.20547945205479452054794819,0E-28,0E-28,0,0,0,999,1000,2037,ZBO,0.5205479452054794520547945206,0.3698630136986301369863013699,0.1245637080127603677988365629,0.08968586976918746481516232529
45.20547945205479452054794819,0,0.000,45.20547945205479452054794819,0.5205479452054794520547945206,0.3698630136986301369863013699,44.68493150684931506849315367,0E-28,0E-28,0,0,0,1000,1001,2037,ZBO,0.5205479452054794520547945206,0.3698630136986301369863013699,0.1231375492587727528617001395,0.08865903546631638206042410044
44.68493150684931506849315367,0,0.000,44.68493150684931506849315367,0.5205479452054794520547945206,0.3698630136986301369863013699,44.16438356164383561643835915,0E-28,0E-28,0,0,0,1001,1002,2037,ZBO,0.5205479452054794520547945206,0.3698630136986301369863013699,0.1217113905047851379245637162,0.08763220116344529930568587566
44.16438356164383561643835915,0,0.000,44.16438356164383561643835915,0.5205479452054794520547945206,0.3698630136986301369863013699,43.64383561643835616438356463,0E-28,0E-28,0,0,0,1002,1003,2037,ZBO,0.5205479452054794520547945206,0.3698630136986301369863013699,0.1202852317507975229874272929,0.08660536686057421655094765089
43.64383561643835616438356463,0,0.000,43.64383561643835616438356463,0.3904109589041095890410958904,0.2773972602739726027397260274,43.25342465753424657534246874,0E-28,0E-28,0,0,0,1003,4015/4,2037,ZBO,0.3904109589041095890410958904,0.2773972602739726027397260274,0.08927800713079376993807469182,0.06428016513417151435541377811
43.25342465753424657534246874,17.37747952600151590778843843,0.2085297543120181908934612612,60.42237442922374429223744591,0.1301369863013698630136986301,0.09246575342465753424657534246,60.29223744292237442922374728,0E-28,0E-29,17.37747952600151590778843843,0E-26,0,4015/4,1004,2037,ZBO,0.1301369863013698630136986301,0.09246575342465753424657534246,0.04134062050415962969913054561,0.02976524676299493338337399284
60.29223744292237442922374728,0,0.000,60.29223744292237442922374728,0.5205479452054794520547945206,0.3698630136986301369863013699,59.77168949771689497716895276,0E-28,0E-28,0,0,0,1004,1005,2037,ZBO,0.5205479452054794520547945206,0.3698630136986301369863013699,0.1644711327953962594608119178,0.1184192156126853068117845808
59.77168949771689497716895276,0,0.000,59.77168949771689497716895276,0.5205479452054794520547945206,0.3698630136986301369863013699,59.25114155251141552511415824,0E-28,0E-28,0,0,0,1005,1006,2037,ZBO,0.5205479452054794520547945206,0.3698630136986301369863013699,0.1630449740414086445236754945,0.1173923813098142240570463560
59.25114155251141552511415824,0,0.000,59.25114155251141552511415824,0.5205479452054794520547945206,0.3698630136986301369863013699,58.73059360730593607305936372,0E-28,0E-28,0,0,0,1006,1007,2037,ZBO,0.5205479452054794520547945206,0.3698630136986301369863013699,0.1616188152874210295865390712,0.1163655470069431413023081313
58.73059360730593607305936372,0,0.000,58.73059360730593607305936372,0.5205479452054794520547945206,0.3698630136986301369863013699,58.21004566210045662100456920,0E-28,0E-28,0,0,0,1007,1008,2037,ZBO,0.5205479452054794520547945206,0.3698630136986301369863013699,0.1601926565334334146494026478,0.1153387127040720585475699064
58.21004566210045662100456920,0,0.000,58.21004566210045662100456920,0.5205479452054794520547945206,0.3698630136986301369863013699,57.68949771689497716894977468,0E-28,0E-28,0,0,0,1008,1009,2037,ZBO,0.5205479452054794520547945206,0.3698630136986301369863013699,0.1587664977794457997122662245,0.1143118784012009757928316816
57.68949771689497716894977468,0,0.000,57.68949771689497716894977468,0.5205479452054794520547945206,0.3698630136986301369863013699,57.16894977168949771689498016,0E-28,0E-28,0,0,0,1009,1010,2037,ZBO,0.5205479452054794520547945206,0.3698630136986301369863013699,0.1573403390254581847751298011,0.1132850440983298930380934568
57.16894977168949771689498016,0,0.000,57.16894977168949771689498016,0.5205479452054794520547945206,0.3698630136986301369863013699,56.64840182648401826484018564,0E-28,0E-28,0,0,0,1010,1011,2037,ZBO,0.5205479452054794520547945206,0.3698630136986301369863013699,0.1559141802714705698379933778,0.1122582097954588102833552320
56.64840182648401826484018564,0,0.000,56.64840182648401826484018564,0.5205479452054794520547945206,0.3698630136986301369863013699,56.12785388127853881278539112,0E-28,0E-28,0,0,0,1011,1012,2037,ZBO,0.5205479452054794520547945206,0.3698630136986301369863013699,0.1544880215174829549008569545,0.1112313754925877275286170072
56.12785388127853881278539112,0,0.000,56.12785388127853881278539112,0.5205479452054794520547945206,0.3698630136986301369863013699,55.60730593607305936073059660,0E-28,0E-28,0,0,0,1012,1013,2037,ZBO,0.5205479452054794520547945206,0.3698630136986301369863013699,0.1530618627634953399637205311,0.1102045411897166447738787824
55.60730593607305936073059660,0,0.000,55.60730593607305936073059660,0.5205479452054794520547945206,0.3698630136986301369863013699,55.08675799086757990867580208,0E-28,0E-28,0,0,0,1013,1014,2037,ZBO,0.5205479452054794520547945206,0.3698630136986301369863013699,0.1516357040095077250265841078,0.1091777068868455620191405576
55.08675799086757990867580208,0,0.000,55.08675799086757990867580208,0.5205479452054794520547945206,0.3698630136986301369863013699,54.56621004566210045662100756,0E-28,0E-28,0,0,0,1014,1015,2037,ZBO,0.5205479452054794520547945206,0.3698630136986301369863013699,0.1502095452555201100894476844,0.1081508725839744792644023328
54.56621004566210045662100756,0,0.000,54.56621004566210045662100756,0.5205479452054794520547945206,0.3698630136986301369863013699,54.04566210045662100456621304,0E-28,0E-28,0,0,0,1015,1016,2037,ZBO,0.5205479452054794520547945206,0.3698630136986301369863013699,0.1487833865015324951523112611,0.1071240382811033965096641080
54.04566210045662100456621304,0,0.000,54.04566210045662100456621304,0.5205479452054794520547945206,0.3698630136986301369863013699,53.52511415525114155251141852,0E-28,0E-28,0,0,0,1016,1017,2037,ZBO,0.5205479452054794520547945206,0.3698630136986301369863013699,0.1473572277475448802151748378,0.1060972039782323137549258832
53.52511415525114155251141852,0,0.000,53.52511415525114155251141852,0.5205479452054794520547945206,0.3698630136986301369863013699,53.00456621004566210045662400,0E-28,0E-28,0,0,0,1017,1018,2037,ZBO,0.5205479452054794520547945206,0.3698630136986301369863013699,0.1459310689935572652780384144,0.1050703696753612310001876584
53.00456621004566210045662400,0,0.000,53.00456621004566210045662400,0.5205479452054794520547945206,0.3698630136986301369863013699,52.48401826484018264840182948,0E-28,0E-28,0,0,0,1018,1019,2037,ZBO,0.5205479452054794520547945206,0.3698630136986301369863013699,0.1445049102395696503409019911,0.1040435353724901482454494336
52.48401826484018264840182948,0,0.000,52.48401826484018264840182948,0.5205479452054794520547945206,0.3698630136986301369863013699,51.96347031963470319634703496,0E-28,0E-28,0,0,0,1019,1020,2037,ZBO,0.5205479452054794520547945206,0.3698630136986301369863013699,0.1430787514855820354037655677,0.1030167010696190654907112087
51.96347031963470319634703496,0,0.000,51.96347031963470319634703496,0.5205479452054794520547945206,0.3698630136986301369863013699,51.44292237442922374429224044,0E-28,0E-28,0,0,0,1020,1021,2037,ZBO,0.5205479452054794520547945206,0.3698630136986301369863013699,0.1416525927315944204666291444,0.1019898667667479827359729840
51.44292237442922374429224044,0,0.000,51.44292237442922374429224044,0.5205479452054794520547945206,0.3698630136986301369863013699,50.92237442922374429223744592,0E-28,0E-28,0,0,0,1021,1022,2037,ZBO,0.5205479452054794520547945206,0.3698630136986301369863013699,0.1402264339776068055294927211,0.1009630324638768999812347592
50.92237442922374429223744592,0,0.000,50.92237442922374429223744592,0.5205479452054794520547945206,0.3698630136986301369863013699,50.40182648401826484018265140,0E-28,0E-28,0,0,0,1022,1023,2037,ZBO,0.5205479452054794520547945206,0.3698630136986301369863013699,0.1388002752236191905923562977,0.09993619816100581722649653434
50.40182648401826484018265140,0,0.000,50.40182648401826484018265140,0.5205479452054794520547945206,0.3698630136986301369863013699,49.88127853881278538812785688,0E-28,0E-28,0,0,0,1023,1024,2037,ZBO,0.5205479452054794520547945206,0.3698630136986301369863013699,0.1373741164696315756552198744,0.09890936385813473447175830957
49.88127853881278538812785688,0,0.000,49.88127853881278538812785688,0.5205479452054794520547945206,0.3698630136986301369863013699,49.36073059360730593607306236,0E-28,0E-28,0,0,0,1024,1025,2037,ZBO,0.5205479452054794520547945206,0.3698630136986301369863013699,0.1359479577156439607180834510,0.09788252955526365171702008472
49.36073059360730593607306236,0,0.000,49.36073059360730593607306236,0.5205479452054794520547945206,0.3698630136986301369863013699,48.84018264840182648401826784,0E-28,0E-28,0,0,0,1025,1026,2037,ZBO,0.5205479452054794520547945206,0.3698630136986301369863013699,0.1345217989616563457809470277,0.09685569525239256896228185994
48.84018264840182648401826784,0,0.000,48.84018264840182648401826784,0.5205479452054794520547945206,0.3698630136986301369863013699,48.31963470319634703196347332,0E-28,0E-28,0,0,0,1026,1027,2037,ZBO,0.5205479452054794520547945206,0.3698630136986301369863013699,0.1330956402076687308438106043,0.09582886094952148620754363510
48.31963470319634703196347332,0,0.000,48.31963470319634703196347332,0.5205479452054794520547945206,0.3698630136986301369863013699,47.79908675799086757990867880,0E-28,0E-28,0,0,0,1027,1028,2037,ZBO,0.5205479452054794520547945206,0.3698630136986301369863013699,0.1316694814536811159066741810,0.09480202664665040345280541032
47.79908675799086757990867880,0,0.000,47.79908675799086757990867880,0.5205479452054794520547945206,0.3698630136986301369863013699,47.27853881278538812785388428,0E-28,0E-28,0,0,0,1028,1029,2037,ZBO,0.5205479452054794520547945206,0.3698630136986301369863013699,0.1302433226996935009695377577,0.09377519234377932069806718554
47.27853881278538812785388428,0,0.000,47.27853881278538812785388428,0.5205479452054794520547945206,0.3698630136986301369863013699,46.75799086757990867579908976,0E-28,0E-28,0,0,0,1029,1030,2037,ZBO,0.5205479452054794520547945206,0.3698630136986301369863013699,0.1288171639457058860324013343,0.09274835804090823794332896070
46.75799086757990867579908976,0,0.000,46.75799086757990867579908976,0.5205479452054794520547945206,0.3698630136986301369863013699,46.23744292237442922374429524,0E-28,0E-28,0,0,0,1030,1031,2037,ZBO,0.5205479452054794520547945206,0.3698630136986301369863013699,0.1273910051917182710952649110,0.09172152373803715518859073592
46.23744292237442922374429524,0,0.000,46.23744292237442922374429524,0.5205479452054794520547945206,0.3698630136986301369863013699,45.71689497716894977168950072,0E-28,0E-28,0,0,0,1031,1032,2037,ZBO,0.5205479452054794520547945206,0.3698630136986301369863013699,0.1259648464377306561581284876,0.09069468943516607243385251107
45.71689497716894977168950072,0,0.000,45.71689497716894977168950072,0.5205479452054794520547945206,0.3698630136986301369863013699,45.19634703196347031963470620,0E-28,0E-28,0,0,0,1032,1033,2037,ZBO,0.5205479452054794520547945206,0.3698630136986301369863013699,0.1245386876837430412209920643,0.08966785513229498967911428630
45.19634703196347031963470620,0,0.000,45.19634703196347031963470620,0.5205479452054794520547945206,0.3698630136986301369863013699,44.67579908675799086757991168,0E-28,0E-28,0,0,0,1033,1034,2037,ZBO,0.5205479452054794520547945206,0.3698630136986301369863013699,0.1231125289297554262838556409,0.08864102082942390692437606145
44.67579908675799086757991168,0,0.000,44.67579908675799086757991168,0.08675799086757990867579908677,0.06164383561643835616438356165,44.58904109589041095890411259,0E-29,0E-29,0,0,0,1034,6205/6,2037,ZBO,0.08675799086757990867579908677,0.06164383561643835616438356165,0.02038010049832155292842101011,0.01467367235879151810846312728
44.58904109589041095890411259,17.37747952600151590778843843,0.2085297543120181908934612612,61.75799086757990867579908976,0.4337899543378995433789954338,0.3082191780821917808219178082,61.32420091324200913242009433,0E-28,0E-28,17.37747952600151590778843843,0E-26,0,6205/6,1035,2037,ZBO,0.4337899543378995433789954338,0.3082191780821917808219178082,0.1405047851379245637080127672,0.1011634452993056858697691924
61.32420091324200913242009433,0,0.000,61.32420091324200913242009433,0.5205479452054794520547945206,0.3698630136986301369863013699,60.80365296803652968036529981,0E-28,0E-28,0,0,0,1035,1036,2037,ZBO,0.5205479452054794520547945206,0.3698630136986301369863013699,0.1672984299743541627572402659,0.1204548695815349971852129914
60.80365296803652968036529981,0,0.000,60.80365296803652968036529981,0.5205479452054794520547945206,0.3698630136986301369863013699,60.28310502283105022831050529,0E-28,0E-28,0,0,0,1036,1037,2037,ZBO,0.5205479452054794520547945206,0.3698630136986301369863013699,0.1658722712203665478201038426,0.1194280352786639144304747667
60.28310502283105022831050529,0,0.000,60.28310502283105022831050529,0.5205479452054794520547945206,0.3698630136986301369863013699,59.76255707762557077625571077,0E-28,0E-28,0,0,0,1037,1038,2037,ZBO,0.5205479452054794520547945206,0.3698630136986301369863013699,0.1644461124663789328829674193,0.1184012009757928316757365419
59.76255707762557077625571077,0,0.000,59.76255707762557077625571077,0.5205479452054794520547945206,0.3698630136986301369863013699,59.24200913242009132420091625,0E-28,0E-28,0,0,0,1038,1039,2037,ZBO,0.5205479452054794520547945206,0.3698630136986301369863013699,0.1630199537123913179458309959,0.1173743666729217489209983170
59.24200913242009132420091625,0,0.000,59.24200913242009132420091625,0.5205479452054794520547945206,0.3698630136986301369863013699,58.72146118721461187214612173,0E-28,0E-28,0,0,0,1039,1040,2037,ZBO,0.5205479452054794520547945206,0.3698630136986301369863013699,0.1615937949584037030086945726,0.1163475323700506661662600923
58.72146118721461187214612173,0,0.000,58.72146118721461187214612173,0.5205479452054794520547945206,0.3698630136986301369863013699,58.20091324200913242009132721,0E-28,0E-28,0,0,0,1040,1041,2037,ZBO,0.5205479452054794520547945206,0.3698630136986301369863013699,0.1601676362044160880715581492,0.1153206980671795834115218674
58.20091324200913242009132721,0,0.000,58.20091324200913242009132721,0.5205479452054794520547945206,0.3698630136986301369863013699,57.68036529680365296803653269,0E-28,0E-28,0,0,0,1041,1042,2037,ZBO,0.5205479452054794520547945206,0.3698630136986301369863013699,0.1587414774504284731344217259,0.1142938637643085006567836426
57.68036529680365296803653269,0,0.000,57.68036529680365296803653269,0.5205479452054794520547945206,0.3698630136986301369863013699,57.15981735159817351598173817,0E-28,0E-28,0,0,0,1042,1043,2037,ZBO,0.5205479452054794520547945206,0.3698630136986301369863013699,0.1573153186964408581972853026,0.1132670294614374179020454179
57.15981735159817351598173817,0,0.000,57.15981735159817351598173817,0.5205479452054794520547945206,0.3698630136986301369863013699,56.63926940639269406392694365,0E-28,0E-28,0,0,0,1043,1044,2037,ZBO,0.5205479452054794520547945206,0.3698630136986301369863013699,0.1558891599424532432601488792,0.1122401951585663351473071930
56.63926940639269406392694365,0,0.000,56.63926940639269406392694365,0.5205479452054794520547945206,0.3698630136986301369863013699,56.11872146118721461187214913,0E-28,0E-28,0,0,0,1044,1045,2037,ZBO,0.5205479452054794520547945206,0.3698630136986301369863013699,0.1544630011884656283230124559,0.1112133608556952523925689682
56.11872146118721461187214913,0,0.000,56.11872146118721461187214913,0.5205479452054794520547945206,0.3698630136986301369863013699,55.59817351598173515981735461,0E-28,0E-28,0,0,0,1045,1046,2037,ZBO,0.5205479452054794520547945206,0.3698630136986301369863013699,0.1530368424344780133858760325,0.1101865265528241696378307434
55.59817351598173515981735461,0,0.000,55.59817351598173515981735461,0.5205479452054794520547945206,0.3698630136986301369863013699,55.07762557077625570776256009,0E-28,0E-28,0,0,0,1046,1047,2037,ZBO,0.5205479452054794520547945206,0.3698630136986301369863013699,0.1516106836804903984487396092,0.1091596922499530868830925186
55.07762557077625570776256009,0,0.000,55.07762557077625570776256009,0.5205479452054794520547945206,0.3698630136986301369863013699,54.55707762557077625570776557,0E-28,0E-28,0,0,0,1047,1048,2037,ZBO,0.5205479452054794520547945206,0.3698630136986301369863013699,0.1501845249265027835116031859,0.1081328579470820041283542938
54.55707762557077625570776557,0,0.000,54.55707762557077625570776557,0.5205479452054794520547945206,0.3698630136986301369863013699,54.03652968036529680365297105,0E-28,0E-28,0,0,0,1048,1049,2037,ZBO,0.5205479452054794520547945206,0.3698630136986301369863013699,0.1487583661725151685744667625,0.1071060236442109213736160690
54.03652968036529680365297105,0,0.000,54.03652968036529680365297105,0.5205479452054794520547945206,0.3698630136986301369863013699,53.51598173515981735159817653,0E-28,0E-28,0,0,0,1049,1050,2037,ZBO,0.5205479452054794520547945206,0.3698630136986301369863013699,0.1473322074185275536373303392,0.1060791893413398386188778442
53.51598173515981735159817653,0,0.000,53.51598173515981735159817653,0.5205479452054794520547945206,0.3698630136986301369863013699,52.99543378995433789954338201,0E-28,0E-28,0,0,0,1050,1051,2037,ZBO,0.5205479452054794520547945206,0.3698630136986301369863013699,0.1459060486645399387001939158,0.1050523550384687558641396194
52.99543378995433789954338201,0,0.000,52.99543378995433789954338201,0.5205479452054794520547945206,0.3698630136986301369863013699,52.47488584474885844748858749,0E-28,0E-28,0,0,0,1051,1052,2037,ZBO,0.5205479452054794520547945206,0.3698630136986301369863013699,0.1444798899105523237630574925,0.1040255207355976731094013946
52.47488584474885844748858749,0,0.000,52.47488584474885844748858749,0.5205479452054794520547945206,0.3698630136986301369863013699,51.95433789954337899543379297,0E-28,0E-28,0,0,0,1052,1053,2037,ZBO,0.5205479452054794520547945206,0.3698630136986301369863013699,0.1430537311565647088259210692,0.1029986864327265903546631698
51.95433789954337899543379297,0,0.000,51.95433789954337899543379297,0.5205479452054794520547945206,0.3698630136986301369863013699,51.43378995433789954337899845,0E-28,0E-28,0,0,0,1053,1054,2037,ZBO,0.5205479452054794520547945206,0.3698630136986301369863013699,0.1416275724025770938887846458,0.1019718521298555075999249450
51.43378995433789954337899845,0,0.000,51.43378995433789954337899845,0.5205479452054794520547945206,0.3698630136986301369863013699,50.91324200913242009132420393,0E-28,0E-28,0,0,0,1054,1055,2037,ZBO,0.5205479452054794520547945206,0.3698630136986301369863013699,0.1402014136485894789516482225,0.1009450178269844248451867202
50.91324200913242009132420393,0,0.000,50.91324200913242009132420393,0.5205479452054794520547945206,0.3698630136986301369863013699,50.39269406392694063926940941,0E-28,0E-28,0,0,0,1055,1056,2037,ZBO,0.5205479452054794520547945206,0.3698630136986301369863013699,0.1387752548946018640145117991,0.09991818352411334209044849535
50.39269406392694063926940941,0,0.000,50.39269406392694063926940941,0.5205479452054794520547945206,0.3698630136986301369863013699,49.87214611872146118721461489,0E-28,0E-28,0,0,0,1056,1057,2037,ZBO,0.5205479452054794520547945206,0.3698630136986301369863013699,0.1373490961406142490773753758,0.09889134922124225933571027058
49.87214611872146118721461489,0,0.000,49.87214611872146118721461489,0.5205479452054794520547945206,0.3698630136986301369863013699,49.35159817351598173515982037,0E-28,0E-28,0,0,0,1057,1058,2037,ZBO,0.5205479452054794520547945206,0.3698630136986301369863013699,0.1359229373866266341402389524,0.09786451491837117658097204573
49.35159817351598173515982037,0,0.000,49.35159817351598173515982037,0.5205479452054794520547945206,0.3698630136986301369863013699,48.83105022831050228310502585,0E-28,0E-28,0,0,0,1058,1059,2037,ZBO,0.5205479452054794520547945206,0.3698630136986301369863013699,0.1344967786326390192031025291,0.09683768061550009382623382095
48.83105022831050228310502585,0,0.000,48.83105022831050228310502585,0.5205479452054794520547945206,0.3698630136986301369863013699,48.31050228310502283105023133,0E-28,0E-28,0,0,0,1059,1060,2037,ZBO,0.5205479452054794520547945206,0.3698630136986301369863013699,0.1330706198786514042659661057,0.09581084631262901107149559610
48.31050228310502283105023133,0,0.000,48.31050228310502283105023133,0.5205479452054794520547945206,0.3698630136986301369863013699,47.78995433789954337899543681,0E-28,0E-28,0,0,0,1060,1061,2037,ZBO,0.5205479452054794520547945206,0.3698630136986301369863013699,0.1316444611246637893288296824,0.09478401200975792831675737133
47.78995433789954337899543681,0,0.000,47.78995433789954337899543681,0.5205479452054794520547945206,0.3698630136986301369863013699,47.26940639269406392694064229,0E-28,0E-28,0,0,0,1061,1062,2037,ZBO,0.5205479452054794520547945206,0.3698630136986301369863013699,0.1302183023706761743916932591,0.09375717770688684556201914655
47.26940639269406392694064229,0,0.000,47.26940639269406392694064229,0.5205479452054794520547945206,0.3698630136986301369863013699,46.74885844748858447488584777,0E-28,0E-28,0,0,0,1062,1063,2037,ZBO,0.5205479452054794520547945206,0.3698630136986301369863013699,0.1287921436166885594545568357,0.09273034340401576280728092170
46.74885844748858447488584777,0,0.000,46.74885844748858447488584777,0.5205479452054794520547945206,0.3698630136986301369863013699,46.22831050228310502283105325,0E-28,0E-28,0,0,0,1063,1064,2037,ZBO,0.5205479452054794520547945206,0.3698630136986301369863013699,0.1273659848627009445174204124,0.09170350910114468005254269693
46.22831050228310502283105325,0,0.000,46.22831050228310502283105325,0.3036529680365296803652968036,0.2157534246575342465753424657,45.92465753424657534246575645,0E-28,0E-28,0,0,0,1064,12775/12,2037,ZBO,0.3036529680365296803652968036,0.2157534246575342465753424657,0.07363821646754654823710932281,0.05301951585663351473071871242
45.92465753424657534246575645,17.37747952600151590778843862,0.2085297543120181908934612634,63.09360730593607305936073381,0.2168949771689497716894977170,0.1541095890410958904109589042,62.87671232876712328767123609,0E-28,0E-28,17.37747952600151590778843862,0E-26,0,12775/12,1065,2037,ZBO,0.2168949771689497716894977170,0.1541095890410958904109589042,0.07190086737140593398803194632,0.05176862450741227247138300135
62.87671232876712328767123609,0,0.000,62.87671232876712328767123609,0.5205479452054794520547945206,0.3698630136986301369863013699,62.35616438356164383561644157,0E-28,0E-28,0,0,0,1065,1066,2037,ZBO,0.5205479452054794520547945206,0.3698630136986301369863013699,0.1715518859072996809908050380,0.1235173578532557703133796274
62.35616438356164383561644157,0,0.000,62.35616438356164383561644157,0.5205479452054794520547945206,0.3698630136986301369863013699,61.83561643835616438356164705,0E-28,0E-28,0,0,0,1066,1067,2037,ZBO,0.5205479452054794520547945206,0.3698630136986301369863013699,0.1701257271533120660536686145,0.1224905235503846875586414024
61.83561643835616438356164705,0,0.000,61.83561643835616438356164705,0.5205479452054794520547945206,0.3698630136986301369863013699,61.31506849315068493150685253,0E-28,0E-28,0,0,0,1067,1068,2037,ZBO,0.5205479452054794520547945206,0.3698630136986301369863013699,0.1686995683993244511165321912,0.1214636892475136048039031777
61.31506849315068493150685253,0,0.000,61.31506849315068493150685253,0.5205479452054794520547945206,0.3698630136986301369863013699,60.79452054794520547945205801,0E-28,0E-28,0,0,0,1068,1069,2037,ZBO,0.5205479452054794520547945206,0.3698630136986301369863013699,0.1672734096453368361793957678,0.1204368549446425220491649528
60.79452054794520547945205801,0,0.000,60.79452054794520547945205801,0.5205479452054794520547945206,0.3698630136986301369863013699,60.27397260273972602739726349,0E-28,0E-28,0,0,0,1069,1070,2037,ZBO,0.5205479452054794520547945206,0.3698630136986301369863013699,0.1658472508913492212422593445,0.1194100206417714392944267280
60.27397260273972602739726349,0,0.000,60.27397260273972602739726349,0.5205479452054794520547945206,0.3698630136986301369863013699,59.75342465753424657534246897,0E-28,0E-28,0,0,0,1070,1071,2037,ZBO,0.5205479452054794520547945206,0.3698630136986301369863013699,0.1644210921373616063051229212,0.1183831863389003565396885033
59.75342465753424657534246897,0,0.000,59.75342465753424657534246897,0.5205479452054794520547945206,0.3698630136986301369863013699,59.23287671232876712328767445,0E-28,0E-28,0,0,0,1071,1072,2037,ZBO,0.5205479452054794520547945206,0.3698630136986301369863013699,0.1629949333833739913679864978,0.1173563520360292737849502784
59.23287671232876712328767445,0,0.000,59.23287671232876712328767445,0.5205479452054794520547945206,0.3698630136986301369863013699,58.71232876712328767123287993,0E-28,0E-28,0,0,0,1072,1073,2037,ZBO,0.5205479452054794520547945206,0.3698630136986301369863013699,0.1615687746293863764308500745,0.1163295177331581910302120536
58.71232876712328767123287993,0,0.000,58.71232876712328767123287993,0.5205479452054794520547945206,0.3698630136986301369863013699,58.19178082191780821917808541,0E-28,0E-28,0,0,0,1073,1074,2037,ZBO,0.5205479452054794520547945206,0.3698630136986301369863013699,0.1601426158753987614937136511,0.1153026834302871082754738288
58.19178082191780821917808541,0,0.000,58.19178082191780821917808541,0.5205479452054794520547945206,0.3698630136986301369863013699,57.67123287671232876712329089,0E-28,0E-28,0,0,0,1074,1075,2037,ZBO,0.5205479452054794520547945206,0.3698630136986301369863013699,0.1587164571214111465565772278,0.1142758491274160255207356040
57.67123287671232876712329089,0,0.000,57.67123287671232876712329089,0.5205479452054794520547945206,0.3698630136986301369863013699,57.15068493150684931506849637,0E-28,0E-28,0,0,0,1075,1076,2037,ZBO,0.5205479452054794520547945206,0.3698630136986301369863013699,0.1572902983674235316194408045,0.1132490148245449427659973792
57.15068493150684931506849637,0,0.000,57.15068493150684931506849637,0.5205479452054794520547945206,0.3698630136986301369863013699,56.63013698630136986301370185,0E-28,0E-28,0,0,0,1076,1077,2037,ZBO,0.5205479452054794520547945206,0.3698630136986301369863013699,0.1558641396134359166823043811,0.1122221805216738600112591544
56.63013698630136986301370185,0,0.000,56.63013698630136986301370185,0.5205479452054794520547945206,0.3698630136986301369863013699,56.10958904109589041095890733,0E-28,0E-28,0,0,0,1077,1078,2037,ZBO,0.5205479452054794520547945206,0.3698630136986301369863013699,0.1544379808594483017451679578,0.1111953462188027772565209296
56.10958904109589041095890733,0,0.000,56.10958904109589041095890733,0.5205479452054794520547945206,0.3698630136986301369863013699,55.58904109589041095890411281,0E-28,0E-28,0,0,0,1078,1079,2037,ZBO,0.5205479452054794520547945206,0.3698630136986301369863013699,0.1530118221054606868080315344,0.1101685119159316945017827048
55.58904109589041095890411281,0,0.000,55.58904109589041095890411281,0.5205479452054794520547945206,0.3698630136986301369863013699,55.06849315068493150684931829,0E-28,0E-28,0,0,0,1079,1080,2037,ZBO,0.5205479452054794520547945206,0.3698630136986301369863013699,0.1515856633514730718708951111,0.1091416776130606117470444800
55.06849315068493150684931829,0,0.000,55.06849315068493150684931829,0.5205479452054794520547945206,0.3698630136986301369863013699,54.54794520547945205479452377,0E-28,0E-28,0,0,0,1080,1081,2037,ZBO,0.5205479452054794520547945206,0.3698630136986301369863013699,0.1501595045974854569337586878,0.1081148433101895289923062552
54.54794520547945205479452377,0,0.000,54.54794520547945205479452377,0.5205479452054794520547945206,0.3698630136986301369863013699,54.02739726027397260273972925,0E-28,0E-28,0,0,0,1081,1082,2037,ZBO,0.5205479452054794520547945206,0.3698630136986301369863013699,0.1487333458434978419966222644,0.1070880090073184462375680304
54.02739726027397260273972925,0,0.000,54.02739726027397260273972925,0.5205479452054794520547945206,0.3698630136986301369863013699,53.50684931506849315068493473,0E-28,0E-28,0,0,0,1082,1083,2037,ZBO,0.5205479452054794520547945206,0.3698630136986301369863013699,0.1473071870895102270594858411,0.1060611747044473634828298056
53.50684931506849315068493473,0,0.000,53.50684931506849315068493473,0.5205479452054794520547945206,0.3698630136986301369863013699,52.98630136986301369863014021,0E-28,0E-28,0,0,0,1083,1084,2037,ZBO,0.5205479452054794520547945206,0.3698630136986301369863013699,0.1458810283355226121223494177,0.1050343404015762807280915807
52.98630136986301369863014021,0,0.000,52.98630136986301369863014021,0.5205479452054794520547945206,0.3698630136986301369863013699,52.46575342465753424657534569,0E-28,0E-28,0,0,0,1084,1085,2037,ZBO,0.5205479452054794520547945206,0.3698630136986301369863013699,0.1444548695815349971852129944,0.1040075060987051979733533560
52.46575342465753424657534569,0,0.000,52.46575342465753424657534569,0.5205479452054794520547945206,0.3698630136986301369863013699,51.94520547945205479452055117,0E-28,0E-28,0,0,0,1085,1086,2037,ZBO,0.5205479452054794520547945206,0.3698630136986301369863013699,0.1430287108275473822480765711,0.1029806717958341152186151312
51.94520547945205479452055117,0,0.000,51.94520547945205479452055117,0.5205479452054794520547945206,0.3698630136986301369863013699,51.42465753424657534246575665,0E-28,0E-28,0,0,0,1086,1087,2037,ZBO,0.5205479452054794520547945206,0.3698630136986301369863013699,0.1416025520735597673109401477,0.1019538374929630324638769063
51.42465753424657534246575665,0,0.000,51.42465753424657534246575665,0.5205479452054794520547945206,0.3698630136986301369863013699,50.90410958904109589041096213,0E-28,0E-28,0,0,0,1087,1088,2037,ZBO,0.5205479452054794520547945206,0.3698630136986301369863013699,0.1401763933195721523738037244,0.1009270031900919497091386816
50.90410958904109589041096213,0,0.000,50.90410958904109589041096213,0.5205479452054794520547945206,0.3698630136986301369863013699,50.38356164383561643835616761,0E-28,0E-28,0,0,0,1088,1089,2037,ZBO,0.5205479452054794520547945206,0.3698630136986301369863013699,0.1387502345655845374366673010,0.09990016888722086695440045672
50.38356164383561643835616761,0,0.000,50.38356164383561643835616761,0.5205479452054794520547945206,0.3698630136986301369863013699,49.86301369863013698630137309,0E-28,0E-28,0,0,0,1089,1090,2037,ZBO,0.5205479452054794520547945206,0.3698630136986301369863013699,0.1373240758115969224995308777,0.09887333458434978419966223194
49.86301369863013698630137309,0,0.000,49.86301369863013698630137309,0.5205479452054794520547945206,0.3698630136986301369863013699,49.34246575342465753424657857,0E-28,0E-28,0,0,0,1090,1091,2037,ZBO,0.5205479452054794520547945206,0.3698630136986301369863013699,0.1358979170576093075623944543,0.09784650028147870144492400710
49.34246575342465753424657857,0,0.000,49.34246575342465753424657857,0.5205479452054794520547945206,0.3698630136986301369863013699,48.82191780821917808219178405,0E-28,0E-28,0,0,0,1091,1092,2037,ZBO,0.5205479452054794520547945206,0.3698630136986301369863013699,0.1344717583036216926252580310,0.09681966597860761869018578232
48.82191780821917808219178405,0,0.000,48.82191780821917808219178405,0.5205479452054794520547945206,0.3698630136986301369863013699,48.30136986301369863013698953,0E-28,0E-28,0,0,0,1092,1093,2037,ZBO,0.5205479452054794520547945206,0.3698630136986301369863013699,0.1330455995496340776881216077,0.09579283167573653593544755754
48.30136986301369863013698953,0,0.000,48.30136986301369863013698953,0.5205479452054794520547945206,0.3698630136986301369863013699,47.78082191780821917808219501,0E-28,0E-28,0,0,0,1093,1094,2037,ZBO,0.5205479452054794520547945206,0.3698630136986301369863013699,0.1316194407956464627509851843,0.09476599737286545318070933270
47.78082191780821917808219501,0,0.000,47.78082191780821917808219501,0.5205479452054794520547945206,0.3698630136986301369863013699,47.26027397260273972602740049,0E-28,0E-28,0,0,0,1094,1095,2037,ZBO,0.5205479452054794520547945206,0.3698630136986301369863013699,0.1301932820416588478138487610,0.09373916306999437042597110792
47.26027397260273972602740049,15.83333333333333333333333333,0.1900000000000000000000000000,62.90360730593607305936073382,0.6849315068493150684931506850,0.4657534246575342465753424658,62.21867579908675799086758314,0E-28,0E-28,15.83333333333333333333333333,0E-26,0,1095,1096,2038,ZBO,0.6849315068493150684931506850,0.4657534246575342465753424658,0.1714003878150997685619565986,0.1234082792268718333646087510
62.21867579908675799086758314,0,0.000,62.21867579908675799086758314,0.6849315068493150684931506850,0.4657534246575342465753424658,61.53374429223744292237443246,0E-28,0E-28,0,0,0,1096,1097,2038,ZBO,0.6849315068493150684931506850,0.4657534246575342465753424658,0.1695238631388002752236191995,0.1220571814599361981610058236
61.53374429223744292237443246,0,0.000,61.53374429223744292237443246,0.6849315068493150684931506850,0.4657534246575342465753424658,60.84881278538812785388128178,0E-28,0E-28,0,0,0,1097,1098,2038,ZBO,0.6849315068493150684931506850,0.4657534246575342465753424658,0.1676473384625007818852818003,0.1207060836930005629574028962
60.84881278538812785388128178,0,0.000,60.84881278538812785388128178,0.6849315068493150684931506850,0.4657534246575342465753424658,60.16388127853881278538813110,0E-28,0E-28,0,0,0,1098,1099,2038,ZBO,0.6849315068493150684931506850,0.4657534246575342465753424658,0.1657708137862012885469444012,0.1193549859260649277537999689
60.16388127853881278538813110,0,0.000,60.16388127853881278538813110,0.6849315068493150684931506850,0.4657534246575342465753424658,59.47894977168949771689498042,0E-28,0E-28,0,0,0,1099,1100,2038,ZBO,0.6849315068493150684931506850,0.4657534246575342465753424658,0.1638942891099017952086070021,0.1180038881591292925501970415
59.47894977168949771689498042,0,0.000,59.47894977168949771689498042,0.6849315068493150684931506850,0.4657534246575342465753424658,58.79401826484018264840182974,0E-28,0E-28,0,0,0,1100,1101,2038,ZBO,0.6849315068493150684931506850,0.4657534246575342465753424658,0.1620177644336023018702696030,0.1166527903921936573465941142
58.79401826484018264840182974,0,0.000,58.79401826484018264840182974,0.6849315068493150684931506850,0.4657534246575342465753424658,58.10908675799086757990867906,0E-28,0E-28,0,0,0,1101,1102,2038,ZBO,0.6849315068493150684931506850,0.4657534246575342465753424658,0.1601412397573028085319322039,0.1153016926252580221429911868
58.10908675799086757990867906,0,0.000,58.10908675799086757990867906,0.6849315068493150684931506850,0.4657534246575342465753424658,57.42415525114155251141552838,0E-28,0E-28,0,0,0,1102,1103,2038,ZBO,0.6849315068493150684931506850,0.4657534246575342465753424658,0.1582647150810033151935948047,0.1139505948583223869393882594
57.42415525114155251141552838,0,0.000,57.42415525114155251141552838,0.6849315068493150684931506850,0.4657534246575342465753424658,56.73922374429223744292237770,0E-28,0E-28,0,0,0,1103,1104,2038,ZBO,0.6849315068493150684931506850,0.4657534246575342465753424658,0.1563881904047038218552574056,0.1125994970913867517357853320
56.73922374429223744292237770,0,0.000,56.73922374429223744292237770,0.6849315068493150684931506850,0.4657534246575342465753424658,56.05429223744292237442922702,0E-28,0E-28,0,0,0,1104,1105,2038,ZBO,0.6849315068493150684931506850,0.4657534246575342465753424658,0.1545116657284043285169200065,0.1112483993244511165321824047
56.05429223744292237442922702,0,0.000,56.05429223744292237442922702,0.6849315068493150684931506850,0.4657534246575342465753424658,55.36936073059360730593607634,0E-28,0E-28,0,0,0,1105,1106,2038,ZBO,0.6849315068493150684931506850,0.4657534246575342465753424658,0.1526351410521048351785826074,0.1098973015575154813285794773
55.36936073059360730593607634,0,0.000,55.36936073059360730593607634,0.6849315068493150684931506850,0.4657534246575342465753424658,54.68442922374429223744292566,0E-28,0E-28,0,0,0,1106,1107,2038,ZBO,0.6849315068493150684931506850,0.4657534246575342465753424658,0.1507586163758053418402452082,0.1085462037905798461249765499
54.68442922374429223744292566,0,0.000,54.68442922374429223744292566,0.6849315068493150684931506850,0.4657534246575342465753424658,53.99949771689497716894977498,0E-28,0E-28,0,0,0,1107,1108,2038,ZBO,0.6849315068493150684931506850,0.4657534246575342465753424658,0.1488820916995058485019078091,0.1071951060236442109213736226
53.99949771689497716894977498,0,0.000,53.99949771689497716894977498,0.6849315068493150684931506850,0.4657534246575342465753424658,53.31456621004566210045662430,0E-28,0E-28,0,0,0,1108,1109,2038,ZBO,0.6849315068493150684931506850,0.4657534246575342465753424658,0.1470055670232063551635704100,0.1058440082567085757177706952
53.31456621004566210045662430,0,0.000,53.31456621004566210045662430,0.6849315068493150684931506850,0.4657534246575342465753424658,52.62963470319634703196347362,0E-28,0E-28,0,0,0,1109,1110,2038,ZBO,0.6849315068493150684931506850,0.4657534246575342465753424658,0.1451290423469068618252330108,0.1044929104897729405141677678
52.62963470319634703196347362,0,0.000,52.62963470319634703196347362,0.6849315068493150684931506850,0.4657534246575342465753424658,51.94470319634703196347032294,0E-28,0E-28,0,0,0,1110,1111,2038,ZBO,0.6849315068493150684931506850,0.4657534246575342465753424658,0.1432525176706073684868956118,0.1031418127228373053105648405
51.94470319634703196347032294,0,0.000,51.94470319634703196347032294,0.6849315068493150684931506850,0.4657534246575342465753424658,51.25977168949771689497717226,0E-28,0E-28,0,0,0,1111,1112,2038,ZBO,0.6849315068493150684931506850,0.4657534246575342465753424658,0.1413759929943078751485582126,0.1017907149559016701069619131
51.25977168949771689497717226,0,0.000,51.25977168949771689497717226,0.6849315068493150684931506850,0.4657534246575342465753424658,50.57484018264840182648402158,0E-28,0E-28,0,0,0,1112,1113,2038,ZBO,0.6849315068493150684931506850,0.4657534246575342465753424658,0.1394994683180083818102208134,0.1004396171889660349033589856
50.57484018264840182648402158,0,0.000,50.57484018264840182648402158,0.6849315068493150684931506850,0.4657534246575342465753424658,49.88990867579908675799087090,0E-28,0E-28,0,0,0,1113,1114,2038,ZBO,0.6849315068493150684931506850,0.4657534246575342465753424658,0.1376229436417088884718834144,0.09908851942203039969975605837
49.88990867579908675799087090,0,0.000,49.88990867579908675799087090,0.6849315068493150684931506850,0.4657534246575342465753424658,49.20497716894977168949772022,0E-28,0E-28,0,0,0,1114,1115,2038,ZBO,0.6849315068493150684931506850,0.4657534246575342465753424658,0.1357464189654093951335460152,0.09773742165509476449615313094
49.20497716894977168949772022,0,0.000,49.20497716894977168949772022,0.6849315068493150684931506850,0.4657534246575342465753424658,48.52004566210045662100456954,0E-28,0E-28,0,0,0,1115,1116,2038,ZBO,0.6849315068493150684931506850,0.4657534246575342465753424658,0.1338698942891099017952086161,0.09638632388815912929255020359
48.52004566210045662100456954,0,0.000,48.52004566210045662100456954,0.6849315068493150684931506850,0.4657534246575342465753424658,47.83511415525114155251141886,0E-28,0E-28,0,0,0,1116,1117,2038,ZBO,0.6849315068493150684931506850,0.4657534246575342465753424658,0.1319933696128104084568712170,0.09503522612122349408894727624
47.83511415525114155251141886,0,0.000,47.83511415525114155251141886,0.6849315068493150684931506850,0.4657534246575342465753424658,47.15018264840182648401826818,0E-28,0E-28,0,0,0,1117,1118,2038,ZBO,0.6849315068493150684931506850,0.4657534246575342465753424658,0.1301168449365109151185338179,0.09368412835428785888534434889
47.15018264840182648401826818,0,0.000,47.15018264840182648401826818,0.6849315068493150684931506850,0.4657534246575342465753424658,46.46525114155251141552511750,0E-28,0E-28,0,0,0,1118,1119,2038,ZBO,0.6849315068493150684931506850,0.4657534246575342465753424658,0.1282403202602114217801964188,0.09233303058735222368174142154
46.46525114155251141552511750,0,0.000,46.46525114155251141552511750,0.6849315068493150684931506850,0.4657534246575342465753424658,45.78031963470319634703196682,0E-28,0E-28,0,0,0,1119,1120,2038,ZBO,0.6849315068493150684931506850,0.4657534246575342465753424658,0.1263637955839119284418590196,0.09098193282041658847813849411
45.78031963470319634703196682,0,0.000,45.78031963470319634703196682,0.6849315068493150684931506850,0.4657534246575342465753424658,45.09538812785388127853881614,0E-28,0E-28,0,0,0,1120,1121,2038,ZBO,0.6849315068493150684931506850,0.4657534246575342465753424658,0.1244872709076124351035216205,0.08963083505348095327453556676
45.09538812785388127853881614,0,0.000,45.09538812785388127853881614,0.6849315068493150684931506850,0.4657534246575342465753424658,44.41045662100456621004566546,0E-28,0E-28,0,0,0,1121,1122,2038,ZBO,0.6849315068493150684931506850,0.4657534246575342465753424658,0.1226107462313129417651842214,0.08827973728654531807093263941
44.41045662100456621004566546,0,0.000,44.41045662100456621004566546,0.6849315068493150684931506850,0.4657534246575342465753424658,43.72552511415525114155251478,0E-28,0E-28,0,0,0,1122,1123,2038,ZBO,0.6849315068493150684931506850,0.4657534246575342465753424658,0.1207342215550134484268468223,0.08692863951960968286732971206
43.72552511415525114155251478,0,0.000,43.72552511415525114155251478,0.6849315068493150684931506850,0.4657534246575342465753424658,43.04059360730593607305936410,0E-28,0E-28,0,0,0,1123,1124,2038,ZBO,0.6849315068493150684931506850,0.4657534246575342465753424658,0.1188576968787139550885094231,0.08557754175267404766372678463
43.04059360730593607305936410,0,0.000,43.04059360730593607305936410,0.6849315068493150684931506850,0.4657534246575342465753424658,42.35566210045662100456621342,0E-28,0E-28,0,0,0,1124,1125,2038,ZBO,0.6849315068493150684931506850,0.4657534246575342465753424658,0.1169811722024144617501720240,0.08422644398573841246012385728
42.35566210045662100456621342,0,0.000,42.35566210045662100456621342,0.2853881278538812785388127855,0.1940639269406392694063926941,42.07027397260273972602740063,0E-28,0E-28,0,0,0,1125,13505/12,2038,ZBO,0.2853881278538812785388127855,0.1940639269406392694063926941,0.04818831967640374470924293041,0.03469559016701069619065490990
42.07027397260273972602740063,15.83333333333333333333333333,0.1900000000000000000000000000,57.71360730593607305936073396,0.3995433789954337899543378995,0.2716894977168949771689497717,57.31406392694063926940639606,0E-28,0E-28,15.83333333333333333333333333,0E-26,0,13505/12,1126,2038,ZBO,0.3995433789954337899543378995,0.2716894977168949771689497717,0.09191708888471883405266779794,0.06618030399699756051792081452
57.31406392694063926940639606,0,0.000,57.31406392694063926940639606,0.6849315068493150684931506850,0.4657534246575342465753424658,56.62913242009132420091324538,0E-28,0E-28,0,0,0,1126,1127,2038,ZBO,0.6849315068493150684931506850,0.4657534246575342465753424658,0.1560865703383999499593419745,0.1123823306436479639707262216
56.62913242009132420091324538,0,0.000,56.62913242009132420091324538,0.6849315068493150684931506850,0.4657534246575342465753424658,55.94420091324200913242009470,0E-28,0E-28,0,0,0,1127,1128,2038,ZBO,0.6849315068493150684931506850,0.4657534246575342465753424658,0.1542100456621004566210045755,0.1110312328767123287671232944
55.94420091324200913242009470,0,0.000,55.94420091324200913242009470,0.6849315068493150684931506850,0.4657534246575342465753424658,55.25926940639269406392694402,0E-28,0E-28,0,0,0,1128,1129,2038,ZBO,0.6849315068493150684931506850,0.4657534246575342465753424658,0.1523335209858009632826671763,0.1096801351097766935635203669
55.25926940639269406392694402,0,0.000,55.25926940639269406392694402,0.6849315068493150684931506850,0.4657534246575342465753424658,54.57433789954337899543379334,0E-28,0E-28,0,0,0,1129,1130,2038,ZBO,0.6849315068493150684931506850,0.4657534246575342465753424658,0.1504569963095014699443297773,0.1083290373428410583599174397
54.57433789954337899543379334,0,0.000,54.57433789954337899543379334,0.6849315068493150684931506850,0.4657534246575342465753424658,53.88940639269406392694064266,0E-28,0E-28,0,0,0,1130,1131,2038,ZBO,0.6849315068493150684931506850,0.4657534246575342465753424658,0.1485804716332019766059923781,0.1069779395759054231563145122
53.88940639269406392694064266,0,0.000,53.88940639269406392694064266,0.6849315068493150684931506850,0.4657534246575342465753424658,53.20447488584474885844749198,0E-28,0E-28,0,0,0,1131,1132,2038,ZBO,0.6849315068493150684931506850,0.4657534246575342465753424658,0.1467039469569024832676549789,0.1056268418089697879527115848
53.20447488584474885844749198,0,0.000,53.20447488584474885844749198,0.6849315068493150684931506850,0.4657534246575342465753424658,52.51954337899543378995434130,0E-28,0E-28,0,0,0,1132,1133,2038,ZBO,0.6849315068493150684931506850,0.4657534246575342465753424658,0.1448274222806029899293175799,0.1042757440420341527491086575
52.51954337899543378995434130,0,0.000,52.51954337899543378995434130,0.6849315068493150684931506850,0.4657534246575342465753424658,51.83461187214611872146119062,0E-28,0E-28,0,0,0,1133,1134,2038,ZBO,0.6849315068493150684931506850,0.4657534246575342465753424658,0.1429508976043034965909801807,0.1029246462750985175455057301
51.83461187214611872146119062,0,0.000,51.83461187214611872146119062,0.6849315068493150684931506850,0.4657534246575342465753424658,51.14968036529680365296803994,0E-28,0E-28,0,0,0,1134,1135,2038,ZBO,0.6849315068493150684931506850,0.4657534246575342465753424658,0.1410743729280040032526427817,0.1015735485081628823419028028
51.14968036529680365296803994,0,0.000,51.14968036529680365296803994,0.6849315068493150684931506850,0.4657534246575342465753424658,50.46474885844748858447488926,0E-28,0E-28,0,0,0,1135,1136,2038,ZBO,0.6849315068493150684931506850,0.4657534246575342465753424658,0.1391978482517045099143053825,0.1002224507412272471382998754
50.46474885844748858447488926,0,0.000,50.46474885844748858447488926,0.6849315068493150684931506850,0.4657534246575342465753424658,49.77981735159817351598173858,0E-28,0E-28,0,0,0,1136,1137,2038,ZBO,0.6849315068493150684931506850,0.4657534246575342465753424658,0.1373213235754050165759679833,0.09887135297429161193469694798
49.77981735159817351598173858,0,0.000,49.77981735159817351598173858,0.6849315068493150684931506850,0.4657534246575342465753424658,49.09488584474885844748858790,0E-28,0E-28,0,0,0,1137,1138,2038,ZBO,0.6849315068493150684931506850,0.4657534246575342465753424658,0.1354447988991055232376305842,0.09752025520735597673109402062
49.09488584474885844748858790,0,0.000,49.09488584474885844748858790,0.6849315068493150684931506850,0.4657534246575342465753424658,48.40995433789954337899543722,0E-28,0E-28,0,0,0,1138,1139,2038,ZBO,0.6849315068493150684931506850,0.4657534246575342465753424658,0.1335682742228060298992931851,0.09616915744042034152749109327
48.40995433789954337899543722,0,0.000,48.40995433789954337899543722,0.6849315068493150684931506850,0.4657534246575342465753424658,47.72502283105022831050228654,0E-28,0E-28,0,0,0,1139,1140,2038,ZBO,0.6849315068493150684931506850,0.4657534246575342465753424658,0.1316917495465065365609557860,0.09481805967348470632388816592
47.72502283105022831050228654,0,0.000,47.72502283105022831050228654,0.6849315068493150684931506850,0.4657534246575342465753424658,47.04009132420091324200913586,0E-28,0E-28,0,0,0,1140,1141,2038,ZBO,0.6849315068493150684931506850,0.4657534246575342465753424658,0.1298152248702070432226183869,0.09346696190654907112028523857
47.04009132420091324200913586,0,0.000,47.04009132420091324200913586,0.6849315068493150684931506850,0.4657534246575342465753424658,46.35515981735159817351598518,0E-28,0E-28,0,0,0,1141,1142,2038,ZBO,0.6849315068493150684931506850,0.4657534246575342465753424658,0.1279387001939075498842809877,0.09211586413961343591668231114
46.35515981735159817351598518,0,0.000,46.35515981735159817351598518,0.6849315068493150684931506850,0.4657534246575342465753424658,45.67022831050228310502283450,0E-28,0E-28,0,0,0,1142,1143,2038,ZBO,0.6849315068493150684931506850,0.4657534246575342465753424658,0.1260621755176080565459435886,0.09076476637267780071307938379
45.67022831050228310502283450,0,0.000,45.67022831050228310502283450,0.6849315068493150684931506850,0.4657534246575342465753424658,44.98529680365296803652968382,0E-28,0E-28,0,0,0,1143,1144,2038,ZBO,0.6849315068493150684931506850,0.4657534246575342465753424658,0.1241856508413085632076061895,0.08941366860574216550947645644
44.98529680365296803652968382,0,0.000,44.98529680365296803652968382,0.6849315068493150684931506850,0.4657534246575342465753424658,44.30036529680365296803653314,0E-28,0E-28,0,0,0,1144,1145,2038,ZBO,0.6849315068493150684931506850,0.4657534246575342465753424658,0.1223091261650090698692687904,0.08806257083880653030587352909
44.30036529680365296803653314,0,0.000,44.30036529680365296803653314,0.6849315068493150684931506850,0.4657534246575342465753424658,43.61543378995433789954338246,0E-28,0E-28,0,0,0,1145,1146,2038,ZBO,0.6849315068493150684931506850,0.4657534246575342465753424658,0.1204326014887095765309313912,0.08671147307187089510227060166
43.61543378995433789954338246,0,0.000,43.61543378995433789954338246,0.6849315068493150684931506850,0.4657534246575342465753424658,42.93050228310502283105023178,0E-28,0E-28,0,0,0,1146,1147,2038,ZBO,0.6849315068493150684931506850,0.4657534246575342465753424658,0.1185560768124100831925939921,0.08536037530493525989866767431
42.93050228310502283105023178,0,0.000,42.93050228310502283105023178,0.6849315068493150684931506850,0.4657534246575342465753424658,42.24557077625570776255708110,0E-28,0E-28,0,0,0,1147,1148,2038,ZBO,0.6849315068493150684931506850,0.4657534246575342465753424658,0.1166795521361105898542565930,0.08400927753799962469506474696
42.24557077625570776255708110,0,0.000,42.24557077625570776255708110,0.6849315068493150684931506850,0.4657534246575342465753424658,41.56063926940639269406393042,0E-28,0E-28,0,0,0,1148,1149,2038,ZBO,0.6849315068493150684931506850,0.4657534246575342465753424658,0.1148030274598110965159191939,0.08265817977106398949146181961
41.56063926940639269406393042,0,0.000,41.56063926940639269406393042,0.6849315068493150684931506850,0.4657534246575342465753424658,40.87570776255707762557077974,0E-28,0E-28,0,0,0,1149,1150,2038,ZBO,0.6849315068493150684931506850,0.4657534246575342465753424658,0.1129265027835116031775817948,0.08130708200412835428785889226
40.87570776255707762557077974,0,0.000,40.87570776255707762557077974,0.6849315068493150684931506850,0.4657534246575342465753424658,40.19077625570776255707762906,0E-28,0E-28,0,0,0,1150,1151,2038,ZBO,0.6849315068493150684931506850,0.4657534246575342465753424658,0.1110499781072121098392443956,0.07995598423719271908425596483
40.19077625570776255707762906,0,0.000,40.19077625570776255707762906,0.6849315068493150684931506850,0.4657534246575342465753424658,39.50584474885844748858447838,0E-28,0E-28,0,0,0,1151,1152,2038,ZBO,0.6849315068493150684931506850,0.4657534246575342465753424658,0.1091734534309126165009069965,0.07860488647025708388065303748
39.50584474885844748858447838,0,0.000,39.50584474885844748858447838,0.6849315068493150684931506850,0.4657534246575342465753424658,38.82091324200913242009132770,0E-28,0E-28,0,0,0,1152,1153,2038,ZBO,0.6849315068493150684931506850,0.4657534246575342465753424658,0.1072969287546131231625695974,0.07725378870332144867705011013
38.82091324200913242009132770,0,0.000,38.82091324200913242009132770,0.6849315068493150684931506850,0.4657534246575342465753424658,38.13598173515981735159817702,0E-28,0E-28,0,0,0,1153,1154,2038,ZBO,0.6849315068493150684931506850,0.4657534246575342465753424658,0.1054204040783136298242321983,0.07590269093638581347344718278
38.13598173515981735159817702,0,0.000,38.13598173515981735159817702,0.6849315068493150684931506850,0.4657534246575342465753424658,37.45105022831050228310502634,0E-28,0E-28,0,0,0,1154,1155,2038,ZBO,0.6849315068493150684931506850,0.4657534246575342465753424658,0.1035438794020141364858947991,0.07455159316945017826984425535
37.45105022831050228310502634,0,0.000,37.45105022831050228310502634,0.5707762557077625570776255708,0.3881278538812785388127853881,36.88027397260273972602740077,0E-28,0E-28,0,0,0,1155,6935/6,2038,ZBO,0.5707762557077625570776255708,0.3881278538812785388127853881,0.08485310981839411188257126383,0.06109423906924376055545130996
36.88027397260273972602740077,15.83333333333333333333333333,0.1900000000000000000000000000,52.52360730593607305936073410,0.1141552511415525114155251142,0.07762557077625570776255707764,52.40945205479452054794520899,0E-28,0E-29,15.83333333333333333333333333,0E-26,0,6935/6,1156,2038,ZBO,0.1141552511415525114155251142,0.07762557077625570776255707764,0.02395731948875127707929359432,0.01724927003190091949709138791
52.40945205479452054794520899,0,0.000,52.40945205479452054794520899,0.6849315068493150684931506850,0.4657534246575342465753424658,51.72452054794520547945205830,0E-28,0E-28,0,0,0,1156,1157,2038,ZBO,0.6849315068493150684931506850,0.4657534246575342465753424658,0.1426492775379996246950647497,0.1027074798273597297804466198
51.72452054794520547945205830,0,0.000,51.72452054794520547945205830,0.6849315068493150684931506850,0.4657534246575342465753424658,51.03958904109589041095890762,0E-28,0E-28,0,0,0,1157,1158,2038,ZBO,0.6849315068493150684931506850,0.4657534246575342465753424658,0.1407727528617001313567273506,0.1013563820604240945768436924
51.03958904109589041095890762,0,0.000,51.03958904109589041095890762,0.6849315068493150684931506850,0.4657534246575342465753424658,50.35465753424657534246575694,0E-28,0E-28,0,0,0,1158,1159,2038,ZBO,0.6849315068493150684931506850,0.4657534246575342465753424658,0.1388962281854006380183899515,0.1000052842934884593732407651
50.35465753424657534246575694,0,0.000,50.35465753424657534246575694,0.6849315068493150684931506850,0.4657534246575342465753424658,49.66972602739726027397260626,0E-28,0E-28,0,0,0,1159,1160,2038,ZBO,0.6849315068493150684931506850,0.4657534246575342465753424658,0.1370197035091011446800525523,0.09865418652655282416963783766
49.66972602739726027397260626,0,0.000,49.66972602739726027397260626,0.6849315068493150684931506850,0.4657534246575342465753424658,48.98479452054794520547945558,0E-28,0E-28,0,0,0,1160,1161,2038,ZBO,0.6849315068493150684931506850,0.4657534246575342465753424658,0.1351431788328016513417151532,0.09730308875961718896603491030
48.98479452054794520547945558,0,0.000,48.98479452054794520547945558,0.6849315068493150684931506850,0.4657534246575342465753424658,48.29986301369863013698630490,0E-28,0E-28,0,0,0,1161,1162,2038,ZBO,0.6849315068493150684931506850,0.4657534246575342465753424658,0.1332666541565021580033777541,0.09595199099268155376243198295
48.29986301369863013698630490,0,0.000,48.29986301369863013698630490,0.6849315068493150684931506850,0.4657534246575342465753424658,47.61493150684931506849315422,0E-28,0E-28,0,0,0,1162,1163,2038,ZBO,0.6849315068493150684931506850,0.4657534246575342465753424658,0.1313901294802026646650403550,0.09460089322574591855882905560
47.61493150684931506849315422,0,0.000,47.61493150684931506849315422,0.6849315068493150684931506850,0.4657534246575342465753424658,46.93000000000000000000000354,0E-28,0E-28,0,0,0,1163,1164,2038,ZBO,0.6849315068493150684931506850,0.4657534246575342465753424658,0.1295136048039031713267029558,0.09324979545881028335522612818
46.93000000000000000000000354,0,0.000,46.93000000000000000000000354,0.6849315068493150684931506850,0.4657534246575342465753424658,46.24506849315068493150685286,0E-28,0E-28,0,0,0,1164,1165,2038,ZBO,0.6849315068493150684931506850,0.4657534246575342465753424658,0.1276370801276036779883655567,0.09189869769187464815162320082
46.24506849315068493150685286,0,0.000,46.24506849315068493150685286,0.6849315068493150684931506850,0.4657534246575342465753424658,45.56013698630136986301370218,0E-28,0E-28,0,0,0,1165,1166,2038,ZBO,0.6849315068493150684931506850,0.4657534246575342465753424658,0.1257605554513041846500281576,0.09054759992493901294802027347
45.56013698630136986301370218,0,0.000,45.56013698630136986301370218,0.6849315068493150684931506850,0.4657534246575342465753424658,44.87520547945205479452055150,0E-28,0E-28,0,0,0,1166,1167,2038,ZBO,0.6849315068493150684931506850,0.4657534246575342465753424658,0.1238840307750046913116907585,0.08919650215800337774441734612
44.87520547945205479452055150,0,0.000,44.87520547945205479452055150,0.6849315068493150684931506850,0.4657534246575342465753424658,44.19027397260273972602740082,0E-28,0E-28,0,0,0,1167,1168,2038,ZBO,0.6849315068493150684931506850,0.4657534246575342465753424658,0.1220075060987051979733533594,0.08784540439106774254081441877
44.19027397260273972602740082,0,0.000,44.19027397260273972602740082,0.6849315068493150684931506850,0.4657534246575342465753424658,43.50534246575342465753425014,0E-28,0E-28,0,0,0,1168,1169,2038,ZBO,0.6849315068493150684931506850,0.4657534246575342465753424658,0.1201309814224057046350159602,0.08649430662413210733721149134
43.50534246575342465753425014,0,0.000,43.50534246575342465753425014,0.6849315068493150684931506850,0.4657534246575342465753424658,42.82041095890410958904109946,0E-28,0E-28,0,0,0,1169,1170,2038,ZBO,0.6849315068493150684931506850,0.4657534246575342465753424658,0.1182544567461062112966785611,0.08514320885719647213360856399
42.82041095890410958904109946,0,0.000,42.82041095890410958904109946,0.6849315068493150684931506850,0.4657534246575342465753424658,42.13547945205479452054794878,0E-28,0E-28,0,0,0,1170,1171,2038,ZBO,0.6849315068493150684931506850,0.4657534246575342465753424658,0.1163779320698067179583411620,0.08379211109026083693000563664
42.13547945205479452054794878,0,0.000,42.13547945205479452054794878,0.6849315068493150684931506850,0.4657534246575342465753424658,41.45054794520547945205479810,0E-28,0E-28,0,0,0,1171,1172,2038,ZBO,0.6849315068493150684931506850,0.4657534246575342465753424658,0.1145014073935072246200037629,0.08244101332332520172640270929
41.45054794520547945205479810,0,0.000,41.45054794520547945205479810,0.6849315068493150684931506850,0.4657534246575342465753424658,40.76561643835616438356164742,0E-28,0E-28,0,0,0,1172,1173,2038,ZBO,0.6849315068493150684931506850,0.4657534246575342465753424658,0.1126248827172077312816663637,0.08108991555638956652279978186
40.76561643835616438356164742,0,0.000,40.76561643835616438356164742,0.6849315068493150684931506850,0.4657534246575342465753424658,40.08068493150684931506849674,0E-28,0E-28,0,0,0,1173,1174,2038,ZBO,0.6849315068493150684931506850,0.4657534246575342465753424658,0.1107483580409082379433289646,0.07973881778945393131919685451
40.08068493150684931506849674,0,0.000,40.08068493150684931506849674,0.6849315068493150684931506850,0.4657534246575342465753424658,39.39575342465753424657534606,0E-28,0E-28,0,0,0,1174,1175,2038,ZBO,0.6849315068493150684931506850,0.4657534246575342465753424658,0.1088718333646087446049915655,0.07838772002251829611559392716
39.39575342465753424657534606,0,0.000,39.39575342465753424657534606,0.6849315068493150684931506850,0.4657534246575342465753424658,38.71082191780821917808219538,0E-28,0E-28,0,0,0,1175,1176,2038,ZBO,0.6849315068493150684931506850,0.4657534246575342465753424658,0.1069953086883092512666541664,0.07703662225558266091199099981
38.71082191780821917808219538,0,0.000,38.71082191780821917808219538,0.6849315068493150684931506850,0.4657534246575342465753424658,38.02589041095890410958904470,0E-28,0E-28,0,0,0,1176,1177,2038,ZBO,0.6849315068493150684931506850,0.4657534246575342465753424658,0.1051187840120097579283167672,0.07568552448864702570838807238
38.02589041095890410958904470,0,0.000,38.02589041095890410958904470,0.6849315068493150684931506850,0.4657534246575342465753424658,37.34095890410958904109589402,0E-28,0E-28,0,0,0,1177,1178,2038,ZBO,0.6849315068493150684931506850,0.4657534246575342465753424658,0.1032422593357102645899793681,0.07433442672171139050478514503
37.34095890410958904109589402,0,0.000,37.34095890410958904109589402,0.6849315068493150684931506850,0.4657534246575342465753424658,36.65602739726027397260274334,0E-28,0E-28,0,0,0,1178,1179,2038,ZBO,0.6849315068493150684931506850,0.4657534246575342465753424658,0.1013657346594107712516419690,0.07298332895477575530118221768
36.65602739726027397260274334,0,0.000,36.65602739726027397260274334,0.6849315068493150684931506850,0.4657534246575342465753424658,35.97109589041095890410959266,0E-28,0E-28,0,0,0,1179,1180,2038,ZBO,0.6849315068493150684931506850,0.4657534246575342465753424658,0.09948920998311127791330456987,0.07163223118784012009757929031
35.97109589041095890410959266,0,0.000,35.97109589041095890410959266,0.6849315068493150684931506850,0.4657534246575342465753424658,35.28616438356164383561644198,0E-28,0E-28,0,0,0,1180,1181,2038,ZBO,0.6849315068493150684931506850,0.4657534246575342465753424658,0.09761268530681178457496717075,0.07028113342090448489397636294
35.28616438356164383561644198,0,0.000,35.28616438356164383561644198,0.6849315068493150684931506850,0.4657534246575342465753424658,34.60123287671232876712329130,0E-28,0E-28,0,0,0,1181,1182,2038,ZBO,0.6849315068493150684931506850,0.4657534246575342465753424658,0.09573616063051229123662977163,0.06893003565396884969037343557
34.60123287671232876712329130,0,0.000,34.60123287671232876712329130,0.6849315068493150684931506850,0.4657534246575342465753424658,33.91630136986301369863014062,0E-28,0E-28,0,0,0,1182,1183,2038,ZBO,0.6849315068493150684931506850,0.4657534246575342465753424658,0.09385963595421279789829237250,0.06757893788703321448677050820
33.91630136986301369863014062,0,0.000,33.91630136986301369863014062,0.6849315068493150684931506850,0.4657534246575342465753424658,33.23136986301369863013698994,0E-28,0E-28,0,0,0,1183,1184,2038,ZBO,0.6849315068493150684931506850,0.4657534246575342465753424658,0.09198311127791330455995497338,0.06622784012009757928316758083
33.23136986301369863013698994,0,0.000,33.23136986301369863013698994,0.6849315068493150684931506850,0.4657534246575342465753424658,32.54643835616438356164383926,0E-28,0E-28,0,0,0,1184,1185,2038,ZBO,0.6849315068493150684931506850,0.4657534246575342465753424658,0.09010658660161381122161757426,0.06487674235316194407956465347
32.54643835616438356164383926,0,0.000,32.54643835616438356164383926,0.6849315068493150684931506850,0.4657534246575342465753424658,31.86150684931506849315068858,0E-28,0E-28,0,0,0,1185,1186,2038,ZBO,0.6849315068493150684931506850,0.4657534246575342465753424658,0.08823006192531431788328017513,0.06352564458622630887596172609
31.86150684931506849315068858,0,0.000,31.86150684931506849315068858,0.1712328767123287671232876712,0.1164383561643835616438356164,31.69027397260273972602740091,0E-28,0E-28,0,0,0,1186,4745/4,2038,ZBO,0.1712328767123287671232876712,0.1164383561643835616438356164,0.02176430850065678363670482516,0.01567030212047288421842747412
31.69027397260273972602740091,15.83333333333333333333333333,0.1900000000000000000000000000,47.33360730593607305936073424,0.5136986301369863013698630138,0.3493150684931506849315068494,46.81990867579908675799087123,0E-28,0E-28,15.83333333333333333333333333,0E-26,0,4745/4,1187,2038,ZBO,0.5136986301369863013698630138,0.3493150684931506849315068494,0.09673306436479639707262151249,0.06964780634265340589228748899
46.81990867579908675799087123,0,0.000,46.81990867579908675799087123,0.6849315068493150684931506850,0.4657534246575342465753424658,46.13497716894977168949772054,0E-28,0E-28,0,0,0,1187,1188,2038,ZBO,0.6849315068493150684931506850,0.4657534246575342465753424658,0.1273354600612998060924501257,0.09168153124413586038656409050
46.13497716894977168949772054,0,0.000,46.13497716894977168949772054,0.6849315068493150684931506850,0.4657534246575342465753424658,45.45004566210045662100456986,0E-28,0E-28,0,0,0,1188,1189,2038,ZBO,0.6849315068493150684931506850,0.4657534246575342465753424658,0.1254589353850003127541127266,0.09033043347720022518296116315
45.45004566210045662100456986,0,0.000,45.45004566210045662100456986,0.6849315068493150684931506850,0.4657534246575342465753424658,44.76511415525114155251141918,0E-28,0E-28,0,0,0,1189,1190,2038,ZBO,0.6849315068493150684931506850,0.4657534246575342465753424658,0.1235824107087008194157753275,0.08897933571026458997935823580
44.76511415525114155251141918,0,0.000,44.76511415525114155251141918,0.6849315068493150684931506850,0.4657534246575342465753424658,44.08018264840182648401826850,0E-28,0E-28,0,0,0,1190,1191,2038,ZBO,0.6849315068493150684931506850,0.4657534246575342465753424658,0.1217058860324013260774379283,0.08762823794332895477575530838
44.08018264840182648401826850,0,0.000,44.08018264840182648401826850,0.6849315068493150684931506850,0.4657534246575342465753424658,43.39525114155251141552511782,0E-28,0E-28,0,0,0,1191,1192,2038,ZBO,0.6849315068493150684931506850,0.4657534246575342465753424658,0.1198293613561018327391005292,0.08627714017639331957215238102
43.39525114155251141552511782,0,0.000,43.39525114155251141552511782,0.6849315068493150684931506850,0.4657534246575342465753424658,42.71031963470319634703196714,0E-28,0E-28,0,0,0,1192,1193,2038,ZBO,0.6849315068493150684931506850,0.4657534246575342465753424658,0.1179528366798023394007631301,0.08492604240945768436854945367
42.71031963470319634703196714,0,0.000,42.71031963470319634703196714,0.6849315068493150684931506850,0.4657534246575342465753424658,42.02538812785388127853881646,0E-28,0E-28,0,0,0,1193,1194,2038,ZBO,0.6849315068493150684931506850,0.4657534246575342465753424658,0.1160763120035028460624257310,0.08357494464252204916494652632
42.02538812785388127853881646,0,0.000,42.02538812785388127853881646,0.6849315068493150684931506850,0.4657534246575342465753424658,41.34045662100456621004566578,0E-28,0E-28,0,0,0,1194,1195,2038,ZBO,0.6849315068493150684931506850,0.4657534246575342465753424658,0.1141997873272033527240883318,0.08222384687558641396134359890
41.34045662100456621004566578,0,0.000,41.34045662100456621004566578,0.6849315068493150684931506850,0.4657534246575342465753424658,40.65552511415525114155251510,0E-28,0E-28,0,0,0,1195,1196,2038,ZBO,0.6849315068493150684931506850,0.4657534246575342465753424658,0.1123232626509038593857509327,0.08087274910865077875774067154
40.65552511415525114155251510,0,0.000,40.65552511415525114155251510,0.6849315068493150684931506850,0.4657534246575342465753424658,39.97059360730593607305936442,0E-28,0E-28,0,0,0,1196,1197,2038,ZBO,0.6849315068493150684931506850,0.4657534246575342465753424658,0.1104467379746043660474135336,0.07952165134171514355413774419
39.97059360730593607305936442,0,0.000,39.97059360730593607305936442,0.6849315068493150684931506850,0.4657534246575342465753424658,39.28566210045662100456621374,0E-28,0E-28,0,0,0,1197,1198,2038,ZBO,0.6849315068493150684931506850,0.4657534246575342465753424658,0.1085702132983048727090761345,0.07817055357477950835053481684
39.28566210045662100456621374,0,0.000,39.28566210045662100456621374,0.6849315068493150684931506850,0.4657534246575342465753424658,38.60073059360730593607306306,0E-28,0E-28,0,0,0,1198,1199,2038,ZBO,0.6849315068493150684931506850,0.4657534246575342465753424658,0.1066936886220053793707387354,0.07681945580784387314693188949
38.60073059360730593607306306,0,0.000,38.60073059360730593607306306,0.6849315068493150684931506850,0.4657534246575342465753424658,37.91579908675799086757991238,0E-28,0E-28,0,0,0,1199,1200,2038,ZBO,0.6849315068493150684931506850,0.4657534246575342465753424658,0.1048171639457058860324013362,0.07546835804090823794332896206
37.91579908675799086757991238,0,0.000,37.91579908675799086757991238,0.6849315068493150684931506850,0.4657534246575342465753424658,37.23086757990867579908676170,0E-28,0E-28,0,0,0,1200,1201,2038,ZBO,0.6849315068493150684931506850,0.4657534246575342465753424658,0.1029406392694063926940639371,0.07411726027397260273972603471
37.23086757990867579908676170,0,0.000,37.23086757990867579908676170,0.6849315068493150684931506850,0.4657534246575342465753424658,36.54593607305936073059361102,0E-28,0E-28,0,0,0,1201,1202,2038,ZBO,0.6849315068493150684931506850,0.4657534246575342465753424658,0.1010641145931068993557265380,0.07276616250703696753612310736
36.54593607305936073059361102,0,0.000,36.54593607305936073059361102,0.6849315068493150684931506850,0.4657534246575342465753424658,35.86100456621004566210046034,0E-28,0E-28,0,0,0,1202,1203,2038,ZBO,0.6849315068493150684931506850,0.4657534246575342465753424658,0.09918758991680740601738913886,0.07141506474010133233252017998
35.86100456621004566210046034,0,0.000,35.86100456621004566210046034,0.6849315068493150684931506850,0.4657534246575342465753424658,35.17607305936073059360730966,0E-28,0E-28,0,0,0,1203,1204,2038,ZBO,0.6849315068493150684931506850,0.4657534246575342465753424658,0.09731106524050791267905173974,0.07006396697316569712891725261
35.17607305936073059360730966,0,0.000,35.17607305936073059360730966,0.6849315068493150684931506850,0.4657534246575342465753424658,34.49114155251141552511415898,0E-28,0E-28,0,0,0,1204,1205,2038,ZBO,0.6849315068493150684931506850,0.4657534246575342465753424658,0.09543454056420841934071434061,0.06871286920623006192531432524
34.49114155251141552511415898,0,0.000,34.49114155251141552511415898,0.6849315068493150684931506850,0.4657534246575342465753424658,33.80621004566210045662100830,0E-28,0E-28,0,0,0,1205,1206,2038,ZBO,0.6849315068493150684931506850,0.4657534246575342465753424658,0.09355801588790892600237694149,0.06736177143929442672171139787
33.80621004566210045662100830,0,0.000,33.80621004566210045662100830,0.6849315068493150684931506850,0.4657534246575342465753424658,33.12127853881278538812785762,0E-28,0E-28,0,0,0,1206,1207,2038,ZBO,0.6849315068493150684931506850,0.4657534246575342465753424658,0.09168149121160943266403954237,0.06601067367235879151810847051
33.12127853881278538812785762,0,0.000,33.12127853881278538812785762,0.6849315068493150684931506850,0.4657534246575342465753424658,32.43634703196347031963470694,0E-28,0E-28,0,0,0,1207,1208,2038,ZBO,0.6849315068493150684931506850,0.4657534246575342465753424658,0.08980496653530993932570214324,0.06465957590542315631450554313
32.43634703196347031963470694,0,0.000,32.43634703196347031963470694,0.6849315068493150684931506850,0.4657534246575342465753424658,31.75141552511415525114155626,0E-28,0E-28,0,0,0,1208,1209,2038,ZBO,0.6849315068493150684931506850,0.4657534246575342465753424658,0.08792844185901044598736474412,0.06330847813848752111090261577
31.75141552511415525114155626,0,0.000,31.75141552511415525114155626,0.6849315068493150684931506850,0.4657534246575342465753424658,31.06648401826484018264840558,0E-28,0E-28,0,0,0,1209,1210,2038,ZBO,0.6849315068493150684931506850,0.4657534246575342465753424658,0.08605191718271095264902734499,0.06195738037155188590729968839
31.06648401826484018264840558,0,0.000,31.06648401826484018264840558,0.6849315068493150684931506850,0.4657534246575342465753424658,30.38155251141552511415525490,0E-28,0E-28,0,0,0,1210,1211,2038,ZBO,0.6849315068493150684931506850,0.4657534246575342465753424658,0.08417539250641145931068994587,0.06060628260461625070369676103
30.38155251141552511415525490,0,0.000,30.38155251141552511415525490,0.6849315068493150684931506850,0.4657534246575342465753424658,29.69662100456621004566210422,0E-28,0E-28,0,0,0,1211,1212,2038,ZBO,0.6849315068493150684931506850,0.4657534246575342465753424658,0.08229886783011196597235254675,0.05925518483768061550009383366
29.69662100456621004566210422,0,0.000,29.69662100456621004566210422,0.6849315068493150684931506850,0.4657534246575342465753424658,29.01168949771689497716895354,0E-28,0E-28,0,0,0,1212,1213,2038,ZBO,0.6849315068493150684931506850,0.4657534246575342465753424658,0.08042234315381247263401514762,0.05790408707074498029649090629
29.01168949771689497716895354,0,0.000,29.01168949771689497716895354,0.6849315068493150684931506850,0.4657534246575342465753424658,28.32675799086757990867580286,0E-28,0E-28,0,0,0,1213,1214,2038,ZBO,0.6849315068493150684931506850,0.4657534246575342465753424658,0.07854581847751297929567774850,0.05655298930380934509288797892
28.32675799086757990867580286,0,0.000,28.32675799086757990867580286,0.6849315068493150684931506850,0.4657534246575342465753424658,27.64182648401826484018265218,0E-28,0E-28,0,0,0,1214,1215,2038,ZBO,0.6849315068493150684931506850,0.4657534246575342465753424658,0.07666929380121348595734034938,0.05520189153687370988928505155
27.64182648401826484018265218,0,0.000,27.64182648401826484018265218,0.6849315068493150684931506850,0.4657534246575342465753424658,26.95689497716894977168950150,0E-28,0E-28,0,0,0,1215,1216,2038,ZBO,0.6849315068493150684931506850,0.4657534246575342465753424658,0.07479276912491399261900295025,0.05385079376993807468568212418
26.95689497716894977168950150,0,0.000,26.95689497716894977168950150,0.4566210045662100456621004568,0.3105022831050228310502283106,26.50027397260273972602740104,0E-28,0E-28,0,0,0,1216,3650/3,2038,ZBO,0.4566210045662100456621004568,0.3105022831050228310502283106,0.04881933237422072100248118955,0.03514991930943891912178645648
26.50027397260273972602740104,25.38708797811177046937681400,0.3046450557373412456325217680,51.58271689497716894977169327,0.2283105022831050228310502283,0.1552511415525114155251141552,51.35440639269406392694064304,0E-28,0E-28,25.38708797811177046937681400,0E-26,0,3650/3,1217,2038,ZBO,0.2283105022831050228310502283,0.1552511415525114155251141552,0.04700325264277225245511978826,0.03384234190279602176768624755
51.35440639269406392694064304,0,0.000,51.35440639269406392694064304,0.6849315068493150684931506850,0.4657534246575342465753424658,50.66947488584474885844749236,0E-28,0E-28,0,0,0,1217,1218,2038,ZBO,0.6849315068493150684931506850,0.4657534246575342465753424658,0.1397587414774504284731344321,0.1006262938637643085006567911
50.66947488584474885844749236,0,0.000,50.66947488584474885844749236,0.6849315068493150684931506850,0.4657534246575342465753424658,49.98454337899543378995434168,0E-28,0E-28,0,0,0,1218,1219,2038,ZBO,0.6849315068493150684931506850,0.4657534246575342465753424658,0.1378822168011509351347970329,0.09927519609682867329705386369
49.98454337899543378995434168,0,0.000,49.98454337899543378995434168,0.6849315068493150684931506850,0.4657534246575342465753424658,49.29961187214611872146119100,0E-28,0E-28,0,0,0,1219,1220,2038,ZBO,0.6849315068493150684931506850,0.4657534246575342465753424658,0.1360056921248514417964596338,0.09792409832989303809345093634
49.29961187214611872146119100,0,0.000,49.29961187214611872146119100,0.6849315068493150684931506850,0.4657534246575342465753424658,48.61468036529680365296804032,0E-28,0E-28,0,0,0,1220,1221,2038,ZBO,0.6849315068493150684931506850,0.4657534246575342465753424658,0.1341291674485519484581222347,0.09657300056295740288984800898
48.61468036529680365296804032,0,0.000,48.61468036529680365296804032,0.6849315068493150684931506850,0.4657534246575342465753424658,47.92974885844748858447488964,0E-28,0E-28,0,0,0,1221,1222,2038,ZBO,0.6849315068493150684931506850,0.4657534246575342465753424658,0.1322526427722524551197848356,0.09522190279602176768624508163
47.92974885844748858447488964,0,0.000,47.92974885844748858447488964,0.6849315068493150684931506850,0.4657534246575342465753424658,47.24481735159817351598173896,0E-28,0E-28,0,0,0,1222,1223,2038,ZBO,0.6849315068493150684931506850,0.4657534246575342465753424658,0.1303761180959529617814474365,0.09387080502908613248264215428
47.24481735159817351598173896,0,0.000,47.24481735159817351598173896,0.6849315068493150684931506850,0.4657534246575342465753424658,46.55988584474885844748858828,0E-28,0E-28,0,0,0,1223,1224,2038,ZBO,0.6849315068493150684931506850,0.4657534246575342465753424658,0.1284995934196534684431100373,0.09251970726215049727903922686
46.55988584474885844748858828,0,0.000,46.55988584474885844748858828,0.6849315068493150684931506850,0.4657534246575342465753424658,45.87495433789954337899543760,0E-28,0E-28,0,0,0,1224,1225,2038,ZBO,0.6849315068493150684931506850,0.4657534246575342465753424658,0.1266230687433539751047726382,0.09116860949521486207543629950
45.87495433789954337899543760,0,0.000,45.87495433789954337899543760,0.6849315068493150684931506850,0.4657534246575342465753424658,45.19002283105022831050228692,0E-28,0E-28,0,0,0,1225,1226,2038,ZBO,0.6849315068493150684931506850,0.4657534246575342465753424658,0.1247465440670544817664352391,0.08981751172827922687183337215
45.19002283105022831050228692,0,0.000,45.19002283105022831050228692,0.6849315068493150684931506850,0.4657534246575342465753424658,44.50509132420091324200913624,0E-28,0E-28,0,0,0,1226,1227,2038,ZBO,0.6849315068493150684931506850,0.4657534246575342465753424658,0.1228700193907549884280978400,0.08846641396134359166823044480
44.50509132420091324200913624,0,0.000,44.50509132420091324200913624,0.6849315068493150684931506850,0.4657534246575342465753424658,43.82015981735159817351598556,0E-28,0E-28,0,0,0,1227,1228,2038,ZBO,0.6849315068493150684931506850,0.4657534246575342465753424658,0.1209934947144554950897604408,0.08711531619440795646462751738
43.82015981735159817351598556,0,0.000,43.82015981735159817351598556,0.6849315068493150684931506850,0.4657534246575342465753424658,43.13522831050228310502283488,0E-28,0E-28,0,0,0,1228,1229,2038,ZBO,0.6849315068493150684931506850,0.4657534246575342465753424658,0.1191169700381560017514230417,0.08576421842747232126102459002
43.13522831050228310502283488,0,0.000,43.13522831050228310502283488,0.6849315068493150684931506850,0.4657534246575342465753424658,42.45029680365296803652968420,0E-28,0E-28,0,0,0,1229,1230,2038,ZBO,0.6849315068493150684931506850,0.4657534246575342465753424658,0.1172404453618565084130856426,0.08441312066053668605742166267
42.45029680365296803652968420,0,0.000,42.45029680365296803652968420,0.6849315068493150684931506850,0.4657534246575342465753424658,41.76536529680365296803653352,0E-28,0E-28,0,0,0,1230,1231,2038,ZBO,0.6849315068493150684931506850,0.4657534246575342465753424658,0.1153639206855570150747482435,0.08306202289360105085381873532
41.76536529680365296803653352,0,0.000,41.76536529680365296803653352,0.6849315068493150684931506850,0.4657534246575342465753424658,41.08043378995433789954338284,0E-28,0E-28,0,0,0,1231,1232,2038,ZBO,0.6849315068493150684931506850,0.4657534246575342465753424658,0.1134873960092575217364108443,0.08171092512666541565021580790
41.08043378995433789954338284,0,0.000,41.08043378995433789954338284,0.6849315068493150684931506850,0.4657534246575342465753424658,40.39550228310502283105023216,0E-28,0E-28,0,0,0,1232,1233,2038,ZBO,0.6849315068493150684931506850,0.4657534246575342465753424658,0.1116108713329580283980734452,0.08035982735972978044661288054
40.39550228310502283105023216,0,0.000,40.39550228310502283105023216,0.6849315068493150684931506850,0.4657534246575342465753424658,39.71057077625570776255708148,0E-28,0E-28,0,0,0,1233,1234,2038,ZBO,0.6849315068493150684931506850,0.4657534246575342465753424658,0.1097343466566585350597360461,0.07900872959279414524300995319
39.71057077625570776255708148,0,0.000,39.71057077625570776255708148,0.6849315068493150684931506850,0.4657534246575342465753424658,39.02563926940639269406393080,0E-28,0E-28,0,0,0,1234,1235,2038,ZBO,0.6849315068493150684931506850,0.4657534246575342465753424658,0.1078578219803590417213986470,0.07765763182585851003940702584
39.02563926940639269406393080,0,0.000,39.02563926940639269406393080,0.6849315068493150684931506850,0.4657534246575342465753424658,38.34070776255707762557078012,0E-28,0E-28,0,0,0,1235,1236,2038,ZBO,0.6849315068493150684931506850,0.4657534246575342465753424658,0.1059812973040595483830612478,0.07630653405892287483580409842
38.34070776255707762557078012,0,0.000,38.34070776255707762557078012,0.6849315068493150684931506850,0.4657534246575342465753424658,37.65577625570776255707762944,0E-28,0E-28,0,0,0,1236,1237,2038,ZBO,0.6849315068493150684931506850,0.4657534246575342465753424658,0.1041047726277600550447238487,0.07495543629198723963220117106
37.65577625570776255707762944,0,0.000,37.65577625570776255707762944,0.6849315068493150684931506850,0.4657534246575342465753424658,36.97084474885844748858447876,0E-28,0E-28,0,0,0,1237,1238,2038,ZBO,0.6849315068493150684931506850,0.4657534246575342465753424658,0.1022282479514605617063864496,0.07360433852505160442859824371
36.97084474885844748858447876,0,0.000,36.97084474885844748858447876,0.6849315068493150684931506850,0.4657534246575342465753424658,36.28591324200913242009132808,0E-28,0E-28,0,0,0,1238,1239,2038,ZBO,0.6849315068493150684931506850,0.4657534246575342465753424658,0.1003517232751610683680490505,0.07225324075811596922499531636
36.28591324200913242009132808,0,0.000,36.28591324200913242009132808,0.6849315068493150684931506850,0.4657534246575342465753424658,35.60098173515981735159817740,0E-28,0E-28,0,0,0,1239,1240,2038,ZBO,0.6849315068493150684931506850,0.4657534246575342465753424658,0.09847519859886157502971165135,0.07090214299118033402139238897
35.60098173515981735159817740,0,0.000,35.60098173515981735159817740,0.6849315068493150684931506850,0.4657534246575342465753424658,34.91605022831050228310502672,0E-28,0E-28,0,0,0,1240,1241,2038,ZBO,0.6849315068493150684931506850,0.4657534246575342465753424658,0.09659867392256208169137425223,0.06955104522424469881778946161
34.91605022831050228310502672,0,0.000,34.91605022831050228310502672,0.6849315068493150684931506850,0.4657534246575342465753424658,34.23111872146118721461187604,0E-28,0E-28,0,0,0,1241,1242,2038,ZBO,0.6849315068493150684931506850,0.4657534246575342465753424658,0.09472214924626258835303685311,0.06819994745730906361418653424
34.23111872146118721461187604,0,0.000,34.23111872146118721461187604,0.6849315068493150684931506850,0.4657534246575342465753424658,33.54618721461187214611872536,0E-28,0E-28,0,0,0,1242,1243,2038,ZBO,0.6849315068493150684931506850,0.4657534246575342465753424658,0.09284562456996309501469945398,0.06684884969037342841058360687
33.54618721461187214611872536,0,0.000,33.54618721461187214611872536,0.6849315068493150684931506850,0.4657534246575342465753424658,32.86125570776255707762557468,0E-28,0E-28,0,0,0,1243,1244,2038,ZBO,0.6849315068493150684931506850,0.4657534246575342465753424658,0.09096909989366360167636205486,0.06549775192343779320698067950
32.86125570776255707762557468,0,0.000,32.86125570776255707762557468,0.6849315068493150684931506850,0.4657534246575342465753424658,32.17632420091324200913242400,0E-28,0E-28,0,0,0,1244,1245,2038,ZBO,0.6849315068493150684931506850,0.4657534246575342465753424658,0.08909257521736410833802465573,0.06414665415650215800337775213
32.17632420091324200913242400,0,0.000,32.17632420091324200913242400,0.6849315068493150684931506850,0.4657534246575342465753424658,31.49139269406392694063927332,0E-28,0E-28,0,0,0,1245,1246,2038,ZBO,0.6849315068493150684931506850,0.4657534246575342465753424658,0.08721605054106461499968725661,0.06279555638956652279977482476
31.49139269406392694063927332,0,0.000,31.49139269406392694063927332,0.6849315068493150684931506850,0.4657534246575342465753424658,30.80646118721461187214612264,0E-28,0E-28,0,0,0,1246,1247,2038,ZBO,0.6849315068493150684931506850,0.4657534246575342465753424658,0.08533952586476512166134985749,0.06144445862263088759617189739
30.80646118721461187214612264,0,0.000,30.80646118721461187214612264,0.05707762557077625570776255708,0.03881278538812785388127853881,30.74938356164383561643836008,0E-29,0E-29,0,0,0,1247,14965/12,2038,ZBO,0.05707762557077625570776255708,0.03881278538812785388127853881,0.007026922916536352453034758301,0.005059384499906173766185025977
30.74938356164383561643836008,25.38708797811177046937681400,0.3046450557373412456325217680,55.83182648401826484018265231,0.6278538812785388127853881280,0.4269406392694063926940639270,55.20397260273972602739726418,0E-28,0E-28,25.38708797811177046937681400,0E-26,0,14965/12,1248,2038,ZBO,0.6278538812785388127853881280,0.4269406392694063926940639270,0.1394285148349700798565501235,0.1003885306811784574967160889
55.20397260273972602739726418,0,0.000,55.20397260273972602739726418,0.6849315068493150684931506850,0.4657534246575342465753424658,54.51904109589041095890411350,0E-28,0E-28,0,0,0,1248,1249,2038,ZBO,0.6849315068493150684931506850,0.4657534246575342465753424658,0.1503054982173015575154813393,0.1082199587164571214111465643
54.51904109589041095890411350,0,0.000,54.51904109589041095890411350,0.6849315068493150684931506850,0.4657534246575342465753424658,53.83410958904109589041096282,0E-28,0E-28,0,0,0,1249,1250,2038,ZBO,0.6849315068493150684931506850,0.4657534246575342465753424658,0.1484289735410020641771439402,0.1068688609495214862075436369
53.83410958904109589041096282,0,0.000,53.83410958904109589041096282,0.6849315068493150684931506850,0.4657534246575342465753424658,53.14917808219178082191781214,0E-28,0E-28,0,0,0,1250,1251,2038,ZBO,0.6849315068493150684931506850,0.4657534246575342465753424658,0.1465524488647025708388065411,0.1055177631825858510039407096
53.14917808219178082191781214,0,0.000,53.14917808219178082191781214,0.6849315068493150684931506850,0.4657534246575342465753424658,52.46424657534246575342466146,0E-28,0E-28,0,0,0,1251,1252,2038,ZBO,0.6849315068493150684931506850,0.4657534246575342465753424658,0.1446759241884030775004691419,0.1041666654156502158003377822
52.46424657534246575342466146,0,0.000,52.46424657534246575342466146,0.6849315068493150684931506850,0.4657534246575342465753424658,51.77931506849315068493151078,0E-28,0E-28,0,0,0,1252,1253,2038,ZBO,0.6849315068493150684931506850,0.4657534246575342465753424658,0.1427993995121035841621317428,0.1028155676487145805967348548
51.77931506849315068493151078,0,0.000,51.77931506849315068493151078,0.6849315068493150684931506850,0.4657534246575342465753424658,51.09438356164383561643836010,0E-28,0E-28,0,0,0,1253,1254,2038,ZBO,0.6849315068493150684931506850,0.4657534246575342465753424658,0.1409228748358040908237943437,0.1014644698817789453931319275
51.09438356164383561643836010,0,0.000,51.09438356164383561643836010,0.6849315068493150684931506850,0.4657534246575342465753424658,50.40945205479452054794520942,0E-28,0E-28,0,0,0,1254,1255,2038,ZBO,0.6849315068493150684931506850,0.4657534246575342465753424658,0.1390463501595045974854569445,0.1001133721148433101895290000
50.40945205479452054794520942,0,0.000,50.40945205479452054794520942,0.6849315068493150684931506850,0.4657534246575342465753424658,49.72452054794520547945205874,0E-28,0E-28,0,0,0,1255,1256,2038,ZBO,0.6849315068493150684931506850,0.4657534246575342465753424658,0.1371698254832051041471195455,0.09876227434790767498592607276
49.72452054794520547945205874,0,0.000,49.72452054794520547945205874,0.6849315068493150684931506850,0.4657534246575342465753424658,49.03958904109589041095890806,0E-28,0E-28,0,0,0,1256,1257,2038,ZBO,0.6849315068493150684931506850,0.4657534246575342465753424658,0.1352933008069056108087821463,0.09741117658097203978232314534
49.03958904109589041095890806,0,0.000,49.03958904109589041095890806,0.6849315068493150684931506850,0.4657534246575342465753424658,48.35465753424657534246575738,0E-28,0E-28,0,0,0,1257,1258,2038,ZBO,0.6849315068493150684931506850,0.4657534246575342465753424658,0.1334167761306061174704447472,0.09606007881403640457872021798
48.35465753424657534246575738,0,0.000,48.35465753424657534246575738,0.6849315068493150684931506850,0.4657534246575342465753424658,47.66972602739726027397260670,0E-28,0E-28,0,0,0,1258,1259,2038,ZBO,0.6849315068493150684931506850,0.4657534246575342465753424658,0.1315402514543066241321073481,0.09470898104710076937511729063
47.66972602739726027397260670,0,0.000,47.66972602739726027397260670,0.6849315068493150684931506850,0.4657534246575342465753424658,46.98479452054794520547945602,0E-28,0E-28,0,0,0,1259,1260,2038,ZBO,0.6849315068493150684931506850,0.4657534246575342465753424658,0.1296637267780071307937699489,0.09335788328016513417151436321
46.98479452054794520547945602,0,0.000,46.98479452054794520547945602,0.6849315068493150684931506850,0.4657534246575342465753424658,46.29986301369863013698630534,0E-28,0E-28,0,0,0,1260,1261,2038,ZBO,0.6849315068493150684931506850,0.4657534246575342465753424658,0.1277872021017076374554325498,0.09200678551322949896791143586
46.29986301369863013698630534,0,0.000,46.29986301369863013698630534,0.6849315068493150684931506850,0.4657534246575342465753424658,45.61493150684931506849315466,0E-28,0E-28,0,0,0,1261,1262,2038,ZBO,0.6849315068493150684931506850,0.4657534246575342465753424658,0.1259106774254081441170951507,0.09065568774629386376430850850
45.61493150684931506849315466,0,0.000,45.61493150684931506849315466,0.6849315068493150684931506850,0.4657534246575342465753424658,44.93000000000000000000000398,0E-28,0E-28,0,0,0,1262,1263,2038,ZBO,0.6849315068493150684931506850,0.4657534246575342465753424658,0.1240341527491086507787577516,0.08930458997935822856070558115
44.93000000000000000000000398,0,0.000,44.93000000000000000000000398,0.6849315068493150684931506850,0.4657534246575342465753424658,44.24506849315068493150685330,0E-28,0E-28,0,0,0,1263,1264,2038,ZBO,0.6849315068493150684931506850,0.4657534246575342465753424658,0.1221576280728091574404203525,0.08795349221242259335710265380
44.24506849315068493150685330,0,0.000,44.24506849315068493150685330,0.6849315068493150684931506850,0.4657534246575342465753424658,43.56013698630136986301370262,0E-28,0E-28,0,0,0,1264,1265,2038,ZBO,0.6849315068493150684931506850,0.4657534246575342465753424658,0.1202811033965096641020829533,0.08660239444548695815349972638
43.56013698630136986301370262,0,0.000,43.56013698630136986301370262,0.6849315068493150684931506850,0.4657534246575342465753424658,42.87520547945205479452055194,0E-28,0E-28,0,0,0,1265,1266,2038,ZBO,0.6849315068493150684931506850,0.4657534246575342465753424658,0.1184045787202101707637455542,0.08525129667855132294989679902
42.87520547945205479452055194,0,0.000,42.87520547945205479452055194,0.6849315068493150684931506850,0.4657534246575342465753424658,42.19027397260273972602740126,0E-28,0E-28,0,0,0,1266,1267,2038,ZBO,0.6849315068493150684931506850,0.4657534246575342465753424658,0.1165280540439106774254081551,0.08390019891161568774629387167
42.19027397260273972602740126,0,0.000,42.19027397260273972602740126,0.6849315068493150684931506850,0.4657534246575342465753424658,41.50534246575342465753425058,0E-28,0E-28,0,0,0,1267,1268,2038,ZBO,0.6849315068493150684931506850,0.4657534246575342465753424658,0.1146515293676111840870707560,0.08254910114468005254269094432
41.50534246575342465753425058,0,0.000,41.50534246575342465753425058,0.6849315068493150684931506850,0.4657534246575342465753424658,40.82041095890410958904109990,0E-28,0E-28,0,0,0,1268,1269,2038,ZBO,0.6849315068493150684931506850,0.4657534246575342465753424658,0.1127750046913116907487333568,0.08119800337774441733908801690
40.82041095890410958904109990,0,0.000,40.82041095890410958904109990,0.6849315068493150684931506850,0.4657534246575342465753424658,40.13547945205479452054794922,0E-28,0E-28,0,0,0,1269,1270,2038,ZBO,0.6849315068493150684931506850,0.4657534246575342465753424658,0.1108984800150121974103959577,0.07984690561080878213548508954
40.13547945205479452054794922,0,0.000,40.13547945205479452054794922,0.6849315068493150684931506850,0.4657534246575342465753424658,39.45054794520547945205479854,0E-28,0E-28,0,0,0,1270,1271,2038,ZBO,0.6849315068493150684931506850,0.4657534246575342465753424658,0.1090219553387127040720585586,0.07849580784387314693188216219
39.45054794520547945205479854,0,0.000,39.45054794520547945205479854,0.6849315068493150684931506850,0.4657534246575342465753424658,38.76561643835616438356164786,0E-28,0E-28,0,0,0,1271,1272,2038,ZBO,0.6849315068493150684931506850,0.4657534246575342465753424658,0.1071454306624132107337211595,0.07714471007693751172827923484
38.76561643835616438356164786,0,0.000,38.76561643835616438356164786,0.6849315068493150684931506850,0.4657534246575342465753424658,38.08068493150684931506849718,0E-28,0E-28,0,0,0,1272,1273,2038,ZBO,0.6849315068493150684931506850,0.4657534246575342465753424658,0.1052689059861137173953837603,0.07579361231000187652467630742
38.08068493150684931506849718,0,0.000,38.08068493150684931506849718,0.6849315068493150684931506850,0.4657534246575342465753424658,37.39575342465753424657534650,0E-28,0E-28,0,0,0,1273,1274,2038,ZBO,0.6849315068493150684931506850,0.4657534246575342465753424658,0.1033923813098142240570463612,0.07444251454306624132107338006
37.39575342465753424657534650,0,0.000,37.39575342465753424657534650,0.6849315068493150684931506850,0.4657534246575342465753424658,36.71082191780821917808219582,0E-28,0E-28,0,0,0,1274,1275,2038,ZBO,0.6849315068493150684931506850,0.4657534246575342465753424658,0.1015158566335147307187089621,0.07309141677613060611747045271
36.71082191780821917808219582,0,0.000,36.71082191780821917808219582,0.6849315068493150684931506850,0.4657534246575342465753424658,36.02589041095890410958904514,0E-28,0E-28,0,0,0,1275,1276,2038,ZBO,0.6849315068493150684931506850,0.4657534246575342465753424658,0.09963933195721523738037156297,0.07174031900919497091386752534
36.02589041095890410958904514,0,0.000,36.02589041095890410958904514,0.6849315068493150684931506850,0.4657534246575342465753424658,35.34095890410958904109589446,0E-28,0E-28,0,0,0,1276,1277,2038,ZBO,0.6849315068493150684931506850,0.4657534246575342465753424658,0.09776280728091574404203416385,0.07038922124225933571026459797
35.34095890410958904109589446,0,0.000,35.34095890410958904109589446,0.3424657534246575342465753425,0.2328767123287671232876712329,34.99849315068493150684931912,0E-28,0E-28,0,0,0,1277,2555/2,2038,ZBO,0.3424657534246575342465753425,0.2328767123287671232876712329,0.04817770688684556201914055725,0.03468794895852880465378120122
34.99849315068493150684931912,25.38708797811177046937681400,0.3046450557373412456325217680,60.08093607305936073059361135,0.3424657534246575342465753425,0.2328767123287671232876712329,59.73847031963470319634703601,0E-28,0E-28,25.38708797811177046937681400,0E-26,0,2555/2,1278,2038,ZBO,0.3424657534246575342465753425,0.2328767123287671232876712329,0.08206808657033839994995934754,0.05908902233064364796397073023
59.73847031963470319634703601,0,0.000,59.73847031963470319634703601,0.6849315068493150684931506850,0.4657534246575342465753424658,59.05353881278538812785388532,0E-28,0E-28,0,0,0,1278,1279,2038,ZBO,0.6849315068493150684931506850,0.4657534246575342465753424658,0.1627287796334521798961656456,0.1171647213360855695252392648
59.05353881278538812785388532,0,0.000,59.05353881278538812785388532,0.6849315068493150684931506850,0.4657534246575342465753424658,58.36860730593607305936073464,0E-28,0E-28,0,0,0,1279,1280,2038,ZBO,0.6849315068493150684931506850,0.4657534246575342465753424658,0.1608522549571526865578282466,0.1158136235691499343216363376
58.36860730593607305936073464,0,0.000,58.36860730593607305936073464,0.6849315068493150684931506850,0.4657534246575342465753424658,57.68367579908675799086758396,0E-28,0E-28,0,0,0,1280,1281,2038,ZBO,0.6849315068493150684931506850,0.4657534246575342465753424658,0.1589757302808531932194908474,0.1144625258022142991180334101
57.68367579908675799086758396,0,0.000,57.68367579908675799086758396,0.6849315068493150684931506850,0.4657534246575342465753424658,56.99874429223744292237443328,0E-28,0E-28,0,0,0,1281,1282,2038,ZBO,0.6849315068493150684931506850,0.4657534246575342465753424658,0.1570992056045536998811534482,0.1131114280352786639144304827
56.99874429223744292237443328,0,0.000,56.99874429223744292237443328,0.6849315068493150684931506850,0.4657534246575342465753424658,56.31381278538812785388128260,0E-28,0E-28,0,0,0,1282,1283,2038,ZBO,0.6849315068493150684931506850,0.4657534246575342465753424658,0.1552226809282542065428160492,0.1117603302683430287108275554
56.31381278538812785388128260,0,0.000,56.31381278538812785388128260,0.6849315068493150684931506850,0.4657534246575342465753424658,55.62888127853881278538813192,0E-28,0E-28,0,0,0,1283,1284,2038,ZBO,0.6849315068493150684931506850,0.4657534246575342465753424658,0.1533461562519547132044786500,0.1104092325014073935072246280
55.62888127853881278538813192,0,0.000,55.62888127853881278538813192,0.6849315068493150684931506850,0.4657534246575342465753424658,54.94394977168949771689498124,0E-28,0E-28,0,0,0,1284,1285,2038,ZBO,0.6849315068493150684931506850,0.4657534246575342465753424658,0.1514696315756552198661412510,0.1090581347344717583036217007
54.94394977168949771689498124,0,0.000,54.94394977168949771689498124,0.6849315068493150684931506850,0.4657534246575342465753424658,54.25901826484018264840183056,0E-28,0E-28,0,0,0,1285,1286,2038,ZBO,0.6849315068493150684931506850,0.4657534246575342465753424658,0.1495931068993557265278038518,0.1077070369675361231000187733
54.25901826484018264840183056,0,0.000,54.25901826484018264840183056,0.6849315068493150684931506850,0.4657534246575342465753424658,53.57408675799086757990867988,0E-28,0E-28,0,0,0,1286,1287,2038,ZBO,0.6849315068493150684931506850,0.4657534246575342465753424658,0.1477165822230562331894664526,0.1063559392006004878964158459
53.57408675799086757990867988,0,0.000,53.57408675799086757990867988,0.6849315068493150684931506850,0.4657534246575342465753424658,52.88915525114155251141552920,0E-28,0E-28,0,0,0,1287,1288,2038,ZBO,0.6849315068493150684931506850,0.4657534246575342465753424658,0.1458400575467567398511290536,0.1050048414336648526928129186
52.88915525114155251141552920,0,0.000,52.88915525114155251141552920,0.6849315068493150684931506850,0.4657534246575342465753424658,52.20422374429223744292237852,0E-28,0E-28,0,0,0,1288,1289,2038,ZBO,0.6849315068493150684931506850,0.4657534246575342465753424658,0.1439635328704572465127916544,0.1036537436667292174892099912
52.20422374429223744292237852,0,0.000,52.20422374429223744292237852,0.6849315068493150684931506850,0.4657534246575342465753424658,51.51929223744292237442922784,0E-28,0E-28,0,0,0,1289,1290,2038,ZBO,0.6849315068493150684931506850,0.4657534246575342465753424658,0.1420870081941577531744542554,0.1023026458997935822856070639
51.51929223744292237442922784,0,0.000,51.51929223744292237442922784,0.6849315068493150684931506850,0.4657534246575342465753424658,50.83436073059360730593607716,0E-28,0E-28,0,0,0,1290,1291,2038,ZBO,0.6849315068493150684931506850,0.4657534246575342465753424658,0.1402104835178582598361168562,0.1009515481328579470820041365
50.83436073059360730593607716,0,0.000,50.83436073059360730593607716,0.6849315068493150684931506850,0.4657534246575342465753424658,50.14942922374429223744292648,0E-28,0E-28,0,0,0,1291,1292,2038,ZBO,0.6849315068493150684931506850,0.4657534246575342465753424658,0.1383339588415587664977794570,0.09960045036592231187840120904
50.14942922374429223744292648,0,0.000,50.14942922374429223744292648,0.6849315068493150684931506850,0.4657534246575342465753424658,49.46449771689497716894977580,0E-28,0E-28,0,0,0,1292,1293,2038,ZBO,0.6849315068493150684931506850,0.4657534246575342465753424658,0.1364574341652592731594420579,0.09824935259898667667479828169
49.46449771689497716894977580,0,0.000,49.46449771689497716894977580,0.6849315068493150684931506850,0.4657534246575342465753424658,48.77956621004566210045662512,0E-28,0E-28,0,0,0,1293,1294,2038,ZBO,0.6849315068493150684931506850,0.4657534246575342465753424658,0.1345809094889597798211046588,0.09689825483205104147119535434
48.77956621004566210045662512,0,0.000,48.77956621004566210045662512,0.6849315068493150684931506850,0.4657534246575342465753424658,48.09463470319634703196347444,0E-28,0E-28,0,0,0,1294,1295,2038,ZBO,0.6849315068493150684931506850,0.4657534246575342465753424658,0.1327043848126602864827672597,0.09554715706511540626759242698
48.09463470319634703196347444,0,0.000,48.09463470319634703196347444,0.6849315068493150684931506850,0.4657534246575342465753424658,47.40970319634703196347032376,0E-28,0E-28,0,0,0,1295,1296,2038,ZBO,0.6849315068493150684931506850,0.4657534246575342465753424658,0.1308278601363607931444298606,0.09419605929817977106398949963
47.40970319634703196347032376,0,0.000,47.40970319634703196347032376,0.6849315068493150684931506850,0.4657534246575342465753424658,46.72477168949771689497717308,0E-28,0E-28,0,0,0,1296,1297,2038,ZBO,0.6849315068493150684931506850,0.4657534246575342465753424658,0.1289513354600612998060924614,0.09284496153124413586038657221
46.72477168949771689497717308,0,0.000,46.72477168949771689497717308,0.6849315068493150684931506850,0.4657534246575342465753424658,46.03984018264840182648402240,0E-28,0E-28,0,0,0,1297,1298,2038,ZBO,0.6849315068493150684931506850,0.4657534246575342465753424658,0.1270748107837618064677550623,0.09149386376430850065678364486
46.03984018264840182648402240,0,0.000,46.03984018264840182648402240,0.6849315068493150684931506850,0.4657534246575342465753424658,45.35490867579908675799087172,0E-28,0E-28,0,0,0,1298,1299,2038,ZBO,0.6849315068493150684931506850,0.4657534246575342465753424658,0.1251982861074623131294176632,0.09014276599737286545318071750
45.35490867579908675799087172,0,0.000,45.35490867579908675799087172,0.6849315068493150684931506850,0.4657534246575342465753424658,44.66997716894977168949772104,0E-28,0E-28,0,0,0,1299,1300,2038,ZBO,0.6849315068493150684931506850,0.4657534246575342465753424658,0.1233217614311628197910802641,0.08879166823043723024957779015
44.66997716894977168949772104,0,0.000,44.66997716894977168949772104,0.6849315068493150684931506850,0.4657534246575342465753424658,43.98504566210045662100457036,0E-28,0E-28,0,0,0,1300,1301,2038,ZBO,0.6849315068493150684931506850,0.4657534246575342465753424658,0.1214452367548633264527428649,0.08744057046350159504597486273
43.98504566210045662100457036,0,0.000,43.98504566210045662100457036,0.6849315068493150684931506850,0.4657534246575342465753424658,43.30011415525114155251141968,0E-28,0E-28,0,0,0,1301,1302,2038,ZBO,0.6849315068493150684931506850,0.4657534246575342465753424658,0.1195687120785638331144054658,0.08608947269656595984237193538
43.30011415525114155251141968,0,0.000,43.30011415525114155251141968,0.6849315068493150684931506850,0.4657534246575342465753424658,42.61518264840182648401826900,0E-28,0E-28,0,0,0,1302,1303,2038,ZBO,0.6849315068493150684931506850,0.4657534246575342465753424658,0.1176921874022643397760680667,0.08473837492963032463876900802
42.61518264840182648401826900,0,0.000,42.61518264840182648401826900,0.6849315068493150684931506850,0.4657534246575342465753424658,41.93025114155251141552511832,0E-28,0E-28,0,0,0,1303,1304,2038,ZBO,0.6849315068493150684931506850,0.4657534246575342465753424658,0.1158156627259648464377306676,0.08338727716269468943516608067
41.93025114155251141552511832,0,0.000,41.93025114155251141552511832,0.6849315068493150684931506850,0.4657534246575342465753424658,41.24531963470319634703196764,0E-28,0E-28,0,0,0,1304,1305,2038,ZBO,0.6849315068493150684931506850,0.4657534246575342465753424658,0.1139391380496653530993932684,0.08203617939575905423156315325
41.24531963470319634703196764,0,0.000,41.24531963470319634703196764,0.6849315068493150684931506850,0.4657534246575342465753424658,40.56038812785388127853881696,0E-28,0E-28,0,0,0,1305,1306,2038,ZBO,0.6849315068493150684931506850,0.4657534246575342465753424658,0.1120626133733658597610558693,0.08068508162882341902796022590
40.56038812785388127853881696,0,0.000,40.56038812785388127853881696,0.6849315068493150684931506850,0.4657534246575342465753424658,39.87545662100456621004566628,0E-28,0E-28,0,0,0,1306,1307,2038,ZBO,0.6849315068493150684931506850,0.4657534246575342465753424658,0.1101860886970663664227184702,0.07933398386188778382435729854
39.87545662100456621004566628,0,0.000,39.87545662100456621004566628,0.6278538812785388127853881280,0.4269406392694063926940639270,39.24760273972602739726027815,0E-28,0E-28,0,0,0,1307,15695/12,2038,ZBO,0.6278538812785388127853881280,0.4269406392694063926940639270,0.09935543983653385042013303528,0.07153591668230437230249578540
39.24760273972602739726027815,25.38708797811177046937681400,0.3046450557373412456325217680,64.33004566210045662100457038,0.05707762557077625570776255708,0.03881278538812785388127853881,64.27296803652968036529680782,0E-29,0E-29,25.38708797811177046937681400,0E-26,0,15695/12,1308,2038,ZBO,0.05707762557077625570776255708,0.03881278538812785388127853881,0.01468070932632764120848189249,0.01057011071495590167010696259
64.27296803652968036529680782,0,0.000,64.27296803652968036529680782,0.6849315068493150684931506850,0.4657534246575342465753424658,63.58803652968036529680365714,0E-28,0E-28,0,0,0,1308,1309,2038,ZBO,0.6849315068493150684931506850,0.4657534246575342465753424658,0.1751520610496028022768499521,0.1261094839557140176393319655
63.58803652968036529680365714,0,0.000,63.58803652968036529680365714,0.6849315068493150684931506850,0.4657534246575342465753424658,62.90310502283105022831050646,0E-28,0E-28,0,0,0,1309,1310,2038,ZBO,0.6849315068493150684931506850,0.4657534246575342465753424658,0.1732755363733033089385125529,0.1247583861887783824357290381
62.90310502283105022831050646,0,0.000,62.90310502283105022831050646,0.6849315068493150684931506850,0.4657534246575342465753424658,62.21817351598173515981735578,0E-28,0E-28,0,0,0,1310,1311,2038,ZBO,0.6849315068493150684931506850,0.4657534246575342465753424658,0.1713990116970038156001751537,0.1234072884218427472321261107
62.21817351598173515981735578,0,0.000,62.21817351598173515981735578,0.6849315068493150684931506850,0.4657534246575342465753424658,61.53324200913242009132420510,0E-28,0E-28,0,0,0,1311,1312,2038,ZBO,0.6849315068493150684931506850,0.4657534246575342465753424658,0.1695224870207043222618377547,0.1220561906549071120285231834
61.53324200913242009132420510,0,0.000,61.53324200913242009132420510,0.6849315068493150684931506850,0.4657534246575342465753424658,60.84831050228310502283105442,0E-28,0E-28,0,0,0,1312,1313,2038,ZBO,0.6849315068493150684931506850,0.4657534246575342465753424658,0.1676459623444048289235003555,0.1207050928879714768249202560
60.84831050228310502283105442,0,0.000,60.84831050228310502283105442,0.6849315068493150684931506850,0.4657534246575342465753424658,60.16337899543378995433790374,0E-28,0E-28,0,0,0,1313,1314,2038,ZBO,0.6849315068493150684931506850,0.4657534246575342465753424658,0.1657694376681053355851629565,0.1193539951210358416213173287
60.16337899543378995433790374,0,0.000,60.16337899543378995433790374,0.6849315068493150684931506850,0.4657534246575342465753424658,59.47844748858447488584475306,0E-28,0E-28,0,0,0,1314,1315,2038,ZBO,0.6849315068493150684931506850,0.4657534246575342465753424658,0.1638929129918058422468255573,0.1180028973541002064177144013
59.47844748858447488584475306,0,0.000,59.47844748858447488584475306,0.6849315068493150684931506850,0.4657534246575342465753424658,58.79351598173515981735160238,0E-28,0E-28,0,0,0,1315,1316,2038,ZBO,0.6849315068493150684931506850,0.4657534246575342465753424658,0.1620163883155063489084881581,0.1166517995871645712141114738
58.79351598173515981735160238,0,0.000,58.79351598173515981735160238,0.6849315068493150684931506850,0.4657534246575342465753424658,58.10858447488584474885845170,0E-28,0E-28,0,0,0,1316,1317,2038,ZBO,0.6849315068493150684931506850,0.4657534246575342465753424658,0.1601398636392068555701507591,0.1153007018202289360105085466
58.10858447488584474885845170,0,0.000,58.10858447488584474885845170,0.6849315068493150684931506850,0.4657534246575342465753424658,57.42365296803652968036530102,0E-28,0E-28,0,0,0,1317,1318,2038,ZBO,0.6849315068493150684931506850,0.4657534246575342465753424658,0.1582633389629073622318133599,0.1139496040532933008069056191
57.42365296803652968036530102,0,0.000,57.42365296803652968036530102,0.6849315068493150684931506850,0.4657534246575342465753424658,56.73872146118721461187215034,0E-28,0E-28,0,0,0,1318,1319,2038,ZBO,0.6849315068493150684931506850,0.4657534246575342465753424658,0.1563868142866078688934759608,0.1125985062863576656033026918
56.73872146118721461187215034,0,0.000,56.73872146118721461187215034,0.6849315068493150684931506850,0.4657534246575342465753424658,56.05378995433789954337899966,0E-28,0E-28,0,0,0,1319,1320,2038,ZBO,0.6849315068493150684931506850,0.4657534246575342465753424658,0.1545102896103083755551385617,0.1112474085194220303996997644
56.05378995433789954337899966,0,0.000,56.05378995433789954337899966,0.6849315068493150684931506850,0.4657534246575342465753424658,55.36885844748858447488584898,0E-28,0E-28,0,0,0,1320,1321,2038,ZBO,0.6849315068493150684931506850,0.4657534246575342465753424658,0.1526337649340088822168011625,0.1098963107524863951960968370
55.36885844748858447488584898,0,0.000,55.36885844748858447488584898,0.6849315068493150684931506850,0.4657534246575342465753424658,54.68392694063926940639269830,0E-28,0E-28,0,0,0,1321,1322,2038,ZBO,0.6849315068493150684931506850,0.4657534246575342465753424658,0.1507572402577093888784637634,0.1085452129855507599924939096
54.68392694063926940639269830,0,0.000,54.68392694063926940639269830,0.6849315068493150684931506850,0.4657534246575342465753424658,53.99899543378995433789954762,0E-28,0E-28,0,0,0,1322,1323,2038,ZBO,0.6849315068493150684931506850,0.4657534246575342465753424658,0.1488807155814098955401263643,0.1071941152186151247888909823
53.99899543378995433789954762,0,0.000,53.99899543378995433789954762,0.6849315068493150684931506850,0.4657534246575342465753424658,53.31406392694063926940639694,0E-28,0E-28,0,0,0,1323,1324,2038,ZBO,0.6849315068493150684931506850,0.4657534246575342465753424658,0.1470041909051104022017889652,0.1058430174516794895852880549
53.31406392694063926940639694,0,0.000,53.31406392694063926940639694,0.6849315068493150684931506850,0.4657534246575342465753424658,52.62913242009132420091324626,0E-28,0E-28,0,0,0,1324,1325,2038,ZBO,0.6849315068493150684931506850,0.4657534246575342465753424658,0.1451276662288109088634515660,0.1044919196847438543816851275
52.62913242009132420091324626,0,0.000,52.62913242009132420091324626,0.6849315068493150684931506850,0.4657534246575342465753424658,51.94420091324200913242009558,0E-28,0E-28,0,0,0,1325,1326,2038,ZBO,0.6849315068493150684931506850,0.4657534246575342465753424658,0.1432511415525114155251141669,0.1031408219178082191780822002
51.94420091324200913242009558,0,0.000,51.94420091324200913242009558,0.6849315068493150684931506850,0.4657534246575342465753424658,51.25926940639269406392694490,0E-28,0E-28,0,0,0,1326,1327,2038,ZBO,0.6849315068493150684931506850,0.4657534246575342465753424658,0.1413746168762119221867767678,0.1017897241508725839744792728
51.25926940639269406392694490,0,0.000,51.25926940639269406392694490,0.6849315068493150684931506850,0.4657534246575342465753424658,50.57433789954337899543379422,0E-28,0E-28,0,0,0,1327,1328,2038,ZBO,0.6849315068493150684931506850,0.4657534246575342465753424658,0.1394980921999124288484393686,0.1004386263839369487708763454
50.57433789954337899543379422,0,0.000,50.57433789954337899543379422,0.6849315068493150684931506850,0.4657534246575342465753424658,49.88940639269406392694064354,0E-28,0E-28,0,0,0,1328,1329,2038,ZBO,0.6849315068493150684931506850,0.4657534246575342465753424658,0.1376215675236129355101019696,0.09908752861700131356727341811
49.88940639269406392694064354,0,0.000,49.88940639269406392694064354,0.6849315068493150684931506850,0.4657534246575342465753424658,49.20447488584474885844749286,0E-28,0E-28,0,0,0,1329,1330,2038,ZBO,0.6849315068493150684931506850,0.4657534246575342465753424658,0.1357450428473134421717645704,0.09773643085006567836367049069
49.20447488584474885844749286,0,0.000,49.20447488584474885844749286,0.6849315068493150684931506850,0.4657534246575342465753424658,48.51954337899543378995434218,0E-28,0E-28,0,0,0,1330,1331,2038,ZBO,0.6849315068493150684931506850,0.4657534246575342465753424658,0.1338685181710139488334271713,0.09638533308313004316006756334
48.51954337899543378995434218,0,0.000,48.51954337899543378995434218,0.6849315068493150684931506850,0.4657534246575342465753424658,47.83461187214611872146119150,0E-28,0E-28,0,0,0,1331,1332,2038,ZBO,0.6849315068493150684931506850,0.4657534246575342465753424658,0.1319919934947144554950897722,0.09503423531619440795646463598
47.83461187214611872146119150,0,0.000,47.83461187214611872146119150,0.6849315068493150684931506850,0.4657534246575342465753424658,47.14968036529680365296804082,0E-28,0E-28,0,0,0,1332,1333,2038,ZBO,0.6849315068493150684931506850,0.4657534246575342465753424658,0.1301154688184149621567523731,0.09368313754925877275286170863
47.14968036529680365296804082,0,0.000,47.14968036529680365296804082,0.6849315068493150684931506850,0.4657534246575342465753424658,46.46474885844748858447489014,0E-28,0E-28,0,0,0,1333,1334,2038,ZBO,0.6849315068493150684931506850,0.4657534246575342465753424658,0.1282389441421154688184149739,0.09233203978232313754925878121
46.46474885844748858447489014,0,0.000,46.46474885844748858447489014,0.6849315068493150684931506850,0.4657534246575342465753424658,45.77981735159817351598173946,0E-28,0E-28,0,0,0,1334,1335,2038,ZBO,0.6849315068493150684931506850,0.4657534246575342465753424658,0.1263624194658159754800775748,0.09098094201538750234565585386
45.77981735159817351598173946,0,0.000,45.77981735159817351598173946,0.6849315068493150684931506850,0.4657534246575342465753424658,45.09488584474885844748858878,0E-28,0E-28,0,0,0,1335,1336,2038,ZBO,0.6849315068493150684931506850,0.4657534246575342465753424658,0.1244858947895164821417401757,0.08962984424845186714205292650
45.09488584474885844748858878,0,0.000,45.09488584474885844748858878,0.6849315068493150684931506850,0.4657534246575342465753424658,44.40995433789954337899543810,0E-28,0E-28,0,0,0,1336,1337,2038,ZBO,0.6849315068493150684931506850,0.4657534246575342465753424658,0.1226093701132169888034027766,0.08827874648151623193844999915
44.40995433789954337899543810,0,0.000,44.40995433789954337899543810,0.6849315068493150684931506850,0.4657534246575342465753424658,43.72502283105022831050228742,0E-28,0E-28,0,0,0,1337,1338,2038,ZBO,0.6849315068493150684931506850,0.4657534246575342465753424658,0.1207328454369174954650653774,0.08692764871458059673484707173
43.72502283105022831050228742,0,0.000,43.72502283105022831050228742,0.2283105022831050228310502283,0.1552511415525114155251141552,43.49671232876712328767123719,0E-28,0E-28,0,0,0,1338,4015/3,2038,ZBO,0.2283105022831050228310502283,0.1552511415525114155251141552,0.03982727632868372219094681488,0.02867563895665227997748170671
43.49671232876712328767123719,25.38708797811177046937681400,0.3046450557373412456325217680,68.57915525114155251141552942,0.4566210045662100456621004568,0.3105022831050228310502283106,68.12253424657534246575342896,0E-28,0E-28,25.38708797811177046937681400,0E-26,0,4015/3,1339,2038,ZBO,0.4566210045662100456621004568,0.3105022831050228310502283106,0.1248417255686912282896520168,0.08988604240945768436854945210
68.12253424657534246575342896,0,0.000,68.12253424657534246575342896,0.6849315068493150684931506850,0.4657534246575342465753424658,67.43760273972602739726027828,0E-28,0E-28,0,0,0,1339,1340,2038,ZBO,0.6849315068493150684931506850,0.4657534246575342465753424658,0.1856988177894539313191968592,0.1337031488084068305498217386
67.43760273972602739726027828,0,0.000,67.43760273972602739726027828,0.6849315068493150684931506850,0.4657534246575342465753424658,66.75267123287671232876712760,0E-28,0E-28,0,0,0,1340,1341,2038,ZBO,0.6849315068493150684931506850,0.4657534246575342465753424658,0.1838222931131544379808594602,0.1323520510414711953462188113
66.75267123287671232876712760,0,0.000,66.75267123287671232876712760,0.6849315068493150684931506850,0.4657534246575342465753424658,66.06773972602739726027397692,0E-28,0E-28,0,0,0,1341,1342,2038,ZBO,0.6849315068493150684931506850,0.4657534246575342465753424658,0.1819457684368549446425220610,0.1310009532745355601426158839
66.06773972602739726027397692,0,0.000,66.06773972602739726027397692,0.6849315068493150684931506850,0.4657534246575342465753424658,65.38280821917808219178082624,0E-28,0E-28,0,0,0,1342,1343,2038,ZBO,0.6849315068493150684931506850,0.4657534246575342465753424658,0.1800692437605554513041846619,0.1296498555075999249390129566
65.38280821917808219178082624,0,0.000,65.38280821917808219178082624,0.6849315068493150684931506850,0.4657534246575342465753424658,64.69787671232876712328767556,0E-28,0E-28,0,0,0,1343,1344,2038,ZBO,0.6849315068493150684931506850,0.4657534246575342465753424658,0.1781927190842559579658472628,0.1282987577406642897354100292
64.69787671232876712328767556,0,0.000,64.69787671232876712328767556,0.6849315068493150684931506850,0.4657534246575342465753424658,64.01294520547945205479452488,0E-28,0E-28,0,0,0,1344,1345,2038,ZBO,0.6849315068493150684931506850,0.4657534246575342465753424658,0.1763161944079564646275098636,0.1269476599737286545318071018
64.01294520547945205479452488,0,0.000,64.01294520547945205479452488,0.6849315068493150684931506850,0.4657534246575342465753424658,63.32801369863013698630137420,0E-28,0E-28,0,0,0,1345,1346,2038,ZBO,0.6849315068493150684931506850,0.4657534246575342465753424658,0.1744396697316569712891724645,0.1255965622067930193282041744
63.32801369863013698630137420,0,0.000,63.32801369863013698630137420,0.6849315068493150684931506850,0.4657534246575342465753424658,62.64308219178082191780822352,0E-28,0E-28,0,0,0,1346,1347,2038,ZBO,0.6849315068493150684931506850,0.4657534246575342465753424658,0.1725631450553574779508350654,0.1242454644398573841246012471
62.64308219178082191780822352,0,0.000,62.64308219178082191780822352,0.6849315068493150684931506850,0.4657534246575342465753424658,61.95815068493150684931507284,0E-28,0E-28,0,0,0,1347,1348,2038,ZBO,0.6849315068493150684931506850,0.4657534246575342465753424658,0.1706866203790579846124976663,0.1228943666729217489209983197
61.95815068493150684931507284,0,0.000,61.95815068493150684931507284,0.6849315068493150684931506850,0.4657534246575342465753424658,61.27321917808219178082192216,0E-28,0E-28,0,0,0,1348,1349,2038,ZBO,0.6849315068493150684931506850,0.4657534246575342465753424658,0.1688100957027584912741602671,0.1215432689059861137173953923
61.27321917808219178082192216,0,0.000,61.27321917808219178082192216,0.6849315068493150684931506850,0.4657534246575342465753424658,60.58828767123287671232877148,0E-28,0E-28,0,0,0,1349,1350,2038,ZBO,0.6849315068493150684931506850,0.4657534246575342465753424658,0.1669335710264589979358228680,0.1201921711390504785137924650
60.58828767123287671232877148,0,0.000,60.58828767123287671232877148,0.6849315068493150684931506850,0.4657534246575342465753424658,59.90335616438356164383562080,0E-28,0E-28,0,0,0,1350,1351,2038,ZBO,0.6849315068493150684931506850,0.4657534246575342465753424658,0.1650570463501595045974854689,0.1188410733721148433101895376
59.90335616438356164383562080,0,0.000,59.90335616438356164383562080,0.6849315068493150684931506850,0.4657534246575342465753424658,59.21842465753424657534247012,0E-28,0E-28,0,0,0,1351,1352,2038,ZBO,0.6849315068493150684931506850,0.4657534246575342465753424658,0.1631805216738600112591480697,0.1174899756051792081065866102
59.21842465753424657534247012,0,0.000,59.21842465753424657534247012,0.6849315068493150684931506850,0.4657534246575342465753424658,58.53349315068493150684931944,0E-28,0E-28,0,0,0,1352,1353,2038,ZBO,0.6849315068493150684931506850,0.4657534246575342465753424658,0.1613039969975605179208106707,0.1161388778382435729029836829
58.53349315068493150684931944,0,0.000,58.53349315068493150684931944,0.6849315068493150684931506850,0.4657534246575342465753424658,57.84856164383561643835616876,0E-28,0E-28,0,0,0,1353,1354,2038,ZBO,0.6849315068493150684931506850,0.4657534246575342465753424658,0.1594274723212610245824732715,0.1147877800713079376993807555
57.84856164383561643835616876,0,0.000,57.84856164383561643835616876,0.6849315068493150684931506850,0.4657534246575342465753424658,57.16363013698630136986301808,0E-28,0E-28,0,0,0,1354,1355,2038,ZBO,0.6849315068493150684931506850,0.4657534246575342465753424658,0.1575509476449615312441358723,0.1134366823043723024957778281
57.16363013698630136986301808,0,0.000,57.16363013698630136986301808,0.6849315068493150684931506850,0.4657534246575342465753424658,56.47869863013698630136986740,0E-28,0E-28,0,0,0,1355,1356,2038,ZBO,0.6849315068493150684931506850,0.4657534246575342465753424658,0.1556744229686620379057984733,0.1120855845374366672921749008
56.47869863013698630136986740,0,0.000,56.47869863013698630136986740,0.6849315068493150684931506850,0.4657534246575342465753424658,55.79376712328767123287671672,0E-28,0E-28,0,0,0,1356,1357,2038,ZBO,0.6849315068493150684931506850,0.4657534246575342465753424658,0.1537978982923625445674610741,0.1107344867705010320885719734
55.79376712328767123287671672,0,0.000,55.79376712328767123287671672,0.6849315068493150684931506850,0.4657534246575342465753424658,55.10883561643835616438356604,0E-28,0E-28,0,0,0,1357,1358,2038,ZBO,0.6849315068493150684931506850,0.4657534246575342465753424658,0.1519213736160630512291236751,0.1093833890035653968849690461
55.10883561643835616438356604,0,0.000,55.10883561643835616438356604,0.6849315068493150684931506850,0.4657534246575342465753424658,54.42390410958904109589041536,0E-28,0E-28,0,0,0,1358,1359,2038,ZBO,0.6849315068493150684931506850,0.4657534246575342465753424658,0.1500448489397635578907862759,0.1080322912366297616813661186
54.42390410958904109589041536,0,0.000,54.42390410958904109589041536,0.6849315068493150684931506850,0.4657534246575342465753424658,53.73897260273972602739726468,0E-28,0E-28,0,0,0,1359,1360,2038,ZBO,0.6849315068493150684931506850,0.4657534246575342465753424658,0.1481683242634640645524488767,0.1066811934696941264777631912
53.73897260273972602739726468,0,0.000,53.73897260273972602739726468,0.6849315068493150684931506850,0.4657534246575342465753424658,53.05404109589041095890411400,0E-28,0E-28,0,0,0,1360,1361,2038,ZBO,0.6849315068493150684931506850,0.4657534246575342465753424658,0.1462917995871645712141114777,0.1053300957027584912741602639
53.05404109589041095890411400,0,0.000,53.05404109589041095890411400,0.6849315068493150684931506850,0.4657534246575342465753424658,52.36910958904109589041096332,0E-28,0E-28,0,0,0,1361,1362,2038,ZBO,0.6849315068493150684931506850,0.4657534246575342465753424658,0.1444152749108650778757740785,0.1039789979358228560705573365
52.36910958904109589041096332,0,0.000,52.36910958904109589041096332,0.6849315068493150684931506850,0.4657534246575342465753424658,51.68417808219178082191781264,0E-28,0E-28,0,0,0,1362,1363,2038,ZBO,0.6849315068493150684931506850,0.4657534246575342465753424658,0.1425387502345655845374366795,0.1026279001688872208669544092
51.68417808219178082191781264,0,0.000,51.68417808219178082191781264,0.6849315068493150684931506850,0.4657534246575342465753424658,50.99924657534246575342466196,0E-28,0E-28,0,0,0,1363,1364,2038,ZBO,0.6849315068493150684931506850,0.4657534246575342465753424658,0.1406622255582660911990992803,0.1012768024019515856633514818
50.99924657534246575342466196,0,0.000,50.99924657534246575342466196,0.6849315068493150684931506850,0.4657534246575342465753424658,50.31431506849315068493151128,0E-28,0E-28,0,0,0,1364,1365,2038,ZBO,0.6849315068493150684931506850,0.4657534246575342465753424658,0.1387857008819665978607618811,0.09992570463501595045974855439
50.31431506849315068493151128,0,0.000,50.31431506849315068493151128,0.6849315068493150684931506850,0.4657534246575342465753424658,49.62938356164383561643836060,0E-28,0E-28,0,0,0,1365,1366,2038,ZBO,0.6849315068493150684931506850,0.4657534246575342465753424658,0.1369091762056671045224244820,0.09857460686808031525614562704
49.62938356164383561643836060,0,0.000,49.62938356164383561643836060,0.6849315068493150684931506850,0.4657534246575342465753424658,48.94445205479452054794520992,0E-28,0E-28,0,0,0,1366,1367,2038,ZBO,0.6849315068493150684931506850,0.4657534246575342465753424658,0.1350326515293676111840870829,0.09722350910114468005254269969
48.94445205479452054794520992,0,0.000,48.94445205479452054794520992,0.6849315068493150684931506850,0.4657534246575342465753424658,48.25952054794520547945205924,0E-28,0E-28,0,0,0,1367,1368,2038,ZBO,0.6849315068493150684931506850,0.4657534246575342465753424658,0.1331561268530681178457496838,0.09587241133420904484893977234
48.25952054794520547945205924,0,0.000,48.25952054794520547945205924,0.5136986301369863013698630138,0.3493150684931506849315068494,47.74582191780821917808219623,0E-28,0E-28,0,0,0,1368,5475/4,2038,ZBO,0.5136986301369863013698630138,0.3493150684931506849315068494,0.09863562582097954588102834468,0.07101765059110527303434040817
47.74582191780821917808219623,25.38708797811177046937681400,0.3046450557373412456325217680,72.82826484018264840182648846,0.1712328767123287671232876712,0.1164383561643835616438356164,72.65703196347031963470320079,0E-28,0E-28,25.38708797811177046937681400,0E-26,0,5475/4,1369,2038,ZBO,0.1712328767123287671232876712,0.1164383561643835616438356164,0.04982373178207293425908551000,0.03587308688309251266654156720
72.65703196347031963470320079,0,0.000,72.65703196347031963470320079,0.6849315068493150684931506850,0.4657534246575342465753424658,71.97210045662100456621005010,0E-28,0E-28,0,0,0,1369,1370,2038,ZBO,0.6849315068493150684931506850,0.4657534246575342465753424658,0.1981220992056045536998811656,0.1426479114280352786639144392
71.97210045662100456621005010,0,0.000,71.97210045662100456621005010,0.6849315068493150684931506850,0.4657534246575342465753424658,71.28716894977168949771689942,0E-28,0E-28,0,0,0,1370,1371,2038,ZBO,0.6849315068493150684931506850,0.4657534246575342465753424658,0.1962455745293050603615437665,0.1412968136610996434603115119
71.28716894977168949771689942,0,0.000,71.28716894977168949771689942,0.6849315068493150684931506850,0.4657534246575342465753424658,70.60223744292237442922374874,0E-28,0E-28,0,0,0,1371,1372,2038,ZBO,0.6849315068493150684931506850,0.4657534246575342465753424658,0.1943690498530055670232063674,0.1399457158941640082567085845
70.60223744292237442922374874,0,0.000,70.60223744292237442922374874,0.6849315068493150684931506850,0.4657534246575342465753424658,69.91730593607305936073059806,0E-28,0E-28,0,0,0,1372,1373,2038,ZBO,0.6849315068493150684931506850,0.4657534246575342465753424658,0.1924925251767060736848689682,0.1385946181272283730531056571
69.91730593607305936073059806,0,0.000,69.91730593607305936073059806,0.6849315068493150684931506850,0.4657534246575342465753424658,69.23237442922374429223744738,0E-28,0E-28,0,0,0,1373,1374,2038,ZBO,0.6849315068493150684931506850,0.4657534246575342465753424658,0.1906160005004065803465315691,0.1372435203602927378495027298
69.23237442922374429223744738,0,0.000,69.23237442922374429223744738,0.6849315068493150684931506850,0.4657534246575342465753424658,68.54744292237442922374429670,0E-28,0E-28,0,0,0,1374,1375,2038,ZBO,0.6849315068493150684931506850,0.4657534246575342465753424658,0.1887394758241070870081941700,0.1358924225933571026458998024
68.54744292237442922374429670,0,0.000,68.54744292237442922374429670,0.6849315068493150684931506850,0.4657534246575342465753424658,67.86251141552511415525114602,0E-28,0E-28,0,0,0,1375,1376,2038,ZBO,0.6849315068493150684931506850,0.4657534246575342465753424658,0.1868629511478075936698567708,0.1345413248264214674422968750
67.86251141552511415525114602,0,0.000,67.86251141552511415525114602,0.6849315068493150684931506850,0.4657534246575342465753424658,67.17757990867579908675799534,0E-28,0E-28,0,0,0,1376,1377,2038,ZBO,0.6849315068493150684931506850,0.4657534246575342465753424658,0.1849864264715081003315193718,0.1331902270594858322386939477
67.17757990867579908675799534,0,0.000,67.17757990867579908675799534,0.6849315068493150684931506850,0.4657534246575342465753424658,66.49264840182648401826484466,0E-28,0E-28,0,0,0,1377,1378,2038,ZBO,0.6849315068493150684931506850,0.4657534246575342465753424658,0.1831099017952086069931819726,0.1318391292925501970350910203
66.49264840182648401826484466,0,0.000,66.49264840182648401826484466,0.6849315068493150684931506850,0.4657534246575342465753424658,65.80771689497716894977169398,0E-28,0E-28,0,0,0,1378,1379,2038,ZBO,0.6849315068493150684931506850,0.4657534246575342465753424658,0.1812333771189091136548445734,0.1304880315256145618314880928
65.80771689497716894977169398,0,0.000,65.80771689497716894977169398,0.6849315068493150684931506850,0.4657534246575342465753424658,65.12278538812785388127854330,0E-28,0E-28,0,0,0,1379,1380,2038,ZBO,0.6849315068493150684931506850,0.4657534246575342465753424658,0.1793568524426096203165071744,0.1291369337586789266278851656
65.12278538812785388127854330,0,0.000,65.12278538812785388127854330,0.6849315068493150684931506850,0.4657534246575342465753424658,64.43785388127853881278539262,0E-28,0E-28,0,0,0,1380,1381,2038,ZBO,0.6849315068493150684931506850,0.4657534246575342465753424658,0.1774803277663101269781697752,0.1277858359917432914242822381
64.43785388127853881278539262,0,0.000,64.43785388127853881278539262,0.6849315068493150684931506850,0.4657534246575342465753424658,63.75292237442922374429224194,0E-28,0E-28,0,0,0,1381,1382,2038,ZBO,0.6849315068493150684931506850,0.4657534246575342465753424658,0.1756038030900106336398323762,0.1264347382248076562206793109
63.75292237442922374429224194,0,0.000,63.75292237442922374429224194,0.6849315068493150684931506850,0.4657534246575342465753424658,63.06799086757990867579909126,0E-28,0E-28,0,0,0,1382,1383,2038,ZBO,0.6849315068493150684931506850,0.4657534246575342465753424658,0.1737272784137111403014949770,0.1250836404578720210170763834
63.06799086757990867579909126,0,0.000,63.06799086757990867579909126,0.6849315068493150684931506850,0.4657534246575342465753424658,62.38305936073059360730594058,0E-28,0E-28,0,0,0,1383,1384,2038,ZBO,0.6849315068493150684931506850,0.4657534246575342465753424658,0.1718507537374116469631575778,0.1237325426909363858134734560
62.38305936073059360730594058,0,0.000,62.38305936073059360730594058,0.6849315068493150684931506850,0.4657534246575342465753424658,61.69812785388127853881278990,0E-28,0E-28,0,0,0,1384,1385,2038,ZBO,0.6849315068493150684931506850,0.4657534246575342465753424658,0.1699742290611121536248201788,0.1223814449240007506098705287
61.69812785388127853881278990,0,0.000,61.69812785388127853881278990,0.6849315068493150684931506850,0.4657534246575342465753424658,61.01319634703196347031963922,0E-28,0E-28,0,0,0,1385,1386,2038,ZBO,0.6849315068493150684931506850,0.4657534246575342465753424658,0.1680977043848126602864827796,0.1210303471570651154062676013
61.01319634703196347031963922,0,0.000,61.01319634703196347031963922,0.6849315068493150684931506850,0.4657534246575342465753424658,60.32826484018264840182648854,0E-28,0E-28,0,0,0,1386,1387,2038,ZBO,0.6849315068493150684931506850,0.4657534246575342465753424658,0.1662211797085131669481453806,0.1196792493901294802026646740
60.32826484018264840182648854,0,0.000,60.32826484018264840182648854,0.6849315068493150684931506850,0.4657534246575342465753424658,59.64333333333333333333333786,0E-28,0E-28,0,0,0,1387,1388,2038,ZBO,0.6849315068493150684931506850,0.4657534246575342465753424658,0.1643446550322136736098079814,0.1183281516231938449990617466
59.64333333333333333333333786,0,0.000,59.64333333333333333333333786,0.6849315068493150684931506850,0.4657534246575342465753424658,58.95840182648401826484018718,0E-28,0E-28,0,0,0,1388,1389,2038,ZBO,0.6849315068493150684931506850,0.4657534246575342465753424658,0.1624681303559141802714705822,0.1169770538562582097954588192
58.95840182648401826484018718,0,0.000,58.95840182648401826484018718,0.6849315068493150684931506850,0.4657534246575342465753424658,58.27347031963470319634703650,0E-28,0E-28,0,0,0,1389,1390,2038,ZBO,0.6849315068493150684931506850,0.4657534246575342465753424658,0.1605916056796146869331331832,0.1156259560893225745918558919
58.27347031963470319634703650,0,0.000,58.27347031963470319634703650,0.6849315068493150684931506850,0.4657534246575342465753424658,57.58853881278538812785388582,0E-28,0E-28,0,0,0,1390,1391,2038,ZBO,0.6849315068493150684931506850,0.4657534246575342465753424658,0.1587150810033151935947957840,0.1142748583223869393882529645
57.58853881278538812785388582,0,0.000,57.58853881278538812785388582,0.6849315068493150684931506850,0.4657534246575342465753424658,56.90360730593607305936073514,0E-28,0E-28,0,0,0,1391,1392,2038,ZBO,0.6849315068493150684931506850,0.4657534246575342465753424658,0.1568385563270157002564583849,0.1129237605554513041846500371
56.90360730593607305936073514,0,0.000,56.90360730593607305936073514,0.6849315068493150684931506850,0.4657534246575342465753424658,56.21867579908675799086758446,0E-28,0E-28,0,0,0,1392,1393,2038,ZBO,0.6849315068493150684931506850,0.4657534246575342465753424658,0.1549620316507162069181209858,0.1115726627885156689810471098
56.21867579908675799086758446,0,0.000,56.21867579908675799086758446,0.6849315068493150684931506850,0.4657534246575342465753424658,55.53374429223744292237443378,0E-28,0E-28,0,0,0,1393,1394,2038,ZBO,0.6849315068493150684931506850,0.4657534246575342465753424658,0.1530855069744167135797835866,0.1102215650215800337774441824
55.53374429223744292237443378,0,0.000,55.53374429223744292237443378,0.6849315068493150684931506850,0.4657534246575342465753424658,54.84881278538812785388128310,0E-28,0E-28,0,0,0,1394,1395,2038,ZBO,0.6849315068493150684931506850,0.4657534246575342465753424658,0.1512089822981172202414461875,0.1088704672546443985738412550
54.84881278538812785388128310,0,0.000,54.84881278538812785388128310,0.6849315068493150684931506850,0.4657534246575342465753424658,54.16388127853881278538813242,0E-28,0E-28,0,0,0,1395,1396,2038,ZBO,0.6849315068493150684931506850,0.4657534246575342465753424658,0.1493324576218177269031087884,0.1075193694877087633702383276
54.16388127853881278538813242,0,0.000,54.16388127853881278538813242,0.6849315068493150684931506850,0.4657534246575342465753424658,53.47894977168949771689498174,0E-28,0E-28,0,0,0,1396,1397,2038,ZBO,0.6849315068493150684931506850,0.4657534246575342465753424658,0.1474559329455182335647713893,0.1061682717207731281666354003
53.47894977168949771689498174,0,0.000,53.47894977168949771689498174,0.6849315068493150684931506850,0.4657534246575342465753424658,52.79401826484018264840183106,0E-28,0E-28,0,0,0,1397,1398,2038,ZBO,0.6849315068493150684931506850,0.4657534246575342465753424658,0.1455794082692187402264339902,0.1048171739538374929630324729
52.79401826484018264840183106,0,0.000,52.79401826484018264840183106,0.6849315068493150684931506850,0.4657534246575342465753424658,52.10908675799086757990868038,0E-28,0E-28,0,0,0,1398,1399,2038,ZBO,0.6849315068493150684931506850,0.4657534246575342465753424658,0.1437028835929192468880965910,0.1034660761869018577594295455
52.10908675799086757990868038,0,0.000,52.10908675799086757990868038,0.1141552511415525114155251142,0.07762557077625570776255707764,51.99493150684931506849315527,0E-28,0E-29,0,0,0,1399,8395/6,2038,ZBO,0.1141552511415525114155251142,0.07762557077625570776255707764,0.02376804069973520151789996247,0.01711298930380934509288797298
51.99493150684931506849315527,25.38708797811177046937681400,0.3046450557373412456325217680,77.07737442922374429223744750,0.5707762557077625570776255708,0.3881278538812785388127853881,76.50659817351598173515982193,0E-28,0E-28,25.38708797811177046937681400,0E-26,0,8395/6,1400,2038,ZBO,0.5707762557077625570776255708,0.3881278538812785388127853881,0.1753241696378307374741977961,0.1262334021392381309814224132
76.50659817351598173515982193,0,0.000,76.50659817351598173515982193,0.6849315068493150684931506850,0.4657534246575342465753424658,75.82166666666666666666667124,0E-28,0E-28,0,0,0,1400,1401,2038,ZBO,0.6849315068493150684931506850,0.4657534246575342465753424658,0.2086688559454556827422280729,0.1502415762807280915744042125
75.82166666666666666666667124,0,0.000,75.82166666666666666666667124,0.6849315068493150684931506850,0.4657534246575342465753424658,75.13673515981735159817352056,0E-28,0E-28,0,0,0,1401,1402,2038,ZBO,0.6849315068493150684931506850,0.4657534246575342465753424658,0.2067923312691561894038906737,0.1488904785137924563708012851
75.13673515981735159817352056,0,0.000,75.13673515981735159817352056,0.6849315068493150684931506850,0.4657534246575342465753424658,74.45180365296803652968036988,0E-28,0E-28,0,0,0,1402,1403,2038,ZBO,0.6849315068493150684931506850,0.4657534246575342465753424658,0.2049158065928566960655532745,0.1475393807468568211671983576
74.45180365296803652968036988,0,0.000,74.45180365296803652968036988,0.6849315068493150684931506850,0.4657534246575342465753424658,73.76687214611872146118721920,0E-28,0E-28,0,0,0,1403,1404,2038,ZBO,0.6849315068493150684931506850,0.4657534246575342465753424658,0.2030392819165572027272158755,0.1461882829799211859635954304
73.76687214611872146118721920,0,0.000,73.76687214611872146118721920,0.6849315068493150684931506850,0.4657534246575342465753424658,73.08194063926940639269406852,0E-28,0E-28,0,0,0,1404,1405,2038,ZBO,0.6849315068493150684931506850,0.4657534246575342465753424658,0.2011627572402577093888784763,0.1448371852129855507599925029
73.08194063926940639269406852,0,0.000,73.08194063926940639269406852,0.6849315068493150684931506850,0.4657534246575342465753424658,72.39700913242009132420091784,0E-28,0E-28,0,0,0,1405,1406,2038,ZBO,0.6849315068493150684931506850,0.4657534246575342465753424658,0.1992862325639582160505410773,0.1434860874460499155563895757
72.39700913242009132420091784,0,0.000,72.39700913242009132420091784,0.6849315068493150684931506850,0.4657534246575342465753424658,71.71207762557077625570776716,0E-28,0E-28,0,0,0,1406,1407,2038,ZBO,0.6849315068493150684931506850,0.4657534246575342465753424658,0.1974097078876587227122036781,0.1421349896791142803527866482
71.71207762557077625570776716,0,0.000,71.71207762557077625570776716,0.6849315068493150684931506850,0.4657534246575342465753424658,71.02714611872146118721461648,0E-28,0E-28,0,0,0,1407,1408,2038,ZBO,0.6849315068493150684931506850,0.4657534246575342465753424658,0.1955331832113592293738662789,0.1407838919121786451491837208
71.02714611872146118721461648,0,0.000,71.02714611872146118721461648,0.6849315068493150684931506850,0.4657534246575342465753424658,70.34221461187214611872146580,0E-28,0E-28,0,0,0,1408,1409,2038,ZBO,0.6849315068493150684931506850,0.4657534246575342465753424658,0.1936566585350597360355288799,0.1394327941452430099455807935
70.34221461187214611872146580,0,0.000,70.34221461187214611872146580,0.6849315068493150684931506850,0.4657534246575342465753424658,69.65728310502283105022831512,0E-28,0E-28,0,0,0,1409,1410,2038,ZBO,0.6849315068493150684931506850,0.4657534246575342465753424658,0.1917801338587602426971914807,0.1380816963783073747419778661
69.65728310502283105022831512,0,0.000,69.65728310502283105022831512,0.6849315068493150684931506850,0.4657534246575342465753424658,68.97235159817351598173516444,0E-28,0E-28,0,0,0,1410,1411,2038,ZBO,0.6849315068493150684931506850,0.4657534246575342465753424658,0.1899036091824607493588540817,0.1367305986113717395383749388
68.97235159817351598173516444,0,0.000,68.97235159817351598173516444,0.6849315068493150684931506850,0.4657534246575342465753424658,68.28742009132420091324201376,0E-28,0E-28,0,0,0,1411,1412,2038,ZBO,0.6849315068493150684931506850,0.4657534246575342465753424658,0.1880270845061612560205166825,0.1353795008444361043347720114
68.28742009132420091324201376,0,0.000,68.28742009132420091324201376,0.6849315068493150684931506850,0.4657534246575342465753424658,67.60248858447488584474886308,0E-28,0E-28,0,0,0,1412,1413,2038,ZBO,0.6849315068493150684931506850,0.4657534246575342465753424658,0.1861505598298617626821792833,0.1340284030775004691311690840
67.60248858447488584474886308,0,0.000,67.60248858447488584474886308,0.6849315068493150684931506850,0.4657534246575342465753424658,66.91755707762557077625571240,0E-28,0E-28,0,0,0,1413,1414,2038,ZBO,0.6849315068493150684931506850,0.4657534246575342465753424658,0.1842740351535622693438418843,0.1326773053105648339275661567
66.91755707762557077625571240,0,0.000,66.91755707762557077625571240,0.6849315068493150684931506850,0.4657534246575342465753424658,66.23262557077625570776256172,0E-28,0E-28,0,0,0,1414,1415,2038,ZBO,0.6849315068493150684931506850,0.4657534246575342465753424658,0.1823975104772627760055044851,0.1313262075436291987239632293
66.23262557077625570776256172,0,0.000,66.23262557077625570776256172,0.6849315068493150684931506850,0.4657534246575342465753424658,65.54769406392694063926941104,0E-28,0E-28,0,0,0,1415,1416,2038,ZBO,0.6849315068493150684931506850,0.4657534246575342465753424658,0.1805209858009632826671670860,0.1299751097766935635203603019
65.54769406392694063926941104,0,0.000,65.54769406392694063926941104,0.6849315068493150684931506850,0.4657534246575342465753424658,64.86276255707762557077626036,0E-28,0E-28,0,0,0,1416,1417,2038,ZBO,0.6849315068493150684931506850,0.4657534246575342465753424658,0.1786444611246637893288296869,0.1286240120097579283167573746
64.86276255707762557077626036,0,0.000,64.86276255707762557077626036,0.6849315068493150684931506850,0.4657534246575342465753424658,64.17783105022831050228310968,0E-28,0E-28,0,0,0,1417,1418,2038,ZBO,0.6849315068493150684931506850,0.4657534246575342465753424658,0.1767679364483642959904922877,0.1272729142428222931131544471
64.17783105022831050228310968,0,0.000,64.17783105022831050228310968,0.6849315068493150684931506850,0.4657534246575342465753424658,63.49289954337899543378995900,0E-28,0E-28,0,0,0,1418,1419,2038,ZBO,0.6849315068493150684931506850,0.4657534246575342465753424658,0.1748914117720648026521548886,0.1259218164758866579095515198
63.49289954337899543378995900,0,0.000,63.49289954337899543378995900,0.6849315068493150684931506850,0.4657534246575342465753424658,62.80796803652968036529680832,0E-28,0E-28,0,0,0,1419,1420,2038,ZBO,0.6849315068493150684931506850,0.4657534246575342465753424658,0.1730148870957653093138174895,0.1245707187089510227059485924
62.80796803652968036529680832,0,0.000,62.80796803652968036529680832,0.6849315068493150684931506850,0.4657534246575342465753424658,62.12303652968036529680365764,0E-28,0E-28,0,0,0,1420,1421,2038,ZBO,0.6849315068493150684931506850,0.4657534246575342465753424658,0.1711383624194658159754800904,0.1232196209420153875023456651
62.12303652968036529680365764,0,0.000,62.12303652968036529680365764,0.6849315068493150684931506850,0.4657534246575342465753424658,61.43810502283105022831050696,0E-28,0E-28,0,0,0,1421,1422,2038,ZBO,0.6849315068493150684931506850,0.4657534246575342465753424658,0.1692618377431663226371426912,0.1218685231750797522987427377
61.43810502283105022831050696,0,0.000,61.43810502283105022831050696,0.6849315068493150684931506850,0.4657534246575342465753424658,60.75317351598173515981735628,0E-28,0E-28,0,0,0,1422,1423,2038,ZBO,0.6849315068493150684931506850,0.4657534246575342465753424658,0.1673853130668668292988052921,0.1205174254081441170951398103
60.75317351598173515981735628,0,0.000,60.75317351598173515981735628,0.6849315068493150684931506850,0.4657534246575342465753424658,60.06824200913242009132420560,0E-28,0E-28,0,0,0,1423,1424,2038,ZBO,0.6849315068493150684931506850,0.4657534246575342465753424658,0.1655087883905673359604678930,0.1191663276412084818915368830
60.06824200913242009132420560,0,0.000,60.06824200913242009132420560,0.6849315068493150684931506850,0.4657534246575342465753424658,59.38331050228310502283105492,0E-28,0E-28,0,0,0,1424,1425,2038,ZBO,0.6849315068493150684931506850,0.4657534246575342465753424658,0.1636322637142678426221304939,0.1178152298742728466879339556
59.38331050228310502283105492,0,0.000,59.38331050228310502283105492,0.6849315068493150684931506850,0.4657534246575342465753424658,58.69837899543378995433790424,0E-28,0E-28,0,0,0,1425,1426,2038,ZBO,0.6849315068493150684931506850,0.4657534246575342465753424658,0.1617557390379683492837930948,0.1164641321073372114843310283
58.69837899543378995433790424,0,0.000,58.69837899543378995433790424,0.6849315068493150684931506850,0.4657534246575342465753424658,58.01344748858447488584475356,0E-28,0E-28,0,0,0,1426,1427,2038,ZBO,0.6849315068493150684931506850,0.4657534246575342465753424658,0.1598792143616688559454556956,0.1151130343404015762807281008
58.01344748858447488584475356,0,0.000,58.01344748858447488584475356,0.6849315068493150684931506850,0.4657534246575342465753424658,57.32851598173515981735160288,0E-28,0E-28,0,0,0,1427,1428,2038,ZBO,0.6849315068493150684931506850,0.4657534246575342465753424658,0.1580026896853693626071182965,0.1137619365734659410771251735
57.32851598173515981735160288,0,0.000,57.32851598173515981735160288,0.6849315068493150684931506850,0.4657534246575342465753424658,56.64358447488584474885845220,0E-28,0E-28,0,0,0,1428,1429,2038,ZBO,0.6849315068493150684931506850,0.4657534246575342465753424658,0.1561261650090698692687808974,0.1124108388065303058735222461
56.64358447488584474885845220,0,0.000,56.64358447488584474885845220,0.3995433789954337899543378995,0.2716894977168949771689497717,56.24404109589041095890411430,0E-28,0E-28,0,0,0,1429,17155/12,2038,ZBO,0.3995433789954337899543378995,0.2716894977168949771689497717,0.09020700673463856049707054400,0.06494904484893976355789079168
56.24404109589041095890411430,25.38708797811177046937681415,0.3046450557373412456325217698,81.32648401826484018264840668,0.2853881278538812785388127855,0.1940639269406392694063926941,81.04109589041095890410959389,0E-28,0E-28,25.38708797811177046937681415,0E-26,0,17155/12,1430,2038,ZBO,0.2853881278538812785388127855,0.1940639269406392694063926941,0.09267555930860490815454223782,0.06672640270219553387127041123
81.04109589041095890410959389,0,0.000,81.04109589041095890410959389,0.6849315068493150684931506850,0.4657534246575342465753424658,80.35616438356164383561644320,0E-28,0E-28,0,0,0,1430,1431,2038,ZBO,0.6849315068493150684931506850,0.4657534246575342465753424658,0.2210921373616063051229123796,0.1591863389003565396884969133
80.35616438356164383561644320,0,0.000,80.35616438356164383561644320,0.6849315068493150684931506850,0.4657534246575342465753424658,79.67123287671232876712329252,0E-28,0E-28,0,0,0,1431,1432,2038,ZBO,0.6849315068493150684931506850,0.4657534246575342465753424658,0.2192156126853068117845749804,0.1578352411334209044848939859
79.67123287671232876712329252,0,0.000,79.67123287671232876712329252,0.6849315068493150684931506850,0.4657534246575342465753424658,78.98630136986301369863014184,0E-28,0E-28,0,0,0,1432,1433,2038,ZBO,0.6849315068493150684931506850,0.4657534246575342465753424658,0.2173390880090073184462375814,0.1564841433664852692812910586
78.98630136986301369863014184,0,0.000,78.98630136986301369863014184,0.6849315068493150684931506850,0.4657534246575342465753424658,78.30136986301369863013699116,0E-28,0E-28,0,0,0,1433,1434,2038,ZBO,0.6849315068493150684931506850,0.4657534246575342465753424658,0.2154625633327078251079001822,0.1551330455995496340776881312
78.30136986301369863013699116,0,0.000,78.30136986301369863013699116,0.6849315068493150684931506850,0.4657534246575342465753424658,77.61643835616438356164384048,0E-28,0E-28,0,0,0,1434,1435,2038,ZBO,0.6849315068493150684931506850,0.4657534246575342465753424658,0.2135860386564083317695627830,0.1537819478326139988740852038
77.61643835616438356164384048,0,0.000,77.61643835616438356164384048,0.6849315068493150684931506850,0.4657534246575342465753424658,76.93150684931506849315068980,0E-28,0E-28,0,0,0,1435,1436,2038,ZBO,0.6849315068493150684931506850,0.4657534246575342465753424658,0.2117095139801088384312253840,0.1524308500656783636704822765
76.93150684931506849315068980,0,0.000,76.93150684931506849315068980,0.6849315068493150684931506850,0.4657534246575342465753424658,76.24657534246575342465753912,0E-28,0E-28,0,0,0,1436,1437,2038,ZBO,0.6849315068493150684931506850,0.4657534246575342465753424658,0.2098329893038093450928879848,0.1510797522987427284668793491
76.24657534246575342465753912,0,0.000,76.24657534246575342465753912,0.6849315068493150684931506850,0.4657534246575342465753424658,75.56164383561643835616438844,0E-28,0E-28,0,0,0,1437,1438,2038,ZBO,0.6849315068493150684931506850,0.4657534246575342465753424658,0.2079564646275098517545505858,0.1497286545318070932632764218
75.56164383561643835616438844,0,0.000,75.56164383561643835616438844,0.6849315068493150684931506850,0.4657534246575342465753424658,74.87671232876712328767123776,0E-28,0E-28,0,0,0,1438,1439,2038,ZBO,0.6849315068493150684931506850,0.4657534246575342465753424658,0.2060799399512103584162131866,0.1483775567648714580596734944
74.87671232876712328767123776,0,0.000,74.87671232876712328767123776,0.6849315068493150684931506850,0.4657534246575342465753424658,74.19178082191780821917808708,0E-28,0E-28,0,0,0,1439,1440,2038,ZBO,0.6849315068493150684931506850,0.4657534246575342465753424658,0.2042034152749108650778757874,0.1470264589979358228560705669
74.19178082191780821917808708,0,0.000,74.19178082191780821917808708,0.6849315068493150684931506850,0.4657534246575342465753424658,73.50684931506849315068493640,0E-28,0E-28,0,0,0,1440,1441,2038,ZBO,0.6849315068493150684931506850,0.4657534246575342465753424658,0.2023268905986113717395383884,0.1456753612310001876524676396
73.50684931506849315068493640,0,0.000,73.50684931506849315068493640,0.6849315068493150684931506850,0.4657534246575342465753424658,72.82191780821917808219178572,0E-28,0E-28,0,0,0,1441,1442,2038,ZBO,0.6849315068493150684931506850,0.4657534246575342465753424658,0.2004503659223118784012009892,0.1443242634640645524488647122
72.82191780821917808219178572,0,0.000,72.82191780821917808219178572,0.6849315068493150684931506850,0.4657534246575342465753424658,72.13698630136986301369863504,0E-28,0E-28,0,0,0,1442,1443,2038,ZBO,0.6849315068493150684931506850,0.4657534246575342465753424658,0.1985738412460123850628635902,0.1429731656971289172452617849
72.13698630136986301369863504,0,0.000,72.13698630136986301369863504,0.6849315068493150684931506850,0.4657534246575342465753424658,71.45205479452054794520548436,0E-28,0E-28,0,0,0,1443,1444,2038,ZBO,0.6849315068493150684931506850,0.4657534246575342465753424658,0.1966973165697128917245261910,0.1416220679301932820416588575
71.45205479452054794520548436,0,0.000,71.45205479452054794520548436,0.6849315068493150684931506850,0.4657534246575342465753424658,70.76712328767123287671233368,0E-28,0E-28,0,0,0,1444,1445,2038,ZBO,0.6849315068493150684931506850,0.4657534246575342465753424658,0.1948207918934133983861887918,0.1402709701632576468380559301
70.76712328767123287671233368,0,0.000,70.76712328767123287671233368,0.6849315068493150684931506850,0.4657534246575342465753424658,70.08219178082191780821918300,0E-28,0E-28,0,0,0,1445,1446,2038,ZBO,0.6849315068493150684931506850,0.4657534246575342465753424658,0.1929442672171139050478513928,0.1389198723963220116344530028
70.08219178082191780821918300,0,0.000,70.08219178082191780821918300,0.6849315068493150684931506850,0.4657534246575342465753424658,69.39726027397260273972603232,0E-28,0E-28,0,0,0,1446,1447,2038,ZBO,0.6849315068493150684931506850,0.4657534246575342465753424658,0.1910677425408144117095139936,0.1375687746293863764308500754
69.39726027397260273972603232,0,0.000,69.39726027397260273972603232,0.6849315068493150684931506850,0.4657534246575342465753424658,68.71232876712328767123288164,0E-28,0E-28,0,0,0,1447,1448,2038,ZBO,0.6849315068493150684931506850,0.4657534246575342465753424658,0.1891912178645149183711765945,0.1362176768624507412272471480
68.71232876712328767123288164,0,0.000,68.71232876712328767123288164,0.6849315068493150684931506850,0.4657534246575342465753424658,68.02739726027397260273973096,0E-28,0E-28,0,0,0,1448,1449,2038,ZBO,0.6849315068493150684931506850,0.4657534246575342465753424658,0.1873146931882154250328391954,0.1348665790955151060236442207
68.02739726027397260273973096,0,0.000,68.02739726027397260273973096,0.6849315068493150684931506850,0.4657534246575342465753424658,67.34246575342465753424658028,0E-28,0E-28,0,0,0,1449,1450,2038,ZBO,0.6849315068493150684931506850,0.4657534246575342465753424658,0.1854381685119159316945017962,0.1335154813285794708200412933
67.34246575342465753424658028,0,0.000,67.34246575342465753424658028,0.6849315068493150684931506850,0.4657534246575342465753424658,66.65753424657534246575342960,0E-28,0E-28,0,0,0,1450,1451,2038,ZBO,0.6849315068493150684931506850,0.4657534246575342465753424658,0.1835616438356164383561643971,0.1321643835616438356164383659
66.65753424657534246575342960,0,0.000,66.65753424657534246575342960,0.6849315068493150684931506850,0.4657534246575342465753424658,65.97260273972602739726027892,0E-28,0E-28,0,0,0,1451,1452,2038,ZBO,0.6849315068493150684931506850,0.4657534246575342465753424658,0.1816851191593169450178269980,0.1308132857947082004128354386
65.97260273972602739726027892,0,0.000,65.97260273972602739726027892,0.6849315068493150684931506850,0.4657534246575342465753424658,65.28767123287671232876712824,0E-28,0E-28,0,0,0,1452,1453,2038,ZBO,0.6849315068493150684931506850,0.4657534246575342465753424658,0.1798085944830174516794895989,0.1294621880277725652092325112
65.28767123287671232876712824,0,0.000,65.28767123287671232876712824,0.6849315068493150684931506850,0.4657534246575342465753424658,64.60273972602739726027397756,0E-28,0E-28,0,0,0,1453,1454,2038,ZBO,0.6849315068493150684931506850,0.4657534246575342465753424658,0.1779320698067179583411521997,0.1281110902608369300056295838
64.60273972602739726027397756,0,0.000,64.60273972602739726027397756,0.6849315068493150684931506850,0.4657534246575342465753424658,63.91780821917808219178082688,0E-28,0E-28,0,0,0,1454,1455,2038,ZBO,0.6849315068493150684931506850,0.4657534246575342465753424658,0.1760555451304184650028148006,0.1267599924939012948020266564
63.91780821917808219178082688,0,0.000,63.91780821917808219178082688,0.6849315068493150684931506850,0.4657534246575342465753424658,63.23287671232876712328767620,0E-28,0E-28,0,0,0,1455,1456,2038,ZBO,0.6849315068493150684931506850,0.4657534246575342465753424658,0.1741790204541189716644774015,0.1254088947269656595984237291
63.23287671232876712328767620,0,0.000,63.23287671232876712328767620,0.6849315068493150684931506850,0.4657534246575342465753424658,62.54794520547945205479452552,0E-28,0E-28,0,0,0,1456,1457,2038,ZBO,0.6849315068493150684931506850,0.4657534246575342465753424658,0.1723024957778194783261400023,0.1240577969600300243948208017
62.54794520547945205479452552,0,0.000,62.54794520547945205479452552,0.6849315068493150684931506850,0.4657534246575342465753424658,61.86301369863013698630137484,0E-28,0E-28,0,0,0,1457,1458,2038,ZBO,0.6849315068493150684931506850,0.4657534246575342465753424658,0.1704259711015199849878026033,0.1227066991930943891912178744
61.86301369863013698630137484,0,0.000,61.86301369863013698630137484,0.6849315068493150684931506850,0.4657534246575342465753424658,61.17808219178082191780822416,0E-28,0E-28,0,0,0,1458,1459,2038,ZBO,0.6849315068493150684931506850,0.4657534246575342465753424658,0.1685494464252204916494652041,0.1213556014261587539876149470
61.17808219178082191780822416,0,0.000,61.17808219178082191780822416,0.6849315068493150684931506850,0.4657534246575342465753424658,60.49315068493150684931507348,0E-28,0E-28,0,0,0,1459,1460,2038,ZBO,0.6849315068493150684931506850,0.4657534246575342465753424658,0.1666729217489209983111278049,0.1200045036592231187840120195
60.49315068493150684931507348,28.10668663228144122159983731,0.3372802395873772946591980477,88.26255707762557077625571274,0.8767123287671232876712328768,0.5753424657534246575342465754,87.38584474885844748858447986,0E-28,0E-28,28.10668663228144122159983731,0E-26,0,1460,1461,2039,ZBO,0.8767123287671232876712328768,0.5753424657534246575342465754,0.2406142490773753674860824556,0.1732422593357102645899793680
87.38584474885844748858447986,0,0.000,87.38584474885844748858447986,0.8767123287671232876712328768,0.5753424657534246575342465754,86.50913242009132420091324698,0E-28,0E-28,0,0,0,1461,1462,2039,ZBO,0.8767123287671232876712328768,0.5753424657534246575342465754,0.2382122974917120160130105847,0.1715128541940326515293676210
86.50913242009132420091324698,0,0.000,86.50913242009132420091324698,0.8767123287671232876712328768,0.5753424657534246575342465754,85.63242009132420091324201410,0E-28,0E-28,0,0,0,1462,1463,2039,ZBO,0.8767123287671232876712328768,0.5753424657534246575342465754,0.2358103459060486645399387139,0.1697834490523550384687558740
85.63242009132420091324201410,0,0.000,85.63242009132420091324201410,0.8767123287671232876712328768,0.5753424657534246575342465754,84.75570776255707762557078122,0E-28,0E-28,0,0,0,1463,1464,2039,ZBO,0.8767123287671232876712328768,0.5753424657534246575342465754,0.2334083943203853130668668429,0.1680540439106774254081441269
84.75570776255707762557078122,0,0.000,84.75570776255707762557078122,0.8767123287671232876712328768,0.5753424657534246575342465754,83.87899543378995433789954834,0E-28,0E-28,0,0,0,1464,1465,2039,ZBO,0.8767123287671232876712328768,0.5753424657534246575342465754,0.2310064427347219615937949721,0.1663246387689998123475323799
83.87899543378995433789954834,0,0.000,83.87899543378995433789954834,0.8767123287671232876712328768,0.5753424657534246575342465754,83.00228310502283105022831546,0E-28,0E-28,0,0,0,1465,1466,2039,ZBO,0.8767123287671232876712328768,0.5753424657534246575342465754,0.2286044911490586101207231011,0.1645952336273221992869206328
83.00228310502283105022831546,0,0.000,83.00228310502283105022831546,0.8767123287671232876712328768,0.5753424657534246575342465754,82.12557077625570776255708258,0E-28,0E-28,0,0,0,1466,1467,2039,ZBO,0.8767123287671232876712328768,0.5753424657534246575342465754,0.2262025395633952586476512302,0.1628658284856445862263088857
82.12557077625570776255708258,0,0.000,82.12557077625570776255708258,0.8767123287671232876712328768,0.5753424657534246575342465754,81.24885844748858447488584970,0E-28,0E-28,0,0,0,1467,1468,2039,ZBO,0.8767123287671232876712328768,0.5753424657534246575342465754,0.2238005879777319071745793593,0.1611364233439669731656971387
81.24885844748858447488584970,0,0.000,81.24885844748858447488584970,0.8767123287671232876712328768,0.5753424657534246575342465754,80.37214611872146118721461682,0E-28,0E-28,0,0,0,1468,1469,2039,ZBO,0.8767123287671232876712328768,0.5753424657534246575342465754,0.2213986363920685557015074884,0.1594070182022893601050853916
80.37214611872146118721461682,0,0.000,80.37214611872146118721461682,0.8767123287671232876712328768,0.5753424657534246575342465754,79.49543378995433789954338394,0E-28,0E-28,0,0,0,1469,1470,2039,ZBO,0.8767123287671232876712328768,0.5753424657534246575342465754,0.2189966848064052042284356176,0.1576776130606117470444736447
79.49543378995433789954338394,0,0.000,79.49543378995433789954338394,0.8767123287671232876712328768,0.5753424657534246575342465754,78.61872146118721461187215106,0E-28,0E-28,0,0,0,1470,1471,2039,ZBO,0.8767123287671232876712328768,0.5753424657534246575342465754,0.2165947332207418527553637466,0.1559482079189341339838618976
78.61872146118721461187215106,0,0.000,78.61872146118721461187215106,0.8767123287671232876712328768,0.5753424657534246575342465754,77.74200913242009132420091818,0E-28,0E-28,0,0,0,1471,1472,2039,ZBO,0.8767123287671232876712328768,0.5753424657534246575342465754,0.2141927816350785012822918756,0.1542188027772565209232501504
77.74200913242009132420091818,0,0.000,77.74200913242009132420091818,0.8767123287671232876712328768,0.5753424657534246575342465754,76.86529680365296803652968530,0E-28,0E-28,0,0,0,1472,1473,2039,ZBO,0.8767123287671232876712328768,0.5753424657534246575342465754,0.2117908300494151498092200048,0.1524893976355789078626384035
76.86529680365296803652968530,0,0.000,76.86529680365296803652968530,0.8767123287671232876712328768,0.5753424657534246575342465754,75.98858447488584474885845242,0E-28,0E-28,0,0,0,1473,1474,2039,ZBO,0.8767123287671232876712328768,0.5753424657534246575342465754,0.2093888784637517983361481339,0.1507599924939012948020266564
75.98858447488584474885845242,0,0.000,75.98858447488584474885845242,0.8767123287671232876712328768,0.5753424657534246575342465754,75.11187214611872146118721954,0E-28,0E-28,0,0,0,1474,1475,2039,ZBO,0.8767123287671232876712328768,0.5753424657534246575342465754,0.2069869268780884468630762630,0.1490305873522236817414149094
75.11187214611872146118721954,0,0.000,75.11187214611872146118721954,0.8767123287671232876712328768,0.5753424657534246575342465754,74.23515981735159817351598666,0E-28,0E-28,0,0,0,1475,1476,2039,ZBO,0.8767123287671232876712328768,0.5753424657534246575342465754,0.2045849752924250953900043921,0.1473011822105460686808031623
74.23515981735159817351598666,0,0.000,74.23515981735159817351598666,0.8767123287671232876712328768,0.5753424657534246575342465754,73.35844748858447488584475378,0E-28,0E-28,0,0,0,1476,1477,2039,ZBO,0.8767123287671232876712328768,0.5753424657534246575342465754,0.2021830237067617439169325211,0.1455717770688684556201914152
73.35844748858447488584475378,0,0.000,73.35844748858447488584475378,0.8767123287671232876712328768,0.5753424657534246575342465754,72.48173515981735159817352090,0E-28,0E-28,0,0,0,1477,1478,2039,ZBO,0.8767123287671232876712328768,0.5753424657534246575342465754,0.1997810721210983924438606503,0.1438423719271908425595796682
72.48173515981735159817352090,0,0.000,72.48173515981735159817352090,0.8767123287671232876712328768,0.5753424657534246575342465754,71.60502283105022831050228802,0E-28,0E-28,0,0,0,1478,1479,2039,ZBO,0.8767123287671232876712328768,0.5753424657534246575342465754,0.1973791205354350409707887793,0.1421129667855132294989679211
71.60502283105022831050228802,0,0.000,71.60502283105022831050228802,0.8767123287671232876712328768,0.5753424657534246575342465754,70.72831050228310502283105514,0E-28,0E-28,0,0,0,1479,1480,2039,ZBO,0.8767123287671232876712328768,0.5753424657534246575342465754,0.1949771689497716894977169085,0.1403835616438356164383561741
70.72831050228310502283105514,0,0.000,70.72831050228310502283105514,0.8767123287671232876712328768,0.5753424657534246575342465754,69.85159817351598173515982226,0E-28,0E-28,0,0,0,1480,1481,2039,ZBO,0.8767123287671232876712328768,0.5753424657534246575342465754,0.1925752173641083380246450376,0.1386541565021580033777444271
69.85159817351598173515982226,0,0.000,69.85159817351598173515982226,0.8767123287671232876712328768,0.5753424657534246575342465754,68.97488584474885844748858938,0E-28,0E-28,0,0,0,1481,1482,2039,ZBO,0.8767123287671232876712328768,0.5753424657534246575342465754,0.1901732657784449865515731666,0.1369247513604803903171326800
68.97488584474885844748858938,0,0.000,68.97488584474885844748858938,0.8767123287671232876712328768,0.5753424657534246575342465754,68.09817351598173515981735650,0E-28,0E-28,0,0,0,1482,1483,2039,ZBO,0.8767123287671232876712328768,0.5753424657534246575342465754,0.1877713141927816350785012958,0.1351953462188027772565209330
68.09817351598173515981735650,0,0.000,68.09817351598173515981735650,0.8767123287671232876712328768,0.5753424657534246575342465754,67.22146118721461187214612362,0E-28,0E-28,0,0,0,1483,1484,2039,ZBO,0.8767123287671232876712328768,0.5753424657534246575342465754,0.1853693626071182836054294248,0.1334659410771251641959091859
67.22146118721461187214612362,0,0.000,67.22146118721461187214612362,0.8767123287671232876712328768,0.5753424657534246575342465754,66.34474885844748858447489074,0E-28,0E-28,0,0,0,1484,1485,2039,ZBO,0.8767123287671232876712328768,0.5753424657534246575342465754,0.1829674110214549321323575540,0.1317365359354475511352974389
66.34474885844748858447489074,0,0.000,66.34474885844748858447489074,0.8767123287671232876712328768,0.5753424657534246575342465754,65.46803652968036529680365786,0E-28,0E-28,0,0,0,1485,1486,2039,ZBO,0.8767123287671232876712328768,0.5753424657534246575342465754,0.1805654594357915806592856830,0.1300071307937699380746856918
65.46803652968036529680365786,0,0.000,65.46803652968036529680365786,0.8767123287671232876712328768,0.5753424657534246575342465754,64.59132420091324200913242498,0E-28,0E-28,0,0,0,1486,1487,2039,ZBO,0.8767123287671232876712328768,0.5753424657534246575342465754,0.1781635078501282291862138121,0.1282777256520923250140739447
64.59132420091324200913242498,0,0.000,64.59132420091324200913242498,0.8767123287671232876712328768,0.5753424657534246575342465754,63.71461187214611872146119210,0E-28,0E-28,0,0,0,1487,1488,2039,ZBO,0.8767123287671232876712328768,0.5753424657534246575342465754,0.1757615562644648777131419413,0.1265483205104147119534621977
63.71461187214611872146119210,0,0.000,63.71461187214611872146119210,0.8767123287671232876712328768,0.5753424657534246575342465754,62.83789954337899543378995922,0E-28,0E-28,0,0,0,1488,1489,2039,ZBO,0.8767123287671232876712328768,0.5753424657534246575342465754,0.1733596046788015262400700703,0.1248189153687370988928504506
62.83789954337899543378995922,0,0.000,62.83789954337899543378995922,0.8767123287671232876712328768,0.5753424657534246575342465754,61.96118721461187214611872634,0E-28,0E-28,0,0,0,1489,1490,2039,ZBO,0.8767123287671232876712328768,0.5753424657534246575342465754,0.1709576530931381747669981995,0.1230895102270594858322387036
61.96118721461187214611872634,0,0.000,61.96118721461187214611872634,0.3652968036529680365296803654,0.2397260273972602739726027398,61.59589041095890410958904597,0E-28,0E-28,0,0,0,1490,17885/12,2039,ZBO,0.3652968036529680365296803654,0.2397260273972602739726027398,0.07052344613331665311398845454,0.05077688121598799024207168727
61.59589041095890410958904597,28.10668663228144122159983731,0.3372802395873772946591980477,89.36529680365296803652968523,0.5114155251141552511415525114,0.3356164383561643835616438356,88.85388127853881278538813272,0E-28,0E-28,28.10668663228144122159983731,0E-26,0,17885/12,1491,2039,ZBO,0.5114155251141552511415525114,0.3356164383561643835616438356,0.1424125852254957152686557906,0.1025370613623569149934321692
88.85388127853881278538813272,0,0.000,88.85388127853881278538813272,0.8767123287671232876712328768,0.5753424657534246575342465754,87.97716894977168949771689984,0E-28,0E-28,0,0,0,1491,1492,2039,ZBO,0.8767123287671232876712328768,0.5753424657534246575342465754,0.2422343153812472634015137433,0.1744087070744980296490898952
87.97716894977168949771689984,0,0.000,87.97716894977168949771689984,0.8767123287671232876712328768,0.5753424657534246575342465754,87.10045662100456621004566696,0E-28,0E-28,0,0,0,1492,1493,2039,ZBO,0.8767123287671232876712328768,0.5753424657534246575342465754,0.2398323637955839119284418724,0.1726793019328204165884781481
87.10045662100456621004566696,0,0.000,87.10045662100456621004566696,0.8767123287671232876712328768,0.5753424657534246575342465754,86.22374429223744292237443408,0E-28,0E-28,0,0,0,1493,1494,2039,ZBO,0.8767123287671232876712328768,0.5753424657534246575342465754,0.2374304122099205604553700014,0.1709498967911428035278664010
86.22374429223744292237443408,0,0.000,86.22374429223744292237443408,0.8767123287671232876712328768,0.5753424657534246575342465754,85.34703196347031963470320120,0E-28,0E-28,0,0,0,1494,1495,2039,ZBO,0.8767123287671232876712328768,0.5753424657534246575342465754,0.2350284606242572089822981306,0.1692204916494651904672546540
85.34703196347031963470320120,0,0.000,85.34703196347031963470320120,0.8767123287671232876712328768,0.5753424657534246575342465754,84.47031963470319634703196832,0E-28,0E-28,0,0,0,1495,1496,2039,ZBO,0.8767123287671232876712328768,0.5753424657534246575342465754,0.2326265090385938575092262596,0.1674910865077875774066429069
84.47031963470319634703196832,0,0.000,84.47031963470319634703196832,0.8767123287671232876712328768,0.5753424657534246575342465754,83.59360730593607305936073544,0E-28,0E-28,0,0,0,1496,1497,2039,ZBO,0.8767123287671232876712328768,0.5753424657534246575342465754,0.2302245574529305060361543888,0.1657616813661099643460311599
83.59360730593607305936073544,0,0.000,83.59360730593607305936073544,0.8767123287671232876712328768,0.5753424657534246575342465754,82.71689497716894977168950256,0E-28,0E-28,0,0,0,1497,1498,2039,ZBO,0.8767123287671232876712328768,0.5753424657534246575342465754,0.2278226058672671545630825178,0.1640322762244323512854194128
82.71689497716894977168950256,0,0.000,82.71689497716894977168950256,0.8767123287671232876712328768,0.5753424657534246575342465754,81.84018264840182648401826968,0E-28,0E-28,0,0,0,1498,1499,2039,ZBO,0.8767123287671232876712328768,0.5753424657534246575342465754,0.2254206542816038030900106469,0.1623028710827547382248076658
81.84018264840182648401826968,0,0.000,81.84018264840182648401826968,0.8767123287671232876712328768,0.5753424657534246575342465754,80.96347031963470319634703680,0E-28,0E-28,0,0,0,1499,1500,2039,ZBO,0.8767123287671232876712328768,0.5753424657534246575342465754,0.2230187026959404516169387760,0.1605734659410771251641959187
80.96347031963470319634703680,0,0.000,80.96347031963470319634703680,0.8767123287671232876712328768,0.5753424657534246575342465754,80.08675799086757990867580392,0E-28,0E-28,0,0,0,1500,1501,2039,ZBO,0.8767123287671232876712328768,0.5753424657534246575342465754,0.2206167511102771001438669051,0.1588440607993995121035841717
80.08675799086757990867580392,0,0.000,80.08675799086757990867580392,0.8767123287671232876712328768,0.5753424657534246575342465754,79.21004566210045662100457104,0E-28,0E-28,0,0,0,1501,1502,2039,ZBO,0.8767123287671232876712328768,0.5753424657534246575342465754,0.2182147995246137486707950343,0.1571146556577218990429724247
79.21004566210045662100457104,0,0.000,79.21004566210045662100457104,0.8767123287671232876712328768,0.5753424657534246575342465754,78.33333333333333333333333816,0E-28,0E-28,0,0,0,1502,1503,2039,ZBO,0.8767123287671232876712328768,0.5753424657534246575342465754,0.2158128479389503971977231633,0.1553852505160442859823606776
78.33333333333333333333333816,0,0.000,78.33333333333333333333333816,0.8767123287671232876712328768,0.5753424657534246575342465754,77.45662100456621004566210528,0E-28,0E-28,0,0,0,1503,1504,2039,ZBO,0.8767123287671232876712328768,0.5753424657534246575342465754,0.2134108963532870457246512924,0.1536558453743666729217489305
77.45662100456621004566210528,0,0.000,77.45662100456621004566210528,0.8767123287671232876712328768,0.5753424657534246575342465754,76.57990867579908675799087240,0E-28,0E-28,0,0,0,1504,1505,2039,ZBO,0.8767123287671232876712328768,0.5753424657534246575342465754,0.2110089447676236942515794215,0.1519264402326890598611371835
76.57990867579908675799087240,0,0.000,76.57990867579908675799087240,0.8767123287671232876712328768,0.5753424657534246575342465754,75.70319634703196347031963952,0E-28,0E-28,0,0,0,1505,1506,2039,ZBO,0.8767123287671232876712328768,0.5753424657534246575342465754,0.2086069931819603427785075506,0.1501970350910114468005254364
75.70319634703196347031963952,0,0.000,75.70319634703196347031963952,0.8767123287671232876712328768,0.5753424657534246575342465754,74.82648401826484018264840664,0E-28,0E-28,0,0,0,1506,1507,2039,ZBO,0.8767123287671232876712328768,0.5753424657534246575342465754,0.2062050415962969913054356797,0.1484676299493338337399136894
74.82648401826484018264840664,0,0.000,74.82648401826484018264840664,0.8767123287671232876712328768,0.5753424657534246575342465754,73.94977168949771689497717376,0E-28,0E-28,0,0,0,1507,1508,2039,ZBO,0.8767123287671232876712328768,0.5753424657534246575342465754,0.2038030900106336398323638088,0.1467382248076562206793019423
73.94977168949771689497717376,0,0.000,73.94977168949771689497717376,0.8767123287671232876712328768,0.5753424657534246575342465754,73.07305936073059360730594088,0E-28,0E-28,0,0,0,1508,1509,2039,ZBO,0.8767123287671232876712328768,0.5753424657534246575342465754,0.2014011384249702883592919378,0.1450088196659786076186901952
73.07305936073059360730594088,0,0.000,73.07305936073059360730594088,0.8767123287671232876712328768,0.5753424657534246575342465754,72.19634703196347031963470800,0E-28,0E-28,0,0,0,1509,1510,2039,ZBO,0.8767123287671232876712328768,0.5753424657534246575342465754,0.1989991868393069368862200670,0.1432794145243009945580784482
72.19634703196347031963470800,0,0.000,72.19634703196347031963470800,0.8767123287671232876712328768,0.5753424657534246575342465754,71.31963470319634703196347512,0E-28,0E-28,0,0,0,1510,1511,2039,ZBO,0.8767123287671232876712328768,0.5753424657534246575342465754,0.1965972352536435854131481960,0.1415500093826233814974667011
71.31963470319634703196347512,0,0.000,71.31963470319634703196347512,0.8767123287671232876712328768,0.5753424657534246575342465754,70.44292237442922374429224224,0E-28,0E-28,0,0,0,1511,1512,2039,ZBO,0.8767123287671232876712328768,0.5753424657534246575342465754,0.1941952836679802339400763252,0.1398206042409457684368549541
70.44292237442922374429224224,0,0.000,70.44292237442922374429224224,0.8767123287671232876712328768,0.5753424657534246575342465754,69.56621004566210045662100936,0E-28,0E-28,0,0,0,1512,1513,2039,ZBO,0.8767123287671232876712328768,0.5753424657534246575342465754,0.1917933320823168824670044543,0.1380911990992681553762432071
69.56621004566210045662100936,0,0.000,69.56621004566210045662100936,0.8767123287671232876712328768,0.5753424657534246575342465754,68.68949771689497716894977648,0E-28,0E-28,0,0,0,1513,1514,2039,ZBO,0.8767123287671232876712328768,0.5753424657534246575342465754,0.1893913804966535309939325833,0.1363617939575905423156314600
68.68949771689497716894977648,0,0.000,68.68949771689497716894977648,0.8767123287671232876712328768,0.5753424657534246575342465754,67.81278538812785388127854360,0E-28,0E-28,0,0,0,1514,1515,2039,ZBO,0.8767123287671232876712328768,0.5753424657534246575342465754,0.1869894289109901795208607125,0.1346323888159129292550197130
67.81278538812785388127854360,0,0.000,67.81278538812785388127854360,0.8767123287671232876712328768,0.5753424657534246575342465754,66.93607305936073059360731072,0E-28,0E-28,0,0,0,1515,1516,2039,ZBO,0.8767123287671232876712328768,0.5753424657534246575342465754,0.1845874773253268280477888415,0.1329029836742353161944079659
66.93607305936073059360731072,0,0.000,66.93607305936073059360731072,0.8767123287671232876712328768,0.5753424657534246575342465754,66.05936073059360730593607784,0E-28,0E-28,0,0,0,1516,1517,2039,ZBO,0.8767123287671232876712328768,0.5753424657534246575342465754,0.1821855257396634765747169707,0.1311735785325577031337962189
66.05936073059360730593607784,0,0.000,66.05936073059360730593607784,0.8767123287671232876712328768,0.5753424657534246575342465754,65.18264840182648401826484496,0E-28,0E-28,0,0,0,1517,1518,2039,ZBO,0.8767123287671232876712328768,0.5753424657534246575342465754,0.1797835741540001251016450997,0.1294441733908800900731844718
65.18264840182648401826484496,0,0.000,65.18264840182648401826484496,0.8767123287671232876712328768,0.5753424657534246575342465754,64.30593607305936073059361208,0E-28,0E-28,0,0,0,1518,1519,2039,ZBO,0.8767123287671232876712328768,0.5753424657534246575342465754,0.1773816225683367736285732288,0.1277147682492024770125727247
64.30593607305936073059361208,0,0.000,64.30593607305936073059361208,0.8767123287671232876712328768,0.5753424657534246575342465754,63.42922374429223744292237920,0E-28,0E-28,0,0,0,1519,1520,2039,ZBO,0.8767123287671232876712328768,0.5753424657534246575342465754,0.1749796709826734221555013580,0.1259853631075248639519609778
63.42922374429223744292237920,0,0.000,63.42922374429223744292237920,0.7305936073059360730593607306,0.4794520547945205479452054794,62.69863013698630136986301847,0E-28,0E-28,0,0,0,1520,9125/6,2039,ZBO,0.7305936073059360730593607306,0.4794520547945205479452054794,0.1439815683576239027543212302,0.1036667292174892099831112857
62.69863013698630136986301847,28.10668663228144122159983731,0.3372802395873772946591980477,90.46803652968036529680365773,0.1461187214611872146118721461,0.09589041095890410958904109591,90.32191780821917808219178558,0E-28,0E-29,28.10668663228144122159983731,0E-26,0,9125/6,1521,2039,ZBO,0.1461187214611872146118721461,0.09589041095890410958904109591,0.04127624528262546652488480441,0.02971889660349033589791705918
90.32191780821917808219178558,0,0.000,90.32191780821917808219178558,0.8767123287671232876712328768,0.5753424657534246575342465754,89.44520547945205479452055270,0E-28,0E-28,0,0,0,1521,1522,2039,ZBO,0.8767123287671232876712328768,0.5753424657534246575342465754,0.2462563332707825107900169018,0.1773045599549634077688121693
89.44520547945205479452055270,0,0.000,89.44520547945205479452055270,0.8767123287671232876712328768,0.5753424657534246575342465754,88.56849315068493150684931982,0E-28,0E-28,0,0,0,1522,1523,2039,ZBO,0.8767123287671232876712328768,0.5753424657534246575342465754,0.2438543816851191593169450308,0.1755751548132857947082004222
88.56849315068493150684931982,0,0.000,88.56849315068493150684931982,0.8767123287671232876712328768,0.5753424657534246575342465754,87.69178082191780821917808694,0E-28,0E-28,0,0,0,1523,1524,2039,ZBO,0.8767123287671232876712328768,0.5753424657534246575342465754,0.2414524300994558078438731600,0.1738457496716081816475886752
87.69178082191780821917808694,0,0.000,87.69178082191780821917808694,0.8767123287671232876712328768,0.5753424657534246575342465754,86.81506849315068493150685406,0E-28,0E-28,0,0,0,1524,1525,2039,ZBO,0.8767123287671232876712328768,0.5753424657534246575342465754,0.2390504785137924563708012891,0.1721163445299305685869769282
86.81506849315068493150685406,0,0.000,86.81506849315068493150685406,0.8767123287671232876712328768,0.5753424657534246575342465754,85.93835616438356164383562118,0E-28,0E-28,0,0,0,1525,1526,2039,ZBO,0.8767123287671232876712328768,0.5753424657534246575342465754,0.2366485269281291048977294181,0.1703869393882529555263651810
85.93835616438356164383562118,0,0.000,85.93835616438356164383562118,0.8767123287671232876712328768,0.5753424657534246575342465754,85.06164383561643835616438830,0E-28,0E-28,0,0,0,1526,1527,2039,ZBO,0.8767123287671232876712328768,0.5753424657534246575342465754,0.2342465753424657534246575473,0.1686575342465753424657534341
85.06164383561643835616438830,0,0.000,85.06164383561643835616438830,0.8767123287671232876712328768,0.5753424657534246575342465754,84.18493150684931506849315542,0E-28,0E-28,0,0,0,1527,1528,2039,ZBO,0.8767123287671232876712328768,0.5753424657534246575342465754,0.2318446237568024019515856763,0.1669281291048977294051416869
84.18493150684931506849315542,0,0.000,84.18493150684931506849315542,0.8767123287671232876712328768,0.5753424657534246575342465754,83.30821917808219178082192254,0E-28,0E-28,0,0,0,1528,1529,2039,ZBO,0.8767123287671232876712328768,0.5753424657534246575342465754,0.2294426721711390504785138055,0.1651987239632201163445299400
83.30821917808219178082192254,0,0.000,83.30821917808219178082192254,0.8767123287671232876712328768,0.5753424657534246575342465754,82.43150684931506849315068966,0E-28,0E-28,0,0,0,1529,1530,2039,ZBO,0.8767123287671232876712328768,0.5753424657534246575342465754,0.2270407205854756990054419345,0.1634693188215425032839181928
82.43150684931506849315068966,0,0.000,82.43150684931506849315068966,0.8767123287671232876712328768,0.5753424657534246575342465754,81.55479452054794520547945678,0E-28,0E-28,0,0,0,1530,1531,2039,ZBO,0.8767123287671232876712328768,0.5753424657534246575342465754,0.2246387689998123475323700636,0.1617399136798648902233064458
81.55479452054794520547945678,0,0.000,81.55479452054794520547945678,0.8767123287671232876712328768,0.5753424657534246575342465754,80.67808219178082191780822390,0E-28,0E-28,0,0,0,1531,1532,2039,ZBO,0.8767123287671232876712328768,0.5753424657534246575342465754,0.2222368174141489960592981928,0.1600105085381872771626946988
80.67808219178082191780822390,0,0.000,80.67808219178082191780822390,0.8767123287671232876712328768,0.5753424657534246575342465754,79.80136986301369863013699102,0E-28,0E-28,0,0,0,1532,1533,2039,ZBO,0.8767123287671232876712328768,0.5753424657534246575342465754,0.2198348658284856445862263218,0.1582811033965096641020829517
79.80136986301369863013699102,0,0.000,79.80136986301369863013699102,0.8767123287671232876712328768,0.5753424657534246575342465754,78.92465753424657534246575814,0E-28,0E-28,0,0,0,1533,1534,2039,ZBO,0.8767123287671232876712328768,0.5753424657534246575342465754,0.2174329142428222931131544510,0.1565516982548320510414712047
78.92465753424657534246575814,0,0.000,78.92465753424657534246575814,0.8767123287671232876712328768,0.5753424657534246575342465754,78.04794520547945205479452526,0E-28,0E-28,0,0,0,1534,1535,2039,ZBO,0.8767123287671232876712328768,0.5753424657534246575342465754,0.2150309626571589416400825800,0.1548222931131544379808594576
78.04794520547945205479452526,0,0.000,78.04794520547945205479452526,0.8767123287671232876712328768,0.5753424657534246575342465754,77.17123287671232876712329238,0E-28,0E-28,0,0,0,1535,1536,2039,ZBO,0.8767123287671232876712328768,0.5753424657534246575342465754,0.2126290110714955901670107091,0.1530928879714768249202477106
77.17123287671232876712329238,0,0.000,77.17123287671232876712329238,0.8767123287671232876712328768,0.5753424657534246575342465754,76.29452054794520547945205950,0E-28,0E-28,0,0,0,1536,1537,2039,ZBO,0.8767123287671232876712328768,0.5753424657534246575342465754,0.2102270594858322386939388382,0.1513634828297992118596359635
76.29452054794520547945205950,0,0.000,76.29452054794520547945205950,0.8767123287671232876712328768,0.5753424657534246575342465754,75.41780821917808219178082662,0E-28,0E-28,0,0,0,1537,1538,2039,ZBO,0.8767123287671232876712328768,0.5753424657534246575342465754,0.2078251079001688872208669673,0.1496340776881215987990242165
75.41780821917808219178082662,0,0.000,75.41780821917808219178082662,0.8767123287671232876712328768,0.5753424657534246575342465754,74.54109589041095890410959374,0E-28,0E-28,0,0,0,1538,1539,2039,ZBO,0.8767123287671232876712328768,0.5753424657534246575342465754,0.2054231563145055357477950965,0.1479046725464439857384124695
74.54109589041095890410959374,0,0.000,74.54109589041095890410959374,0.8767123287671232876712328768,0.5753424657534246575342465754,73.66438356164383561643836086,0E-28,0E-28,0,0,0,1539,1540,2039,ZBO,0.8767123287671232876712328768,0.5753424657534246575342465754,0.2030212047288421842747232255,0.1461752674047663726778007224
73.66438356164383561643836086,0,0.000,73.66438356164383561643836086,0.8767123287671232876712328768,0.5753424657534246575342465754,72.78767123287671232876712798,0E-28,0E-28,0,0,0,1540,1541,2039,ZBO,0.8767123287671232876712328768,0.5753424657534246575342465754,0.2006192531431788328016513545,0.1444458622630887596171889752
72.78767123287671232876712798,0,0.000,72.78767123287671232876712798,0.8767123287671232876712328768,0.5753424657534246575342465754,71.91095890410958904109589510,0E-28,0E-28,0,0,0,1541,1542,2039,ZBO,0.8767123287671232876712328768,0.5753424657534246575342465754,0.1982173015575154813285794837,0.1427164571214111465565772283
71.91095890410958904109589510,0,0.000,71.91095890410958904109589510,0.8767123287671232876712328768,0.5753424657534246575342465754,71.03424657534246575342466222,0E-28,0E-28,0,0,0,1542,1543,2039,ZBO,0.8767123287671232876712328768,0.5753424657534246575342465754,0.1958153499718521298555076128,0.1409870519797335334959654812
71.03424657534246575342466222,0,0.000,71.03424657534246575342466222,0.8767123287671232876712328768,0.5753424657534246575342465754,70.15753424657534246575342934,0E-28,0E-28,0,0,0,1543,1544,2039,ZBO,0.8767123287671232876712328768,0.5753424657534246575342465754,0.1934133983861887783824357419,0.1392576468380559204353537342
70.15753424657534246575342934,0,0.000,70.15753424657534246575342934,0.8767123287671232876712328768,0.5753424657534246575342465754,69.28082191780821917808219646,0E-28,0E-28,0,0,0,1544,1545,2039,ZBO,0.8767123287671232876712328768,0.5753424657534246575342465754,0.1910114468005254269093638710,0.1375282416963783073747419871
69.28082191780821917808219646,0,0.000,69.28082191780821917808219646,0.8767123287671232876712328768,0.5753424657534246575342465754,68.40410958904109589041096358,0E-28,0E-28,0,0,0,1545,1546,2039,ZBO,0.8767123287671232876712328768,0.5753424657534246575342465754,0.1886094952148620754362920000,0.1357988365547006943141302400
68.40410958904109589041096358,0,0.000,68.40410958904109589041096358,0.8767123287671232876712328768,0.5753424657534246575342465754,67.52739726027397260273973070,0E-28,0E-28,0,0,0,1546,1547,2039,ZBO,0.8767123287671232876712328768,0.5753424657534246575342465754,0.1862075436291987239632201292,0.1340694314130230812535184930
67.52739726027397260273973070,0,0.000,67.52739726027397260273973070,0.8767123287671232876712328768,0.5753424657534246575342465754,66.65068493150684931506849782,0E-28,0E-28,0,0,0,1547,1548,2039,ZBO,0.8767123287671232876712328768,0.5753424657534246575342465754,0.1838055920435353724901482582,0.1323400262713454681929067459
66.65068493150684931506849782,0,0.000,66.65068493150684931506849782,0.8767123287671232876712328768,0.5753424657534246575342465754,65.77397260273972602739726494,0E-28,0E-28,0,0,0,1548,1549,2039,ZBO,0.8767123287671232876712328768,0.5753424657534246575342465754,0.1814036404578720210170763874,0.1306106211296678551322949989
65.77397260273972602739726494,0,0.000,65.77397260273972602739726494,0.8767123287671232876712328768,0.5753424657534246575342465754,64.89726027397260273972603206,0E-28,0E-28,0,0,0,1549,1550,2039,ZBO,0.8767123287671232876712328768,0.5753424657534246575342465754,0.1790016888722086695440045165,0.1288812159879902420716832519
64.89726027397260273972603206,0,0.000,64.89726027397260273972603206,0.8767123287671232876712328768,0.5753424657534246575342465754,64.02054794520547945205479918,0E-28,0E-28,0,0,0,1550,1551,2039,ZBO,0.8767123287671232876712328768,0.5753424657534246575342465754,0.1765997372865453180709326455,0.1271518108463126290110715048
64.02054794520547945205479918,0,0.000,64.02054794520547945205479918,0.2191780821917808219178082192,0.1438356164383561643835616438,63.80136986301369863013699096,0E-28,0E-28,0,0,0,1551,6205/4,2039,ZBO,0.2191780821917808219178082192,0.1438356164383561643835616438,0.04377462938637643085006568154,0.03151773315819103021204729071
63.80136986301369863013699096,28.10668663228144122159983731,0.3372802395873772946591980477,91.57077625570776255707763022,0.6575342465753424657534246576,0.4315068493150684931506849316,90.91324200913242009132420556,0E-28,0E-28,28.10668663228144122159983731,0E-26,0,6205/4,1552,2039,ZBO,0.6575342465753424657534246576,0.4315068493150684931506849316,0.1874835804090823794332895573,0.1349881778945393131919684813
90.91324200913242009132420556,0,0.000,90.91324200913242009132420556,0.8767123287671232876712328768,0.5753424657534246575342465754,90.03652968036529680365297268,0E-28,0E-28,0,0,0,1552,1553,2039,ZBO,0.8767123287671232876712328768,0.5753424657534246575342465754,0.2478763995746544067054481893,0.1784710076937511728279226963
90.03652968036529680365297268,0,0.000,90.03652968036529680365297268,0.8767123287671232876712328768,0.5753424657534246575342465754,89.15981735159817351598173980,0E-28,0E-28,0,0,0,1553,1554,2039,ZBO,0.8767123287671232876712328768,0.5753424657534246575342465754,0.2454744479889910552323763185,0.1767416025520735597673109493
89.15981735159817351598173980,0,0.000,89.15981735159817351598173980,0.8767123287671232876712328768,0.5753424657534246575342465754,88.28310502283105022831050692,0E-28,0E-28,0,0,0,1554,1555,2039,ZBO,0.8767123287671232876712328768,0.5753424657534246575342465754,0.2430724964033277037593044476,0.1750121974103959467066992023
88.28310502283105022831050692,0,0.000,88.28310502283105022831050692,0.8767123287671232876712328768,0.5753424657534246575342465754,87.40639269406392694063927404,0E-28,0E-28,0,0,0,1555,1556,2039,ZBO,0.8767123287671232876712328768,0.5753424657534246575342465754,0.2406705448176643522862325767,0.1732827922687183336460874552
87.40639269406392694063927404,0,0.000,87.40639269406392694063927404,0.8767123287671232876712328768,0.5753424657534246575342465754,86.52968036529680365296804116,0E-28,0E-28,0,0,0,1556,1557,2039,ZBO,0.8767123287671232876712328768,0.5753424657534246575342465754,0.2382685932320010008131607058,0.1715533871270407205854757082
86.52968036529680365296804116,0,0.000,86.52968036529680365296804116,0.8767123287671232876712328768,0.5753424657534246575342465754,85.65296803652968036529680828,0E-28,0E-28,0,0,0,1557,1558,2039,ZBO,0.8767123287671232876712328768,0.5753424657534246575342465754,0.2358666416463376493400888348,0.1698239819853631075248639611
85.65296803652968036529680828,0,0.000,85.65296803652968036529680828,0.8767123287671232876712328768,0.5753424657534246575342465754,84.77625570776255707762557540,0E-28,0E-28,0,0,0,1558,1559,2039,ZBO,0.8767123287671232876712328768,0.5753424657534246575342465754,0.2334646900606742978670169640,0.1680945768436854944642522141
84.77625570776255707762557540,0,0.000,84.77625570776255707762557540,0.8767123287671232876712328768,0.5753424657534246575342465754,83.89954337899543378995434252,0E-28,0E-28,0,0,0,1559,1560,2039,ZBO,0.8767123287671232876712328768,0.5753424657534246575342465754,0.2310627384750109463939450930,0.1663651717020078814036404670
83.89954337899543378995434252,0,0.000,83.89954337899543378995434252,0.8767123287671232876712328768,0.5753424657534246575342465754,83.02283105022831050228310964,0E-28,0E-28,0,0,0,1560,1561,2039,ZBO,0.8767123287671232876712328768,0.5753424657534246575342465754,0.2286607868893475949208732222,0.1646357665603302683430287200
83.02283105022831050228310964,0,0.000,83.02283105022831050228310964,0.8767123287671232876712328768,0.5753424657534246575342465754,82.14611872146118721461187676,0E-28,0E-28,0,0,0,1561,1562,2039,ZBO,0.8767123287671232876712328768,0.5753424657534246575342465754,0.2262588353036842434478013513,0.1629063614186526552824169729
82.14611872146118721461187676,0,0.000,82.14611872146118721461187676,0.8767123287671232876712328768,0.5753424657534246575342465754,81.26940639269406392694064388,0E-28,0E-28,0,0,0,1562,1563,2039,ZBO,0.8767123287671232876712328768,0.5753424657534246575342465754,0.2238568837180208919747294803,0.1611769562769750422218052258
81.26940639269406392694064388,0,0.000,81.26940639269406392694064388,0.8767123287671232876712328768,0.5753424657534246575342465754,80.39269406392694063926941100,0E-28,0E-28,0,0,0,1563,1564,2039,ZBO,0.8767123287671232876712328768,0.5753424657534246575342465754,0.2214549321323575405016576095,0.1594475511352974291611934788
80.39269406392694063926941100,0,0.000,80.39269406392694063926941100,0.8767123287671232876712328768,0.5753424657534246575342465754,79.51598173515981735159817812,0E-28,0E-28,0,0,0,1564,1565,2039,ZBO,0.8767123287671232876712328768,0.5753424657534246575342465754,0.2190529805466941890285857385,0.1577181459936198161005817317
79.51598173515981735159817812,0,0.000,79.51598173515981735159817812,0.8767123287671232876712328768,0.5753424657534246575342465754,78.63926940639269406392694524,0E-28,0E-28,0,0,0,1565,1566,2039,ZBO,0.8767123287671232876712328768,0.5753424657534246575342465754,0.2166510289610308375555138677,0.1559887408519422030399699847
78.63926940639269406392694524,0,0.000,78.63926940639269406392694524,0.8767123287671232876712328768,0.5753424657534246575342465754,77.76255707762557077625571236,0E-28,0E-28,0,0,0,1566,1567,2039,ZBO,0.8767123287671232876712328768,0.5753424657534246575342465754,0.2142490773753674860824419967,0.1542593357102645899793582376
77.76255707762557077625571236,0,0.000,77.76255707762557077625571236,0.8767123287671232876712328768,0.5753424657534246575342465754,76.88584474885844748858447948,0E-28,0E-28,0,0,0,1567,1568,2039,ZBO,0.8767123287671232876712328768,0.5753424657534246575342465754,0.2118471257897041346093701258,0.1525299305685869769187464906
76.88584474885844748858447948,0,0.000,76.88584474885844748858447948,0.8767123287671232876712328768,0.5753424657534246575342465754,76.00913242009132420091324660,0E-28,0E-28,0,0,0,1568,1569,2039,ZBO,0.8767123287671232876712328768,0.5753424657534246575342465754,0.2094451742040407831362982550,0.1508005254269093638581347436
76.00913242009132420091324660,0,0.000,76.00913242009132420091324660,0.8767123287671232876712328768,0.5753424657534246575342465754,75.13242009132420091324201372,0E-28,0E-28,0,0,0,1569,1570,2039,ZBO,0.8767123287671232876712328768,0.5753424657534246575342465754,0.2070432226183774316632263840,0.1490711202852317507975229965
75.13242009132420091324201372,0,0.000,75.13242009132420091324201372,0.8767123287671232876712328768,0.5753424657534246575342465754,74.25570776255707762557078084,0E-28,0E-28,0,0,0,1570,1571,2039,ZBO,0.8767123287671232876712328768,0.5753424657534246575342465754,0.2046412710327140801901545132,0.1473417151435541377369112495
74.25570776255707762557078084,0,0.000,74.25570776255707762557078084,0.8767123287671232876712328768,0.5753424657534246575342465754,73.37899543378995433789954796,0E-28,0E-28,0,0,0,1571,1572,2039,ZBO,0.8767123287671232876712328768,0.5753424657534246575342465754,0.2022393194470507287170826422,0.1456123100018765246762995024
73.37899543378995433789954796,0,0.000,73.37899543378995433789954796,0.8767123287671232876712328768,0.5753424657534246575342465754,72.50228310502283105022831508,0E-28,0E-28,0,0,0,1572,1573,2039,ZBO,0.8767123287671232876712328768,0.5753424657534246575342465754,0.1998373678613873772440107713,0.1438829048601989116156877553
72.50228310502283105022831508,0,0.000,72.50228310502283105022831508,0.8767123287671232876712328768,0.5753424657534246575342465754,71.62557077625570776255708220,0E-28,0E-28,0,0,0,1573,1574,2039,ZBO,0.8767123287671232876712328768,0.5753424657534246575342465754,0.1974354162757240257709389004,0.1421534997185212985550760083
71.62557077625570776255708220,0,0.000,71.62557077625570776255708220,0.8767123287671232876712328768,0.5753424657534246575342465754,70.74885844748858447488584932,0E-28,0E-28,0,0,0,1574,1575,2039,ZBO,0.8767123287671232876712328768,0.5753424657534246575342465754,0.1950334646900606742978670295,0.1404240945768436854944642612
70.74885844748858447488584932,0,0.000,70.74885844748858447488584932,0.8767123287671232876712328768,0.5753424657534246575342465754,69.87214611872146118721461644,0E-28,0E-28,0,0,0,1575,1576,2039,ZBO,0.8767123287671232876712328768,0.5753424657534246575342465754,0.1926315131043973228247951586,0.1386946894351660724338525142
69.87214611872146118721461644,0,0.000,69.87214611872146118721461644,0.8767123287671232876712328768,0.5753424657534246575342465754,68.99543378995433789954338356,0E-28,0E-28,0,0,0,1576,1577,2039,ZBO,0.8767123287671232876712328768,0.5753424657534246575342465754,0.1902295615187339713517232877,0.1369652842934884593732407671
68.99543378995433789954338356,0,0.000,68.99543378995433789954338356,0.8767123287671232876712328768,0.5753424657534246575342465754,68.11872146118721461187215068,0E-28,0E-28,0,0,0,1577,1578,2039,ZBO,0.8767123287671232876712328768,0.5753424657534246575342465754,0.1878276099330706198786514167,0.1352358791518108463126290200
68.11872146118721461187215068,0,0.000,68.11872146118721461187215068,0.8767123287671232876712328768,0.5753424657534246575342465754,67.24200913242009132420091780,0E-28,0E-28,0,0,0,1578,1579,2039,ZBO,0.8767123287671232876712328768,0.5753424657534246575342465754,0.1854256583474072684055795459,0.1335064740101332332520172730
67.24200913242009132420091780,0,0.000,67.24200913242009132420091780,0.8767123287671232876712328768,0.5753424657534246575342465754,66.36529680365296803652968492,0E-28,0E-28,0,0,0,1579,1580,2039,ZBO,0.8767123287671232876712328768,0.5753424657534246575342465754,0.1830237067617439169325076749,0.1317770688684556201914055259
66.36529680365296803652968492,0,0.000,66.36529680365296803652968492,0.8767123287671232876712328768,0.5753424657534246575342465754,65.48858447488584474885845204,0E-28,0E-28,0,0,0,1580,1581,2039,ZBO,0.8767123287671232876712328768,0.5753424657534246575342465754,0.1806217551760805654594358041,0.1300476637267780071307937790
65.48858447488584474885845204,0,0.000,65.48858447488584474885845204,0.5844748858447488584474885846,0.3835616438356164383561643837,64.90410958904109589041096346,0E-28,0E-28,0,0,0,1581,4745/3,2039,ZBO,0.5844748858447488584474885846,0.3835616438356164383561643837,0.1190800859031296261545839411,0.08573766185025333083130043759
64.90410958904109589041096346,28.10668663228144122159983731,0.3372802395873772946591980477,92.67351598173515981735160272,0.2922374429223744292237442922,0.1917808219178082191780821918,92.38127853881278538812785843,0E-28,0E-28,28.10668663228144122159983731,0E-26,0,4745/3,1582,2039,ZBO,0.2922374429223744292237442922,0.1917808219178082191780821918,0.08449990617376618502533308730,0.06083993244511165321823982286
92.38127853881278538812785843,0,0.000,92.38127853881278538812785843,0.8767123287671232876712328768,0.5753424657534246575342465754,91.50456621004566210045662555,0E-28,0E-28,0,0,0,1582,1583,2039,ZBO,0.8767123287671232876712328768,0.5753424657534246575342465754,0.2518984174641896540939513480,0.1813668605742165509476449706
91.50456621004566210045662555,0,0.000,91.50456621004566210045662555,0.8767123287671232876712328768,0.5753424657534246575342465754,90.62785388127853881278539267,0E-28,0E-28,0,0,0,1583,1584,2039,ZBO,0.8767123287671232876712328768,0.5753424657534246575342465754,0.2494964658785263026208794770,0.1796374554325389378870332234
90.62785388127853881278539267,0,0.000,90.62785388127853881278539267,0.8767123287671232876712328768,0.5753424657534246575342465754,89.75114155251141552511415979,0E-28,0E-28,0,0,0,1584,1585,2039,ZBO,0.8767123287671232876712328768,0.5753424657534246575342465754,0.2470945142928629511478076062,0.1779080502908613248264214765
89.75114155251141552511415979,0,0.000,89.75114155251141552511415979,0.8767123287671232876712328768,0.5753424657534246575342465754,88.87442922374429223744292691,0E-28,0E-28,0,0,0,1585,1586,2039,ZBO,0.8767123287671232876712328768,0.5753424657534246575342465754,0.2446925627071995996747357352,0.1761786451491837117658097293
88.87442922374429223744292691,0,0.000,88.87442922374429223744292691,0.8767123287671232876712328768,0.5753424657534246575342465754,87.99771689497716894977169403,0E-28,0E-28,0,0,0,1586,1587,2039,ZBO,0.8767123287671232876712328768,0.5753424657534246575342465754,0.2422906111215362482016638643,0.1744492400075060987051979823
87.99771689497716894977169403,0,0.000,87.99771689497716894977169403,0.8767123287671232876712328768,0.5753424657534246575342465754,87.12100456621004566210046115,0E-28,0E-28,0,0,0,1587,1588,2039,ZBO,0.8767123287671232876712328768,0.5753424657534246575342465754,0.2398886595358728967285919934,0.1727198348658284856445862352
87.12100456621004566210046115,0,0.000,87.12100456621004566210046115,0.8767123287671232876712328768,0.5753424657534246575342465754,86.24429223744292237442922827,0E-28,0E-28,0,0,0,1588,1589,2039,ZBO,0.8767123287671232876712328768,0.5753424657534246575342465754,0.2374867079502095452555201225,0.1709904297241508725839744882
86.24429223744292237442922827,0,0.000,86.24429223744292237442922827,0.8767123287671232876712328768,0.5753424657534246575342465754,85.36757990867579908675799539,0E-28,0E-28,0,0,0,1589,1590,2039,ZBO,0.8767123287671232876712328768,0.5753424657534246575342465754,0.2350847563645461937824482517,0.1692610245824732595233627412
85.36757990867579908675799539,0,0.000,85.36757990867579908675799539,0.8767123287671232876712328768,0.5753424657534246575342465754,84.49086757990867579908676251,0E-28,0E-28,0,0,0,1590,1591,2039,ZBO,0.8767123287671232876712328768,0.5753424657534246575342465754,0.2326828047788828423093763807,0.1675316194407956464627509941
84.49086757990867579908676251,0,0.000,84.49086757990867579908676251,0.8767123287671232876712328768,0.5753424657534246575342465754,83.61415525114155251141552963,0E-28,0E-28,0,0,0,1591,1592,2039,ZBO,0.8767123287671232876712328768,0.5753424657534246575342465754,0.2302808531932194908363045097,0.1658022142991180334021392470
83.61415525114155251141552963,0,0.000,83.61415525114155251141552963,0.8767123287671232876712328768,0.5753424657534246575342465754,82.73744292237442922374429675,0E-28,0E-28,0,0,0,1592,1593,2039,ZBO,0.8767123287671232876712328768,0.5753424657534246575342465754,0.2278789016075561393632326389,0.1640728091574404203415275000
82.73744292237442922374429675,0,0.000,82.73744292237442922374429675,0.8767123287671232876712328768,0.5753424657534246575342465754,81.86073059360730593607306387,0E-28,0E-28,0,0,0,1593,1594,2039,ZBO,0.8767123287671232876712328768,0.5753424657534246575342465754,0.2254769500218927878901607680,0.1623434040157628072809157530
81.86073059360730593607306387,0,0.000,81.86073059360730593607306387,0.8767123287671232876712328768,0.5753424657534246575342465754,80.98401826484018264840183099,0E-28,0E-28,0,0,0,1594,1595,2039,ZBO,0.8767123287671232876712328768,0.5753424657534246575342465754,0.2230749984362294364170888971,0.1606139988740851942203040059
80.98401826484018264840183099,0,0.000,80.98401826484018264840183099,0.8767123287671232876712328768,0.5753424657534246575342465754,80.10730593607305936073059811,0E-28,0E-28,0,0,0,1595,1596,2039,ZBO,0.8767123287671232876712328768,0.5753424657534246575342465754,0.2206730468505660849440170262,0.1588845937324075811596922589
80.10730593607305936073059811,0,0.000,80.10730593607305936073059811,0.8767123287671232876712328768,0.5753424657534246575342465754,79.23059360730593607305936523,0E-28,0E-28,0,0,0,1596,1597,2039,ZBO,0.8767123287671232876712328768,0.5753424657534246575342465754,0.2182710952649027334709451552,0.1571551885907299680990805117
79.23059360730593607305936523,0,0.000,79.23059360730593607305936523,0.8767123287671232876712328768,0.5753424657534246575342465754,78.35388127853881278538813235,0E-28,0E-28,0,0,0,1597,1598,2039,ZBO,0.8767123287671232876712328768,0.5753424657534246575342465754,0.2158691436792393819978732844,0.1554257834490523550384687648
78.35388127853881278538813235,0,0.000,78.35388127853881278538813235,0.8767123287671232876712328768,0.5753424657534246575342465754,77.47716894977168949771689947,0E-28,0E-28,0,0,0,1598,1599,2039,ZBO,0.8767123287671232876712328768,0.5753424657534246575342465754,0.2134671920935760305248014134,0.1536963783073747419778570176
77.47716894977168949771689947,0,0.000,77.47716894977168949771689947,0.8767123287671232876712328768,0.5753424657534246575342465754,76.60045662100456621004566659,0E-28,0E-28,0,0,0,1599,1600,2039,ZBO,0.8767123287671232876712328768,0.5753424657534246575342465754,0.2110652405079126790517295426,0.1519669731656971289172452707
76.60045662100456621004566659,0,0.000,76.60045662100456621004566659,0.8767123287671232876712328768,0.5753424657534246575342465754,75.72374429223744292237443371,0E-28,0E-28,0,0,0,1600,1601,2039,ZBO,0.8767123287671232876712328768,0.5753424657534246575342465754,0.2086632889222493275786576717,0.1502375680240195158566335236
75.72374429223744292237443371,0,0.000,75.72374429223744292237443371,0.8767123287671232876712328768,0.5753424657534246575342465754,74.84703196347031963470320083,0E-28,0E-28,0,0,0,1601,1602,2039,ZBO,0.8767123287671232876712328768,0.5753424657534246575342465754,0.2062613373365859761055858007,0.1485081628823419027960217765
74.84703196347031963470320083,0,0.000,74.84703196347031963470320083,0.8767123287671232876712328768,0.5753424657534246575342465754,73.97031963470319634703196795,0E-28,0E-28,0,0,0,1602,1603,2039,ZBO,0.8767123287671232876712328768,0.5753424657534246575342465754,0.2038593857509226246325139299,0.1467787577406642897354100295
73.97031963470319634703196795,0,0.000,73.97031963470319634703196795,0.8767123287671232876712328768,0.5753424657534246575342465754,73.09360730593607305936073507,0E-28,0E-28,0,0,0,1603,1604,2039,ZBO,0.8767123287671232876712328768,0.5753424657534246575342465754,0.2014574341652592731594420589,0.1450493525989866766747982824
73.09360730593607305936073507,0,0.000,73.09360730593607305936073507,0.8767123287671232876712328768,0.5753424657534246575342465754,72.21689497716894977168950219,0E-28,0E-28,0,0,0,1604,1605,2039,ZBO,0.8767123287671232876712328768,0.5753424657534246575342465754,0.1990554825795959216863701881,0.1433199474573090636141865354
72.21689497716894977168950219,0,0.000,72.21689497716894977168950219,0.8767123287671232876712328768,0.5753424657534246575342465754,71.34018264840182648401826931,0E-28,0E-28,0,0,0,1605,1606,2039,ZBO,0.8767123287671232876712328768,0.5753424657534246575342465754,0.1966535309939325702132983171,0.1415905423156314505535747883
71.34018264840182648401826931,0,0.000,71.34018264840182648401826931,0.8767123287671232876712328768,0.5753424657534246575342465754,70.46347031963470319634703643,0E-28,0E-28,0,0,0,1606,1607,2039,ZBO,0.8767123287671232876712328768,0.5753424657534246575342465754,0.1942515794082692187402264462,0.1398611371739538374929630413
70.46347031963470319634703643,0,0.000,70.46347031963470319634703643,0.8767123287671232876712328768,0.5753424657534246575342465754,69.58675799086757990867580355,0E-28,0E-28,0,0,0,1607,1608,2039,ZBO,0.8767123287671232876712328768,0.5753424657534246575342465754,0.1918496278226058672671545754,0.1381317320322762244323512943
69.58675799086757990867580355,0,0.000,69.58675799086757990867580355,0.8767123287671232876712328768,0.5753424657534246575342465754,68.71004566210045662100457067,0E-28,0E-28,0,0,0,1608,1609,2039,ZBO,0.8767123287671232876712328768,0.5753424657534246575342465754,0.1894476762369425157940827044,0.1364023268905986113717395472
68.71004566210045662100457067,0,0.000,68.71004566210045662100457067,0.8767123287671232876712328768,0.5753424657534246575342465754,67.83333333333333333333333779,0E-28,0E-28,0,0,0,1609,1610,2039,ZBO,0.8767123287671232876712328768,0.5753424657534246575342465754,0.1870457246512791643210108336,0.1346729217489209983111278002
67.83333333333333333333333779,0,0.000,67.83333333333333333333333779,0.8767123287671232876712328768,0.5753424657534246575342465754,66.95662100456621004566210491,0E-28,0E-28,0,0,0,1610,1611,2039,ZBO,0.8767123287671232876712328768,0.5753424657534246575342465754,0.1846437730656158128479389626,0.1329435166072433852505160531
66.95662100456621004566210491,0,0.000,66.95662100456621004566210491,0.8767123287671232876712328768,0.5753424657534246575342465754,66.07990867579908675799087203,0E-28,0E-28,0,0,0,1611,1612,2039,ZBO,0.8767123287671232876712328768,0.5753424657534246575342465754,0.1822418214799524613748670917,0.1312141114655657721899043060
66.07990867579908675799087203,0,0.000,66.07990867579908675799087203,0.07305936073059360730593607306,0.04794520547945205479452054794,66.00684931506849315068493596,0E-29,0E-29,0,0,0,1612,19345/12,2039,ZBO,0.07305936073059360730593607306,0.04794520547945205479452054794,0.01507839703092095661057943014,0.01085644586226308875961718970
66.00684931506849315068493596,28.10668663228144122159983731,0.3372802395873772946591980477,93.77625570776255707762557522,0.8036529680365296803652968038,0.5273972602739726027397260275,92.97260273972602739726027842,0E-28,0E-28,28.10668663228144122159983731,0E-26,0,19345/12,1613,2039,ZBO,0.8036529680365296803652968038,0.5273972602739726027397260275,0.2345019912011842955734868025,0.1688414336648526928129104978
92.97260273972602739726027842,0,0.000,92.97260273972602739726027842,0.8767123287671232876712328768,0.5753424657534246575342465754,92.09589041095890410958904554,0E-28,0E-28,0,0,0,1613,1614,2039,ZBO,0.8767123287671232876712328768,0.5753424657534246575342465754,0.2535184837680615500093826356,0.1825333083130043160067554976
92.09589041095890410958904554,0,0.000,92.09589041095890410958904554,0.8767123287671232876712328768,0.5753424657534246575342465754,91.21917808219178082191781266,0E-28,0E-28,0,0,0,1614,1615,2039,ZBO,0.8767123287671232876712328768,0.5753424657534246575342465754,0.2511165321823981985363107647,0.1808039031713267029461437506
91.21917808219178082191781266,0,0.000,91.21917808219178082191781266,0.8767123287671232876712328768,0.5753424657534246575342465754,90.34246575342465753424657978,0E-28,0E-28,0,0,0,1615,1616,2039,ZBO,0.8767123287671232876712328768,0.5753424657534246575342465754,0.2487145805967348470632388937,0.1790744980296490898855320035
90.34246575342465753424657978,0,0.000,90.34246575342465753424657978,0.8767123287671232876712328768,0.5753424657534246575342465754,89.46575342465753424657534690,0E-28,0E-28,0,0,0,1616,1617,2039,ZBO,0.8767123287671232876712328768,0.5753424657534246575342465754,0.2463126290110714955901670229,0.1773450928879714768249202565
89.46575342465753424657534690,0,0.000,89.46575342465753424657534690,0.8767123287671232876712328768,0.5753424657534246575342465754,88.58904109589041095890411402,0E-28,0E-28,0,0,0,1617,1618,2039,ZBO,0.8767123287671232876712328768,0.5753424657534246575342465754,0.2439106774254081441170951519,0.1756156877462938637643085094
88.58904109589041095890411402,0,0.000,88.58904109589041095890411402,0.8767123287671232876712328768,0.5753424657534246575342465754,87.71232876712328767123288114,0E-28,0E-28,0,0,0,1618,1619,2039,ZBO,0.8767123287671232876712328768,0.5753424657534246575342465754,0.2415087258397447926440232811,0.1738862826046162507036967624
87.71232876712328767123288114,0,0.000,87.71232876712328767123288114,0.8767123287671232876712328768,0.5753424657534246575342465754,86.83561643835616438356164826,0E-28,0E-28,0,0,0,1619,1620,2039,ZBO,0.8767123287671232876712328768,0.5753424657534246575342465754,0.2391067742540814411709514102,0.1721568774629386376430850153
86.83561643835616438356164826,0,0.000,86.83561643835616438356164826,0.8767123287671232876712328768,0.5753424657534246575342465754,85.95890410958904109589041538,0E-28,0E-28,0,0,0,1620,1621,2039,ZBO,0.8767123287671232876712328768,0.5753424657534246575342465754,0.2367048226684180896978795392,0.1704274723212610245824732682
85.95890410958904109589041538,0,0.000,85.95890410958904109589041538,0.8767123287671232876712328768,0.5753424657534246575342465754,85.08219178082191780821918250,0E-28,0E-28,0,0,0,1621,1622,2039,ZBO,0.8767123287671232876712328768,0.5753424657534246575342465754,0.2343028710827547382248076684,0.1686980671795834115218615212
85.08219178082191780821918250,0,0.000,85.08219178082191780821918250,0.8767123287671232876712328768,0.5753424657534246575342465754,84.20547945205479452054794962,0E-28,0E-28,0,0,0,1622,1623,2039,ZBO,0.8767123287671232876712328768,0.5753424657534246575342465754,0.2319009194970913867517357974,0.1669686620379057984612497741
84.20547945205479452054794962,0,0.000,84.20547945205479452054794962,0.8767123287671232876712328768,0.5753424657534246575342465754,83.32876712328767123287671674,0E-28,0E-28,0,0,0,1623,1624,2039,ZBO,0.8767123287671232876712328768,0.5753424657534246575342465754,0.2294989679114280352786639266,0.1652392568962281854006380272
83.32876712328767123287671674,0,0.000,83.32876712328767123287671674,0.8767123287671232876712328768,0.5753424657534246575342465754,82.45205479452054794520548386,0E-28,0E-28,0,0,0,1624,1625,2039,ZBO,0.8767123287671232876712328768,0.5753424657534246575342465754,0.2270970163257646838055920556,0.1635098517545505723400262800
82.45205479452054794520548386,0,0.000,82.45205479452054794520548386,0.8767123287671232876712328768,0.5753424657534246575342465754,81.57534246575342465753425098,0E-28,0E-28,0,0,0,1625,1626,2039,ZBO,0.8767123287671232876712328768,0.5753424657534246575342465754,0.2246950647401013323325201847,0.1617804466128729592794145330
81.57534246575342465753425098,0,0.000,81.57534246575342465753425098,0.8767123287671232876712328768,0.5753424657534246575342465754,80.69863013698630136986301810,0E-28,0E-28,0,0,0,1626,1627,2039,ZBO,0.8767123287671232876712328768,0.5753424657534246575342465754,0.2222931131544379808594483139,0.1600510414711953462188027860
80.69863013698630136986301810,0,0.000,80.69863013698630136986301810,0.8767123287671232876712328768,0.5753424657534246575342465754,79.82191780821917808219178522,0E-28,0E-28,0,0,0,1627,1628,2039,ZBO,0.8767123287671232876712328768,0.5753424657534246575342465754,0.2198911615687746293863764429,0.1583216363295177331581910389
79.82191780821917808219178522,0,0.000,79.82191780821917808219178522,0.8767123287671232876712328768,0.5753424657534246575342465754,78.94520547945205479452055234,0E-28,0E-28,0,0,0,1628,1629,2039,ZBO,0.8767123287671232876712328768,0.5753424657534246575342465754,0.2174892099831112779133045721,0.1565922311878401200975792919
78.94520547945205479452055234,0,0.000,78.94520547945205479452055234,0.8767123287671232876712328768,0.5753424657534246575342465754,78.06849315068493150684931946,0E-28,0E-28,0,0,0,1629,1630,2039,ZBO,0.8767123287671232876712328768,0.5753424657534246575342465754,0.2150872583974479264402327011,0.1548628260461625070369675448
78.06849315068493150684931946,0,0.000,78.06849315068493150684931946,0.8767123287671232876712328768,0.5753424657534246575342465754,77.19178082191780821917808658,0E-28,0E-28,0,0,0,1630,1631,2039,ZBO,0.8767123287671232876712328768,0.5753424657534246575342465754,0.2126853068117845749671608302,0.1531334209044848939763557977
77.19178082191780821917808658,0,0.000,77.19178082191780821917808658,0.8767123287671232876712328768,0.5753424657534246575342465754,76.31506849315068493150685370,0E-28,0E-28,0,0,0,1631,1632,2039,ZBO,0.8767123287671232876712328768,0.5753424657534246575342465754,0.2102833552261212234940889593,0.1514040157628072809157440507
76.31506849315068493150685370,0,0.000,76.31506849315068493150685370,0.8767123287671232876712328768,0.5753424657534246575342465754,75.43835616438356164383562082,0E-28,0E-28,0,0,0,1632,1633,2039,ZBO,0.8767123287671232876712328768,0.5753424657534246575342465754,0.2078814036404578720210170884,0.1496746106211296678551323036
75.43835616438356164383562082,0,0.000,75.43835616438356164383562082,0.8767123287671232876712328768,0.5753424657534246575342465754,74.56164383561643835616438794,0E-28,0E-28,0,0,0,1633,1634,2039,ZBO,0.8767123287671232876712328768,0.5753424657534246575342465754,0.2054794520547945205479452176,0.1479452054794520547945205567
74.56164383561643835616438794,0,0.000,74.56164383561643835616438794,0.8767123287671232876712328768,0.5753424657534246575342465754,73.68493150684931506849315506,0E-28,0E-28,0,0,0,1634,1635,2039,ZBO,0.8767123287671232876712328768,0.5753424657534246575342465754,0.2030775004691311690748733466,0.1462158003377744417339088096
73.68493150684931506849315506,0,0.000,73.68493150684931506849315506,0.8767123287671232876712328768,0.5753424657534246575342465754,72.80821917808219178082192218,0E-28,0E-28,0,0,0,1635,1636,2039,ZBO,0.8767123287671232876712328768,0.5753424657534246575342465754,0.2006755488834678176018014756,0.1444863951960968286732970624
72.80821917808219178082192218,0,0.000,72.80821917808219178082192218,0.8767123287671232876712328768,0.5753424657534246575342465754,71.93150684931506849315068930,0E-28,0E-28,0,0,0,1636,1637,2039,ZBO,0.8767123287671232876712328768,0.5753424657534246575342465754,0.1982735972978044661287296048,0.1427569900544192156126853155
71.93150684931506849315068930,0,0.000,71.93150684931506849315068930,0.8767123287671232876712328768,0.5753424657534246575342465754,71.05479452054794520547945642,0E-28,0E-28,0,0,0,1637,1638,2039,ZBO,0.8767123287671232876712328768,0.5753424657534246575342465754,0.1958716457121411146556577339,0.1410275849127416025520735684
71.05479452054794520547945642,0,0.000,71.05479452054794520547945642,0.8767123287671232876712328768,0.5753424657534246575342465754,70.17808219178082191780822354,0E-28,0E-28,0,0,0,1638,1639,2039,ZBO,0.8767123287671232876712328768,0.5753424657534246575342465754,0.1934696941264777631825858630,0.1392981797710639894914618214
70.17808219178082191780822354,0,0.000,70.17808219178082191780822354,0.8767123287671232876712328768,0.5753424657534246575342465754,69.30136986301369863013699066,0E-28,0E-28,0,0,0,1639,1640,2039,ZBO,0.8767123287671232876712328768,0.5753424657534246575342465754,0.1910677425408144117095139921,0.1375687746293863764308500743
69.30136986301369863013699066,0,0.000,69.30136986301369863013699066,0.8767123287671232876712328768,0.5753424657534246575342465754,68.42465753424657534246575778,0E-28,0E-28,0,0,0,1640,1641,2039,ZBO,0.8767123287671232876712328768,0.5753424657534246575342465754,0.1886657909551510602364421211,0.1358393694877087633702383272
68.42465753424657534246575778,0,0.000,68.42465753424657534246575778,0.8767123287671232876712328768,0.5753424657534246575342465754,67.54794520547945205479452490,0E-28,0E-28,0,0,0,1641,1642,2039,ZBO,0.8767123287671232876712328768,0.5753424657534246575342465754,0.1862638393694877087633702503,0.1341099643460311503096265802
67.54794520547945205479452490,0,0.000,67.54794520547945205479452490,0.4383561643835616438356164384,0.2876712328767123287671232877,67.10958904109589041095890846,0E-28,0E-28,0,0,0,1642,3285/2,2039,ZBO,0.4383561643835616438356164384,0.2876712328767123287671232877,0.09223118784012009757928317357,0.06640645524488647025708388497
67.10958904109589041095890846,28.10668663228144122159983731,0.3372802395873772946591980477,94.87899543378995433789954772,0.4383561643835616438356164384,0.2876712328767123287671232877,94.44063926940639269406393128,0E-28,0E-28,28.10668663228144122159983731,0E-26,0,3285/2,1643,2039,ZBO,0.4383561643835616438356164384,0.2876712328767123287671232877,0.1296709826734221555013448486,0.09336310752486395196096829099
94.44063926940639269406393128,0,0.000,94.44063926940639269406393128,0.8767123287671232876712328768,0.5753424657534246575342465754,93.56392694063926940639269840,0E-28,0E-28,0,0,0,1643,1644,2039,ZBO,0.8767123287671232876712328768,0.5753424657534246575342465754,0.2575405016575967973978857941,0.1854291611934696941264777718
93.56392694063926940639269840,0,0.000,93.56392694063926940639269840,0.8767123287671232876712328768,0.5753424657534246575342465754,92.68721461187214611872146552,0E-28,0E-28,0,0,0,1644,1645,2039,ZBO,0.8767123287671232876712328768,0.5753424657534246575342465754,0.2551385500719334459248139232,0.1836997560517920810658660247
92.68721461187214611872146552,0,0.000,92.68721461187214611872146552,0.8767123287671232876712328768,0.5753424657534246575342465754,91.81050228310502283105023264,0E-28,0E-28,0,0,0,1645,1646,2039,ZBO,0.8767123287671232876712328768,0.5753424657534246575342465754,0.2527365984862700944517420524,0.1819703509101144680052542777
91.81050228310502283105023264,0,0.000,91.81050228310502283105023264,0.8767123287671232876712328768,0.5753424657534246575342465754,90.93378995433789954337899976,0E-28,0E-28,0,0,0,1646,1647,2039,ZBO,0.8767123287671232876712328768,0.5753424657534246575342465754,0.2503346469006067429786701814,0.1802409457684368549446425306
90.93378995433789954337899976,0,0.000,90.93378995433789954337899976,0.8767123287671232876712328768,0.5753424657534246575342465754,90.05707762557077625570776688,0E-28,0E-28,0,0,0,1647,1648,2039,ZBO,0.8767123287671232876712328768,0.5753424657534246575342465754,0.2479326953149433915055983104,0.1785115406267592418840307835
90.05707762557077625570776688,0,0.000,90.05707762557077625570776688,0.8767123287671232876712328768,0.5753424657534246575342465754,89.18036529680365296803653400,0E-28,0E-28,0,0,0,1648,1649,2039,ZBO,0.8767123287671232876712328768,0.5753424657534246575342465754,0.2455307437292800400325264396,0.1767821354850816288234190365
89.18036529680365296803653400,0,0.000,89.18036529680365296803653400,0.8767123287671232876712328768,0.5753424657534246575342465754,88.30365296803652968036530112,0E-28,0E-28,0,0,0,1649,1650,2039,ZBO,0.8767123287671232876712328768,0.5753424657534246575342465754,0.2431287921436166885594545687,0.1750527303434040157628072895
88.30365296803652968036530112,0,0.000,88.30365296803652968036530112,0.8767123287671232876712328768,0.5753424657534246575342465754,87.42694063926940639269406824,0E-28,0E-28,0,0,0,1650,1651,2039,ZBO,0.8767123287671232876712328768,0.5753424657534246575342465754,0.2407268405579533370863826978,0.1733233252017264027021955424
87.42694063926940639269406824,0,0.000,87.42694063926940639269406824,0.8767123287671232876712328768,0.5753424657534246575342465754,86.55022831050228310502283536,0E-28,0E-28,0,0,0,1651,1652,2039,ZBO,0.8767123287671232876712328768,0.5753424657534246575342465754,0.2383248889722899856133108269,0.1715939200600487896415837954
86.55022831050228310502283536,0,0.000,86.55022831050228310502283536,0.8767123287671232876712328768,0.5753424657534246575342465754,85.67351598173515981735160248,0E-28,0E-28,0,0,0,1652,1653,2039,ZBO,0.8767123287671232876712328768,0.5753424657534246575342465754,0.2359229373866266341402389559,0.1698645149183711765809720482
85.67351598173515981735160248,0,0.000,85.67351598173515981735160248,0.8767123287671232876712328768,0.5753424657534246575342465754,84.79680365296803652968036960,0E-28,0E-28,0,0,0,1653,1654,2039,ZBO,0.8767123287671232876712328768,0.5753424657534246575342465754,0.2335209858009632826671670851,0.1681351097766935635203603013
84.79680365296803652968036960,0,0.000,84.79680365296803652968036960,0.8767123287671232876712328768,0.5753424657534246575342465754,83.92009132420091324200913672,0E-28,0E-28,0,0,0,1654,1655,2039,ZBO,0.8767123287671232876712328768,0.5753424657534246575342465754,0.2311190342152999311940952141,0.1664057046350159504597485542
83.92009132420091324200913672,0,0.000,83.92009132420091324200913672,0.8767123287671232876712328768,0.5753424657534246575342465754,83.04337899543378995433790384,0E-28,0E-28,0,0,0,1655,1656,2039,ZBO,0.8767123287671232876712328768,0.5753424657534246575342465754,0.2287170826296365797210233433,0.1646762994933383373991368072
83.04337899543378995433790384,0,0.000,83.04337899543378995433790384,0.8767123287671232876712328768,0.5753424657534246575342465754,82.16666666666666666666667096,0E-28,0E-28,0,0,0,1656,1657,2039,ZBO,0.8767123287671232876712328768,0.5753424657534246575342465754,0.2263151310439732282479514724,0.1629468943516607243385250601
82.16666666666666666666667096,0,0.000,82.16666666666666666666667096,0.8767123287671232876712328768,0.5753424657534246575342465754,81.28995433789954337899543808,0E-28,0E-28,0,0,0,1657,1658,2039,ZBO,0.8767123287671232876712328768,0.5753424657534246575342465754,0.2239131794583098767748796014,0.1612174892099831112779133130
81.28995433789954337899543808,0,0.000,81.28995433789954337899543808,0.8767123287671232876712328768,0.5753424657534246575342465754,80.41324200913242009132420520,0E-28,0E-28,0,0,0,1658,1659,2039,ZBO,0.8767123287671232876712328768,0.5753424657534246575342465754,0.2215112278726465253018077306,0.1594880840683054982173015660
80.41324200913242009132420520,0,0.000,80.41324200913242009132420520,0.8767123287671232876712328768,0.5753424657534246575342465754,79.53652968036529680365297232,0E-28,0E-28,0,0,0,1659,1660,2039,ZBO,0.8767123287671232876712328768,0.5753424657534246575342465754,0.2191092762869831738287358596,0.1577586789266278851566898189
79.53652968036529680365297232,0,0.000,79.53652968036529680365297232,0.8767123287671232876712328768,0.5753424657534246575342465754,78.65981735159817351598173944,0E-28,0E-28,0,0,0,1660,1661,2039,ZBO,0.8767123287671232876712328768,0.5753424657534246575342465754,0.2167073247013198223556639888,0.1560292737849502720960780719
78.65981735159817351598173944,0,0.000,78.65981735159817351598173944,0.8767123287671232876712328768,0.5753424657534246575342465754,77.78310502283105022831050656,0E-28,0E-28,0,0,0,1661,1662,2039,ZBO,0.8767123287671232876712328768,0.5753424657534246575342465754,0.2143053731156564708825921178,0.1542998686432726590354663248
77.78310502283105022831050656,0,0.000,77.78310502283105022831050656,0.8767123287671232876712328768,0.5753424657534246575342465754,76.90639269406392694063927368,0E-28,0E-28,0,0,0,1662,1663,2039,ZBO,0.8767123287671232876712328768,0.5753424657534246575342465754,0.2119034215299931194095202469,0.1525704635015950459748545778
76.90639269406392694063927368,0,0.000,76.90639269406392694063927368,0.8767123287671232876712328768,0.5753424657534246575342465754,76.02968036529680365296804080,0E-28,0E-28,0,0,0,1663,1664,2039,ZBO,0.8767123287671232876712328768,0.5753424657534246575342465754,0.2095014699443297679364483760,0.1508410583599174329142428307
76.02968036529680365296804080,0,0.000,76.02968036529680365296804080,0.8767123287671232876712328768,0.5753424657534246575342465754,75.15296803652968036529680792,0E-28,0E-28,0,0,0,1664,1665,2039,ZBO,0.8767123287671232876712328768,0.5753424657534246575342465754,0.2070995183586664164633765051,0.1491116532182398198536310837
75.15296803652968036529680792,0,0.000,75.15296803652968036529680792,0.8767123287671232876712328768,0.5753424657534246575342465754,74.27625570776255707762557504,0E-28,0E-28,0,0,0,1665,1666,2039,ZBO,0.8767123287671232876712328768,0.5753424657534246575342465754,0.2046975667730030649903046343,0.1473822480765622067930193367
74.27625570776255707762557504,0,0.000,74.27625570776255707762557504,0.8767123287671232876712328768,0.5753424657534246575342465754,73.39954337899543378995434216,0E-28,0E-28,0,0,0,1666,1667,2039,ZBO,0.8767123287671232876712328768,0.5753424657534246575342465754,0.2022956151873397135172327633,0.1456528429348845937324075896
73.39954337899543378995434216,0,0.000,73.39954337899543378995434216,0.8767123287671232876712328768,0.5753424657534246575342465754,72.52283105022831050228310928,0E-28,0E-28,0,0,0,1667,1668,2039,ZBO,0.8767123287671232876712328768,0.5753424657534246575342465754,0.1998936636016763620441608923,0.1439234377932069806717958425
72.52283105022831050228310928,0,0.000,72.52283105022831050228310928,0.8767123287671232876712328768,0.5753424657534246575342465754,71.64611872146118721461187640,0E-28,0E-28,0,0,0,1668,1669,2039,ZBO,0.8767123287671232876712328768,0.5753424657534246575342465754,0.1974917120160130105710890215,0.1421940326515293676111840955
71.64611872146118721461187640,0,0.000,71.64611872146118721461187640,0.8767123287671232876712328768,0.5753424657534246575342465754,70.76940639269406392694064352,0E-28,0E-28,0,0,0,1669,1670,2039,ZBO,0.8767123287671232876712328768,0.5753424657534246575342465754,0.1950897604303496590980171506,0.1404646275098517545505723484
70.76940639269406392694064352,0,0.000,70.76940639269406392694064352,0.8767123287671232876712328768,0.5753424657534246575342465754,69.89269406392694063926941064,0E-28,0E-28,0,0,0,1670,1671,2039,ZBO,0.8767123287671232876712328768,0.5753424657534246575342465754,0.1926878088446863076249452797,0.1387352223681741414899606014
69.89269406392694063926941064,0,0.000,69.89269406392694063926941064,0.8767123287671232876712328768,0.5753424657534246575342465754,69.01598173515981735159817776,0E-28,0E-28,0,0,0,1671,1672,2039,ZBO,0.8767123287671232876712328768,0.5753424657534246575342465754,0.1902858572590229561518734088,0.1370058172264965284293488543
69.01598173515981735159817776,0,0.000,69.01598173515981735159817776,0.8036529680365296803652968038,0.5273972602739726027397260275,68.21232876712328767123288096,0E-28,0E-28,0,0,0,1672,20075/12,2039,ZBO,0.8036529680365296803652968038,0.5273972602739726027397260275,0.1723186547403098350743312381,0.1240694314130230812535184914
68.21232876712328767123288096,28.10668663228144122159983731,0.3372802395873772946591980477,95.98173515981735159817352022,0.07305936073059360730593607306,0.04794520547945205479452054794,95.90867579908675799086758415,0E-29,0E-29,28.10668663228144122159983731,0E-26,0,20075/12,1673,2039,ZBO,0.07305936073059360730593607306,0.04794520547945205479452054794,0.02190529805466941890285857356,0.01577181459936198161005817296
95.90867579908675799086758415,0,0.000,95.90867579908675799086758415,0.8767123287671232876712328768,0.5753424657534246575342465754,95.03196347031963470319635127,0E-28,0E-28,0,0,0,1673,1674,2039,ZBO,0.8767123287671232876712328768,0.5753424657534246575342465754,0.2615625195471320447863889526,0.1883250140739350722462000459
95.03196347031963470319635127,0,0.000,95.03196347031963470319635127,0.8767123287671232876712328768,0.5753424657534246575342465754,94.15525114155251141552511839,0E-28,0E-28,0,0,0,1674,1675,2039,ZBO,0.8767123287671232876712328768,0.5753424657534246575342465754,0.2591605679614686933133170818,0.1865956089322574591855882989
94.15525114155251141552511839,0,0.000,94.15525114155251141552511839,0.8767123287671232876712328768,0.5753424657534246575342465754,93.27853881278538812785388551,0E-28,0E-28,0,0,0,1675,1676,2039,ZBO,0.8767123287671232876712328768,0.5753424657534246575342465754,0.2567586163758053418402452108,0.1848662037905798461249765518
93.27853881278538812785388551,0,0.000,93.27853881278538812785388551,0.8767123287671232876712328768,0.5753424657534246575342465754,92.40182648401826484018265263,0E-28,0E-28,0,0,0,1676,1677,2039,ZBO,0.8767123287671232876712328768,0.5753424657534246575342465754,0.2543566647901419903671733399,0.1831367986489022330643648047
92.40182648401826484018265263,0,0.000,92.40182648401826484018265263,0.8767123287671232876712328768,0.5753424657534246575342465754,91.52511415525114155251141975,0E-28,0E-28,0,0,0,1677,1678,2039,ZBO,0.8767123287671232876712328768,0.5753424657534246575342465754,0.2519547132044786388941014691,0.1814073935072246200037530578
91.52511415525114155251141975,0,0.000,91.52511415525114155251141975,0.8767123287671232876712328768,0.5753424657534246575342465754,90.64840182648401826484018687,0E-28,0E-28,0,0,0,1678,1679,2039,ZBO,0.8767123287671232876712328768,0.5753424657534246575342465754,0.2495527616188152874210295981,0.1796779883655470069431413106
90.64840182648401826484018687,0,0.000,90.64840182648401826484018687,0.8767123287671232876712328768,0.5753424657534246575342465754,89.77168949771689497716895399,0E-28,0E-28,0,0,0,1679,1680,2039,ZBO,0.8767123287671232876712328768,0.5753424657534246575342465754,0.2471508100331519359479577273,0.1779485832238693938825295637
89.77168949771689497716895399,0,0.000,89.77168949771689497716895399,0.8767123287671232876712328768,0.5753424657534246575342465754,88.89497716894977168949772111,0E-28,0E-28,0,0,0,1680,1681,2039,ZBO,0.8767123287671232876712328768,0.5753424657534246575342465754,0.2447488584474885844748858563,0.1762191780821917808219178165
88.89497716894977168949772111,0,0.000,88.89497716894977168949772111,0.8767123287671232876712328768,0.5753424657534246575342465754,88.01826484018264840182648823,0E-28,0E-28,0,0,0,1681,1682,2039,ZBO,0.8767123287671232876712328768,0.5753424657534246575342465754,0.2423469068618252330018139854,0.1744897729405141677613060695
88.01826484018264840182648823,0,0.000,88.01826484018264840182648823,0.8767123287671232876712328768,0.5753424657534246575342465754,87.14155251141552511415525535,0E-28,0E-28,0,0,0,1682,1683,2039,ZBO,0.8767123287671232876712328768,0.5753424657534246575342465754,0.2399449552761618815287421145,0.1727603677988365547006943224
87.14155251141552511415525535,0,0.000,87.14155251141552511415525535,0.8767123287671232876712328768,0.5753424657534246575342465754,86.26484018264840182648402247,0E-28,0E-28,0,0,0,1683,1684,2039,ZBO,0.8767123287671232876712328768,0.5753424657534246575342465754,0.2375430036904985300556702436,0.1710309626571589416400825754
86.26484018264840182648402247,0,0.000,86.26484018264840182648402247,0.8767123287671232876712328768,0.5753424657534246575342465754,85.38812785388127853881278959,0E-28,0E-28,0,0,0,1684,1685,2039,ZBO,0.8767123287671232876712328768,0.5753424657534246575342465754,0.2351410521048351785825983728,0.1693015575154813285794708284
85.38812785388127853881278959,0,0.000,85.38812785388127853881278959,0.8767123287671232876712328768,0.5753424657534246575342465754,84.51141552511415525114155671,0E-28,0E-28,0,0,0,1685,1686,2039,ZBO,0.8767123287671232876712328768,0.5753424657534246575342465754,0.2327391005191718271095265018,0.1675721523738037155188590813
84.51141552511415525114155671,0,0.000,84.51141552511415525114155671,0.8767123287671232876712328768,0.5753424657534246575342465754,83.63470319634703196347032383,0E-28,0E-28,0,0,0,1686,1687,2039,ZBO,0.8767123287671232876712328768,0.5753424657534246575342465754,0.2303371489335084756364546308,0.1658427472321261024582473342
83.63470319634703196347032383,0,0.000,83.63470319634703196347032383,0.8767123287671232876712328768,0.5753424657534246575342465754,82.75799086757990867579909095,0E-28,0E-28,0,0,0,1687,1688,2039,ZBO,0.8767123287671232876712328768,0.5753424657534246575342465754,0.2279351973478451241633827600,0.1641133420904484893976355872
82.75799086757990867579909095,0,0.000,82.75799086757990867579909095,0.8767123287671232876712328768,0.5753424657534246575342465754,81.88127853881278538812785807,0E-28,0E-28,0,0,0,1688,1689,2039,ZBO,0.8767123287671232876712328768,0.5753424657534246575342465754,0.2255332457621817726903108891,0.1623839369487708763370238402
81.88127853881278538812785807,0,0.000,81.88127853881278538812785807,0.8767123287671232876712328768,0.5753424657534246575342465754,81.00456621004566210045662519,0E-28,0E-28,0,0,0,1689,1690,2039,ZBO,0.8767123287671232876712328768,0.5753424657534246575342465754,0.2231312941765184212172390182,0.1606545318070932632764120931
81.00456621004566210045662519,0,0.000,81.00456621004566210045662519,0.8767123287671232876712328768,0.5753424657534246575342465754,80.12785388127853881278539231,0E-28,0E-28,0,0,0,1690,1691,2039,ZBO,0.8767123287671232876712328768,0.5753424657534246575342465754,0.2207293425908550697441671473,0.1589251266654156502158003461
80.12785388127853881278539231,0,0.000,80.12785388127853881278539231,0.8767123287671232876712328768,0.5753424657534246575342465754,79.25114155251141552511415943,0E-28,0E-28,0,0,0,1691,1692,2039,ZBO,0.8767123287671232876712328768,0.5753424657534246575342465754,0.2183273910051917182710952763,0.1571957215237380371551885989
79.25114155251141552511415943,0,0.000,79.25114155251141552511415943,0.8767123287671232876712328768,0.5753424657534246575342465754,78.37442922374429223744292655,0E-28,0E-28,0,0,0,1692,1693,2039,ZBO,0.8767123287671232876712328768,0.5753424657534246575342465754,0.2159254394195283667980234055,0.1554663163820604240945768520
78.37442922374429223744292655,0,0.000,78.37442922374429223744292655,0.8767123287671232876712328768,0.5753424657534246575342465754,77.49771689497716894977169367,0E-28,0E-28,0,0,0,1693,1694,2039,ZBO,0.8767123287671232876712328768,0.5753424657534246575342465754,0.2135234878338650153249515345,0.1537369112403828110339651048
77.49771689497716894977169367,0,0.000,77.49771689497716894977169367,0.8767123287671232876712328768,0.5753424657534246575342465754,76.62100456621004566210046079,0E-28,0E-28,0,0,0,1694,1695,2039,ZBO,0.8767123287671232876712328768,0.5753424657534246575342465754,0.2111215362482016638518796637,0.1520075060987051979733533579
76.62100456621004566210046079,0,0.000,76.62100456621004566210046079,0.8767123287671232876712328768,0.5753424657534246575342465754,75.74429223744292237442922791,0E-28,0E-28,0,0,0,1695,1696,2039,ZBO,0.8767123287671232876712328768,0.5753424657534246575342465754,0.2087195846625383123788077928,0.1502781009570275849127416108
75.74429223744292237442922791,0,0.000,75.74429223744292237442922791,0.8767123287671232876712328768,0.5753424657534246575342465754,74.86757990867579908675799503,0E-28,0E-28,0,0,0,1696,1697,2039,ZBO,0.8767123287671232876712328768,0.5753424657534246575342465754,0.2063176330768749609057359218,0.1485486958153499718521298637
74.86757990867579908675799503,0,0.000,74.86757990867579908675799503,0.8767123287671232876712328768,0.5753424657534246575342465754,73.99086757990867579908676215,0E-28,0E-28,0,0,0,1697,1698,2039,ZBO,0.8767123287671232876712328768,0.5753424657534246575342465754,0.2039156814912116094326640510,0.1468192906736723587915181167
73.99086757990867579908676215,0,0.000,73.99086757990867579908676215,0.8767123287671232876712328768,0.5753424657534246575342465754,73.11415525114155251141552927,0E-28,0E-28,0,0,0,1698,1699,2039,ZBO,0.8767123287671232876712328768,0.5753424657534246575342465754,0.2015137299055482579595921800,0.1450898855319947457309063696
73.11415525114155251141552927,0,0.000,73.11415525114155251141552927,0.8767123287671232876712328768,0.5753424657534246575342465754,72.23744292237442922374429639,0E-28,0E-28,0,0,0,1699,1700,2039,ZBO,0.8767123287671232876712328768,0.5753424657534246575342465754,0.1991117783198849064865203092,0.1433604803903171326702946226
72.23744292237442922374429639,0,0.000,72.23744292237442922374429639,0.8767123287671232876712328768,0.5753424657534246575342465754,71.36073059360730593607306351,0E-28,0E-28,0,0,0,1700,1701,2039,ZBO,0.8767123287671232876712328768,0.5753424657534246575342465754,0.1967098267342215550134484382,0.1416310752486395196096828755
71.36073059360730593607306351,0,0.000,71.36073059360730593607306351,0.8767123287671232876712328768,0.5753424657534246575342465754,70.48401826484018264840183063,0E-28,0E-28,0,0,0,1701,1702,2039,ZBO,0.8767123287671232876712328768,0.5753424657534246575342465754,0.1943078751485582035403765673,0.1399016701069619065490711285
70.48401826484018264840183063,0,0.000,70.48401826484018264840183063,0.8767123287671232876712328768,0.5753424657534246575342465754,69.60730593607305936073059775,0E-28,0E-28,0,0,0,1702,1703,2039,ZBO,0.8767123287671232876712328768,0.5753424657534246575342465754,0.1919059235628948520673046965,0.1381722649652842934884593815
69.60730593607305936073059775,0,0.000,69.60730593607305936073059775,0.2922374429223744292237442922,0.1917808219178082191780821918,69.31506849315068493150685346,0E-28,0E-28,0,0,0,1703,5110/3,2039,ZBO,0.2922374429223744292237442922,0.1917808219178082191780821918,0.06343487416859531702841892749,0.04567310940138862826046162779
69.31506849315068493150685346,28.10668663228144122159983731,0.3372802395873772946591980477,97.08447488584474885844749272,0.5844748858447488584474885846,0.3835616438356164383561643837,96.50000000000000000000000414,0E-28,0E-28,28.10668663228144122159983731,0E-26,0,5110/3,1704,2039,ZBO,0.5844748858447488584474885846,0.3835616438356164383561643837,0.1767894747815933779529200885,0.1272884218427472321261024637
96.50000000000000000000000414,0,0.000,96.50000000000000000000000414,0.8767123287671232876712328768,0.5753424657534246575342465754,95.62328767123287671232877126,0E-28,0E-28,0,0,0,1704,1705,2039,ZBO,0.8767123287671232876712328768,0.5753424657534246575342465754,0.2631825858510039407018202403,0.1894914618127228373053105730
95.62328767123287671232877126,0,0.000,95.62328767123287671232877126,0.8767123287671232876712328768,0.5753424657534246575342465754,94.74657534246575342465753838,0E-28,0E-28,0,0,0,1705,1706,2039,ZBO,0.8767123287671232876712328768,0.5753424657534246575342465754,0.2607806342653405892287483693,0.1877620566710452242446988259
94.74657534246575342465753838,0,0.000,94.74657534246575342465753838,0.8767123287671232876712328768,0.5753424657534246575342465754,93.86986301369863013698630550,0E-28,0E-28,0,0,0,1706,1707,2039,ZBO,0.8767123287671232876712328768,0.5753424657534246575342465754,0.2583786826796772377556764985,0.1860326515293676111840870789
93.86986301369863013698630550,0,0.000,93.86986301369863013698630550,0.8767123287671232876712328768,0.5753424657534246575342465754,92.99315068493150684931507262,0E-28,0E-28,0,0,0,1707,1708,2039,ZBO,0.8767123287671232876712328768,0.5753424657534246575342465754,0.2559767310940138862826046276,0.1843032463876899981234753319
92.99315068493150684931507262,0,0.000,92.99315068493150684931507262,0.8767123287671232876712328768,0.5753424657534246575342465754,92.11643835616438356164383974,0E-28,0E-28,0,0,0,1708,1709,2039,ZBO,0.8767123287671232876712328768,0.5753424657534246575342465754,0.2535747795083505348095327567,0.1825738412460123850628635848
92.11643835616438356164383974,0,0.000,92.11643835616438356164383974,0.8767123287671232876712328768,0.5753424657534246575342465754,91.23972602739726027397260686,0E-28,0E-28,0,0,0,1709,1710,2039,ZBO,0.8767123287671232876712328768,0.5753424657534246575342465754,0.2511728279226871833364608858,0.1808444361043347720022518378
91.23972602739726027397260686,0,0.000,91.23972602739726027397260686,0.8767123287671232876712328768,0.5753424657534246575342465754,90.36301369863013698630137398,0E-28,0E-28,0,0,0,1710,1711,2039,ZBO,0.8767123287671232876712328768,0.5753424657534246575342465754,0.2487708763370238318633890148,0.1791150309626571589416400907
90.36301369863013698630137398,0,0.000,90.36301369863013698630137398,0.8767123287671232876712328768,0.5753424657534246575342465754,89.48630136986301369863014110,0E-28,0E-28,0,0,0,1711,1712,2039,ZBO,0.8767123287671232876712328768,0.5753424657534246575342465754,0.2463689247513604803903171440,0.1773856258209795458810283437
89.48630136986301369863014110,0,0.000,89.48630136986301369863014110,0.8767123287671232876712328768,0.5753424657534246575342465754,88.60958904109589041095890822,0E-28,0E-28,0,0,0,1712,1713,2039,ZBO,0.8767123287671232876712328768,0.5753424657534246575342465754,0.2439669731656971289172452730,0.1756562206793019328204165966
88.60958904109589041095890822,0,0.000,88.60958904109589041095890822,0.8767123287671232876712328768,0.5753424657534246575342465754,87.73287671232876712328767534,0E-28,0E-28,0,0,0,1713,1714,2039,ZBO,0.8767123287671232876712328768,0.5753424657534246575342465754,0.2415650215800337774441734022,0.1739268155376243197598048496
87.73287671232876712328767534,0,0.000,87.73287671232876712328767534,0.8767123287671232876712328768,0.5753424657534246575342465754,86.85616438356164383561644246,0E-28,0E-28,0,0,0,1714,1715,2039,ZBO,0.8767123287671232876712328768,0.5753424657534246575342465754,0.2391630699943704259711015313,0.1721974103959467066991931025
86.85616438356164383561644246,0,0.000,86.85616438356164383561644246,0.8767123287671232876712328768,0.5753424657534246575342465754,85.97945205479452054794520958,0E-28,0E-28,0,0,0,1715,1716,2039,ZBO,0.8767123287671232876712328768,0.5753424657534246575342465754,0.2367611184087070744980296603,0.1704680052542690936385813554
85.97945205479452054794520958,0,0.000,85.97945205479452054794520958,0.8767123287671232876712328768,0.5753424657534246575342465754,85.10273972602739726027397670,0E-28,0E-28,0,0,0,1716,1717,2039,ZBO,0.8767123287671232876712328768,0.5753424657534246575342465754,0.2343591668230437230249577895,0.1687386001125914805779696084
85.10273972602739726027397670,0,0.000,85.10273972602739726027397670,0.8767123287671232876712328768,0.5753424657534246575342465754,84.22602739726027397260274382,0E-28,0E-28,0,0,0,1717,1718,2039,ZBO,0.8767123287671232876712328768,0.5753424657534246575342465754,0.2319572152373803715518859185,0.1670091949709138675173578613
84.22602739726027397260274382,0,0.000,84.22602739726027397260274382,0.8767123287671232876712328768,0.5753424657534246575342465754,83.34931506849315068493151094,0E-28,0E-28,0,0,0,1718,1719,2039,ZBO,0.8767123287671232876712328768,0.5753424657534246575342465754,0.2295552636517170200788140477,0.1652797898292362544567461143
83.34931506849315068493151094,0,0.000,83.34931506849315068493151094,0.8767123287671232876712328768,0.5753424657534246575342465754,82.47260273972602739726027806,0E-28,0E-28,0,0,0,1719,1720,2039,ZBO,0.8767123287671232876712328768,0.5753424657534246575342465754,0.2271533120660536686057421767,0.1635503846875586413961343672
82.47260273972602739726027806,0,0.000,82.47260273972602739726027806,0.8767123287671232876712328768,0.5753424657534246575342465754,81.59589041095890410958904518,0E-28,0E-28,0,0,0,1720,1721,2039,ZBO,0.8767123287671232876712328768,0.5753424657534246575342465754,0.2247513604803903171326703058,0.1618209795458810283355226202
81.59589041095890410958904518,0,0.000,81.59589041095890410958904518,0.8767123287671232876712328768,0.5753424657534246575342465754,80.71917808219178082191781230,0E-28,0E-28,0,0,0,1721,1722,2039,ZBO,0.8767123287671232876712328768,0.5753424657534246575342465754,0.2223494088947269656595984350,0.1600915744042034152749108732
80.71917808219178082191781230,0,0.000,80.71917808219178082191781230,0.8767123287671232876712328768,0.5753424657534246575342465754,79.84246575342465753424657942,0E-28,0E-28,0,0,0,1722,1723,2039,ZBO,0.8767123287671232876712328768,0.5753424657534246575342465754,0.2199474573090636141865265640,0.1583621692625258022142991261
79.84246575342465753424657942,0,0.000,79.84246575342465753424657942,0.8767123287671232876712328768,0.5753424657534246575342465754,78.96575342465753424657534654,0E-28,0E-28,0,0,0,1723,1724,2039,ZBO,0.8767123287671232876712328768,0.5753424657534246575342465754,0.2175455057234002627134546932,0.1566327641208481891536873791
78.96575342465753424657534654,0,0.000,78.96575342465753424657534654,0.8767123287671232876712328768,0.5753424657534246575342465754,78.08904109589041095890411366,0E-28,0E-28,0,0,0,1724,1725,2039,ZBO,0.8767123287671232876712328768,0.5753424657534246575342465754,0.2151435541377369112403828222,0.1549033589791705760930756320
78.08904109589041095890411366,0,0.000,78.08904109589041095890411366,0.8767123287671232876712328768,0.5753424657534246575342465754,77.21232876712328767123288078,0E-28,0E-28,0,0,0,1725,1726,2039,ZBO,0.8767123287671232876712328768,0.5753424657534246575342465754,0.2127416025520735597673109513,0.1531739538374929630324638849
77.21232876712328767123288078,0,0.000,77.21232876712328767123288078,0.8767123287671232876712328768,0.5753424657534246575342465754,76.33561643835616438356164790,0E-28,0E-28,0,0,0,1726,1727,2039,ZBO,0.8767123287671232876712328768,0.5753424657534246575342465754,0.2103396509664102082942390804,0.1514445486958153499718521379
76.33561643835616438356164790,0,0.000,76.33561643835616438356164790,0.8767123287671232876712328768,0.5753424657534246575342465754,75.45890410958904109589041502,0E-28,0E-28,0,0,0,1727,1728,2039,ZBO,0.8767123287671232876712328768,0.5753424657534246575342465754,0.2079376993807468568211672095,0.1497151435541377369112403908
75.45890410958904109589041502,0,0.000,75.45890410958904109589041502,0.8767123287671232876712328768,0.5753424657534246575342465754,74.58219178082191780821918214,0E-28,0E-28,0,0,0,1728,1729,2039,ZBO,0.8767123287671232876712328768,0.5753424657534246575342465754,0.2055357477950835053480953387,0.1479857384124601238506286439
74.58219178082191780821918214,0,0.000,74.58219178082191780821918214,0.8767123287671232876712328768,0.5753424657534246575342465754,73.70547945205479452054794926,0E-28,0E-28,0,0,0,1729,1730,2039,ZBO,0.8767123287671232876712328768,0.5753424657534246575342465754,0.2031337962094201538750234677,0.1462563332707825107900168967
73.70547945205479452054794926,0,0.000,73.70547945205479452054794926,0.8767123287671232876712328768,0.5753424657534246575342465754,72.82876712328767123287671638,0E-28,0E-28,0,0,0,1730,1731,2039,ZBO,0.8767123287671232876712328768,0.5753424657534246575342465754,0.2007318446237568024019515967,0.1445269281291048977294051496
72.82876712328767123287671638,0,0.000,72.82876712328767123287671638,0.8767123287671232876712328768,0.5753424657534246575342465754,71.95205479452054794520548350,0E-28,0E-28,0,0,0,1731,1732,2039,ZBO,0.8767123287671232876712328768,0.5753424657534246575342465754,0.1983298930380934509288797259,0.1427975229874272846687934026
71.95205479452054794520548350,0,0.000,71.95205479452054794520548350,0.8767123287671232876712328768,0.5753424657534246575342465754,71.07534246575342465753425062,0E-28,0E-28,0,0,0,1732,1733,2039,ZBO,0.8767123287671232876712328768,0.5753424657534246575342465754,0.1959279414524300994558078550,0.1410681178457496716081816556
71.07534246575342465753425062,0,0.000,71.07534246575342465753425062,0.6575342465753424657534246576,0.4315068493150684931506849316,70.41780821917808219178082596,0E-28,0E-28,0,0,0,1733,6935/4,2039,ZBO,0.6575342465753424657534246576,0.4315068493150684931506849316,0.1453696753612310001876524760,0.1046661662600863201351097827
70.41780821917808219178082596,28.10668663228144122159983731,0.3372802395873772946591980477,98.18721461187214611872146522,0.2191780821917808219178082192,0.1438356164383561643835616438,97.96803652968036529680365700,0E-28,0E-28,28.10668663228144122159983731,0E-26,0,6935/4,1734,2039,ZBO,0.2191780821917808219178082192,0.1438356164383561643835616438,0.06717645587039469569024832952,0.04836704822668418089697879725
97.96803652968036529680365700,0,0.000,97.96803652968036529680365700,0.8767123287671232876712328768,0.5753424657534246575342465754,97.09132420091324200913242412,0E-28,0E-28,0,0,0,1734,1735,2039,ZBO,0.8767123287671232876712328768,0.5753424657534246575342465754,0.2672046037405391880903233988,0.1923873146931882154250328471
97.09132420091324200913242412,0,0.000,97.09132420091324200913242412,0.8767123287671232876712328768,0.5753424657534246575342465754,96.21461187214611872146119124,0E-28,0E-28,0,0,0,1735,1736,2039,ZBO,0.8767123287671232876712328768,0.5753424657534246575342465754,0.2648026521548758366172515280,0.1906579095515106023644211002
96.21461187214611872146119124,0,0.000,96.21461187214611872146119124,0.8767123287671232876712328768,0.5753424657534246575342465754,95.33789954337899543378995836,0E-28,0E-28,0,0,0,1736,1737,2039,ZBO,0.8767123287671232876712328768,0.5753424657534246575342465754,0.2624007005692124851441796570,0.1889285044098329893038093530
95.33789954337899543378995836,0,0.000,95.33789954337899543378995836,0.8767123287671232876712328768,0.5753424657534246575342465754,94.46118721461187214611872548,0E-28,0E-28,0,0,0,1737,1738,2039,ZBO,0.8767123287671232876712328768,0.5753424657534246575342465754,0.2599987489835491336711077861,0.1871990992681553762431976060
94.46118721461187214611872548,0,0.000,94.46118721461187214611872548,0.8767123287671232876712328768,0.5753424657534246575342465754,93.58447488584474885844749260,0E-28,0E-28,0,0,0,1738,1739,2039,ZBO,0.8767123287671232876712328768,0.5753424657534246575342465754,0.2575967973978857821980359152,0.1854696941264777631825858589
93.58447488584474885844749260,0,0.000,93.58447488584474885844749260,0.8767123287671232876712328768,0.5753424657534246575342465754,92.70776255707762557077625972,0E-28,0E-28,0,0,0,1739,1740,2039,ZBO,0.8767123287671232876712328768,0.5753424657534246575342465754,0.2551948458122224307249640443,0.1837402889848001501219741119
92.70776255707762557077625972,0,0.000,92.70776255707762557077625972,0.8767123287671232876712328768,0.5753424657534246575342465754,91.83105022831050228310502684,0E-28,0E-28,0,0,0,1740,1741,2039,ZBO,0.8767123287671232876712328768,0.5753424657534246575342465754,0.2527928942265590792518921734,0.1820108838431225370613623648
91.83105022831050228310502684,0,0.000,91.83105022831050228310502684,0.8767123287671232876712328768,0.5753424657534246575342465754,90.95433789954337899543379396,0E-28,0E-28,0,0,0,1741,1742,2039,ZBO,0.8767123287671232876712328768,0.5753424657534246575342465754,0.2503909426408957277788203025,0.1802814787014449240007506178
90.95433789954337899543379396,0,0.000,90.95433789954337899543379396,0.8767123287671232876712328768,0.5753424657534246575342465754,90.07762557077625570776256108,0E-28,0E-28,0,0,0,1742,1743,2039,ZBO,0.8767123287671232876712328768,0.5753424657534246575342465754,0.2479889910552323763057484315,0.1785520735597673109401388707
90.07762557077625570776256108,0,0.000,90.07762557077625570776256108,0.8767123287671232876712328768,0.5753424657534246575342465754,89.20091324200913242009132820,0E-28,0E-28,0,0,0,1743,1744,2039,ZBO,0.8767123287671232876712328768,0.5753424657534246575342465754,0.2455870394695690248326765607,0.1768226684180896978795271237
89.20091324200913242009132820,0,0.000,89.20091324200913242009132820,0.8767123287671232876712328768,0.5753424657534246575342465754,88.32420091324200913242009532,0E-28,0E-28,0,0,0,1744,1745,2039,ZBO,0.8767123287671232876712328768,0.5753424657534246575342465754,0.2431850878839056733596046898,0.1750932632764120848189153767
88.32420091324200913242009532,0,0.000,88.32420091324200913242009532,0.8767123287671232876712328768,0.5753424657534246575342465754,87.44748858447488584474886244,0E-28,0E-28,0,0,0,1745,1746,2039,ZBO,0.8767123287671232876712328768,0.5753424657534246575342465754,0.2407831362982423218865328189,0.1733638581347344717583036296
87.44748858447488584474886244,0,0.000,87.44748858447488584474886244,0.8767123287671232876712328768,0.5753424657534246575342465754,86.57077625570776255707762956,0E-28,0E-28,0,0,0,1746,1747,2039,ZBO,0.8767123287671232876712328768,0.5753424657534246575342465754,0.2383811847125789704134609480,0.1716344529930568586976918826
86.57077625570776255707762956,0,0.000,86.57077625570776255707762956,0.8767123287671232876712328768,0.5753424657534246575342465754,85.69406392694063926940639668,0E-28,0E-28,0,0,0,1747,1748,2039,ZBO,0.8767123287671232876712328768,0.5753424657534246575342465754,0.2359792331269156189403890770,0.1699050478513792456370801354
85.69406392694063926940639668,0,0.000,85.69406392694063926940639668,0.8767123287671232876712328768,0.5753424657534246575342465754,84.81735159817351598173516380,0E-28,0E-28,0,0,0,1748,1749,2039,ZBO,0.8767123287671232876712328768,0.5753424657534246575342465754,0.2335772815412522674673172062,0.1681756427097016325764683885
84.81735159817351598173516380,0,0.000,84.81735159817351598173516380,0.8767123287671232876712328768,0.5753424657534246575342465754,83.94063926940639269406393092,0E-28,0E-28,0,0,0,1749,1750,2039,ZBO,0.8767123287671232876712328768,0.5753424657534246575342465754,0.2311753299555889159942453352,0.1664462375680240195158566413
83.94063926940639269406393092,0,0.000,83.94063926940639269406393092,0.8767123287671232876712328768,0.5753424657534246575342465754,83.06392694063926940639269804,0E-28,0E-28,0,0,0,1750,1751,2039,ZBO,0.8767123287671232876712328768,0.5753424657534246575342465754,0.2287733783699255645211734644,0.1647168324263464064552448944
83.06392694063926940639269804,0,0.000,83.06392694063926940639269804,0.8767123287671232876712328768,0.5753424657534246575342465754,82.18721461187214611872146516,0E-28,0E-28,0,0,0,1751,1752,2039,ZBO,0.8767123287671232876712328768,0.5753424657534246575342465754,0.2263714267842622130481015934,0.1629874272846687933946331472
82.18721461187214611872146516,0,0.000,82.18721461187214611872146516,0.8767123287671232876712328768,0.5753424657534246575342465754,81.31050228310502283105023228,0E-28,0E-28,0,0,0,1752,1753,2039,ZBO,0.8767123287671232876712328768,0.5753424657534246575342465754,0.2239694751985988615750297225,0.1612580221429911803340214002
81.31050228310502283105023228,0,0.000,81.31050228310502283105023228,0.8767123287671232876712328768,0.5753424657534246575342465754,80.43378995433789954337899940,0E-28,0E-28,0,0,0,1753,1754,2039,ZBO,0.8767123287671232876712328768,0.5753424657534246575342465754,0.2215675236129355101019578517,0.1595286170013135672734096532
80.43378995433789954337899940,0,0.000,80.43378995433789954337899940,0.8767123287671232876712328768,0.5753424657534246575342465754,79.55707762557077625570776652,0E-28,0E-28,0,0,0,1754,1755,2039,ZBO,0.8767123287671232876712328768,0.5753424657534246575342465754,0.2191655720272721586288859807,0.1577992118596359542127979061
79.55707762557077625570776652,0,0.000,79.55707762557077625570776652,0.8767123287671232876712328768,0.5753424657534246575342465754,78.68036529680365296803653364,0E-28,0E-28,0,0,0,1755,1756,2039,ZBO,0.8767123287671232876712328768,0.5753424657534246575342465754,0.2167636204416088071558141099,0.1560698067179583411521861591
78.68036529680365296803653364,0,0.000,78.68036529680365296803653364,0.8767123287671232876712328768,0.5753424657534246575342465754,77.80365296803652968036530076,0E-28,0E-28,0,0,0,1756,1757,2039,ZBO,0.8767123287671232876712328768,0.5753424657534246575342465754,0.2143616688559454556827422389,0.1543404015762807280915744120
77.80365296803652968036530076,0,0.000,77.80365296803652968036530076,0.8767123287671232876712328768,0.5753424657534246575342465754,76.92694063926940639269406788,0E-28,0E-28,0,0,0,1757,1758,2039,ZBO,0.8767123287671232876712328768,0.5753424657534246575342465754,0.2119597172702821042096703680,0.1526109964346031150309626650
76.92694063926940639269406788,0,0.000,76.92694063926940639269406788,0.8767123287671232876712328768,0.5753424657534246575342465754,76.05022831050228310502283500,0E-28,0E-28,0,0,0,1758,1759,2039,ZBO,0.8767123287671232876712328768,0.5753424657534246575342465754,0.2095577656846187527365984971,0.1508815912929255019703509179
76.05022831050228310502283500,0,0.000,76.05022831050228310502283500,0.8767123287671232876712328768,0.5753424657534246575342465754,75.17351598173515981735160212,0E-28,0E-28,0,0,0,1759,1760,2039,ZBO,0.8767123287671232876712328768,0.5753424657534246575342465754,0.2071558140989554012635266262,0.1491521861512478889097391709
75.17351598173515981735160212,0,0.000,75.17351598173515981735160212,0.8767123287671232876712328768,0.5753424657534246575342465754,74.29680365296803652968036924,0E-28,0E-28,0,0,0,1760,1761,2039,ZBO,0.8767123287671232876712328768,0.5753424657534246575342465754,0.2047538625132920497904547554,0.1474227810095702758491274239
74.29680365296803652968036924,0,0.000,74.29680365296803652968036924,0.8767123287671232876712328768,0.5753424657534246575342465754,73.42009132420091324200913636,0E-28,0E-28,0,0,0,1761,1762,2039,ZBO,0.8767123287671232876712328768,0.5753424657534246575342465754,0.2023519109276286983173828844,0.1456933758678926627885156768
73.42009132420091324200913636,0,0.000,73.42009132420091324200913636,0.8767123287671232876712328768,0.5753424657534246575342465754,72.54337899543378995433790348,0E-28,0E-28,0,0,0,1762,1763,2039,ZBO,0.8767123287671232876712328768,0.5753424657534246575342465754,0.1999499593419653468443110134,0.1439639707262150497279039296
72.54337899543378995433790348,0,0.000,72.54337899543378995433790348,0.8767123287671232876712328768,0.5753424657534246575342465754,71.66666666666666666666667060,0E-28,0E-28,0,0,0,1763,1764,2039,ZBO,0.8767123287671232876712328768,0.5753424657534246575342465754,0.1975480077563019953712391426,0.1422345655845374366672921827
71.66666666666666666666667060,0,0.000,71.66666666666666666666667060,0.1461187214611872146118721461,0.09589041095890410958904109591,71.52054794520547945205479845,0E-28,0E-29,0,0,0,1764,10585/6,2039,ZBO,0.1461187214611872146118721461,0.09589041095890410958904109591,0.03269114488855528450199120297,0.02353762431975980484143366614
71.52054794520547945205479845,28.10668663228144122159983731,0.3372802395873772946591980477,99.28995433789954337899543771,0.7305936073059360730593607306,0.4794520547945205479452054794,98.55936073059360730593607698,0E-28,0E-28,28.10668663228144122159983731,0E-26,0,10585/6,1765,2039,ZBO,0.7305936073059360730593607306,0.4794520547945205479452054794,0.2258553824982798523800588067,0.1626158753987614937136423408
98.55936073059360730593607698,0,0.000,98.55936073059360730593607698,0.8767123287671232876712328768,0.5753424657534246575342465754,97.68264840182648401826484410,0E-28,0E-28,0,0,0,1765,1766,2039,ZBO,0.8767123287671232876712328768,0.5753424657534246575342465754,0.2688246700444110840057546865,0.1935537624319759804841433743
97.68264840182648401826484410,0,0.000,97.68264840182648401826484410,0.8767123287671232876712328768,0.5753424657534246575342465754,96.80593607305936073059361122,0E-28,0E-28,0,0,0,1766,1767,2039,ZBO,0.8767123287671232876712328768,0.5753424657534246575342465754,0.2664227184587477325326828155,0.1918243572902983674235316272
96.80593607305936073059361122,0,0.000,96.80593607305936073059361122,0.8767123287671232876712328768,0.5753424657534246575342465754,95.92922374429223744292237834,0E-28,0E-28,0,0,0,1767,1768,2039,ZBO,0.8767123287671232876712328768,0.5753424657534246575342465754,0.2640207668730843810596109447,0.1900949521486207543629198802
95.92922374429223744292237834,0,0.000,95.92922374429223744292237834,0.8767123287671232876712328768,0.5753424657534246575342465754,95.05251141552511415525114546,0E-28,0E-28,0,0,0,1768,1769,2039,ZBO,0.8767123287671232876712328768,0.5753424657534246575342465754,0.2616188152874210295865390737,0.1883655470069431413023081331
95.05251141552511415525114546,0,0.000,95.05251141552511415525114546,0.8767123287671232876712328768,0.5753424657534246575342465754,94.17579908675799086757991258,0E-28,0E-28,0,0,0,1769,1770,2039,ZBO,0.8767123287671232876712328768,0.5753424657534246575342465754,0.2592168637017576781134672028,0.1866361418652655282416963860
94.17579908675799086757991258,0,0.000,94.17579908675799086757991258,0.8767123287671232876712328768,0.5753424657534246575342465754,93.29908675799086757990867970,0E-28,0E-28,0,0,0,1770,1771,2039,ZBO,0.8767123287671232876712328768,0.5753424657534246575342465754,0.2568149121160943266403953319,0.1849067367235879151810846390
93.29908675799086757990867970,0,0.000,93.29908675799086757990867970,0.8767123287671232876712328768,0.5753424657534246575342465754,92.42237442922374429223744682,0E-28,0E-28,0,0,0,1771,1772,2039,ZBO,0.8767123287671232876712328768,0.5753424657534246575342465754,0.2544129605304309751673234610,0.1831773315819103021204728919
92.42237442922374429223744682,0,0.000,92.42237442922374429223744682,0.8767123287671232876712328768,0.5753424657534246575342465754,91.54566210045662100456621394,0E-28,0E-28,0,0,0,1772,1773,2039,ZBO,0.8767123287671232876712328768,0.5753424657534246575342465754,0.2520110089447676236942515902,0.1814479264402326890598611449
91.54566210045662100456621394,0,0.000,91.54566210045662100456621394,0.8767123287671232876712328768,0.5753424657534246575342465754,90.66894977168949771689498106,0E-28,0E-28,0,0,0,1773,1774,2039,ZBO,0.8767123287671232876712328768,0.5753424657534246575342465754,0.2496090573591042722211797192,0.1797185212985550759992493978
90.66894977168949771689498106,0,0.000,90.66894977168949771689498106,0.8767123287671232876712328768,0.5753424657534246575342465754,89.79223744292237442922374818,0E-28,0E-28,0,0,0,1774,1775,2039,ZBO,0.8767123287671232876712328768,0.5753424657534246575342465754,0.2472071057734409207481078482,0.1779891161568774629386376507
89.79223744292237442922374818,0,0.000,89.79223744292237442922374818,0.8767123287671232876712328768,0.5753424657534246575342465754,88.91552511415525114155251530,0E-28,0E-28,0,0,0,1775,1776,2039,ZBO,0.8767123287671232876712328768,0.5753424657534246575342465754,0.2448051541877775692750359774,0.1762597110151998498780259037
88.91552511415525114155251530,0,0.000,88.91552511415525114155251530,0.8767123287671232876712328768,0.5753424657534246575342465754,88.03881278538812785388128242,0E-28,0E-28,0,0,0,1776,1777,2039,ZBO,0.8767123287671232876712328768,0.5753424657534246575342465754,0.2424032026021142178019641065,0.1745303058735222368174141567
88.03881278538812785388128242,0,0.000,88.03881278538812785388128242,0.8767123287671232876712328768,0.5753424657534246575342465754,87.16210045662100456621004954,0E-28,0E-28,0,0,0,1777,1778,2039,ZBO,0.8767123287671232876712328768,0.5753424657534246575342465754,0.2400012510164508663288922356,0.1728009007318446237568024096
87.16210045662100456621004954,0,0.000,87.16210045662100456621004954,0.8767123287671232876712328768,0.5753424657534246575342465754,86.28538812785388127853881666,0E-28,0E-28,0,0,0,1778,1779,2039,ZBO,0.8767123287671232876712328768,0.5753424657534246575342465754,0.2375992994307875148558203647,0.1710714955901670106961906626
86.28538812785388127853881666,0,0.000,86.28538812785388127853881666,0.8767123287671232876712328768,0.5753424657534246575342465754,85.40867579908675799086758378,0E-28,0E-28,0,0,0,1779,1780,2039,ZBO,0.8767123287671232876712328768,0.5753424657534246575342465754,0.2351973478451241633827484937,0.1693420904484893976355789155
85.40867579908675799086758378,0,0.000,85.40867579908675799086758378,0.8767123287671232876712328768,0.5753424657534246575342465754,84.53196347031963470319635090,0E-28,0E-28,0,0,0,1780,1781,2039,ZBO,0.8767123287671232876712328768,0.5753424657534246575342465754,0.2327953962594608119096766229,0.1676126853068117845749671685
84.53196347031963470319635090,0,0.000,84.53196347031963470319635090,0.8767123287671232876712328768,0.5753424657534246575342465754,83.65525114155251141552511802,0E-28,0E-28,0,0,0,1781,1782,2039,ZBO,0.8767123287671232876712328768,0.5753424657534246575342465754,0.2303934446737974604366047519,0.1658832801651341715143554214
83.65525114155251141552511802,0,0.000,83.65525114155251141552511802,0.8767123287671232876712328768,0.5753424657534246575342465754,82.77853881278538812785388514,0E-28,0E-28,0,0,0,1782,1783,2039,ZBO,0.8767123287671232876712328768,0.5753424657534246575342465754,0.2279914930881341089635328811,0.1641538750234565584537436744
82.77853881278538812785388514,0,0.000,82.77853881278538812785388514,0.8767123287671232876712328768,0.5753424657534246575342465754,81.90182648401826484018265226,0E-28,0E-28,0,0,0,1783,1784,2039,ZBO,0.8767123287671232876712328768,0.5753424657534246575342465754,0.2255895415024707574904610102,0.1624244698817789453931319273
81.90182648401826484018265226,0,0.000,81.90182648401826484018265226,0.8767123287671232876712328768,0.5753424657534246575342465754,81.02511415525114155251141938,0E-28,0E-28,0,0,0,1784,1785,2039,ZBO,0.8767123287671232876712328768,0.5753424657534246575342465754,0.2231875899168074060173891392,0.1606950647401013323325201802
81.02511415525114155251141938,0,0.000,81.02511415525114155251141938,0.8767123287671232876712328768,0.5753424657534246575342465754,80.14840182648401826484018650,0E-28,0E-28,0,0,0,1785,1786,2039,ZBO,0.8767123287671232876712328768,0.5753424657534246575342465754,0.2207856383311440545443172684,0.1589656595984237192719084332
80.14840182648401826484018650,0,0.000,80.14840182648401826484018650,0.8767123287671232876712328768,0.5753424657534246575342465754,79.27168949771689497716895362,0E-28,0E-28,0,0,0,1786,1787,2039,ZBO,0.8767123287671232876712328768,0.5753424657534246575342465754,0.2183836867454807030712453974,0.1572362544567461062112966861
79.27168949771689497716895362,0,0.000,79.27168949771689497716895362,0.8767123287671232876712328768,0.5753424657534246575342465754,78.39497716894977168949772074,0E-28,0E-28,0,0,0,1787,1788,2039,ZBO,0.8767123287671232876712328768,0.5753424657534246575342465754,0.2159817351598173515981735266,0.1555068493150684931506849392
78.39497716894977168949772074,0,0.000,78.39497716894977168949772074,0.8767123287671232876712328768,0.5753424657534246575342465754,77.51826484018264840182648786,0E-28,0E-28,0,0,0,1788,1789,2039,ZBO,0.8767123287671232876712328768,0.5753424657534246575342465754,0.2135797835741540001251016556,0.1537774441733908800900731920
77.51826484018264840182648786,0,0.000,77.51826484018264840182648786,0.8767123287671232876712328768,0.5753424657534246575342465754,76.64155251141552511415525498,0E-28,0E-28,0,0,0,1789,1790,2039,ZBO,0.8767123287671232876712328768,0.5753424657534246575342465754,0.2111778319884906486520297847,0.1520480390317132670294614450
76.64155251141552511415525498,0,0.000,76.64155251141552511415525498,0.8767123287671232876712328768,0.5753424657534246575342465754,75.76484018264840182648402210,0E-28,0E-28,0,0,0,1790,1791,2039,ZBO,0.8767123287671232876712328768,0.5753424657534246575342465754,0.2087758804028272971789579139,0.1503186338900356539688496980
75.76484018264840182648402210,0,0.000,75.76484018264840182648402210,0.8767123287671232876712328768,0.5753424657534246575342465754,74.88812785388127853881278922,0E-28,0E-28,0,0,0,1791,1792,2039,ZBO,0.8767123287671232876712328768,0.5753424657534246575342465754,0.2063739288171639457058860429,0.1485892287483580409082379509
74.88812785388127853881278922,0,0.000,74.88812785388127853881278922,0.8767123287671232876712328768,0.5753424657534246575342465754,74.01141552511415525114155634,0E-28,0E-28,0,0,0,1792,1793,2039,ZBO,0.8767123287671232876712328768,0.5753424657534246575342465754,0.2039719772315005942328141721,0.1468598236066804278476262039
74.01141552511415525114155634,0,0.000,74.01141552511415525114155634,0.8767123287671232876712328768,0.5753424657534246575342465754,73.13470319634703196347032346,0E-28,0E-28,0,0,0,1793,1794,2039,ZBO,0.8767123287671232876712328768,0.5753424657534246575342465754,0.2015700256458372427597423011,0.1451304184650028147870144568
73.13470319634703196347032346,0,0.000,73.13470319634703196347032346,0.5114155251141552511415525114,0.3356164383561643835616438356,72.62328767123287671232877095,0E-28,0E-28,0,0,0,1794,21535/12,2039,ZBO,0.5114155251141552511415525114,0.3356164383561643835616438356,0.1164732803736369133254102352,0.08386076186901857759429536934
72.62328767123287671232877095,28.10668663228144122159983753,0.3372802395873772946591980504,100.3926940639269406392694104,0.3652968036529680365296803654,0.2397260273972602739726027398,100.0273972602739726027397300,0E-28,0E-28,28.10668663228144122159983753,0E-26,0,21535/12,1795,2039,ZBO,0.3652968036529680365296803654,0.2397260273972602739726027398,0.1143950292946352244532015642,0.08236442109213736160630512622
100.0273972602739726027397300,0,0.000,100.0273972602739726027397300,0.8767123287671232876712328768,0.5753424657534246575342465754,99.15068493150684931506849712,0E-28,0E-28,0,0,0,1795,1796,2039,ZBO,0.8767123287671232876712328768,0.5753424657534246575342465754,0.2728466879339463313942578454,0.1964496153124413586038656487
99.15068493150684931506849712,0,0.000,99.15068493150684931506849712,0.8767123287671232876712328768,0.5753424657534246575342465754,98.27397260273972602739726424,0E-28,0E-28,0,0,0,1796,1797,2039,ZBO,0.8767123287671232876712328768,0.5753424657534246575342465754,0.2704447363482829799211859745,0.1947202101707637455432539016
98.27397260273972602739726424,0,0.000,98.27397260273972602739726424,0.8767123287671232876712328768,0.5753424657534246575342465754,97.39726027397260273972603136,0E-28,0E-28,0,0,0,1797,1798,2039,ZBO,0.8767123287671232876712328768,0.5753424657534246575342465754,0.2680427847626196284481141036,0.1929908050290861324826421546
97.39726027397260273972603136,0,0.000,97.39726027397260273972603136,0.8767123287671232876712328768,0.5753424657534246575342465754,96.52054794520547945205479848,0E-28,0E-28,0,0,0,1798,1799,2039,ZBO,0.8767123287671232876712328768,0.5753424657534246575342465754,0.2656408331769562769750422326,0.1912613998874085194220304075
96.52054794520547945205479848,0,0.000,96.52054794520547945205479848,0.8767123287671232876712328768,0.5753424657534246575342465754,95.64383561643835616438356560,0E-28,0E-28,0,0,0,1799,1800,2039,ZBO,0.8767123287671232876712328768,0.5753424657534246575342465754,0.2632388815912929255019703618,0.1895319947457309063614186605
95.64383561643835616438356560,0,0.000,95.64383561643835616438356560,0.8767123287671232876712328768,0.5753424657534246575342465754,94.76712328767123287671233272,0E-28,0E-28,0,0,0,1800,1801,2039,ZBO,0.8767123287671232876712328768,0.5753424657534246575342465754,0.2608369300056295740288984908,0.1878025896040532933008069134
94.76712328767123287671233272,0,0.000,94.76712328767123287671233272,0.8767123287671232876712328768,0.5753424657534246575342465754,93.89041095890410958904109984,0E-28,0E-28,0,0,0,1801,1802,2039,ZBO,0.8767123287671232876712328768,0.5753424657534246575342465754,0.2584349784199662225558266200,0.1860731844623756802401951664
93.89041095890410958904109984,0,0.000,93.89041095890410958904109984,0.8767123287671232876712328768,0.5753424657534246575342465754,93.01369863013698630136986696,0E-28,0E-28,0,0,0,1802,1803,2039,ZBO,0.8767123287671232876712328768,0.5753424657534246575342465754,0.2560330268343028710827547491,0.1843437793206980671795834194
93.01369863013698630136986696,0,0.000,93.01369863013698630136986696,0.8767123287671232876712328768,0.5753424657534246575342465754,92.13698630136986301369863408,0E-28,0E-28,0,0,0,1803,1804,2039,ZBO,0.8767123287671232876712328768,0.5753424657534246575342465754,0.2536310752486395196096828781,0.1826143741790204541189716722
92.13698630136986301369863408,0,0.000,92.13698630136986301369863408,0.8767123287671232876712328768,0.5753424657534246575342465754,91.26027397260273972602740120,0E-28,0E-28,0,0,0,1804,1805,2039,ZBO,0.8767123287671232876712328768,0.5753424657534246575342465754,0.2512291236629761681366110073,0.1808849690373428410583599253
91.26027397260273972602740120,0,0.000,91.26027397260273972602740120,0.8767123287671232876712328768,0.5753424657534246575342465754,90.38356164383561643835616832,0E-28,0E-28,0,0,0,1805,1806,2039,ZBO,0.8767123287671232876712328768,0.5753424657534246575342465754,0.2488271720773128166635391363,0.1791555638956652279977481781
90.38356164383561643835616832,0,0.000,90.38356164383561643835616832,0.8767123287671232876712328768,0.5753424657534246575342465754,89.50684931506849315068493544,0E-28,0E-28,0,0,0,1806,1807,2039,ZBO,0.8767123287671232876712328768,0.5753424657534246575342465754,0.2464252204916494651904672655,0.1774261587539876149371364312
89.50684931506849315068493544,0,0.000,89.50684931506849315068493544,0.8767123287671232876712328768,0.5753424657534246575342465754,88.63013698630136986301370256,0E-28,0E-28,0,0,0,1807,1808,2039,ZBO,0.8767123287671232876712328768,0.5753424657534246575342465754,0.2440232689059861137173953945,0.1756967536123100018765246840
88.63013698630136986301370256,0,0.000,88.63013698630136986301370256,0.8767123287671232876712328768,0.5753424657534246575342465754,87.75342465753424657534246968,0E-28,0E-28,0,0,0,1808,1809,2039,ZBO,0.8767123287671232876712328768,0.5753424657534246575342465754,0.2416213173203227622443235236,0.1739673484706323888159129370
87.75342465753424657534246968,0,0.000,87.75342465753424657534246968,0.8767123287671232876712328768,0.5753424657534246575342465754,86.87671232876712328767123680,0E-28,0E-28,0,0,0,1809,1810,2039,ZBO,0.8767123287671232876712328768,0.5753424657534246575342465754,0.2392193657346594107712516528,0.1722379433289547757553011900
86.87671232876712328767123680,0,0.000,86.87671232876712328767123680,0.8767123287671232876712328768,0.5753424657534246575342465754,86.00000000000000000000000392,0E-28,0E-28,0,0,0,1810,1811,2039,ZBO,0.8767123287671232876712328768,0.5753424657534246575342465754,0.2368174141489960592981797818,0.1705085381872771626946894429
86.00000000000000000000000392,0,0.000,86.00000000000000000000000392,0.8767123287671232876712328768,0.5753424657534246575342465754,85.12328767123287671232877104,0E-28,0E-28,0,0,0,1811,1812,2039,ZBO,0.8767123287671232876712328768,0.5753424657534246575342465754,0.2344154625633327078251079110,0.1687791330455995496340776959
85.12328767123287671232877104,0,0.000,85.12328767123287671232877104,0.8767123287671232876712328768,0.5753424657534246575342465754,84.24657534246575342465753816,0E-28,0E-28,0,0,0,1812,1813,2039,ZBO,0.8767123287671232876712328768,0.5753424657534246575342465754,0.2320135109776693563520360400,0.1670497279039219365734659488
84.24657534246575342465753816,0,0.000,84.24657534246575342465753816,0.8767123287671232876712328768,0.5753424657534246575342465754,83.36986301369863013698630528,0E-28,0E-28,0,0,0,1813,1814,2039,ZBO,0.8767123287671232876712328768,0.5753424657534246575342465754,0.2296115593920060048789641691,0.1653203227622443235128542018
83.36986301369863013698630528,0,0.000,83.36986301369863013698630528,0.8767123287671232876712328768,0.5753424657534246575342465754,82.49315068493150684931507240,0E-28,0E-28,0,0,0,1814,1815,2039,ZBO,0.8767123287671232876712328768,0.5753424657534246575342465754,0.2272096078063426534058922982,0.1635909176205667104522424547
82.49315068493150684931507240,0,0.000,82.49315068493150684931507240,0.8767123287671232876712328768,0.5753424657534246575342465754,81.61643835616438356164383952,0E-28,0E-28,0,0,0,1815,1816,2039,ZBO,0.8767123287671232876712328768,0.5753424657534246575342465754,0.2248076562206793019328204273,0.1618615124788890973916307077
81.61643835616438356164383952,0,0.000,81.61643835616438356164383952,0.8767123287671232876712328768,0.5753424657534246575342465754,80.73972602739726027397260664,0E-28,0E-28,0,0,0,1816,1817,2039,ZBO,0.8767123287671232876712328768,0.5753424657534246575342465754,0.2224057046350159504597485565,0.1601321073372114843310189607
80.73972602739726027397260664,0,0.000,80.73972602739726027397260664,0.8767123287671232876712328768,0.5753424657534246575342465754,79.86301369863013698630137376,0E-28,0E-28,0,0,0,1817,1818,2039,ZBO,0.8767123287671232876712328768,0.5753424657534246575342465754,0.2200037530493525989866766855,0.1584027021955338712704072136
79.86301369863013698630137376,0,0.000,79.86301369863013698630137376,0.8767123287671232876712328768,0.5753424657534246575342465754,78.98630136986301369863014088,0E-28,0E-28,0,0,0,1818,1819,2039,ZBO,0.8767123287671232876712328768,0.5753424657534246575342465754,0.2176018014636892475136048145,0.1566732970538562582097954664
78.98630136986301369863014088,0,0.000,78.98630136986301369863014088,0.8767123287671232876712328768,0.5753424657534246575342465754,78.10958904109589041095890800,0E-28,0E-28,0,0,0,1819,1820,2039,ZBO,0.8767123287671232876712328768,0.5753424657534246575342465754,0.2151998498780258960405329437,0.1549438919121786451491837195
78.10958904109589041095890800,0,0.000,78.10958904109589041095890800,0.8767123287671232876712328768,0.5753424657534246575342465754,77.23287671232876712328767512,0E-28,0E-28,0,0,0,1820,1821,2039,ZBO,0.8767123287671232876712328768,0.5753424657534246575342465754,0.2127978982923625445674610728,0.1532144867705010320885719724
77.23287671232876712328767512,0,0.000,77.23287671232876712328767512,0.8767123287671232876712328768,0.5753424657534246575342465754,76.35616438356164383561644224,0E-28,0E-28,0,0,0,1821,1822,2039,ZBO,0.8767123287671232876712328768,0.5753424657534246575342465754,0.2103959467066991930943892019,0.1514850816288234190279602254
76.35616438356164383561644224,0,0.000,76.35616438356164383561644224,0.8767123287671232876712328768,0.5753424657534246575342465754,75.47945205479452054794520936,0E-28,0E-28,0,0,0,1822,1823,2039,ZBO,0.8767123287671232876712328768,0.5753424657534246575342465754,0.2079939951210358416213173310,0.1497556764871458059673484783
75.47945205479452054794520936,0,0.000,75.47945205479452054794520936,0.8767123287671232876712328768,0.5753424657534246575342465754,74.60273972602739726027397648,0E-28,0E-28,0,0,0,1823,1824,2039,ZBO,0.8767123287671232876712328768,0.5753424657534246575342465754,0.2055920435353724901482454600,0.1480262713454681929067367312
74.60273972602739726027397648,0,0.000,74.60273972602739726027397648,0.8767123287671232876712328768,0.5753424657534246575342465754,73.72602739726027397260274360,0E-28,0E-28,0,0,0,1824,1825,2039,ZBO,0.8767123287671232876712328768,0.5753424657534246575342465754,0.2031900919497091386751735892,0.1462968662037905798461249842
73.72602739726027397260274360,26.67627974044700793078586878,0.3201153568853640951694304254,100.0821917808219178082191820,1.068493150684931506849315069,0.6849315068493150684931506850,99.01369863013698630136986693,0E-27,0E-28,26.67627974044700793078586878,0E-26,0,1825,1826,2040,ZBO,1.068493150684931506849315069,0.6849315068493150684931506850,0.2727340964533683617939576013,0.1963685494464252204916494729
99.01369863013698630136986693,0,0.000,99.01369863013698630136986693,1.068493150684931506849315069,0.6849315068493150684931506850,97.94520547945205479452055186,0E-27,0E-28,0,0,0,1826,1827,2040,ZBO,1.068493150684931506849315069,0.6849315068493150684931506850,0.2698067179583411521861512587,0.1942608369300056295740289063
97.94520547945205479452055186,0,0.000,97.94520547945205479452055186,1.068493150684931506849315069,0.6849315068493150684931506850,96.87671232876712328767123679,0E-27,0E-28,0,0,0,1827,1828,2040,ZBO,1.068493150684931506849315069,0.6849315068493150684931506850,0.2668793394633139425783449159,0.1921531244135860386564083394
96.87671232876712328767123679,0,0.000,96.87671232876712328767123679,1.068493150684931506849315069,0.6849315068493150684931506850,95.80821917808219178082192172,0E-27,0E-28,0,0,0,1828,1829,2040,ZBO,1.068493150684931506849315069,0.6849315068493150684931506850,0.2639519609682867329705385733,0.1900454118971664477387877728
95.80821917808219178082192172,0,0.000,95.80821917808219178082192172,1.068493150684931506849315069,0.6849315068493150684931506850,94.73972602739726027397260665,0E-27,0E-28,0,0,0,1829,1830,2040,ZBO,1.068493150684931506849315069,0.6849315068493150684931506850,0.2610245824732595233627322307,0.1879376993807468568211672061
94.73972602739726027397260665,0,0.000,94.73972602739726027397260665,1.068493150684931506849315069,0.6849315068493150684931506850,93.67123287671232876712329158,0E-27,0E-28,0,0,0,1830,1831,2040,ZBO,1.068493150684931506849315069,0.6849315068493150684931506850,0.2580972039782323137549258880,0.1858299868643272659035466394
93.67123287671232876712329158,0,0.000,93.67123287671232876712329158,1.068493150684931506849315069,0.6849315068493150684931506850,92.60273972602739726027397651,0E-27,0E-28,0,0,0,1831,1832,2040,ZBO,1.068493150684931506849315069,0.6849315068493150684931506850,0.2551698254832051041471195454,0.1837222743479076749859260727
92.60273972602739726027397651,0,0.000,92.60273972602739726027397651,1.068493150684931506849315069,0.6849315068493150684931506850,91.53424657534246575342466144,0E-27,0E-28,0,0,0,1832,1833,2040,ZBO,1.068493150684931506849315069,0.6849315068493150684931506850,0.2522424469881778945393132028,0.1816145618314880840683055060
91.53424657534246575342466144,0,0.000,91.53424657534246575342466144,1.068493150684931506849315069,0.6849315068493150684931506850,90.46575342465753424657534637,0E-27,0E-28,0,0,0,1833,1834,2040,ZBO,1.068493150684931506849315069,0.6849315068493150684931506850,0.2493150684931506849315068600,0.1795068493150684931506849392
90.46575342465753424657534637,0,0.000,90.46575342465753424657534637,1.068493150684931506849315069,0.6849315068493150684931506850,89.39726027397260273972603130,0E-27,0E-28,0,0,0,1834,1835,2040,ZBO,1.068493150684931506849315069,0.6849315068493150684931506850,0.2463876899981234753237005174,0.1773991367986489022330643725
89.39726027397260273972603130,0,0.000,89.39726027397260273972603130,1.068493150684931506849315069,0.6849315068493150684931506850,88.32876712328767123287671623,0E-27,0E-28,0,0,0,1835,1836,2040,ZBO,1.068493150684931506849315069,0.6849315068493150684931506850,0.2434603115030962657158941747,0.1752914242822293113154438058
88.32876712328767123287671623,0,0.000,88.32876712328767123287671623,1.068493150684931506849315069,0.6849315068493150684931506850,87.26027397260273972602740116,0E-27,0E-28,0,0,0,1836,1837,2040,ZBO,1.068493150684931506849315069,0.6849315068493150684931506850,0.2405329330080690561080878321,0.1731837117658097203978232391
87.26027397260273972602740116,0,0.000,87.26027397260273972602740116,1.068493150684931506849315069,0.6849315068493150684931506850,86.19178082191780821917808609,0E-27,0E-28,0,0,0,1837,1838,2040,ZBO,1.068493150684931506849315069,0.6849315068493150684931506850,0.2376055545130418465002814893,0.1710759992493901294802026723
86.19178082191780821917808609,0,0.000,86.19178082191780821917808609,1.068493150684931506849315069,0.6849315068493150684931506850,85.12328767123287671232877102,0E-27,0E-28,0,0,0,1838,1839,2040,ZBO,1.068493150684931506849315069,0.6849315068493150684931506850,0.2346781760180146368924751467,0.1689682867329705385625821056
85.12328767123287671232877102,0,0.000,85.12328767123287671232877102,1.068493150684931506849315069,0.6849315068493150684931506850,84.05479452054794520547945595,0E-27,0E-28,0,0,0,1839,1840,2040,ZBO,1.068493150684931506849315069,0.6849315068493150684931506850,0.2317507975229874272846688041,0.1668605742165509476449615390
84.05479452054794520547945595,0,0.000,84.05479452054794520547945595,1.068493150684931506849315069,0.6849315068493150684931506850,82.98630136986301369863014088,0E-27,0E-28,0,0,0,1840,1841,2040,ZBO,1.068493150684931506849315069,0.6849315068493150684931506850,0.2288234190279602176768624614,0.1647528617001313567273409722
82.98630136986301369863014088,0,0.000,82.98630136986301369863014088,1.068493150684931506849315069,0.6849315068493150684931506850,81.91780821917808219178082581,0E-27,0E-28,0,0,0,1841,1842,2040,ZBO,1.068493150684931506849315069,0.6849315068493150684931506850,0.2258960405329330080690561188,0.1626451491837117658097204055
81.91780821917808219178082581,0,0.000,81.91780821917808219178082581,1.068493150684931506849315069,0.6849315068493150684931506850,80.84931506849315068493151074,0E-27,0E-28,0,0,0,1842,1843,2040,ZBO,1.068493150684931506849315069,0.6849315068493150684931506850,0.2229686620379057984612497762,0.1605374366672921748920998389
80.84931506849315068493151074,0,0.000,80.84931506849315068493151074,1.068493150684931506849315069,0.6849315068493150684931506850,79.78082191780821917808219567,0E-27,0E-28,0,0,0,1843,1844,2040,ZBO,1.068493150684931506849315069,0.6849315068493150684931506850,0.2200412835428785888534434334,0.1584297241508725839744792720
79.78082191780821917808219567,0,0.000,79.78082191780821917808219567,1.068493150684931506849315069,0.6849315068493150684931506850,78.71232876712328767123288060,0E-27,0E-28,0,0,0,1844,1845,2040,ZBO,1.068493150684931506849315069,0.6849315068493150684931506850,0.2171139050478513792456370908,0.1563220116344529930568587054
78.71232876712328767123288060,0,0.000,78.71232876712328767123288060,1.068493150684931506849315069,0.6849315068493150684931506850,77.64383561643835616438356553,0E-27,0E-28,0,0,0,1845,1846,2040,ZBO,1.068493150684931506849315069,0.6849315068493150684931506850,0.2141865265528241696378307481,0.1542142991180334021392381386
77.64383561643835616438356553,0,0.000,77.64383561643835616438356553,1.068493150684931506849315069,0.6849315068493150684931506850,76.57534246575342465753425046,0E-27,0E-28,0,0,0,1846,1847,2040,ZBO,1.068493150684931506849315069,0.6849315068493150684931506850,0.2112591480577969600300244055,0.1521065866016138112216175720
76.57534246575342465753425046,0,0.000,76.57534246575342465753425046,1.068493150684931506849315069,0.6849315068493150684931506850,75.50684931506849315068493539,0E-27,0E-28,0,0,0,1847,1848,2040,ZBO,1.068493150684931506849315069,0.6849315068493150684931506850,0.2083317695627697504222180628,0.1499988740851942203039970052
75.50684931506849315068493539,0,0.000,75.50684931506849315068493539,1.068493150684931506849315069,0.6849315068493150684931506850,74.43835616438356164383562032,0E-27,0E-28,0,0,0,1848,1849,2040,ZBO,1.068493150684931506849315069,0.6849315068493150684931506850,0.2054043910677425408144117202,0.1478911615687746293863764385
74.43835616438356164383562032,0,0.000,74.43835616438356164383562032,1.068493150684931506849315069,0.6849315068493150684931506850,73.36986301369863013698630525,0E-27,0E-28,0,0,0,1849,1850,2040,ZBO,1.068493150684931506849315069,0.6849315068493150684931506850,0.2024770125727153312066053776,0.1457834490523550384687558719
73.36986301369863013698630525,0,0.000,73.36986301369863013698630525,1.068493150684931506849315069,0.6849315068493150684931506850,72.30136986301369863013699018,0E-27,0E-28,0,0,0,1850,1851,2040,ZBO,1.068493150684931506849315069,0.6849315068493150684931506850,0.1995496340776881215987990348,0.1436757365359354475511353051
72.30136986301369863013699018,0,0.000,72.30136986301369863013699018,1.068493150684931506849315069,0.6849315068493150684931506850,71.23287671232876712328767511,0E-27,0E-28,0,0,0,1851,1852,2040,ZBO,1.068493150684931506849315069,0.6849315068493150684931506850,0.1966222555826609119909926922,0.1415680240195158566335147384
71.23287671232876712328767511,0,0.000,71.23287671232876712328767511,1.068493150684931506849315069,0.6849315068493150684931506850,70.16438356164383561643836004,0E-27,0E-28,0,0,0,1852,1853,2040,ZBO,1.068493150684931506849315069,0.6849315068493150684931506850,0.1936948770876337023831863496,0.1394603115030962657158941717
70.16438356164383561643836004,0,0.000,70.16438356164383561643836004,1.068493150684931506849315069,0.6849315068493150684931506850,69.09589041095890410958904497,0E-27,0E-28,0,0,0,1853,1854,2040,ZBO,1.068493150684931506849315069,0.6849315068493150684931506850,0.1907674985926064927753800069,0.1373525989866766747982736050
69.09589041095890410958904497,0,0.000,69.09589041095890410958904497,1.068493150684931506849315069,0.6849315068493150684931506850,68.02739726027397260273972990,0E-27,0E-28,0,0,0,1854,1855,2040,ZBO,1.068493150684931506849315069,0.6849315068493150684931506850,0.1878401200975792831675736643,0.1352448864702570838806530383
68.02739726027397260273972990,0,0.000,68.02739726027397260273972990,0.4452054794520547945205479454,0.2853881278538812785388127855,67.58219178082191780821918195,0E-28,0E-28,0,0,0,1855,22265/12,2040,ZBO,0.4452054794520547945205479454,0.2853881278538812785388127855,0.07740273347094514292862951590,0.05572996809908050290861325145
67.58219178082191780821918195,26.67627974044700793078586878,0.3201153568853640951694304254,93.93835616438356164383562030,0.6232876712328767123287671232,0.3995433789954337899543378995,93.31506849315068493150685318,0E-28,0E-28,26.67627974044700793078586878,0E-26,0,22265/12,1856,2040,ZBO,0.6232876712328767123287671232,0.3995433789954337899543378995,0.1496317320322762244323512916,0.1077348470632388815912929300
93.31506849315068493150685318,0,0.000,93.31506849315068493150685318,1.068493150684931506849315069,0.6849315068493150684931506850,92.24657534246575342465753811,0E-27,0E-28,0,0,0,1856,1857,2040,ZBO,1.068493150684931506849315069,0.6849315068493150684931506850,0.2541940326515293676111840977,0.1830197035091011446800525503
92.24657534246575342465753811,0,0.000,92.24657534246575342465753811,1.068493150684931506849315069,0.6849315068493150684931506850,91.17808219178082191780822304,0E-27,0E-28,0,0,0,1857,1858,2040,ZBO,1.068493150684931506849315069,0.6849315068493150684931506850,0.2512666541565021580033777551,0.1809119909926815537624319837
91.17808219178082191780822304,0,0.000,91.17808219178082191780822304,1.068493150684931506849315069,0.6849315068493150684931506850,90.10958904109589041095890797,0E-27,0E-28,0,0,0,1858,1859,2040,ZBO,1.068493150684931506849315069,0.6849315068493150684931506850,0.2483392756614749483955714124,0.1788042784762619628448114169
90.10958904109589041095890797,0,0.000,90.10958904109589041095890797,1.068493150684931506849315069,0.6849315068493150684931506850,89.04109589041095890410959290,0E-27,0E-28,0,0,0,1859,1860,2040,ZBO,1.068493150684931506849315069,0.6849315068493150684931506850,0.2454118971664477387877650698,0.1766965659598423719271908503
89.04109589041095890410959290,0,0.000,89.04109589041095890410959290,1.068493150684931506849315069,0.6849315068493150684931506850,87.97260273972602739726027783,0E-27,0E-28,0,0,0,1860,1861,2040,ZBO,1.068493150684931506849315069,0.6849315068493150684931506850,0.2424845186714205291799587270,0.1745888534434227810095702834
87.97260273972602739726027783,0,0.000,87.97260273972602739726027783,1.068493150684931506849315069,0.6849315068493150684931506850,86.90410958904109589041096276,0E-27,0E-28,0,0,0,1861,1862,2040,ZBO,1.068493150684931506849315069,0.6849315068493150684931506850,0.2395571401763933195721523844,0.1724811409270031900919497168
86.90410958904109589041096276,0,0.000,86.90410958904109589041096276,1.068493150684931506849315069,0.6849315068493150684931506850,85.83561643835616438356164769,0E-27,0E-28,0,0,0,1862,1863,2040,ZBO,1.068493150684931506849315069,0.6849315068493150684931506850,0.2366297616813661099643460417,0.1703734284105835991743291500
85.83561643835616438356164769,0,0.000,85.83561643835616438356164769,1.068493150684931506849315069,0.6849315068493150684931506850,84.76712328767123287671233262,0E-27,0E-28,0,0,0,1863,1864,2040,ZBO,1.068493150684931506849315069,0.6849315068493150684931506850,0.2337023831863389003565396991,0.1682657158941640082567085834
84.76712328767123287671233262,0,0.000,84.76712328767123287671233262,1.068493150684931506849315069,0.6849315068493150684931506850,83.69863013698630136986301755,0E-27,0E-28,0,0,0,1864,1865,2040,ZBO,1.068493150684931506849315069,0.6849315068493150684931506850,0.2307750046913116907487333565,0.1661580033777444173390880167
83.69863013698630136986301755,0,0.000,83.69863013698630136986301755,1.068493150684931506849315069,0.6849315068493150684931506850,82.63013698630136986301370248,0E-27,0E-28,0,0,0,1865,1866,2040,ZBO,1.068493150684931506849315069,0.6849315068493150684931506850,0.2278476261962844811409270137,0.1640502908613248264214674499
82.63013698630136986301370248,0,0.000,82.63013698630136986301370248,1.068493150684931506849315069,0.6849315068493150684931506850,81.56164383561643835616438741,0E-27,0E-28,0,0,0,1866,1867,2040,ZBO,1.068493150684931506849315069,0.6849315068493150684931506850,0.2249202477012572715331206711,0.1619425783449052355038468832
81.56164383561643835616438741,0,0.000,81.56164383561643835616438741,1.068493150684931506849315069,0.6849315068493150684931506850,80.49315068493150684931507234,0E-27,0E-28,0,0,0,1867,1868,2040,ZBO,1.068493150684931506849315069,0.6849315068493150684931506850,0.2219928692062300619253143285,0.1598348658284856445862263165
80.49315068493150684931507234,0,0.000,80.49315068493150684931507234,1.068493150684931506849315069,0.6849315068493150684931506850,79.42465753424657534246575727,0E-27,0E-28,0,0,0,1868,1869,2040,ZBO,1.068493150684931506849315069,0.6849315068493150684931506850,0.2190654907112028523175079858,0.1577271533120660536686057498
79.42465753424657534246575727,0,0.000,79.42465753424657534246575727,1.068493150684931506849315069,0.6849315068493150684931506850,78.35616438356164383561644220,0E-27,0E-28,0,0,0,1869,1870,2040,ZBO,1.068493150684931506849315069,0.6849315068493150684931506850,0.2161381122161756427097016432,0.1556194407956464627509851831
78.35616438356164383561644220,0,0.000,78.35616438356164383561644220,1.068493150684931506849315069,0.6849315068493150684931506850,77.28767123287671232876712713,0E-27,0E-28,0,0,0,1870,1871,2040,ZBO,1.068493150684931506849315069,0.6849315068493150684931506850,0.2132107337211484331018953004,0.1535117282792268718333646163
77.28767123287671232876712713,0,0.000,77.28767123287671232876712713,1.068493150684931506849315069,0.6849315068493150684931506850,76.21917808219178082191781206,0E-27,0E-28,0,0,0,1871,1872,2040,ZBO,1.068493150684931506849315069,0.6849315068493150684931506850,0.2102833552261212234940889578,0.1514040157628072809157440496
76.21917808219178082191781206,0,0.000,76.21917808219178082191781206,1.068493150684931506849315069,0.6849315068493150684931506850,75.15068493150684931506849699,0E-27,0E-28,0,0,0,1872,1873,2040,ZBO,1.068493150684931506849315069,0.6849315068493150684931506850,0.2073559767310940138862826151,0.1492963032463876899981234829
75.15068493150684931506849699,0,0.000,75.15068493150684931506849699,1.068493150684931506849315069,0.6849315068493150684931506850,74.08219178082191780821918192,0E-27,0E-28,0,0,0,1873,1874,2040,ZBO,1.068493150684931506849315069,0.6849315068493150684931506850,0.2044285982360668042784762725,0.1471885907299680990805029162
74.08219178082191780821918192,0,0.000,74.08219178082191780821918192,1.068493150684931506849315069,0.6849315068493150684931506850,73.01369863013698630136986685,0E-27,0E-28,0,0,0,1874,1875,2040,ZBO,1.068493150684931506849315069,0.6849315068493150684931506850,0.2015012197410395946706699299,0.1450808782135485081628823495
73.01369863013698630136986685,0,0.000,73.01369863013698630136986685,1.068493150684931506849315069,0.6849315068493150684931506850,71.94520547945205479452055178,0E-27,0E-28,0,0,0,1875,1876,2040,ZBO,1.068493150684931506849315069,0.6849315068493150684931506850,0.1985738412460123850628635871,0.1429731656971289172452617827
71.94520547945205479452055178,0,0.000,71.94520547945205479452055178,1.068493150684931506849315069,0.6849315068493150684931506850,70.87671232876712328767123671,0E-27,0E-28,0,0,0,1876,1877,2040,ZBO,1.068493150684931506849315069,0.6849315068493150684931506850,0.1956464627509851754550572445,0.1408654531807093263276412160
70.87671232876712328767123671,0,0.000,70.87671232876712328767123671,1.068493150684931506849315069,0.6849315068493150684931506850,69.80821917808219178082192164,0E-27,0E-28,0,0,0,1877,1878,2040,ZBO,1.068493150684931506849315069,0.6849315068493150684931506850,0.1927190842559579658472509019,0.1387577406642897354100206494
69.80821917808219178082192164,0,0.000,69.80821917808219178082192164,1.068493150684931506849315069,0.6849315068493150684931506850,68.73972602739726027397260657,0E-27,0E-28,0,0,0,1878,1879,2040,ZBO,1.068493150684931506849315069,0.6849315068493150684931506850,0.1897917057609307562394445592,0.1366500281478701444924000826
68.73972602739726027397260657,0,0.000,68.73972602739726027397260657,1.068493150684931506849315069,0.6849315068493150684931506850,67.67123287671232876712329150,0E-27,0E-28,0,0,0,1879,1880,2040,ZBO,1.068493150684931506849315069,0.6849315068493150684931506850,0.1868643272659035466316382166,0.1345423156314505535747795160
67.67123287671232876712329150,0,0.000,67.67123287671232876712329150,1.068493150684931506849315069,0.6849315068493150684931506850,66.60273972602739726027397643,0E-27,0E-28,0,0,0,1880,1881,2040,ZBO,1.068493150684931506849315069,0.6849315068493150684931506850,0.1839369487708763370238318739,0.1324346031150309626571589492
66.60273972602739726027397643,0,0.000,66.60273972602739726027397643,1.068493150684931506849315069,0.6849315068493150684931506850,65.53424657534246575342466136,0E-27,0E-28,0,0,0,1881,1882,2040,ZBO,1.068493150684931506849315069,0.6849315068493150684931506850,0.1810095702758491274160255313,0.1303268905986113717395383825
65.53424657534246575342466136,0,0.000,65.53424657534246575342466136,1.068493150684931506849315069,0.6849315068493150684931506850,64.46575342465753424657534629,0E-27,0E-28,0,0,0,1882,1883,2040,ZBO,1.068493150684931506849315069,0.6849315068493150684931506850,0.1780821917808219178082191885,0.1282191780821917808219178157
64.46575342465753424657534629,0,0.000,64.46575342465753424657534629,1.068493150684931506849315069,0.6849315068493150684931506850,63.39726027397260273972603122,0E-27,0E-28,0,0,0,1883,1884,2040,ZBO,1.068493150684931506849315069,0.6849315068493150684931506850,0.1751548132857947082004128459,0.1261114655657721899042972490
63.39726027397260273972603122,0,0.000,63.39726027397260273972603122,1.068493150684931506849315069,0.6849315068493150684931506850,62.32876712328767123287671615,0E-27,0E-28,0,0,0,1884,1885,2040,ZBO,1.068493150684931506849315069,0.6849315068493150684931506850,0.1722274347907674985926065033,0.1240037530493525989866766824
62.32876712328767123287671615,0,0.000,62.32876712328767123287671615,0.8904109589041095890410958904,0.5707762557077625570776255708,61.43835616438356164383562026,0E-28,0E-28,0,0,0,1885,11315/6,2040,ZBO,0.8904109589041095890410958904,0.5707762557077625570776255708,0.1412866704197160192656533520,0.1017264027021955338712704134
61.43835616438356164383562026,26.67627974044700793078586878,0.3201153568853640951694304254,87.79452054794520547945205861,0.1780821917808219178082191781,0.1141552511415525114155251142,87.61643835616438356164383943,0E-28,0E-28,26.67627974044700793078586878,0E-26,0,11315/6,1886,2040,ZBO,0.1780821917808219178082191781,0.1141552511415525114155251142,0.04004816413335835366235066165,0.02883467817601801463689247639
87.61643835616438356164383943,0,0.000,87.61643835616438356164383943,1.068493150684931506849315069,0.6849315068493150684931506850,86.54794520547945205479452436,0E-27,0E-28,0,0,0,1886,1887,2040,ZBO,1.068493150684931506849315069,0.6849315068493150684931506850,0.2385813473447175830362169367,0.1717785700881966597860761944
86.54794520547945205479452436,0,0.000,86.54794520547945205479452436,1.068493150684931506849315069,0.6849315068493150684931506850,85.47945205479452054794520929,0E-27,0E-28,0,0,0,1887,1888,2040,ZBO,1.068493150684931506849315069,0.6849315068493150684931506850,0.2356539688496903734284105940,0.1696708575717770688684556277
85.47945205479452054794520929,0,0.000,85.47945205479452054794520929,1.068493150684931506849315069,0.6849315068493150684931506850,84.41095890410958904109589422,0E-27,0E-28,0,0,0,1888,1889,2040,ZBO,1.068493150684931506849315069,0.6849315068493150684931506850,0.2327265903546631638206042514,0.1675631450553574779508350610
84.41095890410958904109589422,0,0.000,84.41095890410958904109589422,1.068493150684931506849315069,0.6849315068493150684931506850,83.34246575342465753424657915,0E-27,0E-28,0,0,0,1889,1890,2040,ZBO,1.068493150684931506849315069,0.6849315068493150684931506850,0.2297992118596359542127979088,0.1654554325389378870332144943
83.34246575342465753424657915,0,0.000,83.34246575342465753424657915,1.068493150684931506849315069,0.6849315068493150684931506850,82.27397260273972602739726408,0E-27,0E-28,0,0,0,1890,1891,2040,ZBO,1.068493150684931506849315069,0.6849315068493150684931506850,0.2268718333646087446049915661,0.1633477200225182961155939276
82.27397260273972602739726408,0,0.000,82.27397260273972602739726408,1.068493150684931506849315069,0.6849315068493150684931506850,81.20547945205479452054794901,0E-27,0E-28,0,0,0,1891,1892,2040,ZBO,1.068493150684931506849315069,0.6849315068493150684931506850,0.2239444548695815349971852234,0.1612400075060987051979733608
81.20547945205479452054794901,0,0.000,81.20547945205479452054794901,1.068493150684931506849315069,0.6849315068493150684931506850,80.13698630136986301369863394,0E-27,0E-28,0,0,0,1892,1893,2040,ZBO,1.068493150684931506849315069,0.6849315068493150684931506850,0.2210170763745543253893788808,0.1591322949896791142803527942
80.13698630136986301369863394,0,0.000,80.13698630136986301369863394,1.068493150684931506849315069,0.6849315068493150684931506850,79.06849315068493150684931887,0E-27,0E-28,0,0,0,1893,1894,2040,ZBO,1.068493150684931506849315069,0.6849315068493150684931506850,0.2180896978795271157815725381,0.1570245824732595233627322274
79.06849315068493150684931887,0,0.000,79.06849315068493150684931887,1.068493150684931506849315069,0.6849315068493150684931506850,78.00000000000000000000000380,0E-27,0E-28,0,0,0,1894,1895,2040,ZBO,1.068493150684931506849315069,0.6849315068493150684931506850,0.2151623193844999061737661955,0.1549168699568399324451116608
78.00000000000000000000000380,0,0.000,78.00000000000000000000000380,1.068493150684931506849315069,0.6849315068493150684931506850,76.93150684931506849315068873,0E-27,0E-28,0,0,0,1895,1896,2040,ZBO,1.068493150684931506849315069,0.6849315068493150684931506850,0.2122349408894726965659598528,0.1528091574404203415274910940
76.93150684931506849315068873,0,0.000,76.93150684931506849315068873,1.068493150684931506849315069,0.6849315068493150684931506850,75.86301369863013698630137366,0E-27,0E-28,0,0,0,1896,1897,2040,ZBO,1.068493150684931506849315069,0.6849315068493150684931506850,0.2093075623944454869581535102,0.1507014449240007506098705273
75.86301369863013698630137366,0,0.000,75.86301369863013698630137366,1.068493150684931506849315069,0.6849315068493150684931506850,74.79452054794520547945205859,0E-27,0E-28,0,0,0,1897,1898,2040,ZBO,1.068493150684931506849315069,0.6849315068493150684931506850,0.2063801838994182773503471674,0.1485937324075811596922499605
74.79452054794520547945205859,0,0.000,74.79452054794520547945205859,1.068493150684931506849315069,0.6849315068493150684931506850,73.72602739726027397260274352,0E-27,0E-28,0,0,0,1898,1899,2040,ZBO,1.068493150684931506849315069,0.6849315068493150684931506850,0.2034528054043910677425408248,0.1464860198911615687746293939
73.72602739726027397260274352,0,0.000,73.72602739726027397260274352,1.068493150684931506849315069,0.6849315068493150684931506850,72.65753424657534246575342845,0E-27,0E-28,0,0,0,1899,1900,2040,ZBO,1.068493150684931506849315069,0.6849315068493150684931506850,0.2005254269093638581347344822,0.1443783073747419778570088272
72.65753424657534246575342845,0,0.000,72.65753424657534246575342845,1.068493150684931506849315069,0.6849315068493150684931506850,71.58904109589041095890411338,0E-27,0E-28,0,0,0,1900,1901,2040,ZBO,1.068493150684931506849315069,0.6849315068493150684931506850,0.1975980484143366485269281395,0.1422705948583223869393882604
71.58904109589041095890411338,0,0.000,71.58904109589041095890411338,1.068493150684931506849315069,0.6849315068493150684931506850,70.52054794520547945205479831,0E-27,0E-28,0,0,0,1901,1902,2040,ZBO,1.068493150684931506849315069,0.6849315068493150684931506850,0.1946706699193094389191217969,0.1401628823419027960217676938
70.52054794520547945205479831,0,0.000,70.52054794520547945205479831,1.068493150684931506849315069,0.6849315068493150684931506850,69.45205479452054794520548324,0E-27,0E-28,0,0,0,1902,1903,2040,ZBO,1.068493150684931506849315069,0.6849315068493150684931506850,0.1917432914242822293113154543,0.1380551698254832051041471271
69.45205479452054794520548324,0,0.000,69.45205479452054794520548324,1.068493150684931506849315069,0.6849315068493150684931506850,68.38356164383561643835616817,0E-27,0E-28,0,0,0,1903,1904,2040,ZBO,1.068493150684931506849315069,0.6849315068493150684931506850,0.1888159129292550197035091115,0.1359474573090636141865265603
68.38356164383561643835616817,0,0.000,68.38356164383561643835616817,1.068493150684931506849315069,0.6849315068493150684931506850,67.31506849315068493150685310,0E-27,0E-28,0,0,0,1904,1905,2040,ZBO,1.068493150684931506849315069,0.6849315068493150684931506850,0.1858885344342278100957027689,0.1338397447926440232689059936
67.31506849315068493150685310,0,0.000,67.31506849315068493150685310,1.068493150684931506849315069,0.6849315068493150684931506850,66.24657534246575342465753803,0E-27,0E-28,0,0,0,1905,1906,2040,ZBO,1.068493150684931506849315069,0.6849315068493150684931506850,0.1829611559392006004878964262,0.1317320322762244323512854269
66.24657534246575342465753803,0,0.000,66.24657534246575342465753803,1.068493150684931506849315069,0.6849315068493150684931506850,65.17808219178082191780822296,0E-27,0E-28,0,0,0,1906,1907,2040,ZBO,1.068493150684931506849315069,0.6849315068493150684931506850,0.1800337774441733908800900836,0.1296243197598048414336648602
65.17808219178082191780822296,0,0.000,65.17808219178082191780822296,1.068493150684931506849315069,0.6849315068493150684931506850,64.10958904109589041095890789,0E-27,0E-28,0,0,0,1907,1908,2040,ZBO,1.068493150684931506849315069,0.6849315068493150684931506850,0.1771063989491461812722837408,0.1275166072433852505160442934
64.10958904109589041095890789,0,0.000,64.10958904109589041095890789,1.068493150684931506849315069,0.6849315068493150684931506850,63.04109589041095890410959282,0E-27,0E-28,0,0,0,1908,1909,2040,ZBO,1.068493150684931506849315069,0.6849315068493150684931506850,0.1741790204541189716644773982,0.1254088947269656595984237267
63.04109589041095890410959282,0,0.000,63.04109589041095890410959282,1.068493150684931506849315069,0.6849315068493150684931506850,61.97260273972602739726027775,0E-27,0E-28,0,0,0,1909,1910,2040,ZBO,1.068493150684931506849315069,0.6849315068493150684931506850,0.1712516419590917620566710556,0.1233011822105460686808031600
61.97260273972602739726027775,0,0.000,61.97260273972602739726027775,1.068493150684931506849315069,0.6849315068493150684931506850,60.90410958904109589041096268,0E-27,0E-28,0,0,0,1910,1911,2040,ZBO,1.068493150684931506849315069,0.6849315068493150684931506850,0.1683242634640645524488647129,0.1211934696941264777631825933
60.90410958904109589041096268,0,0.000,60.90410958904109589041096268,1.068493150684931506849315069,0.6849315068493150684931506850,59.83561643835616438356164761,0E-27,0E-28,0,0,0,1911,1912,2040,ZBO,1.068493150684931506849315069,0.6849315068493150684931506850,0.1653968849690373428410583703,0.1190857571777068868455620266
59.83561643835616438356164761,0,0.000,59.83561643835616438356164761,1.068493150684931506849315069,0.6849315068493150684931506850,58.76712328767123287671233254,0E-27,0E-28,0,0,0,1912,1913,2040,ZBO,1.068493150684931506849315069,0.6849315068493150684931506850,0.1624695064740101332332520277,0.1169780446612872959279414599
58.76712328767123287671233254,0,0.000,58.76712328767123287671233254,1.068493150684931506849315069,0.6849315068493150684931506850,57.69863013698630136986301747,0E-27,0E-28,0,0,0,1913,1914,2040,ZBO,1.068493150684931506849315069,0.6849315068493150684931506850,0.1595421279789829236254456849,0.1148703321448677050103208931
57.69863013698630136986301747,0,0.000,57.69863013698630136986301747,1.068493150684931506849315069,0.6849315068493150684931506850,56.63013698630136986301370240,0E-27,0E-28,0,0,0,1914,1915,2040,ZBO,1.068493150684931506849315069,0.6849315068493150684931506850,0.1566147494839557140176393423,0.1127626196284481140927003265
56.63013698630136986301370240,0,0.000,56.63013698630136986301370240,1.068493150684931506849315069,0.6849315068493150684931506850,55.56164383561643835616438733,0E-27,0E-28,0,0,0,1915,1916,2040,ZBO,1.068493150684931506849315069,0.6849315068493150684931506850,0.1536873709889285044098329996,0.1106549071120285231750797597
55.56164383561643835616438733,0,0.000,55.56164383561643835616438733,0.2671232876712328767123287671,0.1712328767123287671232876712,55.29452054794520547945205856,0E-28,0E-28,0,0,0,1916,7665/4,2040,ZBO,0.2671232876712328767123287671,0.1712328767123287671232876712,0.03796443985738412460123850887,0.02733439669731656971289172639
55.29452054794520547945205856,26.67627974044700793078586878,0.3201153568853640951694304254,81.65068493150684931506849691,0.8013698630136986301369863014,0.5136986301369863013698630138,80.84931506849315068493151061,0E-28,0E-28,26.67627974044700793078586878,0E-26,0,7665/4,1917,2040,ZBO,0.8013698630136986301369863014,0.5136986301369863013698630138,0.1669520547945205479452054872,0.1202054794520547945205479508
80.84931506849315068493151061,0,0.000,80.84931506849315068493151061,1.068493150684931506849315069,0.6849315068493150684931506850,79.78082191780821917808219554,0E-27,0E-28,0,0,0,1917,1918,2040,ZBO,1.068493150684931506849315069,0.6849315068493150684931506850,0.2200412835428785888534434332,0.1584297241508725839744792719
79.78082191780821917808219554,0,0.000,79.78082191780821917808219554,1.068493150684931506849315069,0.6849315068493150684931506850,78.71232876712328767123288047,0E-27,0E-28,0,0,0,1918,1919,2040,ZBO,1.068493150684931506849315069,0.6849315068493150684931506850,0.2171139050478513792456370904,0.1563220116344529930568587051
78.71232876712328767123288047,0,0.000,78.71232876712328767123288047,1.068493150684931506849315069,0.6849315068493150684931506850,77.64383561643835616438356540,0E-27,0E-28,0,0,0,1919,1920,2040,ZBO,1.068493150684931506849315069,0.6849315068493150684931506850,0.2141865265528241696378307478,0.1542142991180334021392381384
77.64383561643835616438356540,0,0.000,77.64383561643835616438356540,1.068493150684931506849315069,0.6849315068493150684931506850,76.57534246575342465753425033,0E-27,0E-28,0,0,0,1920,1921,2040,ZBO,1.068493150684931506849315069,0.6849315068493150684931506850,0.2112591480577969600300244051,0.1521065866016138112216175717
76.57534246575342465753425033,0,0.000,76.57534246575342465753425033,1.068493150684931506849315069,0.6849315068493150684931506850,75.50684931506849315068493526,0E-27,0E-28,0,0,0,1921,1922,2040,ZBO,1.068493150684931506849315069,0.6849315068493150684931506850,0.2083317695627697504222180625,0.1499988740851942203039970050
75.50684931506849315068493526,0,0.000,75.50684931506849315068493526,1.068493150684931506849315069,0.6849315068493150684931506850,74.43835616438356164383562019,0E-27,0E-28,0,0,0,1922,1923,2040,ZBO,1.068493150684931506849315069,0.6849315068493150684931506850,0.2054043910677425408144117197,0.1478911615687746293863764382
74.43835616438356164383562019,0,0.000,74.43835616438356164383562019,1.068493150684931506849315069,0.6849315068493150684931506850,73.36986301369863013698630512,0E-27,0E-28,0,0,0,1923,1924,2040,ZBO,1.068493150684931506849315069,0.6849315068493150684931506850,0.2024770125727153312066053771,0.1457834490523550384687558715
73.36986301369863013698630512,0,0.000,73.36986301369863013698630512,1.068493150684931506849315069,0.6849315068493150684931506850,72.30136986301369863013699005,0E-27,0E-28,0,0,0,1924,1925,2040,ZBO,1.068493150684931506849315069,0.6849315068493150684931506850,0.1995496340776881215987990345,0.1436757365359354475511353048
72.30136986301369863013699005,0,0.000,72.30136986301369863013699005,1.068493150684931506849315069,0.6849315068493150684931506850,71.23287671232876712328767498,0E-27,0E-28,0,0,0,1925,1926,2040,ZBO,1.068493150684931506849315069,0.6849315068493150684931506850,0.1966222555826609119909926918,0.1415680240195158566335147381
71.23287671232876712328767498,0,0.000,71.23287671232876712328767498,1.068493150684931506849315069,0.6849315068493150684931506850,70.16438356164383561643835991,0E-27,0E-28,0,0,0,1926,1927,2040,ZBO,1.068493150684931506849315069,0.6849315068493150684931506850,0.1936948770876337023831863492,0.1394603115030962657158941714
70.16438356164383561643835991,0,0.000,70.16438356164383561643835991,1.068493150684931506849315069,0.6849315068493150684931506850,69.09589041095890410958904484,0E-27,0E-28,0,0,0,1927,1928,2040,ZBO,1.068493150684931506849315069,0.6849315068493150684931506850,0.1907674985926064927753800066,0.1373525989866766747982736048
69.09589041095890410958904484,0,0.000,69.09589041095890410958904484,1.068493150684931506849315069,0.6849315068493150684931506850,68.02739726027397260273972977,0E-27,0E-28,0,0,0,1928,1929,2040,ZBO,1.068493150684931506849315069,0.6849315068493150684931506850,0.1878401200975792831675736639,0.1352448864702570838806530380
68.02739726027397260273972977,0,0.000,68.02739726027397260273972977,1.068493150684931506849315069,0.6849315068493150684931506850,66.95890410958904109589041470,0E-27,0E-28,0,0,0,1929,1930,2040,ZBO,1.068493150684931506849315069,0.6849315068493150684931506850,0.1849127416025520735597673213,0.1331371739538374929630324713
66.95890410958904109589041470,0,0.000,66.95890410958904109589041470,1.068493150684931506849315069,0.6849315068493150684931506850,65.89041095890410958904109963,0E-27,0E-28,0,0,0,1930,1931,2040,ZBO,1.068493150684931506849315069,0.6849315068493150684931506850,0.1819853631075248639519609785,0.1310294614374179020454119045
65.89041095890410958904109963,0,0.000,65.89041095890410958904109963,1.068493150684931506849315069,0.6849315068493150684931506850,64.82191780821917808219178456,0E-27,0E-28,0,0,0,1931,1932,2040,ZBO,1.068493150684931506849315069,0.6849315068493150684931506850,0.1790579846124976543441546359,0.1289217489209983111277913378
64.82191780821917808219178456,0,0.000,64.82191780821917808219178456,1.068493150684931506849315069,0.6849315068493150684931506850,63.75342465753424657534246949,0E-27,0E-28,0,0,0,1932,1933,2040,ZBO,1.068493150684931506849315069,0.6849315068493150684931506850,0.1761306061174704447363482932,0.1268140364045787202101707711
63.75342465753424657534246949,0,0.000,63.75342465753424657534246949,1.068493150684931506849315069,0.6849315068493150684931506850,62.68493150684931506849315442,0E-27,0E-28,0,0,0,1933,1934,2040,ZBO,1.068493150684931506849315069,0.6849315068493150684931506850,0.1732032276224432351285419506,0.1247063238881591292925502044
62.68493150684931506849315442,0,0.000,62.68493150684931506849315442,1.068493150684931506849315069,0.6849315068493150684931506850,61.61643835616438356164383935,0E-27,0E-28,0,0,0,1934,1935,2040,ZBO,1.068493150684931506849315069,0.6849315068493150684931506850,0.1702758491274160255207356080,0.1225986113717395383749296378
61.61643835616438356164383935,0,0.000,61.61643835616438356164383935,1.068493150684931506849315069,0.6849315068493150684931506850,60.54794520547945205479452428,0E-27,0E-28,0,0,0,1935,1936,2040,ZBO,1.068493150684931506849315069,0.6849315068493150684931506850,0.1673484706323888159129292652,0.1204908988553199474573090709
60.54794520547945205479452428,0,0.000,60.54794520547945205479452428,1.068493150684931506849315069,0.6849315068493150684931506850,59.47945205479452054794520921,0E-27,0E-28,0,0,0,1936,1937,2040,ZBO,1.068493150684931506849315069,0.6849315068493150684931506850,0.1644210921373616063051229226,0.1183831863389003565396885043
59.47945205479452054794520921,0,0.000,59.47945205479452054794520921,1.068493150684931506849315069,0.6849315068493150684931506850,58.41095890410958904109589414,0E-27,0E-28,0,0,0,1937,1938,2040,ZBO,1.068493150684931506849315069,0.6849315068493150684931506850,0.1614937136423343966973165800,0.1162754738224807656220679376
58.41095890410958904109589414,0,0.000,58.41095890410958904109589414,1.068493150684931506849315069,0.6849315068493150684931506850,57.34246575342465753424657907,0E-27,0E-28,0,0,0,1938,1939,2040,ZBO,1.068493150684931506849315069,0.6849315068493150684931506850,0.1585663351473071870895102373,0.1141677613060611747044473709
57.34246575342465753424657907,0,0.000,57.34246575342465753424657907,1.068493150684931506849315069,0.6849315068493150684931506850,56.27397260273972602739726400,0E-27,0E-28,0,0,0,1939,1940,2040,ZBO,1.068493150684931506849315069,0.6849315068493150684931506850,0.1556389566522799774817038947,0.1120600487896415837868268042
56.27397260273972602739726400,0,0.000,56.27397260273972602739726400,1.068493150684931506849315069,0.6849315068493150684931506850,55.20547945205479452054794893,0E-27,0E-28,0,0,0,1940,1941,2040,ZBO,1.068493150684931506849315069,0.6849315068493150684931506850,0.1527115781572527678738975519,0.1099523362732219928692062374
55.20547945205479452054794893,0,0.000,55.20547945205479452054794893,1.068493150684931506849315069,0.6849315068493150684931506850,54.13698630136986301369863386,0E-27,0E-28,0,0,0,1941,1942,2040,ZBO,1.068493150684931506849315069,0.6849315068493150684931506850,0.1497841996622255582660912093,0.1078446237568024019515856707
54.13698630136986301369863386,0,0.000,54.13698630136986301369863386,1.068493150684931506849315069,0.6849315068493150684931506850,53.06849315068493150684931879,0E-27,0E-28,0,0,0,1942,1943,2040,ZBO,1.068493150684931506849315069,0.6849315068493150684931506850,0.1468568211671983486582848666,0.1057369112403828110339651040
53.06849315068493150684931879,0,0.000,53.06849315068493150684931879,1.068493150684931506849315069,0.6849315068493150684931506850,52.00000000000000000000000372,0E-27,0E-28,0,0,0,1943,1944,2040,ZBO,1.068493150684931506849315069,0.6849315068493150684931506850,0.1439294426721711390504785240,0.1036291987239632201163445373
52.00000000000000000000000372,0,0.000,52.00000000000000000000000372,1.068493150684931506849315069,0.6849315068493150684931506850,50.93150684931506849315068865,0E-27,0E-28,0,0,0,1944,1945,2040,ZBO,1.068493150684931506849315069,0.6849315068493150684931506850,0.1410020641771439294426721814,0.1015214862075436291987239706
50.93150684931506849315068865,0,0.000,50.93150684931506849315068865,1.068493150684931506849315069,0.6849315068493150684931506850,49.86301369863013698630137358,0E-27,0E-28,0,0,0,1945,1946,2040,ZBO,1.068493150684931506849315069,0.6849315068493150684931506850,0.1380746856821167198348658386,0.09941377369112403828110340379
49.86301369863013698630137358,0,0.000,49.86301369863013698630137358,0.7123287671232876712328767125,0.4566210045662100456621004568,49.15068493150684931506849687,0E-28,0E-28,0,0,0,1946,5840/3,2040,ZBO,0.7123287671232876712328767125,0.4566210045662100456621004568,0.09042346906861825233001814655,0.06510489772940514167761306552
49.15068493150684931506849687,26.67627974044700793078586878,0.3201153568853640951694304254,75.50684931506849315068493522,0.3561643835616438356164383561,0.2283105022831050228310502283,75.15068493150684931506849686,0E-28,0E-28,26.67627974044700793078586878,0E-26,0,5840/3,1947,2040,ZBO,0.3561643835616438356164383561,0.2283105022831050228310502283,0.06879339463313942578344905575,0.04953124413586038656408332014
75.15068493150684931506849686,0,0.000,75.15068493150684931506849686,1.068493150684931506849315069,0.6849315068493150684931506850,74.08219178082191780821918179,0E-27,0E-28,0,0,0,1947,1948,2040,ZBO,1.068493150684931506849315069,0.6849315068493150684931506850,0.2044285982360668042784762721,0.1471885907299680990805029159
74.08219178082191780821918179,0,0.000,74.08219178082191780821918179,1.068493150684931506849315069,0.6849315068493150684931506850,73.01369863013698630136986672,0E-27,0E-28,0,0,0,1948,1949,2040,ZBO,1.068493150684931506849315069,0.6849315068493150684931506850,0.2015012197410395946706699295,0.1450808782135485081628823492
73.01369863013698630136986672,0,0.000,73.01369863013698630136986672,1.068493150684931506849315069,0.6849315068493150684931506850,71.94520547945205479452055165,0E-27,0E-28,0,0,0,1949,1950,2040,ZBO,1.068493150684931506849315069,0.6849315068493150684931506850,0.1985738412460123850628635869,0.1429731656971289172452617826
71.94520547945205479452055165,0,0.000,71.94520547945205479452055165,1.068493150684931506849315069,0.6849315068493150684931506850,70.87671232876712328767123658,0E-27,0E-28,0,0,0,1950,1951,2040,ZBO,1.068493150684931506849315069,0.6849315068493150684931506850,0.1956464627509851754550572441,0.1408654531807093263276412158
70.87671232876712328767123658,0,0.000,70.87671232876712328767123658,1.068493150684931506849315069,0.6849315068493150684931506850,69.80821917808219178082192151,0E-27,0E-28,0,0,0,1951,1952,2040,ZBO,1.068493150684931506849315069,0.6849315068493150684931506850,0.1927190842559579658472509015,0.1387577406642897354100206491
69.80821917808219178082192151,0,0.000,69.80821917808219178082192151,1.068493150684931506849315069,0.6849315068493150684931506850,68.73972602739726027397260644,0E-27,0E-28,0,0,0,1952,1953,2040,ZBO,1.068493150684931506849315069,0.6849315068493150684931506850,0.1897917057609307562394445589,0.1366500281478701444924000824
68.73972602739726027397260644,0,0.000,68.73972602739726027397260644,1.068493150684931506849315069,0.6849315068493150684931506850,67.67123287671232876712329137,0E-27,0E-28,0,0,0,1953,1954,2040,ZBO,1.068493150684931506849315069,0.6849315068493150684931506850,0.1868643272659035466316382162,0.1345423156314505535747795157
67.67123287671232876712329137,0,0.000,67.67123287671232876712329137,1.068493150684931506849315069,0.6849315068493150684931506850,66.60273972602739726027397630,0E-27,0E-28,0,0,0,1954,1955,2040,ZBO,1.068493150684931506849315069,0.6849315068493150684931506850,0.1839369487708763370238318736,0.1324346031150309626571589490
66.60273972602739726027397630,0,0.000,66.60273972602739726027397630,1.068493150684931506849315069,0.6849315068493150684931506850,65.53424657534246575342466123,0E-27,0E-28,0,0,0,1955,1956,2040,ZBO,1.068493150684931506849315069,0.6849315068493150684931506850,0.1810095702758491274160255308,0.1303268905986113717395383822
65.53424657534246575342466123,0,0.000,65.53424657534246575342466123,1.068493150684931506849315069,0.6849315068493150684931506850,64.46575342465753424657534616,0E-27,0E-28,0,0,0,1956,1957,2040,ZBO,1.068493150684931506849315069,0.6849315068493150684931506850,0.1780821917808219178082191882,0.1282191780821917808219178155
64.46575342465753424657534616,0,0.000,64.46575342465753424657534616,1.068493150684931506849315069,0.6849315068493150684931506850,63.39726027397260273972603109,0E-27,0E-28,0,0,0,1957,1958,2040,ZBO,1.068493150684931506849315069,0.6849315068493150684931506850,0.1751548132857947082004128455,0.1261114655657721899042972488
63.39726027397260273972603109,0,0.000,63.39726027397260273972603109,1.068493150684931506849315069,0.6849315068493150684931506850,62.32876712328767123287671602,0E-27,0E-28,0,0,0,1958,1959,2040,ZBO,1.068493150684931506849315069,0.6849315068493150684931506850,0.1722274347907674985926065029,0.1240037530493525989866766821
62.32876712328767123287671602,0,0.000,62.32876712328767123287671602,1.068493150684931506849315069,0.6849315068493150684931506850,61.26027397260273972602740095,0E-27,0E-28,0,0,0,1959,1960,2040,ZBO,1.068493150684931506849315069,0.6849315068493150684931506850,0.1693000562957402889848001603,0.1218960405329330080690561154
61.26027397260273972602740095,0,0.000,61.26027397260273972602740095,1.068493150684931506849315069,0.6849315068493150684931506850,60.19178082191780821917808588,0E-27,0E-28,0,0,0,1960,1961,2040,ZBO,1.068493150684931506849315069,0.6849315068493150684931506850,0.1663726778007130793769938176,0.1197883280165134171514355487
60.19178082191780821917808588,0,0.000,60.19178082191780821917808588,1.068493150684931506849315069,0.6849315068493150684931506850,59.12328767123287671232877081,0E-27,0E-28,0,0,0,1961,1962,2040,ZBO,1.068493150684931506849315069,0.6849315068493150684931506850,0.1634452993056858697691874749,0.1176806155000938262338149819
59.12328767123287671232877081,0,0.000,59.12328767123287671232877081,1.068493150684931506849315069,0.6849315068493150684931506850,58.05479452054794520547945574,0E-27,0E-28,0,0,0,1962,1963,2040,ZBO,1.068493150684931506849315069,0.6849315068493150684931506850,0.1605179208106586601613811323,0.1155729029836742353161944153
58.05479452054794520547945574,0,0.000,58.05479452054794520547945574,1.068493150684931506849315069,0.6849315068493150684931506850,56.98630136986301369863014067,0E-27,0E-28,0,0,0,1963,1964,2040,ZBO,1.068493150684931506849315069,0.6849315068493150684931506850,0.1575905423156314505535747896,0.1134651904672546443985738485
56.98630136986301369863014067,0,0.000,56.98630136986301369863014067,1.068493150684931506849315069,0.6849315068493150684931506850,55.91780821917808219178082560,0E-27,0E-28,0,0,0,1964,1965,2040,ZBO,1.068493150684931506849315069,0.6849315068493150684931506850,0.1546631638206042409457684470,0.1113574779508350534809532818
55.91780821917808219178082560,0,0.000,55.91780821917808219178082560,1.068493150684931506849315069,0.6849315068493150684931506850,54.84931506849315068493151053,0E-27,0E-28,0,0,0,1965,1966,2040,ZBO,1.068493150684931506849315069,0.6849315068493150684931506850,0.1517357853255770313379621043,0.1092497654344154625633327151
54.84931506849315068493151053,0,0.000,54.84931506849315068493151053,1.068493150684931506849315069,0.6849315068493150684931506850,53.78082191780821917808219546,0E-27,0E-28,0,0,0,1966,1967,2040,ZBO,1.068493150684931506849315069,0.6849315068493150684931506850,0.1488084068305498217301557617,0.1071420529179958716457121484
53.78082191780821917808219546,0,0.000,53.78082191780821917808219546,1.068493150684931506849315069,0.6849315068493150684931506850,52.71232876712328767123288039,0E-27,0E-28,0,0,0,1967,1968,2040,ZBO,1.068493150684931506849315069,0.6849315068493150684931506850,0.1458810283355226121223494189,0.1050343404015762807280915816
52.71232876712328767123288039,0,0.000,52.71232876712328767123288039,1.068493150684931506849315069,0.6849315068493150684931506850,51.64383561643835616438356532,0E-27,0E-28,0,0,0,1968,1969,2040,ZBO,1.068493150684931506849315069,0.6849315068493150684931506850,0.1429536498404954025145430763,0.1029266278851566898104710149
51.64383561643835616438356532,0,0.000,51.64383561643835616438356532,1.068493150684931506849315069,0.6849315068493150684931506850,50.57534246575342465753425025,0E-27,0E-28,0,0,0,1969,1970,2040,ZBO,1.068493150684931506849315069,0.6849315068493150684931506850,0.1400262713454681929067367337,0.1008189153687370988928504483
50.57534246575342465753425025,0,0.000,50.57534246575342465753425025,1.068493150684931506849315069,0.6849315068493150684931506850,49.50684931506849315068493518,0E-27,0E-28,0,0,0,1970,1971,2040,ZBO,1.068493150684931506849315069,0.6849315068493150684931506850,0.1370988928504409832989303910,0.09871120285231750797522988152
49.50684931506849315068493518,0,0.000,49.50684931506849315068493518,1.068493150684931506849315069,0.6849315068493150684931506850,48.43835616438356164383562011,0E-27,0E-28,0,0,0,1971,1972,2040,ZBO,1.068493150684931506849315069,0.6849315068493150684931506850,0.1341715143554137736911240483,0.09660349033589791705760931478
48.43835616438356164383562011,0,0.000,48.43835616438356164383562011,1.068493150684931506849315069,0.6849315068493150684931506850,47.36986301369863013698630504,0E-27,0E-28,0,0,0,1972,1973,2040,ZBO,1.068493150684931506849315069,0.6849315068493150684931506850,0.1312441358603865640833177057,0.09449577781947832613998874810
47.36986301369863013698630504,0,0.000,47.36986301369863013698630504,1.068493150684931506849315069,0.6849315068493150684931506850,46.30136986301369863013698997,0E-27,0E-28,0,0,0,1973,1974,2040,ZBO,1.068493150684931506849315069,0.6849315068493150684931506850,0.1283167573653593544755113630,0.09238806530305873522236818136
46.30136986301369863013698997,0,0.000,46.30136986301369863013698997,1.068493150684931506849315069,0.6849315068493150684931506850,45.23287671232876712328767490,0E-27,0E-28,0,0,0,1974,1975,2040,ZBO,1.068493150684931506849315069,0.6849315068493150684931506850,0.1253893788703321448677050204,0.09028035278663914430474761469
45.23287671232876712328767490,0,0.000,45.23287671232876712328767490,1.068493150684931506849315069,0.6849315068493150684931506850,44.16438356164383561643835983,0E-27,0E-28,0,0,0,1975,1976,2040,ZBO,1.068493150684931506849315069,0.6849315068493150684931506850,0.1224620003753049352598986777,0.08817264027021955338712704794
44.16438356164383561643835983,0,0.000,44.16438356164383561643835983,1.068493150684931506849315069,0.6849315068493150684931506850,43.09589041095890410958904476,0E-27,0E-28,0,0,0,1976,1977,2040,ZBO,1.068493150684931506849315069,0.6849315068493150684931506850,0.1195346218802777256520923351,0.08606492775379996246950648127
43.09589041095890410958904476,0,0.000,43.09589041095890410958904476,0.08904109589041095890410958904,0.05707762557077625570776255708,43.00684931506849315068493517,0E-29,0E-29,0,0,0,1977,23725/12,2040,ZBO,0.08904109589041095890410958904,0.05707762557077625570776255708,0.009829079877400387815099769397,0.007076937511728279226871833966
43.00684931506849315068493517,26.67627974044700793078586878,0.3201153568853640951694304254,69.36301369863013698630137352,0.9794520547945205479452054797,0.6278538812785388127853881280,68.38356164383561643835616804,0E-28,0E-28,26.67627974044700793078586878,0E-26,0,23725/12,1978,2040,ZBO,0.9794520547945205479452054797,0.6278538812785388127853881280,0.1729694439231875899168074153,0.1245379996246950647401013390
68.38356164383561643835616804,0,0.000,68.38356164383561643835616804,1.068493150684931506849315069,0.6849315068493150684931506850,67.31506849315068493150685297,0E-27,0E-28,0,0,0,1978,1979,2040,ZBO,1.068493150684931506849315069,0.6849315068493150684931506850,0.1858885344342278100957027685,0.1338397447926440232689059933
67.31506849315068493150685297,0,0.000,67.31506849315068493150685297,1.068493150684931506849315069,0.6849315068493150684931506850,66.24657534246575342465753790,0E-27,0E-28,0,0,0,1979,1980,2040,ZBO,1.068493150684931506849315069,0.6849315068493150684931506850,0.1829611559392006004878964259,0.1317320322762244323512854266
66.24657534246575342465753790,0,0.000,66.24657534246575342465753790,1.068493150684931506849315069,0.6849315068493150684931506850,65.17808219178082191780822283,0E-27,0E-28,0,0,0,1980,1981,2040,ZBO,1.068493150684931506849315069,0.6849315068493150684931506850,0.1800337774441733908800900832,0.1296243197598048414336648599
65.17808219178082191780822283,0,0.000,65.17808219178082191780822283,1.068493150684931506849315069,0.6849315068493150684931506850,64.10958904109589041095890776,0E-27,0E-28,0,0,0,1981,1982,2040,ZBO,1.068493150684931506849315069,0.6849315068493150684931506850,0.1771063989491461812722837406,0.1275166072433852505160442932
64.10958904109589041095890776,0,0.000,64.10958904109589041095890776,1.068493150684931506849315069,0.6849315068493150684931506850,63.04109589041095890410959269,0E-27,0E-28,0,0,0,1982,1983,2040,ZBO,1.068493150684931506849315069,0.6849315068493150684931506850,0.1741790204541189716644773978,0.1254088947269656595984237264
63.04109589041095890410959269,0,0.000,63.04109589041095890410959269,1.068493150684931506849315069,0.6849315068493150684931506850,61.97260273972602739726027762,0E-27,0E-28,0,0,0,1983,1984,2040,ZBO,1.068493150684931506849315069,0.6849315068493150684931506850,0.1712516419590917620566710552,0.1233011822105460686808031597
61.97260273972602739726027762,0,0.000,61.97260273972602739726027762,1.068493150684931506849315069,0.6849315068493150684931506850,60.90410958904109589041096255,0E-27,0E-28,0,0,0,1984,1985,2040,ZBO,1.068493150684931506849315069,0.6849315068493150684931506850,0.1683242634640645524488647126,0.1211934696941264777631825931
60.90410958904109589041096255,0,0.000,60.90410958904109589041096255,1.068493150684931506849315069,0.6849315068493150684931506850,59.83561643835616438356164748,0E-27,0E-28,0,0,0,1985,1986,2040,ZBO,1.068493150684931506849315069,0.6849315068493150684931506850,0.1653968849690373428410583699,0.1190857571777068868455620263
59.83561643835616438356164748,0,0.000,59.83561643835616438356164748,1.068493150684931506849315069,0.6849315068493150684931506850,58.76712328767123287671233241,0E-27,0E-28,0,0,0,1986,1987,2040,ZBO,1.068493150684931506849315069,0.6849315068493150684931506850,0.1624695064740101332332520273,0.1169780446612872959279414597
58.76712328767123287671233241,0,0.000,58.76712328767123287671233241,1.068493150684931506849315069,0.6849315068493150684931506850,57.69863013698630136986301734,0E-27,0E-28,0,0,0,1987,1988,2040,ZBO,1.068493150684931506849315069,0.6849315068493150684931506850,0.1595421279789829236254456847,0.1148703321448677050103208930
57.69863013698630136986301734,0,0.000,57.69863013698630136986301734,1.068493150684931506849315069,0.6849315068493150684931506850,56.63013698630136986301370227,0E-27,0E-28,0,0,0,1988,1989,2040,ZBO,1.068493150684931506849315069,0.6849315068493150684931506850,0.1566147494839557140176393419,0.1127626196284481140927003262
56.63013698630136986301370227,0,0.000,56.63013698630136986301370227,1.068493150684931506849315069,0.6849315068493150684931506850,55.56164383561643835616438720,0E-27,0E-28,0,0,0,1989,1990,2040,ZBO,1.068493150684931506849315069,0.6849315068493150684931506850,0.1536873709889285044098329993,0.1106549071120285231750797595
55.56164383561643835616438720,0,0.000,55.56164383561643835616438720,1.068493150684931506849315069,0.6849315068493150684931506850,54.49315068493150684931507213,0E-27,0E-28,0,0,0,1990,1991,2040,ZBO,1.068493150684931506849315069,0.6849315068493150684931506850,0.1507599924939012948020266566,0.1085471945956089322574591928
54.49315068493150684931507213,0,0.000,54.49315068493150684931507213,1.068493150684931506849315069,0.6849315068493150684931506850,53.42465753424657534246575706,0E-27,0E-28,0,0,0,1991,1992,2040,ZBO,1.068493150684931506849315069,0.6849315068493150684931506850,0.1478326139988740851942203140,0.1064394820791893413398386261
53.42465753424657534246575706,0,0.000,53.42465753424657534246575706,1.068493150684931506849315069,0.6849315068493150684931506850,52.35616438356164383561644199,0E-27,0E-28,0,0,0,1992,1993,2040,ZBO,1.068493150684931506849315069,0.6849315068493150684931506850,0.1449052355038468755864139712,0.1043317695627697504222180593
52.35616438356164383561644199,0,0.000,52.35616438356164383561644199,1.068493150684931506849315069,0.6849315068493150684931506850,51.28767123287671232876712692,0E-27,0E-28,0,0,0,1993,1994,2040,ZBO,1.068493150684931506849315069,0.6849315068493150684931506850,0.1419778570088196659786076286,0.1022240570463501595045974926
51.28767123287671232876712692,0,0.000,51.28767123287671232876712692,1.068493150684931506849315069,0.6849315068493150684931506850,50.21917808219178082191781185,0E-27,0E-28,0,0,0,1994,1995,2040,ZBO,1.068493150684931506849315069,0.6849315068493150684931506850,0.1390504785137924563708012860,0.1001163445299305685869769259
50.21917808219178082191781185,0,0.000,50.21917808219178082191781185,1.068493150684931506849315069,0.6849315068493150684931506850,49.15068493150684931506849678,0E-27,0E-28,0,0,0,1995,1996,2040,ZBO,1.068493150684931506849315069,0.6849315068493150684931506850,0.1361231000187652467629949434,0.09800863201351097766935635925
49.15068493150684931506849678,0,0.000,49.15068493150684931506849678,1.068493150684931506849315069,0.6849315068493150684931506850,48.08219178082191780821918171,0E-27,0E-28,0,0,0,1996,1997,2040,ZBO,1.068493150684931506849315069,0.6849315068493150684931506850,0.1331957215237380371551886007,0.09590091949709138675173579250
48.08219178082191780821918171,0,0.000,48.08219178082191780821918171,1.068493150684931506849315069,0.6849315068493150684931506850,47.01369863013698630136986664,0E-27,0E-28,0,0,0,1997,1998,2040,ZBO,1.068493150684931506849315069,0.6849315068493150684931506850,0.1302683430287108275473822580,0.09379320698067179583411522576
47.01369863013698630136986664,0,0.000,47.01369863013698630136986664,1.068493150684931506849315069,0.6849315068493150684931506850,45.94520547945205479452055157,0E-27,0E-28,0,0,0,1998,1999,2040,ZBO,1.068493150684931506849315069,0.6849315068493150684931506850,0.1273409645336836179395759154,0.09168549446425220491649465909
45.94520547945205479452055157,0,0.000,45.94520547945205479452055157,1.068493150684931506849315069,0.6849315068493150684931506850,44.87671232876712328767123650,0E-27,0E-28,0,0,0,1999,2000,2040,ZBO,1.068493150684931506849315069,0.6849315068493150684931506850,0.1244135860386564083317695727,0.08957778194783261399887409234
44.87671232876712328767123650,0,0.000,44.87671232876712328767123650,1.068493150684931506849315069,0.6849315068493150684931506850,43.80821917808219178082192143,0E-27,0E-28,0,0,0,2000,2001,2040,ZBO,1.068493150684931506849315069,0.6849315068493150684931506850,0.1214862075436291987239632300,0.08747006943141302308125352560
43.80821917808219178082192143,0,0.000,43.80821917808219178082192143,1.068493150684931506849315069,0.6849315068493150684931506850,42.73972602739726027397260636,0E-27,0E-28,0,0,0,2001,2002,2040,ZBO,1.068493150684931506849315069,0.6849315068493150684931506850,0.1185588290486019891161568874,0.08536235691499343216363295893
42.73972602739726027397260636,0,0.000,42.73972602739726027397260636,1.068493150684931506849315069,0.6849315068493150684931506850,41.67123287671232876712329129,0E-27,0E-28,0,0,0,2002,2003,2040,ZBO,1.068493150684931506849315069,0.6849315068493150684931506850,0.1156314505535747795083505447,0.08325464439857384124601239218
41.67123287671232876712329129,0,0.000,41.67123287671232876712329129,1.068493150684931506849315069,0.6849315068493150684931506850,40.60273972602739726027397622,0E-27,0E-28,0,0,0,2003,2004,2040,ZBO,1.068493150684931506849315069,0.6849315068493150684931506850,0.1127040720585475699005442021,0.08114693188215425032839182551
40.60273972602739726027397622,0,0.000,40.60273972602739726027397622,1.068493150684931506849315069,0.6849315068493150684931506850,39.53424657534246575342466115,0E-27,0E-28,0,0,0,2004,2005,2040,ZBO,1.068493150684931506849315069,0.6849315068493150684931506850,0.1097766935635203602927378594,0.07903921936573465941077125877
39.53424657534246575342466115,0,0.000,39.53424657534246575342466115,1.068493150684931506849315069,0.6849315068493150684931506850,38.46575342465753424657534608,0E-27,0E-28,0,0,0,2005,2006,2040,ZBO,1.068493150684931506849315069,0.6849315068493150684931506850,0.1068493150684931506849315168,0.07693150684931506849315069210
38.46575342465753424657534608,0,0.000,38.46575342465753424657534608,1.068493150684931506849315069,0.6849315068493150684931506850,37.39726027397260273972603101,0E-27,0E-28,0,0,0,2006,2007,2040,ZBO,1.068493150684931506849315069,0.6849315068493150684931506850,0.1039219365734659410771251741,0.07482379433289547757553012535
37.39726027397260273972603101,0,0.000,37.39726027397260273972603101,0.5342465753424657534246575343,0.3424657534246575342465753425,36.86301369863013698630137348,0E-28,0E-28,0,0,0,2007,4015/2,2040,ZBO,0.5342465753424657534246575343,0.3424657534246575342465753425,0.05086320135109776693563520855,0.03662150497279039219365735016
36.86301369863013698630137348,26.67627974044700793078586878,0.3201153568853640951694304254,63.21917808219178082191781183,0.5342465753424657534246575343,0.3424657534246575342465753425,62.68493150684931506849315430,0E-28,0E-28,26.67627974044700793078586878,0E-26,0,4015/2,2008,2040,ZBO,0.5342465753424657534246575343,0.3424657534246575342465753425,0.08623569149934321636329518227,0.06208969787952711578157253123
62.68493150684931506849315430,0,0.000,62.68493150684931506849315430,1.068493150684931506849315069,0.6849315068493150684931506850,61.61643835616438356164383923,0E-27,0E-28,0,0,0,2008,2009,2040,ZBO,1.068493150684931506849315069,0.6849315068493150684931506850,0.1702758491274160255207356076,0.1225986113717395383749296375
61.61643835616438356164383923,0,0.000,61.61643835616438356164383923,1.068493150684931506849315069,0.6849315068493150684931506850,60.54794520547945205479452416,0E-27,0E-28,0,0,0,2009,2010,2040,ZBO,1.068493150684931506849315069,0.6849315068493150684931506850,0.1673484706323888159129292649,0.1204908988553199474573090707
60.54794520547945205479452416,0,0.000,60.54794520547945205479452416,1.068493150684931506849315069,0.6849315068493150684931506850,59.47945205479452054794520909,0E-27,0E-28,0,0,0,2010,2011,2040,ZBO,1.068493150684931506849315069,0.6849315068493150684931506850,0.1644210921373616063051229222,0.1183831863389003565396885040
59.47945205479452054794520909,0,0.000,59.47945205479452054794520909,1.068493150684931506849315069,0.6849315068493150684931506850,58.41095890410958904109589402,0E-27,0E-28,0,0,0,2011,2012,2040,ZBO,1.068493150684931506849315069,0.6849315068493150684931506850,0.1614937136423343966973165796,0.1162754738224807656220679373
58.41095890410958904109589402,0,0.000,58.41095890410958904109589402,1.068493150684931506849315069,0.6849315068493150684931506850,57.34246575342465753424657895,0E-27,0E-28,0,0,0,2012,2013,2040,ZBO,1.068493150684931506849315069,0.6849315068493150684931506850,0.1585663351473071870895102370,0.1141677613060611747044473706
57.34246575342465753424657895,0,0.000,57.34246575342465753424657895,1.068493150684931506849315069,0.6849315068493150684931506850,56.27397260273972602739726388,0E-27,0E-28,0,0,0,2013,2014,2040,ZBO,1.068493150684931506849315069,0.6849315068493150684931506850,0.1556389566522799774817038943,0.1120600487896415837868268039
56.27397260273972602739726388,0,0.000,56.27397260273972602739726388,1.068493150684931506849315069,0.6849315068493150684931506850,55.20547945205479452054794881,0E-27,0E-28,0,0,0,2014,2015,2040,ZBO,1.068493150684931506849315069,0.6849315068493150684931506850,0.1527115781572527678738975517,0.1099523362732219928692062372
55.20547945205479452054794881,0,0.000,55.20547945205479452054794881,1.068493150684931506849315069,0.6849315068493150684931506850,54.13698630136986301369863374,0E-27,0E-28,0,0,0,2015,2016,2040,ZBO,1.068493150684931506849315069,0.6849315068493150684931506850,0.1497841996622255582660912091,0.1078446237568024019515856706
54.13698630136986301369863374,0,0.000,54.13698630136986301369863374,1.068493150684931506849315069,0.6849315068493150684931506850,53.06849315068493150684931867,0E-27,0E-28,0,0,0,2016,2017,2040,ZBO,1.068493150684931506849315069,0.6849315068493150684931506850,0.1468568211671983486582848663,0.1057369112403828110339651037
53.06849315068493150684931867,0,0.000,53.06849315068493150684931867,1.068493150684931506849315069,0.6849315068493150684931506850,52.00000000000000000000000360,0E-27,0E-28,0,0,0,2017,2018,2040,ZBO,1.068493150684931506849315069,0.6849315068493150684931506850,0.1439294426721711390504785237,0.1036291987239632201163445371
52.00000000000000000000000360,0,0.000,52.00000000000000000000000360,1.068493150684931506849315069,0.6849315068493150684931506850,50.93150684931506849315068853,0E-27,0E-28,0,0,0,2018,2019,2040,ZBO,1.068493150684931506849315069,0.6849315068493150684931506850,0.1410020641771439294426721810,0.1015214862075436291987239703
50.93150684931506849315068853,0,0.000,50.93150684931506849315068853,1.068493150684931506849315069,0.6849315068493150684931506850,49.86301369863013698630137346,0E-27,0E-28,0,0,0,2019,2020,2040,ZBO,1.068493150684931506849315069,0.6849315068493150684931506850,0.1380746856821167198348658384,0.09941377369112403828110340365
49.86301369863013698630137346,0,0.000,49.86301369863013698630137346,1.068493150684931506849315069,0.6849315068493150684931506850,48.79452054794520547945205839,0E-27,0E-28,0,0,0,2020,2021,2040,ZBO,1.068493150684931506849315069,0.6849315068493150684931506850,0.1351473071870895102270594957,0.09730606117470444736348283690
48.79452054794520547945205839,0,0.000,48.79452054794520547945205839,1.068493150684931506849315069,0.6849315068493150684931506850,47.72602739726027397260274332,0E-27,0E-28,0,0,0,2021,2022,2040,ZBO,1.068493150684931506849315069,0.6849315068493150684931506850,0.1322199286920623006192531531,0.09519834865828485644586227023
47.72602739726027397260274332,0,0.000,47.72602739726027397260274332,1.068493150684931506849315069,0.6849315068493150684931506850,46.65753424657534246575342825,0E-27,0E-28,0,0,0,2022,2023,2040,ZBO,1.068493150684931506849315069,0.6849315068493150684931506850,0.1292925501970350910114468104,0.09309063614186526552824170349
46.65753424657534246575342825,0,0.000,46.65753424657534246575342825,1.068493150684931506849315069,0.6849315068493150684931506850,45.58904109589041095890411318,0E-27,0E-28,0,0,0,2023,2024,2040,ZBO,1.068493150684931506849315069,0.6849315068493150684931506850,0.1263651717020078814036404677,0.09098292362544567461062113674
45.58904109589041095890411318,0,0.000,45.58904109589041095890411318,1.068493150684931506849315069,0.6849315068493150684931506850,44.52054794520547945205479811,0E-27,0E-28,0,0,0,2024,2025,2040,ZBO,1.068493150684931506849315069,0.6849315068493150684931506850,0.1234377932069806717958341251,0.08887521110902608369300057007
44.52054794520547945205479811,0,0.000,44.52054794520547945205479811,1.068493150684931506849315069,0.6849315068493150684931506850,43.45205479452054794520548304,0E-27,0E-28,0,0,0,2025,2026,2040,ZBO,1.068493150684931506849315069,0.6849315068493150684931506850,0.1205104147119534621880277824,0.08676749859260649277538000333
43.45205479452054794520548304,0,0.000,43.45205479452054794520548304,1.068493150684931506849315069,0.6849315068493150684931506850,42.38356164383561643835616797,0E-27,0E-28,0,0,0,2026,2027,2040,ZBO,1.068493150684931506849315069,0.6849315068493150684931506850,0.1175830362169262525802214397,0.08465978607618690185775943658
42.38356164383561643835616797,0,0.000,42.38356164383561643835616797,1.068493150684931506849315069,0.6849315068493150684931506850,41.31506849315068493150685290,0E-27,0E-28,0,0,0,2027,2028,2040,ZBO,1.068493150684931506849315069,0.6849315068493150684931506850,0.1146556577218990429724150971,0.08255207355976731094013886991
41.31506849315068493150685290,0,0.000,41.31506849315068493150685290,1.068493150684931506849315069,0.6849315068493150684931506850,40.24657534246575342465753783,0E-27,0E-28,0,0,0,2028,2029,2040,ZBO,1.068493150684931506849315069,0.6849315068493150684931506850,0.1117282792268718333646087544,0.08044436104334772002251830317
40.24657534246575342465753783,0,0.000,40.24657534246575342465753783,1.068493150684931506849315069,0.6849315068493150684931506850,39.17808219178082191780822276,0E-27,0E-28,0,0,0,2029,2030,2040,ZBO,1.068493150684931506849315069,0.6849315068493150684931506850,0.1088009007318446237568024118,0.07833664852692812910489773650
39.17808219178082191780822276,0,0.000,39.17808219178082191780822276,1.068493150684931506849315069,0.6849315068493150684931506850,38.10958904109589041095890769,0E-27,0E-28,0,0,0,2030,2031,2040,ZBO,1.068493150684931506849315069,0.6849315068493150684931506850,0.1058735222368174141489960691,0.07622893601050853818727716975
38.10958904109589041095890769,0,0.000,38.10958904109589041095890769,1.068493150684931506849315069,0.6849315068493150684931506850,37.04109589041095890410959262,0E-27,0E-28,0,0,0,2031,2032,2040,ZBO,1.068493150684931506849315069,0.6849315068493150684931506850,0.1029461437417902045411897265,0.07412122349408894726965660308
37.04109589041095890410959262,0,0.000,37.04109589041095890410959262,1.068493150684931506849315069,0.6849315068493150684931506850,35.97260273972602739726027755,0E-27,0E-28,0,0,0,2032,2033,2040,ZBO,1.068493150684931506849315069,0.6849315068493150684931506850,0.1000187652467629949333833838,0.07201351097766935635203603634
35.97260273972602739726027755,0,0.000,35.97260273972602739726027755,1.068493150684931506849315069,0.6849315068493150684931506850,34.90410958904109589041096248,0E-27,0E-28,0,0,0,2033,2034,2040,ZBO,1.068493150684931506849315069,0.6849315068493150684931506850,0.09709138675173578532557704116,0.06990579846124976543441546964
34.90410958904109589041096248,0,0.000,34.90410958904109589041096248,1.068493150684931506849315069,0.6849315068493150684931506850,33.83561643835616438356164741,0E-27,0E-28,0,0,0,2034,2035,2040,ZBO,1.068493150684931506849315069,0.6849315068493150684931506850,0.09416400825670857571777069848,0.06779808594483017451679490291
33.83561643835616438356164741,0,0.000,33.83561643835616438356164741,1.068493150684931506849315069,0.6849315068493150684931506850,32.76712328767123287671233234,0E-27,0E-28,0,0,0,2035,2036,2040,ZBO,1.068493150684931506849315069,0.6849315068493150684931506850,0.09123662976168136610996435584,0.06569037342841058359917433620
32.76712328767123287671233234,0,0.000,32.76712328767123287671233234,1.068493150684931506849315069,0.6849315068493150684931506850,31.69863013698630136986301727,0E-27,0E-28,0,0,0,2036,2037,2040,ZBO,1.068493150684931506849315069,0.6849315068493150684931506850,0.08830925126665415650215801316,0.06358266091199099268155376948
31.69863013698630136986301727,0,0.000,31.69863013698630136986301727,0.9794520547945205479452054797,0.6278538812785388127853881280,30.71917808219178082191781179,0E-28,0E-28,0,0,0,2037,24455/12,2040,ZBO,0.9794520547945205479452054797,0.6278538812785388127853881280,0.07837852630262087946456496802,0.05643253893788703321448677697
30.71917808219178082191781179,26.67627974044700793078586878,0.3201153568853640951694304254,57.07534246575342465753425014,0.08904109589041095890410958904,0.05707762557077625570776255708,56.98630136986301369863014055,0E-29,0E-29,26.67627974044700793078586878,0E-26,0,24455/12,2038,2040,ZBO,0.08904109589041095890410958904,0.05707762557077625570776255708,0.01302073559767310940138862907,0.009374929630324638768999812930
56.98630136986301369863014055,0,0.000,56.98630136986301369863014055,1.068493150684931506849315069,0.6849315068493150684931506850,55.91780821917808219178082548,0E-27,0E-28,0,0,0,2038,2039,2040,ZBO,1.068493150684931506849315069,0.6849315068493150684931506850,0.1546631638206042409457684466,0.1113574779508350534809532816
55.91780821917808219178082548,0,0.000,55.91780821917808219178082548,1.068493150684931506849315069,0.6849315068493150684931506850,54.84931506849315068493151041,0E-27,0E-28,0,0,0,2039,2040,2040,ZBO,1.068493150684931506849315069,0.6849315068493150684931506850,0.1517357853255770313379621040,0.1092497654344154625633327149
54.84931506849315068493151041,0,0.000,54.84931506849315068493151041,1.068493150684931506849315069,0.6849315068493150684931506850,53.78082191780821917808219534,0E-27,0E-28,0,0,0,2040,2041,2040,ZBO,1.068493150684931506849315069,0.6849315068493150684931506850,0.1488084068305498217301557614,0.1071420529179958716457121482
53.78082191780821917808219534,0,0.000,53.78082191780821917808219534,1.068493150684931506849315069,0.6849315068493150684931506850,52.71232876712328767123288027,0E-27,0E-28,0,0,0,2041,2042,2040,ZBO,1.068493150684931506849315069,0.6849315068493150684931506850,0.1458810283355226121223494186,0.1050343404015762807280915814
52.71232876712328767123288027,0,0.000,52.71232876712328767123288027,1.068493150684931506849315069,0.6849315068493150684931506850,51.64383561643835616438356520,0E-27,0E-28,0,0,0,2042,2043,2040,ZBO,1.068493150684931506849315069,0.6849315068493150684931506850,0.1429536498404954025145430760,0.1029266278851566898104710147
51.64383561643835616438356520,0,0.000,51.64383561643835616438356520,1.068493150684931506849315069,0.6849315068493150684931506850,50.57534246575342465753425013,0E-27,0E-28,0,0,0,2043,2044,2040,ZBO,1.068493150684931506849315069,0.6849315068493150684931506850,0.1400262713454681929067367333,0.1008189153687370988928504480
50.57534246575342465753425013,0,0.000,50.57534246575342465753425013,1.068493150684931506849315069,0.6849315068493150684931506850,49.50684931506849315068493506,0E-27,0E-28,0,0,0,2044,2045,2040,ZBO,1.068493150684931506849315069,0.6849315068493150684931506850,0.1370988928504409832989303907,0.09871120285231750797522988130
49.50684931506849315068493506,0,0.000,49.50684931506849315068493506,1.068493150684931506849315069,0.6849315068493150684931506850,48.43835616438356164383561999,0E-27,0E-28,0,0,0,2045,2046,2040,ZBO,1.068493150684931506849315069,0.6849315068493150684931506850,0.1341715143554137736911240480,0.09660349033589791705760931456
48.43835616438356164383561999,0,0.000,48.43835616438356164383561999,1.068493150684931506849315069,0.6849315068493150684931506850,47.36986301369863013698630492,0E-27,0E-28,0,0,0,2046,2047,2040,ZBO,1.068493150684931506849315069,0.6849315068493150684931506850,0.1312441358603865640833177054,0.09449577781947832613998874789
47.36986301369863013698630492,0,0.000,47.36986301369863013698630492,1.068493150684931506849315069,0.6849315068493150684931506850,46.30136986301369863013698985,0E-27,0E-28,0,0,0,2047,2048,2040,ZBO,1.068493150684931506849315069,0.6849315068493150684931506850,0.1283167573653593544755113627,0.09238806530305873522236818114
46.30136986301369863013698985,0,0.000,46.30136986301369863013698985,1.068493150684931506849315069,0.6849315068493150684931506850,45.23287671232876712328767478,0E-27,0E-28,0,0,0,2048,2049,2040,ZBO,1.068493150684931506849315069,0.6849315068493150684931506850,0.1253893788703321448677050201,0.09028035278663914430474761447
45.23287671232876712328767478,0,0.000,45.23287671232876712328767478,1.068493150684931506849315069,0.6849315068493150684931506850,44.16438356164383561643835971,0E-27,0E-28,0,0,0,2049,2050,2040,ZBO,1.068493150684931506849315069,0.6849315068493150684931506850,0.1224620003753049352598986774,0.08817264027021955338712704773
44.16438356164383561643835971,0,0.000,44.16438356164383561643835971,1.068493150684931506849315069,0.6849315068493150684931506850,43.09589041095890410958904464,0E-27,0E-28,0,0,0,2050,2051,2040,ZBO,1.068493150684931506849315069,0.6849315068493150684931506850,0.1195346218802777256520923348,0.08606492775379996246950648106
43.09589041095890410958904464,0,0.000,43.09589041095890410958904464,1.068493150684931506849315069,0.6849315068493150684931506850,42.02739726027397260273972957,0E-27,0E-28,0,0,0,2051,2052,2040,ZBO,1.068493150684931506849315069,0.6849315068493150684931506850,0.1166072433852505160442859921,0.08395721523738037155188591431
42.02739726027397260273972957,0,0.000,42.02739726027397260273972957,1.068493150684931506849315069,0.6849315068493150684931506850,40.95890410958904109589041450,0E-27,0E-28,0,0,0,2052,2053,2040,ZBO,1.068493150684931506849315069,0.6849315068493150684931506850,0.1136798648902233064364796494,0.08184950272096078063426534757
40.95890410958904109589041450,0,0.000,40.95890410958904109589041450,1.068493150684931506849315069,0.6849315068493150684931506850,39.89041095890410958904109943,0E-27,0E-28,0,0,0,2053,2054,2040,ZBO,1.068493150684931506849315069,0.6849315068493150684931506850,0.1107524863951960968286733068,0.07974179020454118971664478090
39.89041095890410958904109943,0,0.000,39.89041095890410958904109943,1.068493150684931506849315069,0.6849315068493150684931506850,38.82191780821917808219178436,0E-27,0E-28,0,0,0,2054,2055,2040,ZBO,1.068493150684931506849315069,0.6849315068493150684931506850,0.1078251079001688872208669641,0.07763407768812159879902421415
38.82191780821917808219178436,0,0.000,38.82191780821917808219178436,1.068493150684931506849315069,0.6849315068493150684931506850,37.75342465753424657534246929,0E-27,0E-28,0,0,0,2055,2056,2040,ZBO,1.068493150684931506849315069,0.6849315068493150684931506850,0.1048977294051416776130606214,0.07552636517170200788140364741
37.75342465753424657534246929,0,0.000,37.75342465753424657534246929,1.068493150684931506849315069,0.6849315068493150684931506850,36.68493150684931506849315422,0E-27,0E-28,0,0,0,2056,2057,2040,ZBO,1.068493150684931506849315069,0.6849315068493150684931506850,0.1019703509101144680052542788,0.07341865265528241696378308074
36.68493150684931506849315422,0,0.000,36.68493150684931506849315422,1.068493150684931506849315069,0.6849315068493150684931506850,35.61643835616438356164383915,0E-27,0E-28,0,0,0,2057,2058,2040,ZBO,1.068493150684931506849315069,0.6849315068493150684931506850,0.09904297241508725839744793612,0.07131094013886282604616251401
35.61643835616438356164383915,0,0.000,35.61643835616438356164383915,1.068493150684931506849315069,0.6849315068493150684931506850,34.54794520547945205479452408,0E-27,0E-28,0,0,0,2058,2059,2040,ZBO,1.068493150684931506849315069,0.6849315068493150684931506850,0.09611559392006004878964159349,0.06920322762244323512854194731
34.54794520547945205479452408,0,0.000,34.54794520547945205479452408,1.068493150684931506849315069,0.6849315068493150684931506850,33.47945205479452054794520901,0E-27,0E-28,0,0,0,2059,2060,2040,ZBO,1.068493150684931506849315069,0.6849315068493150684931506850,0.09318821542503283918183525080,0.06709551510602364421092138058
33.47945205479452054794520901,0,0.000,33.47945205479452054794520901,1.068493150684931506849315069,0.6849315068493150684931506850,32.41095890410958904109589394,0E-27,0E-28,0,0,0,2060,2061,2040,ZBO,1.068493150684931506849315069,0.6849315068493150684931506850,0.09026083693000562957402890817,0.06498780258960405329330081388
32.41095890410958904109589394,0,0.000,32.41095890410958904109589394,1.068493150684931506849315069,0.6849315068493150684931506850,31.34246575342465753424657887,0E-27,0E-28,0,0,0,2061,2062,2040,ZBO,1.068493150684931506849315069,0.6849315068493150684931506850,0.08733345843497841996622256549,0.06288009007318446237568024715
31.34246575342465753424657887,0,0.000,31.34246575342465753424657887,1.068493150684931506849315069,0.6849315068493150684931506850,30.27397260273972602739726380,0E-27,0E-28,0,0,0,2062,2063,2040,ZBO,1.068493150684931506849315069,0.6849315068493150684931506850,0.08440607993995121035841622286,0.06077237755676487145805968046
30.27397260273972602739726380,0,0.000,30.27397260273972602739726380,1.068493150684931506849315069,0.6849315068493150684931506850,29.20547945205479452054794873,0E-27,0E-28,0,0,0,2063,2064,2040,ZBO,1.068493150684931506849315069,0.6849315068493150684931506850,0.08147870144492400075060988017,0.05866466504034528054043911372
29.20547945205479452054794873,0,0.000,29.20547945205479452054794873,1.068493150684931506849315069,0.6849315068493150684931506850,28.13698630136986301369863366,0E-27,0E-28,0,0,0,2064,2065,2040,ZBO,1.068493150684931506849315069,0.6849315068493150684931506850,0.07855132294989679114280353754,0.05655695252392568962281854703
28.13698630136986301369863366,0,0.000,28.13698630136986301369863366,1.068493150684931506849315069,0.6849315068493150684931506850,27.06849315068493150684931859,0E-27,0E-28,0,0,0,2065,2066,2040,ZBO,1.068493150684931506849315069,0.6849315068493150684931506850,0.07562394445486958153499719486,0.05444924000750609870519798030
27.06849315068493150684931859,0,0.000,27.06849315068493150684931859,1.068493150684931506849315069,0.6849315068493150684931506850,26.00000000000000000000000352,0E-27,0E-28,0,0,0,2066,2067,2040,ZBO,1.068493150684931506849315069,0.6849315068493150684931506850,0.07269656595984237192719085223,0.05234152749108650778757741361
26.00000000000000000000000352,0,0.000,26.00000000000000000000000352,1.068493150684931506849315069,0.6849315068493150684931506850,24.93150684931506849315068845,0E-27,0E-28,0,0,0,2067,2068,2040,ZBO,1.068493150684931506849315069,0.6849315068493150684931506850,0.06976918746481516231938450954,0.05023381497466691686995684687
24.93150684931506849315068845,0,0.000,24.93150684931506849315068845,0.3561643835616438356164383561,0.2283105022831050228310502283,24.57534246575342465753425009,0E-28,0E-28,0,0,0,2068,6205/3,2040,ZBO,0.3561643835616438356164383561,0.2283105022831050228310502283,0.02260586726715456308250453815,0.01627622443235128541940326747
24.57534246575342465753425009,26.67627974044700793078586878,0.3201153568853640951694304254,50.93150684931506849315068844,0.7123287671232876712328767125,0.4566210045662100456621004568,50.21917808219178082191781173,0E-28,0E-28,26.67627974044700793078586878,0E-26,0,6205/3,2069,2040,ZBO,0.7123287671232876712328767125,0.4566210045662100456621004568,0.09237505473196972540188904130,0.06651003940701820228936010974
50.21917808219178082191781173,0,0.000,50.21917808219178082191781173,1.068493150684931506849315069,0.6849315068493150684931506850,49.15068493150684931506849666,0E-27,0E-28,0,0,0,2069,2070,2040,ZBO,1.068493150684931506849315069,0.6849315068493150684931506850,0.1361231000187652467629949430,0.09800863201351097766935635896
49.15068493150684931506849666,0,0.000,49.15068493150684931506849666,1.068493150684931506849315069,0.6849315068493150684931506850,48.08219178082191780821918159,0E-27,0E-28,0,0,0,2070,2071,2040,ZBO,1.068493150684931506849315069,0.6849315068493150684931506850,0.1331957215237380371551886003,0.09590091949709138675173579222
48.08219178082191780821918159,0,0.000,48.08219178082191780821918159,1.068493150684931506849315069,0.6849315068493150684931506850,47.01369863013698630136986652,0E-27,0E-28,0,0,0,2071,2072,2040,ZBO,1.068493150684931506849315069,0.6849315068493150684931506850,0.1302683430287108275473822577,0.09379320698067179583411522554
47.01369863013698630136986652,0,0.000,47.01369863013698630136986652,1.068493150684931506849315069,0.6849315068493150684931506850,45.94520547945205479452055145,0E-27,0E-28,0,0,0,2072,2073,2040,ZBO,1.068493150684931506849315069,0.6849315068493150684931506850,0.1273409645336836179395759150,0.09168549446425220491649465880
45.94520547945205479452055145,0,0.000,45.94520547945205479452055145,1.068493150684931506849315069,0.6849315068493150684931506850,44.87671232876712328767123638,0E-27,0E-28,0,0,0,2073,2074,2040,ZBO,1.068493150684931506849315069,0.6849315068493150684931506850,0.1244135860386564083317695724,0.08957778194783261399887409213
44.87671232876712328767123638,0,0.000,44.87671232876712328767123638,1.068493150684931506849315069,0.6849315068493150684931506850,43.80821917808219178082192131,0E-27,0E-28,0,0,0,2074,2075,2040,ZBO,1.068493150684931506849315069,0.6849315068493150684931506850,0.1214862075436291987239632297,0.08747006943141302308125352538
43.80821917808219178082192131,0,0.000,43.80821917808219178082192131,1.068493150684931506849315069,0.6849315068493150684931506850,42.73972602739726027397260624,0E-27,0E-28,0,0,0,2075,2076,2040,ZBO,1.068493150684931506849315069,0.6849315068493150684931506850,0.1185588290486019891161568871,0.08536235691499343216363295871
42.73972602739726027397260624,0,0.000,42.73972602739726027397260624,1.068493150684931506849315069,0.6849315068493150684931506850,41.67123287671232876712329117,0E-27,0E-28,0,0,0,2076,2077,2040,ZBO,1.068493150684931506849315069,0.6849315068493150684931506850,0.1156314505535747795083505444,0.08325464439857384124601239197
41.67123287671232876712329117,0,0.000,41.67123287671232876712329117,1.068493150684931506849315069,0.6849315068493150684931506850,40.60273972602739726027397610,0E-27,0E-28,0,0,0,2077,2078,2040,ZBO,1.068493150684931506849315069,0.6849315068493150684931506850,0.1127040720585475699005442018,0.08114693188215425032839182530
40.60273972602739726027397610,0,0.000,40.60273972602739726027397610,1.068493150684931506849315069,0.6849315068493150684931506850,39.53424657534246575342466103,0E-27,0E-28,0,0,0,2078,2079,2040,ZBO,1.068493150684931506849315069,0.6849315068493150684931506850,0.1097766935635203602927378591,0.07903921936573465941077125855
39.53424657534246575342466103,0,0.000,39.53424657534246575342466103,1.068493150684931506849315069,0.6849315068493150684931506850,38.46575342465753424657534596,0E-27,0E-28,0,0,0,2079,2080,2040,ZBO,1.068493150684931506849315069,0.6849315068493150684931506850,0.1068493150684931506849315164,0.07693150684931506849315069181
38.46575342465753424657534596,0,0.000,38.46575342465753424657534596,1.068493150684931506849315069,0.6849315068493150684931506850,37.39726027397260273972603089,0E-27,0E-28,0,0,0,2080,2081,2040,ZBO,1.068493150684931506849315069,0.6849315068493150684931506850,0.1039219365734659410771251738,0.07482379433289547757553012514
37.39726027397260273972603089,0,0.000,37.39726027397260273972603089,1.068493150684931506849315069,0.6849315068493150684931506850,36.32876712328767123287671582,0E-27,0E-28,0,0,0,2081,2082,2040,ZBO,1.068493150684931506849315069,0.6849315068493150684931506850,0.1009945580784387314693188311,0.07271608181647588665790955839
36.32876712328767123287671582,0,0.000,36.32876712328767123287671582,1.068493150684931506849315069,0.6849315068493150684931506850,35.26027397260273972602740075,0E-27,0E-28,0,0,0,2082,2083,2040,ZBO,1.068493150684931506849315069,0.6849315068493150684931506850,0.09806717958341152186151248845,0.07060836930005629574028899168
35.26027397260273972602740075,0,0.000,35.26027397260273972602740075,1.068493150684931506849315069,0.6849315068493150684931506850,34.19178082191780821917808568,0E-27,0E-28,0,0,0,2083,2084,2040,ZBO,1.068493150684931506849315069,0.6849315068493150684931506850,0.09513980108838431225370614582,0.06850065678363670482266842499
34.19178082191780821917808568,0,0.000,34.19178082191780821917808568,1.068493150684931506849315069,0.6849315068493150684931506850,33.12328767123287671232877061,0E-27,0E-28,0,0,0,2084,2085,2040,ZBO,1.068493150684931506849315069,0.6849315068493150684931506850,0.09221242259335710264589980313,0.06639294426721711390504785825
33.12328767123287671232877061,0,0.000,33.12328767123287671232877061,1.068493150684931506849315069,0.6849315068493150684931506850,32.05479452054794520547945554,0E-27,0E-28,0,0,0,2085,2086,2040,ZBO,1.068493150684931506849315069,0.6849315068493150684931506850,0.08928504409832989303809346050,0.06428523175079752298742729156
32.05479452054794520547945554,0,0.000,32.05479452054794520547945554,1.068493150684931506849315069,0.6849315068493150684931506850,30.98630136986301369863014047,0E-27,0E-28,0,0,0,2086,2087,2040,ZBO,1.068493150684931506849315069,0.6849315068493150684931506850,0.08635766560330268343028711782,0.06217751923437793206980672483
30.98630136986301369863014047,0,0.000,30.98630136986301369863014047,1.068493150684931506849315069,0.6849315068493150684931506850,29.91780821917808219178082540,0E-27,0E-28,0,0,0,2087,2088,2040,ZBO,1.068493150684931506849315069,0.6849315068493150684931506850,0.08343028710827547382248077519,0.06006980671795834115218615814
29.91780821917808219178082540,0,0.000,29.91780821917808219178082540,1.068493150684931506849315069,0.6849315068493150684931506850,28.84931506849315068493151033,0E-27,0E-28,0,0,0,2088,2089,2040,ZBO,1.068493150684931506849315069,0.6849315068493150684931506850,0.08050290861324826421467443250,0.05796209420153875023456559140
28.84931506849315068493151033,0,0.000,28.84931506849315068493151033,1.068493150684931506849315069,0.6849315068493150684931506850,27.78082191780821917808219526,0E-27,0E-28,0,0,0,2089,2090,2040,ZBO,1.068493150684931506849315069,0.6849315068493150684931506850,0.07757553011822105460686808987,0.05585438168511915931694502471
27.78082191780821917808219526,0,0.000,27.78082191780821917808219526,1.068493150684931506849315069,0.6849315068493150684931506850,26.71232876712328767123288019,0E-27,0E-28,0,0,0,2090,2091,2040,ZBO,1.068493150684931506849315069,0.6849315068493150684931506850,0.07464815162319384499906174719,0.05374666916869956839932445798
26.71232876712328767123288019,0,0.000,26.71232876712328767123288019,1.068493150684931506849315069,0.6849315068493150684931506850,25.64383561643835616438356512,0E-27,0E-28,0,0,0,2091,2092,2040,ZBO,1.068493150684931506849315069,0.6849315068493150684931506850,0.07172077312816663539125540456,0.05163895665227997748170389128
25.64383561643835616438356512,0,0.000,25.64383561643835616438356512,1.068493150684931506849315069,0.6849315068493150684931506850,24.57534246575342465753425005,0E-27,0E-28,0,0,0,2092,2093,2040,ZBO,1.068493150684931506849315069,0.6849315068493150684931506850,0.06879339463313942578344906187,0.04953124413586038656408332455
24.57534246575342465753425005,0,0.000,24.57534246575342465753425005,1.068493150684931506849315069,0.6849315068493150684931506850,23.50684931506849315068493498,0E-27,0E-28,0,0,0,2093,2094,2040,ZBO,1.068493150684931506849315069,0.6849315068493150684931506850,0.06586601613811221617564271924,0.04742353161944079564646275785
23.50684931506849315068493498,0,0.000,23.50684931506849315068493498,1.068493150684931506849315069,0.6849315068493150684931506850,22.43835616438356164383561991,0E-27,0E-28,0,0,0,2094,2095,2040,ZBO,1.068493150684931506849315069,0.6849315068493150684931506850,0.06293863764308500656783637655,0.04531581910302120472884219112
22.43835616438356164383561991,0,0.000,22.43835616438356164383561991,1.068493150684931506849315069,0.6849315068493150684931506850,21.36986301369863013698630484,0E-27,0E-28,0,0,0,2095,2096,2040,ZBO,1.068493150684931506849315069,0.6849315068493150684931506850,0.06001125914805779696003003392,0.04320810658660161381122162442
21.36986301369863013698630484,0,0.000,21.36986301369863013698630484,1.068493150684931506849315069,0.6849315068493150684931506850,20.30136986301369863013698977,0E-27,0E-28,0,0,0,2096,2097,2040,ZBO,1.068493150684931506849315069,0.6849315068493150684931506850,0.05708388065303058735222369124,0.04110039407018202289360105769
20.30136986301369863013698977,0,0.000,20.30136986301369863013698977,1.068493150684931506849315069,0.6849315068493150684931506850,19.23287671232876712328767470,0E-27,0E-28,0,0,0,2097,2098,2040,ZBO,1.068493150684931506849315069,0.6849315068493150684931506850,0.05415650215800337774441734861,0.03899268155376243197598049100
19.23287671232876712328767470,0,0.000,19.23287671232876712328767470,0.8013698630136986301369863014,0.5136986301369863013698630138,18.43150684931506849315068840,0E-28,0E-28,0,0,0,2098,8395/4,2040,ZBO,0.8013698630136986301369863014,0.5136986301369863013698630138,0.03869628448114092700319009908,0.02786132482642146744229687134
18.43150684931506849315068840,26.67627974044700793078586878,0.3201153568853640951694304254,44.78767123287671232876712675,0.2671232876712328767123287671,0.1712328767123287671232876712,44.52054794520547945205479798,0E-28,0E-28,26.67627974044700793078586878,0E-26,0,8395/4,2099,2040,ZBO,0.2671232876712328767123287671,0.1712328767123287671232876712,0.03058500656783636704822668655,0.02202120472884218427472321432
44.52054794520547945205479798,0,0.000,44.52054794520547945205479798,1.068493150684931506849315069,0.6849315068493150684931506850,43.45205479452054794520548291,0E-27,0E-28,0,0,0,2099,2100,2040,ZBO,1.068493150684931506849315069,0.6849315068493150684931506850,0.1205104147119534621880277820,0.08676749859260649277538000304
43.45205479452054794520548291,0,0.000,43.45205479452054794520548291,1.068493150684931506849315069,0.6849315068493150684931506850,42.38356164383561643835616784,0E-27,0E-28,0,0,0,2100,2101,2040,ZBO,1.068493150684931506849315069,0.6849315068493150684931506850,0.1175830362169262525802214394,0.08465978607618690185775943637
42.38356164383561643835616784,0,0.000,42.38356164383561643835616784,1.068493150684931506849315069,0.6849315068493150684931506850,41.31506849315068493150685277,0E-27,0E-28,0,0,0,2101,2102,2040,ZBO,1.068493150684931506849315069,0.6849315068493150684931506850,0.1146556577218990429724150967,0.08255207355976731094013886962
41.31506849315068493150685277,0,0.000,41.31506849315068493150685277,1.068493150684931506849315069,0.6849315068493150684931506850,40.24657534246575342465753770,0E-27,0E-28,0,0,0,2102,2103,2040,ZBO,1.068493150684931506849315069,0.6849315068493150684931506850,0.1117282792268718333646087541,0.08044436104334772002251830295
40.24657534246575342465753770,0,0.000,40.24657534246575342465753770,1.068493150684931506849315069,0.6849315068493150684931506850,39.17808219178082191780822263,0E-27,0E-28,0,0,0,2103,2104,2040,ZBO,1.068493150684931506849315069,0.6849315068493150684931506850,0.1088009007318446237568024114,0.07833664852692812910489773621
39.17808219178082191780822263,0,0.000,39.17808219178082191780822263,1.068493150684931506849315069,0.6849315068493150684931506850,38.10958904109589041095890756,0E-27,0E-28,0,0,0,2104,2105,2040,ZBO,1.068493150684931506849315069,0.6849315068493150684931506850,0.1058735222368174141489960688,0.07622893601050853818727716954
38.10958904109589041095890756,0,0.000,38.10958904109589041095890756,1.068493150684931506849315069,0.6849315068493150684931506850,37.04109589041095890410959249,0E-27,0E-28,0,0,0,2105,2106,2040,ZBO,1.068493150684931506849315069,0.6849315068493150684931506850,0.1029461437417902045411897261,0.07412122349408894726965660279
37.04109589041095890410959249,0,0.000,37.04109589041095890410959249,1.068493150684931506849315069,0.6849315068493150684931506850,35.97260273972602739726027742,0E-27,0E-28,0,0,0,2106,2107,2040,ZBO,1.068493150684931506849315069,0.6849315068493150684931506850,0.1000187652467629949333833835,0.07201351097766935635203603612
35.97260273972602739726027742,0,0.000,35.97260273972602739726027742,1.068493150684931506849315069,0.6849315068493150684931506850,34.90410958904109589041096235,0E-27,0E-28,0,0,0,2107,2108,2040,ZBO,1.068493150684931506849315069,0.6849315068493150684931506850,0.09709138675173578532557704078,0.06990579846124976543441546936
34.90410958904109589041096235,0,0.000,34.90410958904109589041096235,1.068493150684931506849315069,0.6849315068493150684931506850,33.83561643835616438356164728,0E-27,0E-28,0,0,0,2108,2109,2040,ZBO,1.068493150684931506849315069,0.6849315068493150684931506850,0.09416400825670857571777069815,0.06779808594483017451679490267
33.83561643835616438356164728,0,0.000,33.83561643835616438356164728,1.068493150684931506849315069,0.6849315068493150684931506850,32.76712328767123287671233221,0E-27,0E-28,0,0,0,2109,2110,2040,ZBO,1.068493150684931506849315069,0.6849315068493150684931506850,0.09123662976168136610996435546,0.06569037342841058359917433593
32.76712328767123287671233221,0,0.000,32.76712328767123287671233221,1.068493150684931506849315069,0.6849315068493150684931506850,31.69863013698630136986301714,0E-27,0E-28,0,0,0,2110,2111,2040,ZBO,1.068493150684931506849315069,0.6849315068493150684931506850,0.08830925126665415650215801283,0.06358266091199099268155376924
31.69863013698630136986301714,0,0.000,31.69863013698630136986301714,1.068493150684931506849315069,0.6849315068493150684931506850,30.63013698630136986301370207,0E-27,0E-28,0,0,0,2111,2112,2040,ZBO,1.068493150684931506849315069,0.6849315068493150684931506850,0.08538187277162694689435167015,0.06147494839557140176393320251
30.63013698630136986301370207,0,0.000,30.63013698630136986301370207,1.068493150684931506849315069,0.6849315068493150684931506850,29.56164383561643835616438700,0E-27,0E-28,0,0,0,2112,2113,2040,ZBO,1.068493150684931506849315069,0.6849315068493150684931506850,0.08245449427659973728654532752,0.05936723587915181084631263581
29.56164383561643835616438700,0,0.000,29.56164383561643835616438700,1.068493150684931506849315069,0.6849315068493150684931506850,28.49315068493150684931507193,0E-27,0E-28,0,0,0,2113,2114,2040,ZBO,1.068493150684931506849315069,0.6849315068493150684931506850,0.07952711578157252767873898483,0.05725952336273221992869206908
28.49315068493150684931507193,0,0.000,28.49315068493150684931507193,1.068493150684931506849315069,0.6849315068493150684931506850,27.42465753424657534246575686,0E-27,0E-28,0,0,0,2114,2115,2040,ZBO,1.068493150684931506849315069,0.6849315068493150684931506850,0.07659973728654531807093264220,0.05515181084631262901107150238
27.42465753424657534246575686,0,0.000,27.42465753424657534246575686,1.068493150684931506849315069,0.6849315068493150684931506850,26.35616438356164383561644179,0E-27,0E-28,0,0,0,2115,2116,2040,ZBO,1.068493150684931506849315069,0.6849315068493150684931506850,0.07367235879151810846312629951,0.05304409832989303809345093565
26.35616438356164383561644179,0,0.000,26.35616438356164383561644179,1.068493150684931506849315069,0.6849315068493150684931506850,25.28767123287671232876712672,0E-27,0E-28,0,0,0,2116,2117,2040,ZBO,1.068493150684931506849315069,0.6849315068493150684931506850,0.07074498029649089885531995688,0.05093638581347344717583036895
25.28767123287671232876712672,0,0.000,25.28767123287671232876712672,1.068493150684931506849315069,0.6849315068493150684931506850,24.21917808219178082191781165,0E-27,0E-28,0,0,0,2117,2118,2040,ZBO,1.068493150684931506849315069,0.6849315068493150684931506850,0.06781760180146368924751361420,0.04882867329705385625820980222
24.21917808219178082191781165,0,0.000,24.21917808219178082191781165,1.068493150684931506849315069,0.6849315068493150684931506850,23.15068493150684931506849658,0E-27,0E-28,0,0,0,2118,2119,2040,ZBO,1.068493150684931506849315069,0.6849315068493150684931506850,0.06489022330643647963970727157,0.04672096078063426534058923553
23.15068493150684931506849658,0,0.000,23.15068493150684931506849658,1.068493150684931506849315069,0.6849315068493150684931506850,22.08219178082191780821918151,0E-27,0E-28,0,0,0,2119,2120,2040,ZBO,1.068493150684931506849315069,0.6849315068493150684931506850,0.06196284481140927003190092888,0.04461324826421467442296866879
22.08219178082191780821918151,0,0.000,22.08219178082191780821918151,1.068493150684931506849315069,0.6849315068493150684931506850,21.01369863013698630136986644,0E-27,0E-28,0,0,0,2120,2121,2040,ZBO,1.068493150684931506849315069,0.6849315068493150684931506850,0.05903546631638206042409458625,0.04250553574779508350534810210
21.01369863013698630136986644,0,0.000,21.01369863013698630136986644,1.068493150684931506849315069,0.6849315068493150684931506850,19.94520547945205479452055137,0E-27,0E-28,0,0,0,2121,2122,2040,ZBO,1.068493150684931506849315069,0.6849315068493150684931506850,0.05610808782135485081628824357,0.04039782323137549258772753537
19.94520547945205479452055137,0,0.000,19.94520547945205479452055137,1.068493150684931506849315069,0.6849315068493150684931506850,18.87671232876712328767123630,0E-27,0E-28,0,0,0,2122,2123,2040,ZBO,1.068493150684931506849315069,0.6849315068493150684931506850,0.05318070932632764120848190094,0.03829011071495590167010696868
18.87671232876712328767123630,0,0.000,18.87671232876712328767123630,1.068493150684931506849315069,0.6849315068493150684931506850,17.80821917808219178082192123,0E-27,0E-28,0,0,0,2123,2124,2040,ZBO,1.068493150684931506849315069,0.6849315068493150684931506850,0.05025333083130043160067555825,0.03618239819853631075248640194
17.80821917808219178082192123,0,0.000,17.80821917808219178082192123,1.068493150684931506849315069,0.6849315068493150684931506850,16.73972602739726027397260616,0E-27,0E-28,0,0,0,2124,2125,2040,ZBO,1.068493150684931506849315069,0.6849315068493150684931506850,0.04732595233627322199286921562,0.03407468568211671983486583525
16.73972602739726027397260616,0,0.000,16.73972602739726027397260616,1.068493150684931506849315069,0.6849315068493150684931506850,15.67123287671232876712329109,0E-27,0E-28,0,0,0,2125,2126,2040,ZBO,1.068493150684931506849315069,0.6849315068493150684931506850,0.04439857384124601238506287294,0.03196697316569712891724526852
15.67123287671232876712329109,0,0.000,15.67123287671232876712329109,1.068493150684931506849315069,0.6849315068493150684931506850,14.60273972602739726027397602,0E-27,0E-28,0,0,0,2126,2127,2040,ZBO,1.068493150684931506849315069,0.6849315068493150684931506850,0.04147119534621880277725653031,0.02985926064927753799962470182
14.60273972602739726027397602,0,0.000,14.60273972602739726027397602,1.068493150684931506849315069,0.6849315068493150684931506850,13.53424657534246575342466095,0E-27,0E-28,0,0,0,2127,2128,2040,ZBO,1.068493150684931506849315069,0.6849315068493150684931506850,0.03854381685119159316945018762,0.02775154813285794708200413509
13.53424657534246575342466095,0,0.000,13.53424657534246575342466095,1.068493150684931506849315069,0.6849315068493150684931506850,12.46575342465753424657534588,0E-27,0E-28,0,0,0,2128,2129,2040,ZBO,1.068493150684931506849315069,0.6849315068493150684931506850,0.03561643835616438356164384499,0.02564383561643835616438356839
12.46575342465753424657534588,0,0.000,12.46575342465753424657534588,0.1780821917808219178082191781,0.1141552511415525114155251142,12.28767123287671232876712670,0E-28,0E-28,0,0,0,2129,12775/6,2040,ZBO,0.1780821917808219178082191781,0.1141552511415525114155251142,0.005651466816788640770626135293,0.004069056108087821354850817411
12.28767123287671232876712670,26.67627974044700793078586878,0.3201153568853640951694304254,38.64383561643835616438356505,0.8904109589041095890410958904,0.5707762557077625570776255708,37.75342465753424657534246916,0E-28,0E-28,26.67627974044700793078586878,0E-26,0,12775/6,2130,2040,ZBO,0.8904109589041095890410958904,0.5707762557077625570776255708,0.08721148433101895289923063264,0.06279226871833364608744605550
37.75342465753424657534246916,0,0.000,37.75342465753424657534246916,1.068493150684931506849315069,0.6849315068493150684931506850,36.68493150684931506849315409,0E-27,0E-28,0,0,0,2130,2131,2040,ZBO,1.068493150684931506849315069,0.6849315068493150684931506850,0.1019703509101144680052542784,0.07341865265528241696378308045
36.68493150684931506849315409,0,0.000,36.68493150684931506849315409,1.068493150684931506849315069,0.6849315068493150684931506850,35.61643835616438356164383902,0E-27,0E-28,0,0,0,2131,2132,2040,ZBO,1.068493150684931506849315069,0.6849315068493150684931506850,0.09904297241508725839744793579,0.07131094013886282604616251377
35.61643835616438356164383902,0,0.000,35.61643835616438356164383902,1.068493150684931506849315069,0.6849315068493150684931506850,34.54794520547945205479452395,0E-27,0E-28,0,0,0,2132,2133,2040,ZBO,1.068493150684931506849315069,0.6849315068493150684931506850,0.09611559392006004878964159311,0.06920322762244323512854194704
34.54794520547945205479452395,0,0.000,34.54794520547945205479452395,1.068493150684931506849315069,0.6849315068493150684931506850,33.47945205479452054794520888,0E-27,0E-28,0,0,0,2133,2134,2040,ZBO,1.068493150684931506849315069,0.6849315068493150684931506850,0.09318821542503283918183525048,0.06709551510602364421092138035
33.47945205479452054794520888,0,0.000,33.47945205479452054794520888,1.068493150684931506849315069,0.6849315068493150684931506850,32.41095890410958904109589381,0E-27,0E-28,0,0,0,2134,2135,2040,ZBO,1.068493150684931506849315069,0.6849315068493150684931506850,0.09026083693000562957402890779,0.06498780258960405329330081361
32.41095890410958904109589381,0,0.000,32.41095890410958904109589381,1.068493150684931506849315069,0.6849315068493150684931506850,31.34246575342465753424657874,0E-27,0E-28,0,0,0,2135,2136,2040,ZBO,1.068493150684931506849315069,0.6849315068493150684931506850,0.08733345843497841996622256516,0.06288009007318446237568024692
31.34246575342465753424657874,0,0.000,31.34246575342465753424657874,1.068493150684931506849315069,0.6849315068493150684931506850,30.27397260273972602739726367,0E-27,0E-28,0,0,0,2136,2137,2040,ZBO,1.068493150684931506849315069,0.6849315068493150684931506850,0.08440607993995121035841622247,0.06077237755676487145805968018
30.27397260273972602739726367,0,0.000,30.27397260273972602739726367,1.068493150684931506849315069,0.6849315068493150684931506850,29.20547945205479452054794860,0E-27,0E-28,0,0,0,2137,2138,2040,ZBO,1.068493150684931506849315069,0.6849315068493150684931506850,0.08147870144492400075060987984,0.05866466504034528054043911348
29.20547945205479452054794860,0,0.000,29.20547945205479452054794860,1.068493150684931506849315069,0.6849315068493150684931506850,28.13698630136986301369863353,0E-27,0E-28,0,0,0,2138,2139,2040,ZBO,1.068493150684931506849315069,0.6849315068493150684931506850,0.07855132294989679114280353716,0.05655695252392568962281854676
28.13698630136986301369863353,0,0.000,28.13698630136986301369863353,1.068493150684931506849315069,0.6849315068493150684931506850,27.06849315068493150684931846,0E-27,0E-28,0,0,0,2139,2140,2040,ZBO,1.068493150684931506849315069,0.6849315068493150684931506850,0.07562394445486958153499719453,0.05444924000750609870519798006
27.06849315068493150684931846,0,0.000,27.06849315068493150684931846,1.068493150684931506849315069,0.6849315068493150684931506850,26.00000000000000000000000339,0E-27,0E-28,0,0,0,2140,2141,2040,ZBO,1.068493150684931506849315069,0.6849315068493150684931506850,0.07269656595984237192719085184,0.05234152749108650778757741332
26.00000000000000000000000339,0,0.000,26.00000000000000000000000339,1.068493150684931506849315069,0.6849315068493150684931506850,24.93150684931506849315068832,0E-27,0E-28,0,0,0,2141,2142,2040,ZBO,1.068493150684931506849315069,0.6849315068493150684931506850,0.06976918746481516231938450921,0.05023381497466691686995684663
24.93150684931506849315068832,0,0.000,24.93150684931506849315068832,1.068493150684931506849315069,0.6849315068493150684931506850,23.86301369863013698630137325,0E-27,0E-28,0,0,0,2142,2143,2040,ZBO,1.068493150684931506849315069,0.6849315068493150684931506850,0.06684180896978795271157816653,0.04812610245824732595233627990
23.86301369863013698630137325,0,0.000,23.86301369863013698630137325,1.068493150684931506849315069,0.6849315068493150684931506850,22.79452054794520547945205818,0E-27,0E-28,0,0,0,2143,2144,2040,ZBO,1.068493150684931506849315069,0.6849315068493150684931506850,0.06391443047476074310377182390,0.04601838994182773503471571321
22.79452054794520547945205818,0,0.000,22.79452054794520547945205818,1.068493150684931506849315069,0.6849315068493150684931506850,21.72602739726027397260274311,0E-27,0E-28,0,0,0,2144,2145,2040,ZBO,1.068493150684931506849315069,0.6849315068493150684931506850,0.06098705197973353349596548121,0.04391067742540814411709514647
21.72602739726027397260274311,0,0.000,21.72602739726027397260274311,1.068493150684931506849315069,0.6849315068493150684931506850,20.65753424657534246575342804,0E-27,0E-28,0,0,0,2145,2146,2040,ZBO,1.068493150684931506849315069,0.6849315068493150684931506850,0.05805967348470632388815913858,0.04180296490898855319947457978
20.65753424657534246575342804,0,0.000,20.65753424657534246575342804,1.068493150684931506849315069,0.6849315068493150684931506850,19.58904109589041095890411297,0E-27,0E-28,0,0,0,2146,2147,2040,ZBO,1.068493150684931506849315069,0.6849315068493150684931506850,0.05513229498967911428035279590,0.03969525239256896228185401305
19.58904109589041095890411297,0,0.000,19.58904109589041095890411297,1.068493150684931506849315069,0.6849315068493150684931506850,18.52054794520547945205479790,0E-27,0E-28,0,0,0,2147,2148,2040,ZBO,1.068493150684931506849315069,0.6849315068493150684931506850,0.05220491649465190467254645327,0.03758753987614937136423344635
18.52054794520547945205479790,0,0.000,18.52054794520547945205479790,1.068493150684931506849315069,0.6849315068493150684931506850,17.45205479452054794520548283,0E-27,0E-28,0,0,0,2148,2149,2040,ZBO,1.068493150684931506849315069,0.6849315068493150684931506850,0.04927753799962469506474011058,0.03547982735972978044661287962
17.45205479452054794520548283,0,0.000,17.45205479452054794520548283,1.068493150684931506849315069,0.6849315068493150684931506850,16.38356164383561643835616776,0E-27,0E-28,0,0,0,2149,2150,2040,ZBO,1.068493150684931506849315069,0.6849315068493150684931506850,0.04635015950459748545693376795,0.03337211484331018952899231292
16.38356164383561643835616776,0,0.000,16.38356164383561643835616776,1.068493150684931506849315069,0.6849315068493150684931506850,15.31506849315068493150685269,0E-27,0E-28,0,0,0,2150,2151,2040,ZBO,1.068493150684931506849315069,0.6849315068493150684931506850,0.04342278100957027584912742526,0.03126440232689059861137174619
15.31506849315068493150685269,0,0.000,15.31506849315068493150685269,1.068493150684931506849315069,0.6849315068493150684931506850,14.24657534246575342465753762,0E-27,0E-28,0,0,0,2151,2152,2040,ZBO,1.068493150684931506849315069,0.6849315068493150684931506850,0.04049540251454306624132108263,0.02915668981047100769375117949
14.24657534246575342465753762,0,0.000,14.24657534246575342465753762,1.068493150684931506849315069,0.6849315068493150684931506850,13.17808219178082191780822255,0E-27,0E-28,0,0,0,2152,2153,2040,ZBO,1.068493150684931506849315069,0.6849315068493150684931506850,0.03756802401951585663351473995,0.02704897729405141677613061276
13.17808219178082191780822255,0,0.000,13.17808219178082191780822255,1.068493150684931506849315069,0.6849315068493150684931506850,12.10958904109589041095890748,0E-27,0E-28,0,0,0,2153,2154,2040,ZBO,1.068493150684931506849315069,0.6849315068493150684931506850,0.03464064552448864702570839732,0.02494126477763182585851004607
12.10958904109589041095890748,0,0.000,12.10958904109589041095890748,1.068493150684931506849315069,0.6849315068493150684931506850,11.04109589041095890410959241,0E-27,0E-28,0,0,0,2154,2155,2040,ZBO,1.068493150684931506849315069,0.6849315068493150684931506850,0.03171326702946143741790205463,0.02283355226121223494088947933
11.04109589041095890410959241,0,0.000,11.04109589041095890410959241,1.068493150684931506849315069,0.6849315068493150684931506850,9.972602739726027397260277341,0E-27,0E-28,0,0,0,2155,2156,2040,ZBO,1.068493150684931506849315069,0.6849315068493150684931506850,0.02878588853443422781009571200,0.02072583974479264402326891264
9.972602739726027397260277341,0,0.000,9.972602739726027397260277341,1.068493150684931506849315069,0.6849315068493150684931506850,8.904109589041095890410962272,0E-27,0E-28,0,0,0,2156,2157,2040,ZBO,1.068493150684931506849315069,0.6849315068493150684931506850,0.02585851003940701820228936933,0.01861812722837305310564834592
8.904109589041095890410962272,0,0.000,8.904109589041095890410962272,1.068493150684931506849315069,0.6849315068493150684931506850,7.835616438356164383561647203,0E-27,0E-28,0,0,0,2157,2158,2040,ZBO,1.068493150684931506849315069,0.6849315068493150684931506850,0.02293113154437980859448302669,0.01651041471195346218802777922
7.835616438356164383561647203,0,0.000,7.835616438356164383561647203,1.068493150684931506849315069,0.6849315068493150684931506850,6.767123287671232876712332134,0E-27,0E-28,0,0,0,2158,2159,2040,ZBO,1.068493150684931506849315069,0.6849315068493150684931506850,0.02000375304935259898667668403,0.01440270219553387127040721250
6.767123287671232876712332134,0,0.000,6.767123287671232876712332134,0.6232876712328767123287671232,0.3995433789954337899543378995,6.143835616438356164383565011,0E-28,0E-28,0,0,0,2159,25915/12,2040,ZBO,0.6232876712328767123287671232,0.3995433789954337899543378995,0.01031697629323825608306749771,0.007428222931131544379808598351
6.143835616438356164383565011,26.67627974044700793078586902,0.3201153568853640951694304282,32.50000000000000000000000360,0.4452054794520547945205479454,0.2853881278538812785388127855,32.05479452054794520547945565,0E-28,0E-28,26.67627974044700793078586902,0E-26,0,25915/12,2160,2040,ZBO,0.4452054794520547945205479454,0.2853881278538812785388127855,0.03684634390442234315381247675,0.02652936761118408707074498326
32.05479452054794520547945565,0,0.000,32.05479452054794520547945565,1.068493150684931506849315069,0.6849315068493150684931506850,30.98630136986301369863014058,0E-27,0E-28,0,0,0,2160,2161,2040,ZBO,1.068493150684931506849315069,0.6849315068493150684931506850,0.08635766560330268343028711815,0.06217751923437793206980672507
30.98630136986301369863014058,0,0.000,30.98630136986301369863014058,1.068493150684931506849315069,0.6849315068493150684931506850,29.91780821917808219178082551,0E-27,0E-28,0,0,0,2161,2162,2040,ZBO,1.068493150684931506849315069,0.6849315068493150684931506850,0.08343028710827547382248077546,0.06006980671795834115218615833
29.91780821917808219178082551,0,0.000,29.91780821917808219178082551,1.068493150684931506849315069,0.6849315068493150684931506850,28.84931506849315068493151044,0E-27,0E-28,0,0,0,2162,2163,2040,ZBO,1.068493150684931506849315069,0.6849315068493150684931506850,0.08050290861324826421467443283,0.05796209420153875023456559164
28.84931506849315068493151044,0,0.000,28.84931506849315068493151044,1.068493150684931506849315069,0.6849315068493150684931506850,27.78082191780821917808219537,0E-27,0E-28,0,0,0,2163,2164,2040,ZBO,1.068493150684931506849315069,0.6849315068493150684931506850,0.07757553011822105460686809014,0.05585438168511915931694502490
27.78082191780821917808219537,0,0.000,27.78082191780821917808219537,1.068493150684931506849315069,0.6849315068493150684931506850,26.71232876712328767123288030,0E-27,0E-28,0,0,0,2164,2165,2040,ZBO,1.068493150684931506849315069,0.6849315068493150684931506850,0.07464815162319384499906174751,0.05374666916869956839932445821
26.71232876712328767123288030,0,0.000,26.71232876712328767123288030,1.068493150684931506849315069,0.6849315068493150684931506850,25.64383561643835616438356523,0E-27,0E-28,0,0,0,2165,2166,2040,ZBO,1.068493150684931506849315069,0.6849315068493150684931506850,0.07172077312816663539125540483,0.05163895665227997748170389148
25.64383561643835616438356523,0,0.000,25.64383561643835616438356523,1.068493150684931506849315069,0.6849315068493150684931506850,24.57534246575342465753425016,0E-27,0E-28,0,0,0,2166,2167,2040,ZBO,1.068493150684931506849315069,0.6849315068493150684931506850,0.06879339463313942578344906220,0.04953124413586038656408332478
24.57534246575342465753425016,0,0.000,24.57534246575342465753425016,1.068493150684931506849315069,0.6849315068493150684931506850,23.50684931506849315068493509,0E-27,0E-28,0,0,0,2167,2168,2040,ZBO,1.068493150684931506849315069,0.6849315068493150684931506850,0.06586601613811221617564271951,0.04742353161944079564646275805
23.50684931506849315068493509,0,0.000,23.50684931506849315068493509,1.068493150684931506849315069,0.6849315068493150684931506850,22.43835616438356164383562002,0E-27,0E-28,0,0,0,2168,2169,2040,ZBO,1.068493150684931506849315069,0.6849315068493150684931506850,0.06293863764308500656783637688,0.04531581910302120472884219135
22.43835616438356164383562002,0,0.000,22.43835616438356164383562002,1.068493150684931506849315069,0.6849315068493150684931506850,21.36986301369863013698630495,0E-27,0E-28,0,0,0,2169,2170,2040,ZBO,1.068493150684931506849315069,0.6849315068493150684931506850,0.06001125914805779696003003420,0.04320810658660161381122162462
21.36986301369863013698630495,0,0.000,21.36986301369863013698630495,1.068493150684931506849315069,0.6849315068493150684931506850,20.30136986301369863013698988,0E-27,0E-28,0,0,0,2170,2171,2040,ZBO,1.068493150684931506849315069,0.6849315068493150684931506850,0.05708388065303058735222369157,0.04110039407018202289360105793
20.30136986301369863013698988,0,0.000,20.30136986301369863013698988,1.068493150684931506849315069,0.6849315068493150684931506850,19.23287671232876712328767481,0E-27,0E-28,0,0,0,2171,2172,2040,ZBO,1.068493150684931506849315069,0.6849315068493150684931506850,0.05415650215800337774441734888,0.03899268155376243197598049119
19.23287671232876712328767481,0,0.000,19.23287671232876712328767481,1.068493150684931506849315069,0.6849315068493150684931506850,18.16438356164383561643835974,0E-27,0E-28,0,0,0,2172,2173,2040,ZBO,1.068493150684931506849315069,0.6849315068493150684931506850,0.05122912366297616813661100625,0.03688496903734284105835992450
18.16438356164383561643835974,0,0.000,18.16438356164383561643835974,1.068493150684931506849315069,0.6849315068493150684931506850,17.09589041095890410958904467,0E-27,0E-28,0,0,0,2173,2174,2040,ZBO,1.068493150684931506849315069,0.6849315068493150684931506850,0.04830174516794895852880466357,0.03477725652092325014073935777
17.09589041095890410958904467,0,0.000,17.09589041095890410958904467,1.068493150684931506849315069,0.6849315068493150684931506850,16.02739726027397260273972960,0E-27,0E-28,0,0,0,2174,2175,2040,ZBO,1.068493150684931506849315069,0.6849315068493150684931506850,0.04537436667292174892099832094,0.03266954400450365922311879108
16.02739726027397260273972960,0,0.000,16.02739726027397260273972960,1.068493150684931506849315069,0.6849315068493150684931506850,14.95890410958904109589041453,0E-27,0E-28,0,0,0,2175,2176,2040,ZBO,1.068493150684931506849315069,0.6849315068493150684931506850,0.04244698817789453931319197825,0.03056183148808406830549822434
14.95890410958904109589041453,0,0.000,14.95890410958904109589041453,1.068493150684931506849315069,0.6849315068493150684931506850,13.89041095890410958904109946,0E-27,0E-28,0,0,0,2176,2177,2040,ZBO,1.068493150684931506849315069,0.6849315068493150684931506850,0.03951960968286732970538563562,0.02845411897166447738787765765
13.89041095890410958904109946,0,0.000,13.89041095890410958904109946,1.068493150684931506849315069,0.6849315068493150684931506850,12.82191780821917808219178439,0E-27,0E-28,0,0,0,2177,2178,2040,ZBO,1.068493150684931506849315069,0.6849315068493150684931506850,0.03659223118784012009757929294,0.02634640645524488647025709092
12.82191780821917808219178439,0,0.000,12.82191780821917808219178439,1.068493150684931506849315069,0.6849315068493150684931506850,11.75342465753424657534246932,0E-27,0E-28,0,0,0,2178,2179,2040,ZBO,1.068493150684931506849315069,0.6849315068493150684931506850,0.03366485269281291048977295030,0.02423869393882529555263652422
11.75342465753424657534246932,0,0.000,11.75342465753424657534246932,1.068493150684931506849315069,0.6849315068493150684931506850,10.68493150684931506849315425,0E-27,0E-28,0,0,0,2179,2180,2040,ZBO,1.068493150684931506849315069,0.6849315068493150684931506850,0.03073747419778570088196660762,0.02213098142240570463501595749
10.68493150684931506849315425,0,0.000,10.68493150684931506849315425,1.068493150684931506849315069,0.6849315068493150684931506850,9.616438356164383561643839181,0E-27,0E-28,0,0,0,2180,2181,2040,ZBO,1.068493150684931506849315069,0.6849315068493150684931506850,0.02781009570275849127416026499,0.02002326890598611371739539079
9.616438356164383561643839181,0,0.000,9.616438356164383561643839181,1.068493150684931506849315069,0.6849315068493150684931506850,8.547945205479452054794524112,0E-27,0E-28,0,0,0,2181,2182,2040,ZBO,1.068493150684931506849315069,0.6849315068493150684931506850,0.02488271720773128166635392232,0.01791555638956652279977482407
8.547945205479452054794524112,0,0.000,8.547945205479452054794524112,1.068493150684931506849315069,0.6849315068493150684931506850,7.479452054794520547945209043,0E-27,0E-28,0,0,0,2182,2183,2040,ZBO,1.068493150684931506849315069,0.6849315068493150684931506850,0.02195533871270407205854757967,0.01580784387314693188215425736
7.479452054794520547945209043,0,0.000,7.479452054794520547945209043,1.068493150684931506849315069,0.6849315068493150684931506850,6.410958904109589041095893974,0E-27,0E-28,0,0,0,2183,2184,2040,ZBO,1.068493150684931506849315069,0.6849315068493150684931506850,0.01902796021767686245074123702,0.01370013135672734096453369065
6.410958904109589041095893974,0,0.000,6.410958904109589041095893974,1.068493150684931506849315069,0.6849315068493150684931506850,5.342465753424657534246578905,0E-27,0E-28,0,0,0,2184,2185,2040,ZBO,1.068493150684931506849315069,0.6849315068493150684931506850,0.01610058172264965284293489436,0.01159241884030775004691312394
5.342465753424657534246578905,0,0.000,5.342465753424657534246578905,1.068493150684931506849315069,0.6849315068493150684931506850,4.273972602739726027397263836,0E-27,0E-28,0,0,0,2185,2186,2040,ZBO,1.068493150684931506849315069,0.6849315068493150684931506850,0.01317320322762244323512855170,0.009484706323888159129292557224
4.273972602739726027397263836,0,0.000,4.273972602739726027397263836,1.068493150684931506849315069,0.6849315068493150684931506850,3.205479452054794520547948767,0E-27,0E-28,0,0,0,2186,2187,2040,ZBO,1.068493150684931506849315069,0.6849315068493150684931506850,0.01024582473259523362732220905,0.007376993807468568211671990516
3.205479452054794520547948767,0,0.000,3.205479452054794520547948767,1.068493150684931506849315069,0.6849315068493150684931506850,2.136986301369863013698633698,0E-27,0E-28,0,0,0,2187,2188,2040,ZBO,1.068493150684931506849315069,0.6849315068493150684931506850,0.007318446237568024019515866390,0.005269281291048977294051423801
2.136986301369863013698633698,0,0.000,2.136986301369863013698633698,1.068493150684931506849315069,0.6849315068493150684931506850,1.068493150684931506849318629,0E-27,0E-28,0,0,0,2188,2189,2040,ZBO,1.068493150684931506849315069,0.6849315068493150684931506850,0.004391067742540814411709523737,0.003161568774629386376430857091
1.068493150684931506849318629,0,0.000,1.068493150684931506849318629,1.068493150684931506849315069,0.6849315068493150684931506850,3.560E-24,0E-27,0E-28,0,0,0,2189,2190,2040,ZBO,1.068493150684931506849315069,0.6849315068493150684931506850,0.001463689247513604803903181081,0.001053856258209795458810290378
