opening_t,gross_t,losses_t,after_inflow_t,served_t,served_critical_t,closing_t,shortage_t,shortage_critical_t,offered_gross_t,rejected_gross_t,curtailed_inventory_t,at,until,year,storage_id,demand_t,critical_demand_t,inventory_t_year,holding_mln
0,0,0.000,0.000,0.000,0.000,0.000,0E-30,0E-30,0,0,0,-365,-364,2034,BASE,0E-30,0E-30,0E-33,0E-35
0.000,0,0.000,0.000,0.000,0.000,0.000,0E-30,0E-30,0,0,0,-364,-363,2034,BASE,0E-30,0E-30,0E-33,0E-35
0.000,0,0.000,0.000,0.000,0.000,0.000,0E-30,0E-30,0,0,0,-363,-362,2034,BASE,0E-30,0E-30,0E-33,0E-35
0.000,0,0.000,0.000,0.000,0.000,0.000,0E-30,0E-30,0,0,0,-362,-361,2034,BASE,0E-30,0E-30,0E-33,0E-35
0.000,0,0.000,0.000,0.000,0.000,0.000,0E-30,0E-30,0,0,0,-361,-360,2034,BASE,0E-30,0E-30,0E-33,0E-35
0.000,0,0.000,0.000,0.000,0.000,0.000,0E-30,0E-30,0,0,0,-360,-359,2034,BASE,0E-30,0E-30,0E-33,0E-35
0.000,0,0.000,0.000,0.000,0.000,0.000,0E-30,0E-30,0,0,0,-359,-358,2034,BASE,0E-30,0E-30,0E-33,0E-35
0.000,0,0.000,0.000,0.000,0.000,0.000,0E-30,0E-30,0,0,0,-358,-357,2034,BASE,0E-30,0E-30,0E-33,0E-35
0.000,0,0.000,0.000,0.000,0.000,0.000,0E-30,0E-30,0,0,0,-357,-356,2034,BASE,0E-30,0E-30,0E-33,0E-35
0.000,0,0.000,0.000,0.000,0.000,0.000,0E-30,0E-30,0,0,0,-356,-355,2034,BASE,0E-30,0E-30,0E-33,0E-35
0.000,0,0.000,0.000,0.000,0.000,0.000,0E-30,0E-30,0,0,0,-355,-354,2034,BASE,0E-30,0E-30,0E-33,0E-35
0.000,0,0.000,0.000,0.000,0.000,0.000,0E-30,0E-30,0,0,0,-354,-353,2034,BASE,0E-30,0E-30,0E-33,0E-35
0.000,0,0.000,0.000,0.000,0.000,0.000,0E-30,0E-30,0,0,0,-353,-352,2034,BASE,0E-30,0E-30,0E-33,0E-35
0.000,0,0.000,0.000,0.000,0.000,0.000,0E-30,0E-30,0,0,0,-352,-351,2034,BASE,0E-30,0E-30,0E-33,0E-35
0.000,0,0.000,0.000,0.000,0.000,0.000,0E-30,0E-30,0,0,0,-351,-350,2034,BASE,0E-30,0E-30,0E-33,0E-35
0.000,0,0.000,0.000,0.000,0.000,0.000,0E-30,0E-30,0,0,0,-350,-349,2034,BASE,0E-30,0E-30,0E-33,0E-35
0.000,0,0.000,0.000,0.000,0.000,0.000,0E-30,0E-30,0,0,0,-349,-348,2034,BASE,0E-30,0E-30,0E-33,0E-35
0.000,0,0.000,0.000,0.000,0.000,0.000,0E-30,0E-30,0,0,0,-348,-347,2034,BASE,0E-30,0E-30,0E-33,0E-35
0.000,0,0.000,0.000,0.000,0.000,0.000,0E-30,0E-30,0,0,0,-347,-346,2034,BASE,0E-30,0E-30,0E-33,0E-35
0.000,0,0.000,0.000,0.000,0.000,0.000,0E-30,0E-30,0,0,0,-346,-345,2034,BASE,0E-30,0E-30,0E-33,0E-35
0.000,0,0.000,0.000,0.000,0.000,0.000,0E-30,0E-30,0,0,0,-345,-344,2034,BASE,0E-30,0E-30,0E-33,0E-35
0.000,0,0.000,0.000,0.000,0.000,0.000,0E-30,0E-30,0,0,0,-344,-343,2034,BASE,0E-30,0E-30,0E-33,0E-35
0.000,0,0.000,0.000,0.000,0.000,0.000,0E-30,0E-30,0,0,0,-343,-342,2034,BASE,0E-30,0E-30,0E-33,0E-35
0.000,0,0.000,0.000,0.000,0.000,0.000,0E-30,0E-30,0,0,0,-342,-341,2034,BASE,0E-30,0E-30,0E-33,0E-35
0.000,0,0.000,0.000,0.000,0.000,0.000,0E-30,0E-30,0,0,0,-341,-340,2034,BASE,0E-30,0E-30,0E-33,0E-35
0.000,0,0.000,0.000,0.000,0.000,0.000,0E-30,0E-30,0,0,0,-340,-339,2034,BASE,0E-30,0E-30,0E-33,0E-35
0.000,0,0.000,0.000,0.000,0.000,0.000,0E-30,0E-30,0,0,0,-339,-338,2034,BASE,0E-30,0E-30,0E-33,0E-35
0.000,0,0.000,0.000,0.000,0.000,0.000,0E-30,0E-30,0,0,0,-338,-337,2034,BASE,0E-30,0E-30,0E-33,0E-35
0.000,0,0.000,0.000,0.000,0.000,0.000,0E-30,0E-30,0,0,0,-337,-336,2034,BASE,0E-30,0E-30,0E-33,0E-35
0.000,0,0.000,0.000,0.000,0.000,0.000,0E-30,0E-30,0,0,0,-336,-335,2034,BASE,0E-30,0E-30,0E-33,0E-35
0.000,0,0.000,0.000,0.000,0.000,0.000,0E-30,0E-30,0,0,0,-335,-334,2034,BASE,0E-30,0E-30,0E-33,0E-35
0.000,0,0.000,0.000,0.000,0.000,0.000,0E-30,0E-30,0,0,0,-334,-333,2034,BASE,0E-30,0E-30,0E-33,0E-35
0.000,0,0.000,0.000,0.000,0.000,0.000,0E-30,0E-30,0,0,0,-333,-332,2034,BASE,0E-30,0E-30,0E-33,0E-35
0.000,0,0.000,0.000,0.000,0.000,0.000,0E-30,0E-30,0,0,0,-332,-331,2034,BASE,0E-30,0E-30,0E-33,0E-35
0.000,0,0.000,0.000,0.000,0.000,0.000,0E-30,0E-30,0,0,0,-331,-330,2034,BASE,0E-30,0E-30,0E-33,0E-35
0.000,0,0.000,0.000,0.000,0.000,0.000,0E-30,0E-30,0,0,0,-330,-329,2034,BASE,0E-30,0E-30,0E-33,0E-35
0.000,0,0.000,0.000,0.000,0.000,0.000,0E-30,0E-30,0,0,0,-329,-328,2034,BASE,0E-30,0E-30,0E-33,0E-35
0.000,0,0.000,0.000,0.000,0.000,0.000,0E-30,0E-30,0,0,0,-328,-327,2034,BASE,0E-30,0E-30,0E-33,0E-35
0.000,0,0.000,0.000,0.000,0.000,0.000,0E-30,0E-30,0,0,0,-327,-326,2034,BASE,0E-30,0E-30,0E-33,0E-35
0.000,0,0.000,0.000,0.000,0.000,0.000,0E-30,0E-30,0,0,0,-326,-325,2034,BASE,0E-30,0E-30,0E-33,0E-35
0.000,0,0.000,0.000,0.000,0.000,0.000,0E-30,0E-30,0,0,0,-325,-324,2034,BASE,0E-30,0E-30,0E-33,0E-35
0.000,0,0.000,0.000,0.000,0.000,0.000,0E-30,0E-30,0,0,0,-324,-323,2034,BASE,0E-30,0E-30,0E-33,0E-35
0.000,0,0.000,0.000,0.000,0.000,0.000,0E-30,0E-30,0,0,0,-323,-322,2034,BASE,0E-30,0E-30,0E-33,0E-35
0.000,0,0.000,0.000,0.000,0.000,0.000,0E-30,0E-30,0,0,0,-322,-321,2034,BASE,0E-30,0E-30,0E-33,0E-35
0.000,0,0.000,0.000,0.000,0.000,0.000,0E-30,0E-30,0,0,0,-321,-320,2034,BASE,0E-30,0E-30,0E-33,0E-35
0.000,0,0.000,0.000,0.000,0.000,0.000,0E-30,0E-30,0,0,0,-320,-319,2034,BASE,0E-30,0E-30,0E-33,0E-35
0.000,0,0.000,0.000,0.000,0.000,0.000,0E-30,0E-30,0,0,0,-319,-318,2034,BASE,0E-30,0E-30,0E-33,0E-35
0.000,0,0.000,0.000,0.000,0.000,0.000,0E-30,0E-30,0,0,0,-318,-317,2034,BASE,0E-30,0E-30,0E-33,0E-35
0.000,0,0.000,0.000,0.000,0.000,0.000,0E-30,0E-30,0,0,0,-317,-316,2034,BASE,0E-30,0E-30,0E-33,0E-35
0.000,0,0.000,0.000,0.000,0.000,0.000,0E-30,0E-30,0,0,0,-316,-315,2034,BASE,0E-30,0E-30,0E-33,0E-35
0.000,0,0.000,0.000,0.000,0.000,0.000,0E-30,0E-30,0,0,0,-315,-314,2034,BASE,0E-30,0E-30,0E-33,0E-35
0.000,0,0.000,0.000,0.000,0.000,0.000,0E-30,0E-30,0,0,0,-314,-313,2034,BASE,0E-30,0E-30,0E-33,0E-35
0.000,0,0.000,0.000,0.000,0.000,0.000,0E-30,0E-30,0,0,0,-313,-312,2034,BASE,0E-30,0E-30,0E-33,0E-35
0.000,0,0.000,0.000,0.000,0.000,0.000,0E-30,0E-30,0,0,0,-312,-311,2034,BASE,0E-30,0E-30,0E-33,0E-35
0.000,0,0.000,0.000,0.000,0.000,0.000,0E-30,0E-30,0,0,0,-311,-310,2034,BASE,0E-30,0E-30,0E-33,0E-35
0.000,0,0.000,0.000,0.000,0.000,0.000,0E-30,0E-30,0,0,0,-310,-309,2034,BASE,0E-30,0E-30,0E-33,0E-35
0.000,0,0.000,0.000,0.000,0.000,0.000,0E-30,0E-30,0,0,0,-309,-308,2034,BASE,0E-30,0E-30,0E-33,0E-35
0.000,0,0.000,0.000,0.000,0.000,0.000,0E-30,0E-30,0,0,0,-308,-307,2034,BASE,0E-30,0E-30,0E-33,0E-35
0.000,0,0.000,0.000,0.000,0.000,0.000,0E-30,0E-30,0,0,0,-307,-306,2034,BASE,0E-30,0E-30,0E-33,0E-35
0.000,0,0.000,0.000,0.000,0.000,0.000,0E-30,0E-30,0,0,0,-306,-305,2034,BASE,0E-30,0E-30,0E-33,0E-35
0.000,0,0.000,0.000,0.000,0.000,0.000,0E-30,0E-30,0,0,0,-305,-304,2034,BASE,0E-30,0E-30,0E-33,0E-35
0.000,0,0.000,0.000,0.000,0.000,0.000,0E-30,0E-30,0,0,0,-304,-303,2034,BASE,0E-30,0E-30,0E-33,0E-35
0.000,0,0.000,0.000,0.000,0.000,0.000,0E-30,0E-30,0,0,0,-303,-302,2034,BASE,0E-30,0E-30,0E-33,0E-35
0.000,0,0.000,0.000,0.000,0.000,0.000,0E-30,0E-30,0,0,0,-302,-301,2034,BASE,0E-30,0E-30,0E-33,0E-35
0.000,0,0.000,0.000,0.000,0.000,0.000,0E-30,0E-30,0,0,0,-301,-300,2034,BASE,0E-30,0E-30,0E-33,0E-35
0.000,0,0.000,0.000,0.000,0.000,0.000,0E-30,0E-30,0,0,0,-300,-299,2034,BASE,0E-30,0E-30,0E-33,0E-35
0.000,0,0.000,0.000,0.000,0.000,0.000,0E-30,0E-30,0,0,0,-299,-298,2034,BASE,0E-30,0E-30,0E-33,0E-35
0.000,0,0.000,0.000,0.000,0.000,0.000,0E-30,0E-30,0,0,0,-298,-297,2034,BASE,0E-30,0E-30,0E-33,0E-35
0.000,0,0.000,0.000,0.000,0.000,0.000,0E-30,0E-30,0,0,0,-297,-296,2034,BASE,0E-30,0E-30,0E-33,0E-35
0.000,0,0.000,0.000,0.000,0.000,0.000,0E-30,0E-30,0,0,0,-296,-295,2034,BASE,0E-30,0E-30,0E-33,0E-35
0.000,0,0.000,0.000,0.000,0.000,0.000,0E-30,0E-30,0,0,0,-295,-294,2034,BASE,0E-30,0E-30,0E-33,0E-35
0.000,0,0.000,0.000,0.000,0.000,0.000,0E-30,0E-30,0,0,0,-294,-293,2034,BASE,0E-30,0E-30,0E-33,0E-35
0.000,0,0.000,0.000,0.000,0.000,0.000,0E-30,0E-30,0,0,0,-293,-292,2034,BASE,0E-30,0E-30,0E-33,0E-35
0.000,0,0.000,0.000,0.000,0.000,0.000,0E-30,0E-30,0,0,0,-292,-291,2034,BASE,0E-30,0E-30,0E-33,0E-35
0.000,0,0.000,0.000,0.000,0.000,0.000,0E-30,0E-30,0,0,0,-291,-290,2034,BASE,0E-30,0E-30,0E-33,0E-35
0.000,0,0.000,0.000,0.000,0.000,0.000,0E-30,0E-30,0,0,0,-290,-289,2034,BASE,0E-30,0E-30,0E-33,0E-35
0.000,0,0.000,0.000,0.000,0.000,0.000,0E-30,0E-30,0,0,0,-289,-288,2034,BASE,0E-30,0E-30,0E-33,0E-35
0.000,0,0.000,0.000,0.000,0.000,0.000,0E-30,0E-30,0,0,0,-288,-287,2034,BASE,0E-30,0E-30,0E-33,0E-35
0.000,0,0.000,0.000,0.000,0.000,0.000,0E-30,0E-30,0,0,0,-287,-286,2034,BASE,0E-30,0E-30,0E-33,0E-35
0.000,0,0.000,0.000,0.000,0.000,0.000,0E-30,0E-30,0,0,0,-286,-285,2034,BASE,0E-30,0E-30,0E-33,0E-35
0.000,0,0.000,0.000,0.000,0.000,0.000,0E-30,0E-30,0,0,0,-285,-284,2034,BASE,0E-30,0E-30,0E-33,0E-35
0.000,0,0.000,0.000,0.000,0.000,0.000,0E-30,0E-30,0,0,0,-284,-283,2034,BASE,0E-30,0E-30,0E-33,0E-35
0.000,0,0.000,0.000,0.000,0.000,0.000,0E-30,0E-30,0,0,0,-283,-282,2034,BASE,0E-30,0E-30,0E-33,0E-35
0.000,0,0.000,0.000,0.000,0.000,0.000,0E-30,0E-30,0,0,0,-282,-281,2034,BASE,0E-30,0E-30,0E-33,0E-35
0.000,0,0.000,0.000,0.000,0.000,0.000,0E-30,0E-30,0,0,0,-281,-280,2034,BASE,0E-30,0E-30,0E-33,0E-35
0.000,0,0.000,0.000,0.000,0.000,0.000,0E-30,0E-30,0,0,0,-280,-279,2034,BASE,0E-30,0E-30,0E-33,0E-35
0.000,0,0.000,0.000,0.000,0.000,0.000,0E-30,0E-30,0,0,0,-279,-278,2034,BASE,0E-30,0E-30,0E-33,0E-35
0.000,0,0.000,0.000,0.000,0.000,0.000,0E-30,0E-30,0,0,0,-278,-277,2034,BASE,0E-30,0E-30,0E-33,0E-35
0.000,0,0.000,0.000,0.000,0.000,0.000,0E-30,0E-30,0,0,0,-277,-276,2034,BASE,0E-30,0E-30,0E-33,0E-35
0.000,0,0.000,0.000,0.000,0.000,0.000,0E-30,0E-30,0,0,0,-276,-275,2034,BASE,0E-30,0E-30,0E-33,0E-35
0.000,0,0.000,0.000,0.000,0.000,0.000,0E-30,0E-30,0,0,0,-275,-274,2034,BASE,0E-30,0E-30,0E-33,0E-35
0.000,0,0.000,0.000,0.000,0.000,0.000,0E-30,0E-30,0,0,0,-274,-273,2034,BASE,0E-30,0E-30,0E-33,0E-35
0.000,0,0.000,0.000,0.000,0.000,0.000,0E-30,0E-30,0,0,0,-273,-272,2034,BASE,0E-30,0E-30,0E-33,0E-35
0.000,0,0.000,0.000,0.000,0.000,0.000,0E-30,0E-30,0,0,0,-272,-271,2034,BASE,0E-30,0E-30,0E-33,0E-35
0.000,0,0.000,0.000,0.000,0.000,0.000,0E-30,0E-30,0,0,0,-271,-270,2034,BASE,0E-30,0E-30,0E-33,0E-35
0.000,0,0.000,0.000,0.000,0.000,0.000,0E-30,0E-30,0,0,0,-270,-269,2034,BASE,0E-30,0E-30,0E-33,0E-35
0.000,0,0.000,0.000,0.000,0.000,0.000,0E-30,0E-30,0,0,0,-269,-268,2034,BASE,0E-30,0E-30,0E-33,0E-35
0.000,0,0.000,0.000,0.000,0.000,0.000,0E-30,0E-30,0,0,0,-268,-267,2034,BASE,0E-30,0E-30,0E-33,0E-35
0.000,0,0.000,0.000,0.000,0.000,0.000,0E-30,0E-30,0,0,0,-267,-266,2034,BASE,0E-30,0E-30,0E-33,0E-35
0.000,0,0.000,0.000,0.000,0.000,0.000,0E-30,0E-30,0,0,0,-266,-265,2034,BASE,0E-30,0E-30,0E-33,0E-35
0.000,0,0.000,0.000,0.000,0.000,0.000,0E-30,0E-30,0,0,0,-265,-264,2034,BASE,0E-30,0E-30,0E-33,0E-35
0.000,0,0.000,0.000,0.000,0.000,0.000,0E-30,0E-30,0,0,0,-264,-263,2034,BASE,0E-30,0E-30,0E-33,0E-35
0.000,0,0.000,0.000,0.000,0.000,0.000,0E-30,0E-30,0,0,0,-263,-262,2034,BASE,0E-30,0E-30,0E-33,0E-35
0.000,0,0.000,0.000,0.000,0.000,0.000,0E-30,0E-30,0,0,0,-262,-261,2034,BASE,0E-30,0E-30,0E-33,0E-35
0.000,0,0.000,0.000,0.000,0.000,0.000,0E-30,0E-30,0,0,0,-261,-260,2034,BASE,0E-30,0E-30,0E-33,0E-35
0.000,0,0.000,0.000,0.000,0.000,0.000,0E-30,0E-30,0,0,0,-260,-259,2034,BASE,0E-30,0E-30,0E-33,0E-35
0.000,0,0.000,0.000,0.000,0.000,0.000,0E-30,0E-30,0,0,0,-259,-258,2034,BASE,0E-30,0E-30,0E-33,0E-35
0.000,0,0.000,0.000,0.000,0.000,0.000,0E-30,0E-30,0,0,0,-258,-257,2034,BASE,0E-30,0E-30,0E-33,0E-35
0.000,0,0.000,0.000,0.000,0.000,0.000,0E-30,0E-30,0,0,0,-257,-256,2034,BASE,0E-30,0E-30,0E-33,0E-35
0.000,0,0.000,0.000,0.000,0.000,0.000,0E-30,0E-30,0,0,0,-256,-255,2034,BASE,0E-30,0E-30,0E-33,0E-35
0.000,0,0.000,0.000,0.000,0.000,0.000,0E-30,0E-30,0,0,0,-255,-254,2034,BASE,0E-30,0E-30,0E-33,0E-35
0.000,0,0.000,0.000,0.000,0.000,0.000,0E-30,0E-30,0,0,0,-254,-253,2034,BASE,0E-30,0E-30,0E-33,0E-35
0.000,0,0.000,0.000,0.000,0.000,0.000,0E-30,0E-30,0,0,0,-253,-252,2034,BASE,0E-30,0E-30,0E-33,0E-35
0.000,0,0.000,0.000,0.000,0.000,0.000,0E-30,0E-30,0,0,0,-252,-251,2034,BASE,0E-30,0E-30,0E-33,0E-35
0.000,0,0.000,0.000,0.000,0.000,0.000,0E-30,0E-30,0,0,0,-251,-250,2034,BASE,0E-30,0E-30,0E-33,0E-35
0.000,0,0.000,0.000,0.000,0.000,0.000,0E-30,0E-30,0,0,0,-250,-249,2034,BASE,0E-30,0E-30,0E-33,0E-35
0.000,0,0.000,0.000,0.000,0.000,0.000,0E-30,0E-30,0,0,0,-249,-248,2034,BASE,0E-30,0E-30,0E-33,0E-35
0.000,0,0.000,0.000,0.000,0.000,0.000,0E-30,0E-30,0,0,0,-248,-247,2034,BASE,0E-30,0E-30,0E-33,0E-35
0.000,0,0.000,0.000,0.000,0.000,0.000,0E-30,0E-30,0,0,0,-247,-246,2034,BASE,0E-30,0E-30,0E-33,0E-35
0.000,0,0.000,0.000,0.000,0.000,0.000,0E-30,0E-30,0,0,0,-246,-245,2034,BASE,0E-30,0E-30,0E-33,0E-35
0.000,0,0.000,0.000,0.000,0.000,0.000,0E-30,0E-30,0,0,0,-245,-244,2034,BASE,0E-30,0E-30,0E-33,0E-35
0.000,0,0.000,0.000,0.000,0.000,0.000,0E-30,0E-30,0,0,0,-244,-243,2034,BASE,0E-30,0E-30,0E-33,0E-35
0.000,0,0.000,0.000,0.000,0.000,0.000,0E-30,0E-30,0,0,0,-243,-242,2034,BASE,0E-30,0E-30,0E-33,0E-35
0.000,0,0.000,0.000,0.000,0.000,0.000,0E-30,0E-30,0,0,0,-242,-241,2034,BASE,0E-30,0E-30,0E-33,0E-35
0.000,0,0.000,0.000,0.000,0.000,0.000,0E-30,0E-30,0,0,0,-241,-240,2034,BASE,0E-30,0E-30,0E-33,0E-35
0.000,0,0.000,0.000,0.000,0.000,0.000,0E-30,0E-30,0,0,0,-240,-239,2034,BASE,0E-30,0E-30,0E-33,0E-35
0.000,0,0.000,0.000,0.000,0.000,0.000,0E-30,0E-30,0,0,0,-239,-238,2034,BASE,0E-30,0E-30,0E-33,0E-35
0.000,0,0.000,0.000,0.000,0.000,0.000,0E-30,0E-30,0,0,0,-238,-237,2034,BASE,0E-30,0E-30,0E-33,0E-35
0.000,0,0.000,0.000,0.000,0.000,0.000,0E-30,0E-30,0,0,0,-237,-236,2034,BASE,0E-30,0E-30,0E-33,0E-35
0.000,0,0.000,0.000,0.000,0.000,0.000,0E-30,0E-30,0,0,0,-236,-235,2034,BASE,0E-30,0E-30,0E-33,0E-35
0.000,0,0.000,0.000,0.000,0.000,0.000,0E-30,0E-30,0,0,0,-235,-234,2034,BASE,0E-30,0E-30,0E-33,0E-35
0.000,0,0.000,0.000,0.000,0.000,0.000,0E-30,0E-30,0,0,0,-234,-233,2034,BASE,0E-30,0E-30,0E-33,0E-35
0.000,0,0.000,0.000,0.000,0.000,0.000,0E-30,0E-30,0,0,0,-233,-232,2034,BASE,0E-30,0E-30,0E-33,0E-35
0.000,0,0.000,0.000,0.000,0.000,0.000,0E-30,0E-30,0,0,0,-232,-231,2034,BASE,0E-30,0E-30,0E-33,0E-35
0.000,0,0.000,0.000,0.000,0.000,0.000,0E-30,0E-30,0,0,0,-231,-230,2034,BASE,0E-30,0E-30,0E-33,0E-35
0.000,0,0.000,0.000,0.000,0.000,0.000,0E-30,0E-30,0,0,0,-230,-229,2034,BASE,0E-30,0E-30,0E-33,0E-35
0.000,0,0.000,0.000,0.000,0.000,0.000,0E-30,0E-30,0,0,0,-229,-228,2034,BASE,0E-30,0E-30,0E-33,0E-35
0.000,0,0.000,0.000,0.000,0.000,0.000,0E-30,0E-30,0,0,0,-228,-227,2034,BASE,0E-30,0E-30,0E-33,0E-35
0.000,0,0.000,0.000,0.000,0.000,0.000,0E-30,0E-30,0,0,0,-227,-226,2034,BASE,0E-30,0E-30,0E-33,0E-35
0.000,0,0.000,0.000,0.000,0.000,0.000,0E-30,0E-30,0,0,0,-226,-225,2034,BASE,0E-30,0E-30,0E-33,0E-35
0.000,0,0.000,0.000,0.000,0.000,0.000,0E-30,0E-30,0,0,0,-225,-224,2034,BASE,0E-30,0E-30,0E-33,0E-35
0.000,0,0.000,0.000,0.000,0.000,0.000,0E-30,0E-30,0,0,0,-224,-223,2034,BASE,0E-30,0E-30,0E-33,0E-35
0.000,0,0.000,0.000,0.000,0.000,0.000,0E-30,0E-30,0,0,0,-223,-222,2034,BASE,0E-30,0E-30,0E-33,0E-35
0.000,0,0.000,0.000,0.000,0.000,0.000,0E-30,0E-30,0,0,0,-222,-221,2034,BASE,0E-30,0E-30,0E-33,0E-35
0.000,0,0.000,0.000,0.000,0.000,0.000,0E-30,0E-30,0,0,0,-221,-220,2034,BASE,0E-30,0E-30,0E-33,0E-35
0.000,0,0.000,0.000,0.000,0.000,0.000,0E-30,0E-30,0,0,0,-220,-219,2034,BASE,0E-30,0E-30,0E-33,0E-35
0.000,0,0.000,0.000,0.000,0.000,0.000,0E-30,0E-30,0,0,0,-219,-218,2034,BASE,0E-30,0E-30,0E-33,0E-35
0.000,0,0.000,0.000,0.000,0.000,0.000,0E-30,0E-30,0,0,0,-218,-217,2034,BASE,0E-30,0E-30,0E-33,0E-35
0.000,0,0.000,0.000,0.000,0.000,0.000,0E-30,0E-30,0,0,0,-217,-216,2034,BASE,0E-30,0E-30,0E-33,0E-35
0.000,0,0.000,0.000,0.000,0.000,0.000,0E-30,0E-30,0,0,0,-216,-215,2034,BASE,0E-30,0E-30,0E-33,0E-35
0.000,0,0.000,0.000,0.000,0.000,0.000,0E-30,0E-30,0,0,0,-215,-214,2034,BASE,0E-30,0E-30,0E-33,0E-35
0.000,0,0.000,0.000,0.000,0.000,0.000,0E-30,0E-30,0,0,0,-214,-213,2034,BASE,0E-30,0E-30,0E-33,0E-35
0.000,0,0.000,0.000,0.000,0.000,0.000,0E-30,0E-30,0,0,0,-213,-212,2034,BASE,0E-30,0E-30,0E-33,0E-35
0.000,0,0.000,0.000,0.000,0.000,0.000,0E-30,0E-30,0,0,0,-212,-211,2034,BASE,0E-30,0E-30,0E-33,0E-35
0.000,0,0.000,0.000,0.000,0.000,0.000,0E-30,0E-30,0,0,0,-211,-210,2034,BASE,0E-30,0E-30,0E-33,0E-35
0.000,0,0.000,0.000,0.000,0.000,0.000,0E-30,0E-30,0,0,0,-210,-209,2034,BASE,0E-30,0E-30,0E-33,0E-35
0.000,0,0.000,0.000,0.000,0.000,0.000,0E-30,0E-30,0,0,0,-209,-208,2034,BASE,0E-30,0E-30,0E-33,0E-35
0.000,0,0.000,0.000,0.000,0.000,0.000,0E-30,0E-30,0,0,0,-208,-207,2034,BASE,0E-30,0E-30,0E-33,0E-35
0.000,0,0.000,0.000,0.000,0.000,0.000,0E-30,0E-30,0,0,0,-207,-206,2034,BASE,0E-30,0E-30,0E-33,0E-35
0.000,0,0.000,0.000,0.000,0.000,0.000,0E-30,0E-30,0,0,0,-206,-205,2034,BASE,0E-30,0E-30,0E-33,0E-35
0.000,0,0.000,0.000,0.000,0.000,0.000,0E-30,0E-30,0,0,0,-205,-204,2034,BASE,0E-30,0E-30,0E-33,0E-35
0.000,0,0.000,0.000,0.000,0.000,0.000,0E-30,0E-30,0,0,0,-204,-203,2034,BASE,0E-30,0E-30,0E-33,0E-35
0.000,0,0.000,0.000,0.000,0.000,0.000,0E-30,0E-30,0,0,0,-203,-202,2034,BASE,0E-30,0E-30,0E-33,0E-35
0.000,0,0.000,0.000,0.000,0.000,0.000,0E-30,0E-30,0,0,0,-202,-201,2034,BASE,0E-30,0E-30,0E-33,0E-35
0.000,0,0.000,0.000,0.000,0.000,0.000,0E-30,0E-30,0,0,0,-201,-200,2034,BASE,0E-30,0E-30,0E-33,0E-35
0.000,0,0.000,0.000,0.000,0.000,0.000,0E-30,0E-30,0,0,0,-200,-199,2034,BASE,0E-30,0E-30,0E-33,0E-35
0.000,0,0.000,0.000,0.000,0.000,0.000,0E-30,0E-30,0,0,0,-199,-198,2034,BASE,0E-30,0E-30,0E-33,0E-35
0.000,0,0.000,0.000,0.000,0.000,0.000,0E-30,0E-30,0,0,0,-198,-197,2034,BASE,0E-30,0E-30,0E-33,0E-35
0.000,0,0.000,0.000,0.000,0.000,0.000,0E-30,0E-30,0,0,0,-197,-196,2034,BASE,0E-30,0E-30,0E-33,0E-35
0.000,0,0.000,0.000,0.000,0.000,0.000,0E-30,0E-30,0,0,0,-196,-195,2034,BASE,0E-30,0E-30,0E-33,0E-35
0.000,0,0.000,0.000,0.000,0.000,0.000,0E-30,0E-30,0,0,0,-195,-194,2034,BASE,0E-30,0E-30,0E-33,0E-35
0.000,0,0.000,0.000,0.000,0.000,0.000,0E-30,0E-30,0,0,0,-194,-193,2034,BASE,0E-30,0E-30,0E-33,0E-35
0.000,0,0.000,0.000,0.000,0.000,0.000,0E-30,0E-30,0,0,0,-193,-192,2034,BASE,0E-30,0E-30,0E-33,0E-35
0.000,0,0.000,0.000,0.000,0.000,0.000,0E-30,0E-30,0,0,0,-192,-191,2034,BASE,0E-30,0E-30,0E-33,0E-35
0.000,0,0.000,0.000,0.000,0.000,0.000,0E-30,0E-30,0,0,0,-191,-190,2034,BASE,0E-30,0E-30,0E-33,0E-35
0.000,0,0.000,0.000,0.000,0.000,0.000,0E-30,0E-30,0,0,0,-190,-189,2034,BASE,0E-30,0E-30,0E-33,0E-35
0.000,0,0.000,0.000,0.000,0.000,0.000,0E-30,0E-30,0,0,0,-189,-188,2034,BASE,0E-30,0E-30,0E-33,0E-35
0.000,0,0.000,0.000,0.000,0.000,0.000,0E-30,0E-30,0,0,0,-188,-187,2034,BASE,0E-30,0E-30,0E-33,0E-35
0.000,0,0.000,0.000,0.000,0.000,0.000,0E-30,0E-30,0,0,0,-187,-186,2034,BASE,0E-30,0E-30,0E-33,0E-35
0.000,0,0.000,0.000,0.000,0.000,0.000,0E-30,0E-30,0,0,0,-186,-185,2034,BASE,0E-30,0E-30,0E-33,0E-35
0.000,0,0.000,0.000,0.000,0.000,0.000,0E-30,0E-30,0,0,0,-185,-184,2034,BASE,0E-30,0E-30,0E-33,0E-35
0.000,0,0.000,0.000,0.000,0.000,0.000,0E-30,0E-30,0,0,0,-184,-183,2034,BASE,0E-30,0E-30,0E-33,0E-35
0.000,0,0.000,0.000,0.000,0.000,0.000,0E-30,0E-30,0,0,0,-183,-182,2034,BASE,0E-30,0E-30,0E-33,0E-35
0.000,0,0.000,0.000,0.000,0.000,0.000,0E-30,0E-30,0,0,0,-182,-181,2034,BASE,0E-30,0E-30,0E-33,0E-35
0.000,0,0.000,0.000,0.000,0.000,0.000,0E-30,0E-30,0,0,0,-181,-180,2034,BASE,0E-30,0E-30,0E-33,0E-35
0.000,0,0.000,0.000,0.000,0.000,0.000,0E-30,0E-30,0,0,0,-180,-179,2034,BASE,0E-30,0E-30,0E-33,0E-35
0.000,0,0.000,0.000,0.000,0.000,0.000,0E-30,0E-30,0,0,0,-179,-178,2034,BASE,0E-30,0E-30,0E-33,0E-35
0.000,0,0.000,0.000,0.000,0.000,0.000,0E-30,0E-30,0,0,0,-178,-177,2034,BASE,0E-30,0E-30,0E-33,0E-35
0.000,0,0.000,0.000,0.000,0.000,0.000,0E-30,0E-30,0,0,0,-177,-176,2034,BASE,0E-30,0E-30,0E-33,0E-35
0.000,0,0.000,0.000,0.000,0.000,0.000,0E-30,0E-30,0,0,0,-176,-175,2034,BASE,0E-30,0E-30,0E-33,0E-35
0.000,0,0.000,0.000,0.000,0.000,0.000,0E-30,0E-30,0,0,0,-175,-174,2034,BASE,0E-30,0E-30,0E-33,0E-35
0.000,0,0.000,0.000,0.000,0.000,0.000,0E-30,0E-30,0,0,0,-174,-173,2034,BASE,0E-30,0E-30,0E-33,0E-35
0.000,0,0.000,0.000,0.000,0.000,0.000,0E-30,0E-30,0,0,0,-173,-172,2034,BASE,0E-30,0E-30,0E-33,0E-35
0.000,0,0.000,0.000,0.000,0.000,0.000,0E-30,0E-30,0,0,0,-172,-171,2034,BASE,0E-30,0E-30,0E-33,0E-35
0.000,0,0.000,0.000,0.000,0.000,0.000,0E-30,0E-30,0,0,0,-171,-170,2034,BASE,0E-30,0E-30,0E-33,0E-35
0.000,0,0.000,0.000,0.000,0.000,0.000,0E-30,0E-30,0,0,0,-170,-169,2034,BASE,0E-30,0E-30,0E-33,0E-35
0.000,0,0.000,0.000,0.000,0.000,0.000,0E-30,0E-30,0,0,0,-169,-168,2034,BASE,0E-30,0E-30,0E-33,0E-35
0.000,0,0.000,0.000,0.000,0.000,0.000,0E-30,0E-30,0,0,0,-168,-167,2034,BASE,0E-30,0E-30,0E-33,0E-35
0.000,0,0.000,0.000,0.000,0.000,0.000,0E-30,0E-30,0,0,0,-167,-166,2034,BASE,0E-30,0E-30,0E-33,0E-35
0.000,0,0.000,0.000,0.000,0.000,0.000,0E-30,0E-30,0,0,0,-166,-165,2034,BASE,0E-30,0E-30,0E-33,0E-35
0.000,0,0.000,0.000,0.000,0.000,0.000,0E-30,0E-30,0,0,0,-165,-164,2034,BASE,0E-30,0E-30,0E-33,0E-35
0.000,0,0.000,0.000,0.000,0.000,0.000,0E-30,0E-30,0,0,0,-164,-163,2034,BASE,0E-30,0E-30,0E-33,0E-35
0.000,0,0.000,0.000,0.000,0.000,0.000,0E-30,0E-30,0,0,0,-163,-162,2034,BASE,0E-30,0E-30,0E-33,0E-35
0.000,0,0.000,0.000,0.000,0.000,0.000,0E-30,0E-30,0,0,0,-162,-161,2034,BASE,0E-30,0E-30,0E-33,0E-35
0.000,0,0.000,0.000,0.000,0.000,0.000,0E-30,0E-30,0,0,0,-161,-160,2034,BASE,0E-30,0E-30,0E-33,0E-35
0.000,0,0.000,0.000,0.000,0.000,0.000,0E-30,0E-30,0,0,0,-160,-159,2034,BASE,0E-30,0E-30,0E-33,0E-35
0.000,0,0.000,0.000,0.000,0.000,0.000,0E-30,0E-30,0,0,0,-159,-158,2034,BASE,0E-30,0E-30,0E-33,0E-35
0.000,0,0.000,0.000,0.000,0.000,0.000,0E-30,0E-30,0,0,0,-158,-157,2034,BASE,0E-30,0E-30,0E-33,0E-35
0.000,0,0.000,0.000,0.000,0.000,0.000,0E-30,0E-30,0,0,0,-157,-156,2034,BASE,0E-30,0E-30,0E-33,0E-35
0.000,0,0.000,0.000,0.000,0.000,0.000,0E-30,0E-30,0,0,0,-156,-155,2034,BASE,0E-30,0E-30,0E-33,0E-35
0.000,0,0.000,0.000,0.000,0.000,0.000,0E-30,0E-30,0,0,0,-155,-154,2034,BASE,0E-30,0E-30,0E-33,0E-35
0.000,0,0.000,0.000,0.000,0.000,0.000,0E-30,0E-30,0,0,0,-154,-153,2034,BASE,0E-30,0E-30,0E-33,0E-35
0.000,0,0.000,0.000,0.000,0.000,0.000,0E-30,0E-30,0,0,0,-153,-152,2034,BASE,0E-30,0E-30,0E-33,0E-35
0.000,0,0.000,0.000,0.000,0.000,0.000,0E-30,0E-30,0,0,0,-152,-151,2034,BASE,0E-30,0E-30,0E-33,0E-35
0.000,0,0.000,0.000,0.000,0.000,0.000,0E-30,0E-30,0,0,0,-151,-150,2034,BASE,0E-30,0E-30,0E-33,0E-35
0.000,0,0.000,0.000,0.000,0.000,0.000,0E-30,0E-30,0,0,0,-150,-149,2034,BASE,0E-30,0E-30,0E-33,0E-35
0.000,0,0.000,0.000,0.000,0.000,0.000,0E-30,0E-30,0,0,0,-149,-148,2034,BASE,0E-30,0E-30,0E-33,0E-35
0.000,0,0.000,0.000,0.000,0.000,0.000,0E-30,0E-30,0,0,0,-148,-147,2034,BASE,0E-30,0E-30,0E-33,0E-35
0.000,0,0.000,0.000,0.000,0.000,0.000,0E-30,0E-30,0,0,0,-147,-146,2034,BASE,0E-30,0E-30,0E-33,0E-35
0.000,0,0.000,0.000,0.000,0.000,0.000,0E-30,0E-30,0,0,0,-146,-145,2034,BASE,0E-30,0E-30,0E-33,0E-35
0.000,0,0.000,0.000,0.000,0.000,0.000,0E-30,0E-30,0,0,0,-145,-144,2034,BASE,0E-30,0E-30,0E-33,0E-35
0.000,0,0.000,0.000,0.000,0.000,0.000,0E-30,0E-30,0,0,0,-144,-143,2034,BASE,0E-30,0E-30,0E-33,0E-35
0.000,0,0.000,0.000,0.000,0.000,0.000,0E-30,0E-30,0,0,0,-143,-142,2034,BASE,0E-30,0E-30,0E-33,0E-35
0.000,0,0.000,0.000,0.000,0.000,0.000,0E-30,0E-30,0,0,0,-142,-141,2034,BASE,0E-30,0E-30,0E-33,0E-35
0.000,0,0.000,0.000,0.000,0.000,0.000,0E-30,0E-30,0,0,0,-141,-140,2034,BASE,0E-30,0E-30,0E-33,0E-35
0.000,0,0.000,0.000,0.000,0.000,0.000,0E-30,0E-30,0,0,0,-140,-139,2034,BASE,0E-30,0E-30,0E-33,0E-35
0.000,0,0.000,0.000,0.000,0.000,0.000,0E-30,0E-30,0,0,0,-139,-138,2034,BASE,0E-30,0E-30,0E-33,0E-35
0.000,0,0.000,0.000,0.000,0.000,0.000,0E-30,0E-30,0,0,0,-138,-137,2034,BASE,0E-30,0E-30,0E-33,0E-35
0.000,0,0.000,0.000,0.000,0.000,0.000,0E-30,0E-30,0,0,0,-137,-136,2034,BASE,0E-30,0E-30,0E-33,0E-35
0.000,0,0.000,0.000,0.000,0.000,0.000,0E-30,0E-30,0,0,0,-136,-135,2034,BASE,0E-30,0E-30,0E-33,0E-35
0.000,0,0.000,0.000,0.000,0.000,0.000,0E-30,0E-30,0,0,0,-135,-134,2034,BASE,0E-30,0E-30,0E-33,0E-35
0.000,0,0.000,0.000,0.000,0.000,0.000,0E-30,0E-30,0,0,0,-134,-133,2034,BASE,0E-30,0E-30,0E-33,0E-35
0.000,0,0.000,0.000,0.000,0.000,0.000,0E-30,0E-30,0,0,0,-133,-132,2034,BASE,0E-30,0E-30,0E-33,0E-35
0.000,0,0.000,0.000,0.000,0.000,0.000,0E-30,0E-30,0,0,0,-132,-131,2034,BASE,0E-30,0E-30,0E-33,0E-35
0.000,0,0.000,0.000,0.000,0.000,0.000,0E-30,0E-30,0,0,0,-131,-130,2034,BASE,0E-30,0E-30,0E-33,0E-35
0.000,0,0.000,0.000,0.000,0.000,0.000,0E-30,0E-30,0,0,0,-130,-129,2034,BASE,0E-30,0E-30,0E-33,0E-35
0.000,0,0.000,0.000,0.000,0.000,0.000,0E-30,0E-30,0,0,0,-129,-128,2034,BASE,0E-30,0E-30,0E-33,0E-35
0.000,0,0.000,0.000,0.000,0.000,0.000,0E-30,0E-30,0,0,0,-128,-127,2034,BASE,0E-30,0E-30,0E-33,0E-35
0.000,0,0.000,0.000,0.000,0.000,0.000,0E-30,0E-30,0,0,0,-127,-126,2034,BASE,0E-30,0E-30,0E-33,0E-35
0.000,0,0.000,0.000,0.000,0.000,0.000,0E-30,0E-30,0,0,0,-126,-125,2034,BASE,0E-30,0E-30,0E-33,0E-35
0.000,0,0.000,0.000,0.000,0.000,0.000,0E-30,0E-30,0,0,0,-125,-124,2034,BASE,0E-30,0E-30,0E-33,0E-35
0.000,0,0.000,0.000,0.000,0.000,0.000,0E-30,0E-30,0,0,0,-124,-123,2034,BASE,0E-30,0E-30,0E-33,0E-35
0.000,0,0.000,0.000,0.000,0.000,0.000,0E-30,0E-30,0,0,0,-123,-122,2034,BASE,0E-30,0E-30,0E-33,0E-35
0.000,0,0.000,0.000,0.000,0.000,0.000,0E-30,0E-30,0,0,0,-122,-121,2034,BASE,0E-30,0E-30,0E-33,0E-35
0.000,0,0.000,0.000,0.000,0.000,0.000,0E-30,0E-30,0,0,0,-121,-120,2034,BASE,0E-30,0E-30,0E-33,0E-35
0.000,0,0.000,0.000,0.000,0.000,0.000,0E-30,0E-30,0,0,0,-120,-119,2034,BASE,0E-30,0E-30,0E-33,0E-35
0.000,0,0.000,0.000,0.000,0.000,0.000,0E-30,0E-30,0,0,0,-119,-118,2034,BASE,0E-30,0E-30,0E-33,0E-35
0.000,0,0.000,0.000,0.000,0.000,0.000,0E-30,0E-30,0,0,0,-118,-117,2034,BASE,0E-30,0E-30,0E-33,0E-35
0.000,0,0.000,0.000,0.000,0.000,0.000,0E-30,0E-30,0,0,0,-117,-116,2034,BASE,0E-30,0E-30,0E-33,0E-35
0.000,0,0.000,0.000,0.000,0.000,0.000,0E-30,0E-30,0,0,0,-116,-115,2034,BASE,0E-30,0E-30,0E-33,0E-35
0.000,0,0.000,0.000,0.000,0.000,0.000,0E-30,0E-30,0,0,0,-115,-114,2034,BASE,0E-30,0E-30,0E-33,0E-35
0.000,0,0.000,0.000,0.000,0.000,0.000,0E-30,0E-30,0,0,0,-114,-113,2034,BASE,0E-30,0E-30,0E-33,0E-35
0.000,0,0.000,0.000,0.000,0.000,0.000,0E-30,0E-30,0,0,0,-113,-112,2034,BASE,0E-30,0E-30,0E-33,0E-35
0.000,0,0.000,0.000,0.000,0.000,0.000,0E-30,0E-30,0,0,0,-112,-111,2034,BASE,0E-30,0E-30,0E-33,0E-35
0.000,0,0.000,0.000,0.000,0.000,0.000,0E-30,0E-30,0,0,0,-111,-110,2034,BASE,0E-30,0E-30,0E-33,0E-35
0.000,0,0.000,0.000,0.000,0.000,0.000,0E-30,0E-30,0,0,0,-110,-109,2034,BASE,0E-30,0E-30,0E-33,0E-35
0.000,0,0.000,0.000,0.000,0.000,0.000,0E-30,0E-30,0,0,0,-109,-108,2034,BASE,0E-30,0E-30,0E-33,0E-35
0.000,0,0.000,0.000,0.000,0.000,0.000,0E-30,0E-30,0,0,0,-108,-107,2034,BASE,0E-30,0E-30,0E-33,0E-35
0.000,0,0.000,0.000,0.000,0.000,0.000,0E-30,0E-30,0,0,0,-107,-106,2034,BASE,0E-30,0E-30,0E-33,0E-35
0.000,0,0.000,0.000,0.000,0.000,0.000,0E-30,0E-30,0,0,0,-106,-105,2034,BASE,0E-30,0E-30,0E-33,0E-35
0.000,0,0.000,0.000,0.000,0.000,0.000,0E-30,0E-30,0,0,0,-105,-104,2034,BASE,0E-30,0E-30,0E-33,0E-35
0.000,0,0.000,0.000,0.000,0.000,0.000,0E-30,0E-30,0,0,0,-104,-103,2034,BASE,0E-30,0E-30,0E-33,0E-35
0.000,0,0.000,0.000,0.000,0.000,0.000,0E-30,0E-30,0,0,0,-103,-102,2034,BASE,0E-30,0E-30,0E-33,0E-35
0.000,0,0.000,0.000,0.000,0.000,0.000,0E-30,0E-30,0,0,0,-102,-101,2034,BASE,0E-30,0E-30,0E-33,0E-35
0.000,0,0.000,0.000,0.000,0.000,0.000,0E-30,0E-30,0,0,0,-101,-100,2034,BASE,0E-30,0E-30,0E-33,0E-35
0.000,0,0.000,0.000,0.000,0.000,0.000,0E-30,0E-30,0,0,0,-100,-99,2034,BASE,0E-30,0E-30,0E-33,0E-35
0.000,0,0.000,0.000,0.000,0.000,0.000,0E-30,0E-30,0,0,0,-99,-98,2034,BASE,0E-30,0E-30,0E-33,0E-35
0.000,0,0.000,0.000,0.000,0.000,0.000,0E-30,0E-30,0,0,0,-98,-97,2034,BASE,0E-30,0E-30,0E-33,0E-35
0.000,0,0.000,0.000,0.000,0.000,0.000,0E-30,0E-30,0,0,0,-97,-96,2034,BASE,0E-30,0E-30,0E-33,0E-35
0.000,0,0.000,0.000,0.000,0.000,0.000,0E-30,0E-30,0,0,0,-96,-95,2034,BASE,0E-30,0E-30,0E-33,0E-35
0.000,0,0.000,0.000,0.000,0.000,0.000,0E-30,0E-30,0,0,0,-95,-94,2034,BASE,0E-30,0E-30,0E-33,0E-35
0.000,0,0.000,0.000,0.000,0.000,0.000,0E-30,0E-30,0,0,0,-94,-93,2034,BASE,0E-30,0E-30,0E-33,0E-35
0.000,0,0.000,0.000,0.000,0.000,0.000,0E-30,0E-30,0,0,0,-93,-92,2034,BASE,0E-30,0E-30,0E-33,0E-35
0.000,0,0.000,0.000,0.000,0.000,0.000,0E-30,0E-30,0,0,0,-92,-91,2034,BASE,0E-30,0E-30,0E-33,0E-35
0.000,0,0.000,0.000,0.000,0.000,0.000,0E-30,0E-30,0,0,0,-91,-90,2034,BASE,0E-30,0E-30,0E-33,0E-35
0.000,0,0.000,0.000,0.000,0.000,0.000,0E-30,0E-30,0,0,0,-90,-89,2034,BASE,0E-30,0E-30,0E-33,0E-35
0.000,0,0.000,0.000,0.000,0.000,0.000,0E-30,0E-30,0,0,0,-89,-88,2034,BASE,0E-30,0E-30,0E-33,0E-35
0.000,0,0.000,0.000,0.000,0.000,0.000,0E-30,0E-30,0,0,0,-88,-87,2034,BASE,0E-30,0E-30,0E-33,0E-35
0.000,0,0.000,0.000,0.000,0.000,0.000,0E-30,0E-30,0,0,0,-87,-86,2034,BASE,0E-30,0E-30,0E-33,0E-35
0.000,0,0.000,0.000,0.000,0.000,0.000,0E-30,0E-30,0,0,0,-86,-85,2034,BASE,0E-30,0E-30,0E-33,0E-35
0.000,0,0.000,0.000,0.000,0.000,0.000,0E-30,0E-30,0,0,0,-85,-84,2034,BASE,0E-30,0E-30,0E-33,0E-35
0.000,0,0.000,0.000,0.000,0.000,0.000,0E-30,0E-30,0,0,0,-84,-83,2034,BASE,0E-30,0E-30,0E-33,0E-35
0.000,0,0.000,0.000,0.000,0.000,0.000,0E-30,0E-30,0,0,0,-83,-82,2034,BASE,0E-30,0E-30,0E-33,0E-35
0.000,0,0.000,0.000,0.000,0.000,0.000,0E-30,0E-30,0,0,0,-82,-81,2034,BASE,0E-30,0E-30,0E-33,0E-35
0.000,0,0.000,0.000,0.000,0.000,0.000,0E-30,0E-30,0,0,0,-81,-80,2034,BASE,0E-30,0E-30,0E-33,0E-35
0.000,0,0.000,0.000,0.000,0.000,0.000,0E-30,0E-30,0,0,0,-80,-79,2034,BASE,0E-30,0E-30,0E-33,0E-35
0.000,0,0.000,0.000,0.000,0.000,0.000,0E-30,0E-30,0,0,0,-79,-78,2034,BASE,0E-30,0E-30,0E-33,0E-35
0.000,0,0.000,0.000,0.000,0.000,0.000,0E-30,0E-30,0,0,0,-78,-77,2034,BASE,0E-30,0E-30,0E-33,0E-35
0.000,0,0.000,0.000,0.000,0.000,0.000,0E-30,0E-30,0,0,0,-77,-76,2034,BASE,0E-30,0E-30,0E-33,0E-35
0.000,0,0.000,0.000,0.000,0.000,0.000,0E-30,0E-30,0,0,0,-76,-75,2034,BASE,0E-30,0E-30,0E-33,0E-35
0.000,0,0.000,0.000,0.000,0.000,0.000,0E-30,0E-30,0,0,0,-75,-74,2034,BASE,0E-30,0E-30,0E-33,0E-35
0.000,0,0.000,0.000,0.000,0.000,0.000,0E-30,0E-30,0,0,0,-74,-73,2034,BASE,0E-30,0E-30,0E-33,0E-35
0.000,0,0.000,0.000,0.000,0.000,0.000,0E-30,0E-30,0,0,0,-73,-72,2034,BASE,0E-30,0E-30,0E-33,0E-35
0.000,0,0.000,0.000,0.000,0.000,0.000,0E-30,0E-30,0,0,0,-72,-71,2034,BASE,0E-30,0E-30,0E-33,0E-35
0.000,0,0.000,0.000,0.000,0.000,0.000,0E-30,0E-30,0,0,0,-71,-70,2034,BASE,0E-30,0E-30,0E-33,0E-35
0.000,0,0.000,0.000,0.000,0.000,0.000,0E-30,0E-30,0,0,0,-70,-69,2034,BASE,0E-30,0E-30,0E-33,0E-35
0.000,0,0.000,0.000,0.000,0.000,0.000,0E-30,0E-30,0,0,0,-69,-68,2034,BASE,0E-30,0E-30,0E-33,0E-35
0.000,0,0.000,0.000,0.000,0.000,0.000,0E-30,0E-30,0,0,0,-68,-67,2034,BASE,0E-30,0E-30,0E-33,0E-35
0.000,0,0.000,0.000,0.000,0.000,0.000,0E-30,0E-30,0,0,0,-67,-66,2034,BASE,0E-30,0E-30,0E-33,0E-35
0.000,0,0.000,0.000,0.000,0.000,0.000,0E-30,0E-30,0,0,0,-66,-65,2034,BASE,0E-30,0E-30,0E-33,0E-35
0.000,0,0.000,0.000,0.000,0.000,0.000,0E-30,0E-30,0,0,0,-65,-64,2034,BASE,0E-30,0E-30,0E-33,0E-35
0.000,0,0.000,0.000,0.000,0.000,0.000,0E-30,0E-30,0,0,0,-64,-63,2034,BASE,0E-30,0E-30,0E-33,0E-35
0.000,0,0.000,0.000,0.000,0.000,0.000,0E-30,0E-30,0,0,0,-63,-62,2034,BASE,0E-30,0E-30,0E-33,0E-35
0.000,0,0.000,0.000,0.000,0.000,0.000,0E-30,0E-30,0,0,0,-62,-61,2034,BASE,0E-30,0E-30,0E-33,0E-35
0.000,0,0.000,0.000,0.000,0.000,0.000,0E-30,0E-30,0,0,0,-61,-60,2034,BASE,0E-30,0E-30,0E-33,0E-35
0.000,0,0.000,0.000,0.000,0.000,0.000,0E-30,0E-30,0,0,0,-60,-59,2034,BASE,0E-30,0E-30,0E-33,0E-35
0.000,0,0.000,0.000,0.000,0.000,0.000,0E-30,0E-30,0,0,0,-59,-58,2034,BASE,0E-30,0E-30,0E-33,0E-35
0.000,0,0.000,0.000,0.000,0.000,0.000,0E-30,0E-30,0,0,0,-58,-57,2034,BASE,0E-30,0E-30,0E-33,0E-35
0.000,0,0.000,0.000,0.000,0.000,0.000,0E-30,0E-30,0,0,0,-57,-56,2034,BASE,0E-30,0E-30,0E-33,0E-35
0.000,0,0.000,0.000,0.000,0.000,0.000,0E-30,0E-30,0,0,0,-56,-55,2034,BASE,0E-30,0E-30,0E-33,0E-35
0.000,0,0.000,0.000,0.000,0.000,0.000,0E-30,0E-30,0,0,0,-55,-54,2034,BASE,0E-30,0E-30,0E-33,0E-35
0.000,0,0.000,0.000,0.000,0.000,0.000,0E-30,0E-30,0,0,0,-54,-53,2034,BASE,0E-30,0E-30,0E-33,0E-35
0.000,0,0.000,0.000,0.000,0.000,0.000,0E-30,0E-30,0,0,0,-53,-52,2034,BASE,0E-30,0E-30,0E-33,0E-35
0.000,0,0.000,0.000,0.000,0.000,0.000,0E-30,0E-30,0,0,0,-52,-51,2034,BASE,0E-30,0E-30,0E-33,0E-35
0.000,0,0.000,0.000,0.000,0.000,0.000,0E-30,0E-30,0,0,0,-51,-50,2034,BASE,0E-30,0E-30,0E-33,0E-35
0.000,0,0.000,0.000,0.000,0.000,0.000,0E-30,0E-30,0,0,0,-50,-49,2034,BASE,0E-30,0E-30,0E-33,0E-35
0.000,0,0.000,0.000,0.000,0.000,0.000,0E-30,0E-30,0,0,0,-49,-48,2034,BASE,0E-30,0E-30,0E-33,0E-35
0.000,0,0.000,0.000,0.000,0.000,0.000,0E-30,0E-30,0,0,0,-48,-47,2034,BASE,0E-30,0E-30,0E-33,0E-35
0.000,0,0.000,0.000,0.000,0.000,0.000,0E-30,0E-30,0,0,0,-47,-46,2034,BASE,0E-30,0E-30,0E-33,0E-35
0.000,0,0.000,0.000,0.000,0.000,0.000,0E-30,0E-30,0,0,0,-46,-45,2034,BASE,0E-30,0E-30,0E-33,0E-35
0.000,0,0.000,0.000,0.000,0.000,0.000,0E-30,0E-30,0,0,0,-45,-44,2034,BASE,0E-30,0E-30,0E-33,0E-35
0.000,0,0.000,0.000,0.000,0.000,0.000,0E-30,0E-30,0,0,0,-44,-43,2034,BASE,0E-30,0E-30,0E-33,0E-35
0.000,0,0.000,0.000,0.000,0.000,0.000,0E-30,0E-30,0,0,0,-43,-42,2034,BASE,0E-30,0E-30,0E-33,0E-35
0.000,0,0.000,0.000,0.000,0.000,0.000,0E-30,0E-30,0,0,0,-42,-41,2034,BASE,0E-30,0E-30,0E-33,0E-35
0.000,0,0.000,0.000,0.000,0.000,0.000,0E-30,0E-30,0,0,0,-41,-40,2034,BASE,0E-30,0E-30,0E-33,0E-35
0.000,0,0.000,0.000,0.000,0.000,0.000,0E-30,0E-30,0,0,0,-40,-39,2034,BASE,0E-30,0E-30,0E-33,0E-35
0.000,0,0.000,0.000,0.000,0.000,0.000,0E-30,0E-30,0,0,0,-39,-38,2034,BASE,0E-30,0E-30,0E-33,0E-35
0.000,0,0.000,0.000,0.000,0.000,0.000,0E-30,0E-30,0,0,0,-38,-37,2034,BASE,0E-30,0E-30,0E-33,0E-35
0.000,0,0.000,0.000,0.000,0.000,0.000,0E-30,0E-30,0,0,0,-37,-36,2034,BASE,0E-30,0E-30,0E-33,0E-35
0.000,0,0.000,0.000,0.000,0.000,0.000,0E-30,0E-30,0,0,0,-36,-35,2034,BASE,0E-30,0E-30,0E-33,0E-35
0.000,0,0.000,0.000,0.000,0.000,0.000,0E-30,0E-30,0,0,0,-35,-34,2034,BASE,0E-30,0E-30,0E-33,0E-35
0.000,0,0.000,0.000,0.000,0.000,0.000,0E-30,0E-30,0,0,0,-34,-33,2034,BASE,0E-30,0E-30,0E-33,0E-35
0.000,0,0.000,0.000,0.000,0.000,0.000,0E-30,0E-30,0,0,0,-33,-32,2034,BASE,0E-30,0E-30,0E-33,0E-35
0.000,0,0.000,0.000,0.000,0.000,0.000,0E-30,0E-30,0,0,0,-32,-31,2034,BASE,0E-30,0E-30,0E-33,0E-35
0.000,0,0.000,0.000,0.000,0.000,0.000,0E-30,0E-30,0,0,0,-31,-30,2034,BASE,0E-30,0E-30,0E-33,0E-35
0.000,0,0.000,0.000,0.000,0.000,0.000,0E-30,0E-30,0,0,0,-30,-29,2034,BASE,0E-30,0E-30,0E-33,0E-35
0.000,0,0.000,0.000,0.000,0.000,0.000,0E-30,0E-30,0,0,0,-29,-28,2034,BASE,0E-30,0E-30,0E-33,0E-35
0.000,0,0.000,0.000,0.000,0.000,0.000,0E-30,0E-30,0,0,0,-28,-27,2034,BASE,0E-30,0E-30,0E-33,0E-35
0.000,0,0.000,0.000,0.000,0.000,0.000,0E-30,0E-30,0,0,0,-27,-26,2034,BASE,0E-30,0E-30,0E-33,0E-35
0.000,0,0.000,0.000,0.000,0.000,0.000,0E-30,0E-30,0,0,0,-26,-25,2034,BASE,0E-30,0E-30,0E-33,0E-35
0.000,0,0.000,0.000,0.000,0.000,0.000,0E-30,0E-30,0,0,0,-25,-24,2034,BASE,0E-30,0E-30,0E-33,0E-35
0.000,0,0.000,0.000,0.000,0.000,0.000,0E-30,0E-30,0,0,0,-24,-23,2034,BASE,0E-30,0E-30,0E-33,0E-35
0.000,0,0.000,0.000,0.000,0.000,0.000,0E-30,0E-30,0,0,0,-23,-22,2034,BASE,0E-30,0E-30,0E-33,0E-35
0.000,0,0.000,0.000,0.000,0.000,0.000,0E-30,0E-30,0,0,0,-22,-21,2034,BASE,0E-30,0E-30,0E-33,0E-35
0.000,0,0.000,0.000,0.000,0.000,0.000,0E-30,0E-30,0,0,0,-21,-20,2034,BASE,0E-30,0E-30,0E-33,0E-35
0.000,0,0.000,0.000,0.000,0.000,0.000,0E-30,0E-30,0,0,0,-20,-19,2034,BASE,0E-30,0E-30,0E-33,0E-35
0.000,0,0.000,0.000,0.000,0.000,0.000,0E-30,0E-30,0,0,0,-19,-18,2034,BASE,0E-30,0E-30,0E-33,0E-35
0.000,0,0.000,0.000,0.000,0.000,0.000,0E-30,0E-30,0,0,0,-18,-17,2034,BASE,0E-30,0E-30,0E-33,0E-35
0.000,0,0.000,0.000,0.000,0.000,0.000,0E-30,0E-30,0,0,0,-17,-16,2034,BASE,0E-30,0E-30,0E-33,0E-35
0.000,0,0.000,0.000,0.000,0.000,0.000,0E-30,0E-30,0,0,0,-16,-15,2034,BASE,0E-30,0E-30,0E-33,0E-35
0.000,0,0.000,0.000,0.000,0.000,0.000,0E-30,0E-30,0,0,0,-15,-14,2034,BASE,0E-30,0E-30,0E-33,0E-35
0.000,0,0.000,0.000,0.000,0.000,0.000,0E-30,0E-30,0,0,0,-14,-13,2034,BASE,0E-30,0E-30,0E-33,0E-35
0.000,0,0.000,0.000,0.000,0.000,0.000,0E-30,0E-30,0,0,0,-13,-12,2034,BASE,0E-30,0E-30,0E-33,0E-35
0.000,0,0.000,0.000,0.000,0.000,0.000,0E-30,0E-30,0,0,0,-12,-11,2034,BASE,0E-30,0E-30,0E-33,0E-35
0.000,0,0.000,0.000,0.000,0.000,0.000,0E-30,0E-30,0,0,0,-11,-10,2034,BASE,0E-30,0E-30,0E-33,0E-35
0.000,0,0.000,0.000,0.000,0.000,0.000,0E-30,0E-30,0,0,0,-10,-9,2034,BASE,0E-30,0E-30,0E-33,0E-35
0.000,0,0.000,0.000,0.000,0.000,0.000,0E-30,0E-30,0,0,0,-9,-8,2034,BASE,0E-30,0E-30,0E-33,0E-35
0.000,0,0.000,0.000,0.000,0.000,0.000,0E-30,0E-30,0,0,0,-8,-7,2034,BASE,0E-30,0E-30,0E-33,0E-35
0.000,0,0.000,0.000,0.000,0.000,0.000,0E-30,0E-30,0,0,0,-7,-6,2034,BASE,0E-30,0E-30,0E-33,0E-35
0.000,0,0.000,0.000,0.000,0.000,0.000,0E-30,0E-30,0,0,0,-6,-5,2034,BASE,0E-30,0E-30,0E-33,0E-35
0.000,0,0.000,0.000,0.000,0.000,0.000,0E-30,0E-30,0,0,0,-5,-4,2034,BASE,0E-30,0E-30,0E-33,0E-35
0.000,0,0.000,0.000,0.000,0.000,0.000,0E-30,0E-30,0,0,0,-4,-3,2034,BASE,0E-30,0E-30,0E-33,0E-35
0.000,0,0.000,0.000,0.000,0.000,0.000,0E-30,0E-30,0,0,0,-3,-2,2034,BASE,0E-30,0E-30,0E-33,0E-35
0.000,0,0.000,0.000,0.000,0.000,0.000,0E-30,0E-30,0,0,0,-2,-1,2034,BASE,0E-30,0E-30,0E-33,0E-35
0.000,17.21293839202467187836190203,0.7745822276411102345262855914,16.43835616438356164383561644,0E-30,0E-30,16.43835616438356164383561644,0E-30,0E-30,17.21293839202467187836190203,0E-26,0,-1,0,2034,BASE,0E-30,0E-30,0.04503659223118784012009757929,0.03242634640645524488647025709
16.43835616438356164383561644,9.299768103468885223170527625,0.4184895646560998350426737431,25.31963470319634703196347032,0.2739726027397260273972602740,0.2191780821917808219178082192,25.04566210045662100456621005,0E-28,0E-28,9.299768103468885223170527625,0E-27,0,0,1,2035,BASE,0.2739726027397260273972602740,0.2191780821917808219178082192,0.06899355726527803840620504160,0.04967536123100018765246762995
25.04566210045662100456621005,0,0.000,25.04566210045662100456621005,0.2739726027397260273972602740,0.2191780821917808219178082192,24.77168949771689497716894978,0E-28,0E-28,0,0,0,1,2,2035,BASE,0.2739726027397260273972602740,0.2191780821917808219178082192,0.06824294739475824107087008198,0.04913492212422593357102645903
24.77168949771689497716894978,0,0.000,24.77168949771689497716894978,0.2739726027397260273972602740,0.2191780821917808219178082192,24.49771689497716894977168951,0E-28,0E-28,0,0,0,2,3,2035,BASE,0.2739726027397260273972602740,0.2191780821917808219178082192,0.06749233752423844373553512231,0.04859448301745167948958528806
24.49771689497716894977168951,0,0.000,24.49771689497716894977168951,0.2739726027397260273972602740,0.2191780821917808219178082192,24.22374429223744292237442924,0E-28,0E-28,0,0,0,3,4,2035,BASE,0.2739726027397260273972602740,0.2191780821917808219178082192,0.06674172765371864640020016269,0.04805404391067742540814411714
24.22374429223744292237442924,0,0.000,24.22374429223744292237442924,0.2739726027397260273972602740,0.2191780821917808219178082192,23.94977168949771689497716897,0E-28,0E-28,0,0,0,4,5,2035,BASE,0.2739726027397260273972602740,0.2191780821917808219178082192,0.06599111778319884906486520302,0.04751360480390317132670294617
23.94977168949771689497716897,0,0.000,23.94977168949771689497716897,0.2739726027397260273972602740,0.2191780821917808219178082192,23.67579908675799086757990870,0E-28,0E-28,0,0,0,5,6,2035,BASE,0.2739726027397260273972602740,0.2191780821917808219178082192,0.06524050791267905172953024340,0.04697316569712891724526177525
23.67579908675799086757990870,0,0.000,23.67579908675799086757990870,0.2739726027397260273972602740,0.2191780821917808219178082192,23.40182648401826484018264843,0E-28,0E-28,0,0,0,6,7,2035,BASE,0.2739726027397260273972602740,0.2191780821917808219178082192,0.06448989804215925439419528373,0.04643272659035466316382060429
23.40182648401826484018264843,0,0.000,23.40182648401826484018264843,0.2739726027397260273972602740,0.2191780821917808219178082192,23.12785388127853881278538816,0E-28,0E-28,0,0,0,7,8,2035,BASE,0.2739726027397260273972602740,0.2191780821917808219178082192,0.06373928817163945705886032412,0.04589228748358040908237943337
23.12785388127853881278538816,0,0.000,23.12785388127853881278538816,0.2739726027397260273972602740,0.2191780821917808219178082192,22.85388127853881278538812789,0E-28,0E-28,0,0,0,8,9,2035,BASE,0.2739726027397260273972602740,0.2191780821917808219178082192,0.06298867830111965972352536444,0.04535184837680615500093826240
22.85388127853881278538812789,0,0.000,22.85388127853881278538812789,0.2739726027397260273972602740,0.2191780821917808219178082192,22.57990867579908675799086762,0E-28,0E-28,0,0,0,9,10,2035,BASE,0.2739726027397260273972602740,0.2191780821917808219178082192,0.06223806843059986238819040483,0.04481140927003190091949709148
22.57990867579908675799086762,0,0.000,22.57990867579908675799086762,0.2739726027397260273972602740,0.2191780821917808219178082192,22.30593607305936073059360735,0E-28,0E-28,0,0,0,10,11,2035,BASE,0.2739726027397260273972602740,0.2191780821917808219178082192,0.06148745856008006505285544516,0.04427097016325764683805592052
22.30593607305936073059360735,0,0.000,22.30593607305936073059360735,0.2739726027397260273972602740,0.2191780821917808219178082192,22.03196347031963470319634708,0E-28,0E-28,0,0,0,11,12,2035,BASE,0.2739726027397260273972602740,0.2191780821917808219178082192,0.06073684868956026771752048554,0.04373053105648339275661474959
22.03196347031963470319634708,0,0.000,22.03196347031963470319634708,0.2739726027397260273972602740,0.2191780821917808219178082192,21.75799086757990867579908681,0E-28,0E-28,0,0,0,12,13,2035,BASE,0.2739726027397260273972602740,0.2191780821917808219178082192,0.05998623881904047038218552587,0.04319009194970913867517357863
21.75799086757990867579908681,0,0.000,21.75799086757990867579908681,0.2739726027397260273972602740,0.2191780821917808219178082192,21.48401826484018264840182654,0E-28,0E-28,0,0,0,13,14,2035,BASE,0.2739726027397260273972602740,0.2191780821917808219178082192,0.05923562894852067304685056625,0.04264965284293488459373240770
21.48401826484018264840182654,0,0.000,21.48401826484018264840182654,0.2739726027397260273972602740,0.2191780821917808219178082192,21.21004566210045662100456627,0E-28,0E-28,0,0,0,14,15,2035,BASE,0.2739726027397260273972602740,0.2191780821917808219178082192,0.05848501907800087571151560658,0.04210921373616063051229123674
21.21004566210045662100456627,0,0.000,21.21004566210045662100456627,0.2739726027397260273972602740,0.2191780821917808219178082192,20.93607305936073059360730600,0E-28,0E-28,0,0,0,15,16,2035,BASE,0.2739726027397260273972602740,0.2191780821917808219178082192,0.05773440920748107837618064696,0.04156877462938637643085006581
20.93607305936073059360730600,0,0.000,20.93607305936073059360730600,0.2739726027397260273972602740,0.2191780821917808219178082192,20.66210045662100456621004573,0E-28,0E-28,0,0,0,16,17,2035,BASE,0.2739726027397260273972602740,0.2191780821917808219178082192,0.05698379933696128104084568729,0.04102833552261212234940889485
20.66210045662100456621004573,0,0.000,20.66210045662100456621004573,0.2739726027397260273972602740,0.2191780821917808219178082192,20.38812785388127853881278546,0E-28,0E-28,0,0,0,17,18,2035,BASE,0.2739726027397260273972602740,0.2191780821917808219178082192,0.05623318946644148370551072768,0.04048789641583786826796772393
20.38812785388127853881278546,0,0.000,20.38812785388127853881278546,0.2739726027397260273972602740,0.2191780821917808219178082192,20.11415525114155251141552519,0E-28,0E-28,0,0,0,18,19,2035,BASE,0.2739726027397260273972602740,0.2191780821917808219178082192,0.05548257959592168637017576801,0.03994745730906361418652655297
20.11415525114155251141552519,0,0.000,20.11415525114155251141552519,0.2739726027397260273972602740,0.2191780821917808219178082192,19.84018264840182648401826492,0E-28,0E-28,0,0,0,19,20,2035,BASE,0.2739726027397260273972602740,0.2191780821917808219178082192,0.05473196972540188903484080839,0.03940701820228936010508538204
19.84018264840182648401826492,0,0.000,19.84018264840182648401826492,0.2739726027397260273972602740,0.2191780821917808219178082192,19.56621004566210045662100465,0E-28,0E-28,0,0,0,20,21,2035,BASE,0.2739726027397260273972602740,0.2191780821917808219178082192,0.05398135985488209169950584872,0.03886657909551510602364421108
19.56621004566210045662100465,0,0.000,19.56621004566210045662100465,0.2739726027397260273972602740,0.2191780821917808219178082192,19.29223744292237442922374438,0E-28,0E-28,0,0,0,21,22,2035,BASE,0.2739726027397260273972602740,0.2191780821917808219178082192,0.05323074998436229436417088910,0.03832613998874085194220304015
19.29223744292237442922374438,0,0.000,19.29223744292237442922374438,0.2739726027397260273972602740,0.2191780821917808219178082192,19.01826484018264840182648411,0E-28,0E-28,0,0,0,22,23,2035,BASE,0.2739726027397260273972602740,0.2191780821917808219178082192,0.05248014011384249702883592943,0.03778570088196659786076186919
19.01826484018264840182648411,0,0.000,19.01826484018264840182648411,0.2739726027397260273972602740,0.2191780821917808219178082192,18.74429223744292237442922384,0E-28,0E-28,0,0,0,23,24,2035,BASE,0.2739726027397260273972602740,0.2191780821917808219178082192,0.05172953024332269969350096981,0.03724526177519234377932069826
18.74429223744292237442922384,0,0.000,18.74429223744292237442922384,0.2739726027397260273972602740,0.2191780821917808219178082192,18.47031963470319634703196357,0E-28,0E-28,0,0,0,24,25,2035,BASE,0.2739726027397260273972602740,0.2191780821917808219178082192,0.05097892037280290235816601014,0.03670482266841808969787952730
18.47031963470319634703196357,0,0.000,18.47031963470319634703196357,0.2739726027397260273972602740,0.2191780821917808219178082192,18.19634703196347031963470330,0E-28,0E-28,0,0,0,25,26,2035,BASE,0.2739726027397260273972602740,0.2191780821917808219178082192,0.05022831050228310502283105053,0.03616438356164383561643835638
18.19634703196347031963470330,0,0.000,18.19634703196347031963470330,0.2739726027397260273972602740,0.2191780821917808219178082192,17.92237442922374429223744303,0E-28,0E-28,0,0,0,26,27,2035,BASE,0.2739726027397260273972602740,0.2191780821917808219178082192,0.04947770063176330768749609085,0.03562394445486958153499718541
17.92237442922374429223744303,0,0.000,17.92237442922374429223744303,0.2739726027397260273972602740,0.2191780821917808219178082192,17.64840182648401826484018276,0E-28,0E-28,0,0,0,27,28,2035,BASE,0.2739726027397260273972602740,0.2191780821917808219178082192,0.04872709076124351035216113124,0.03508350534809532745355601449
17.64840182648401826484018276,0,0.000,17.64840182648401826484018276,0.2739726027397260273972602740,0.2191780821917808219178082192,17.37442922374429223744292249,0E-28,0E-28,0,0,0,28,29,2035,BASE,0.2739726027397260273972602740,0.2191780821917808219178082192,0.04797648089072371301682617157,0.03454306624132107337211484353
17.37442922374429223744292249,0,0.000,17.37442922374429223744292249,0.2739726027397260273972602740,0.2191780821917808219178082192,17.10045662100456621004566222,0E-28,0E-28,0,0,0,29,30,2035,BASE,0.2739726027397260273972602740,0.2191780821917808219178082192,0.04722587102020391568149121195,0.03400262713454681929067367260
17.10045662100456621004566222,0,0.000,17.10045662100456621004566222,0.1141552511415525114155251142,0.09132420091324200913242009136,16.98630136986301369863013711,0E-28,0E-29,0,0,0,30,365/12,2035,BASE,0.1141552511415525114155251142,0.09132420091324200913242009136,0.01945591209524405245928983980,0.01400825670857571777068868466
16.98630136986301369863013711,9.299768103468885223170527625,0.4184895646560998350426737431,25.86757990867579908675799100,0.1598173515981735159817351598,0.1278538812785388127853881278,25.70776255707762557077625584,0E-28,0E-28,9.299768103468885223170527625,0E-27,0,365/12,31,2035,BASE,0.1598173515981735159817351598,0.1278538812785388127853881278,0.04121317320322762244323512875,0.02967348470632388815912929270
25.70776255707762557077625584,0,0.000,25.70776255707762557077625584,0.2739726027397260273972602740,0.2191780821917808219178082192,25.43378995433789954337899557,0E-28,0E-28,0,0,0,31,32,2035,BASE,0.2739726027397260273972602740,0.2191780821917808219178082192,0.07005692124851441796459623480,0.05044098329893038093450928906
25.43378995433789954337899557,0,0.000,25.43378995433789954337899557,0.2739726027397260273972602740,0.2191780821917808219178082192,25.15981735159817351598173530,0E-28,0E-28,0,0,0,32,33,2035,BASE,0.2739726027397260273972602740,0.2191780821917808219178082192,0.06930631137799462062926127519,0.04990054419215612685306811814
25.15981735159817351598173530,0,0.000,25.15981735159817351598173530,0.2739726027397260273972602740,0.2191780821917808219178082192,24.88584474885844748858447503,0E-28,0E-28,0,0,0,33,34,2035,BASE,0.2739726027397260273972602740,0.2191780821917808219178082192,0.06855570150747482329392631551,0.04936010508538187277162694717
24.88584474885844748858447503,0,0.000,24.88584474885844748858447503,0.2739726027397260273972602740,0.2191780821917808219178082192,24.61187214611872146118721476,0E-28,0E-28,0,0,0,34,35,2035,BASE,0.2739726027397260273972602740,0.2191780821917808219178082192,0.06780509163695502595859135590,0.04881966597860761869018577625
24.61187214611872146118721476,0,0.000,24.61187214611872146118721476,0.2739726027397260273972602740,0.2191780821917808219178082192,24.33789954337899543378995449,0E-28,0E-28,0,0,0,35,36,2035,BASE,0.2739726027397260273972602740,0.2191780821917808219178082192,0.06705448176643522862325639623,0.04827922687183336460874460529
24.33789954337899543378995449,0,0.000,24.33789954337899543378995449,0.2739726027397260273972602740,0.2191780821917808219178082192,24.06392694063926940639269422,0E-28,0E-28,0,0,0,36,37,2035,BASE,0.2739726027397260273972602740,0.2191780821917808219178082192,0.06630387189591543128792143661,0.04773878776505911052730343436
24.06392694063926940639269422,0,0.000,24.06392694063926940639269422,0.2739726027397260273972602740,0.2191780821917808219178082192,23.78995433789954337899543395,0E-28,0E-28,0,0,0,37,38,2035,BASE,0.2739726027397260273972602740,0.2191780821917808219178082192,0.06555326202539563395258647694,0.04719834865828485644586226340
23.78995433789954337899543395,0,0.000,23.78995433789954337899543395,0.2739726027397260273972602740,0.2191780821917808219178082192,23.51598173515981735159817368,0E-28,0E-28,0,0,0,38,39,2035,BASE,0.2739726027397260273972602740,0.2191780821917808219178082192,0.06480265215487583661725151732,0.04665790955151060236442109247
23.51598173515981735159817368,0,0.000,23.51598173515981735159817368,0.2739726027397260273972602740,0.2191780821917808219178082192,23.24200913242009132420091341,0E-28,0E-28,0,0,0,39,40,2035,BASE,0.2739726027397260273972602740,0.2191780821917808219178082192,0.06405204228435603928191655765,0.04611747044473634828297992151
23.24200913242009132420091341,0,0.000,23.24200913242009132420091341,0.2739726027397260273972602740,0.2191780821917808219178082192,22.96803652968036529680365314,0E-28,0E-28,0,0,0,40,41,2035,BASE,0.2739726027397260273972602740,0.2191780821917808219178082192,0.06330143241383624194658159803,0.04557703133796209420153875058
22.96803652968036529680365314,0,0.000,22.96803652968036529680365314,0.2739726027397260273972602740,0.2191780821917808219178082192,22.69406392694063926940639287,0E-28,0E-28,0,0,0,41,42,2035,BASE,0.2739726027397260273972602740,0.2191780821917808219178082192,0.06255082254331644461124663836,0.04503659223118784012009757962
22.69406392694063926940639287,0,0.000,22.69406392694063926940639287,0.2739726027397260273972602740,0.2191780821917808219178082192,22.42009132420091324200913260,0E-28,0E-28,0,0,0,42,43,2035,BASE,0.2739726027397260273972602740,0.2191780821917808219178082192,0.06180021267279664727591167875,0.04449615312441358603865640870
22.42009132420091324200913260,0,0.000,22.42009132420091324200913260,0.2739726027397260273972602740,0.2191780821917808219178082192,22.14611872146118721461187233,0E-28,0E-28,0,0,0,43,44,2035,BASE,0.2739726027397260273972602740,0.2191780821917808219178082192,0.06104960280227684994057671907,0.04395571401763933195721523773
22.14611872146118721461187233,0,0.000,22.14611872146118721461187233,0.2739726027397260273972602740,0.2191780821917808219178082192,21.87214611872146118721461206,0E-28,0E-28,0,0,0,44,45,2035,BASE,0.2739726027397260273972602740,0.2191780821917808219178082192,0.06029899293175705260524175946,0.04341527491086507787577406681
21.87214611872146118721461206,0,0.000,21.87214611872146118721461206,0.2739726027397260273972602740,0.2191780821917808219178082192,21.59817351598173515981735179,0E-28,0E-28,0,0,0,45,46,2035,BASE,0.2739726027397260273972602740,0.2191780821917808219178082192,0.05954838306123725526990679979,0.04287483580409082379433289585
21.59817351598173515981735179,0,0.000,21.59817351598173515981735179,0.2739726027397260273972602740,0.2191780821917808219178082192,21.32420091324200913242009152,0E-28,0E-28,0,0,0,46,47,2035,BASE,0.2739726027397260273972602740,0.2191780821917808219178082192,0.05879777319071745793457184017,0.04233439669731656971289172492
21.32420091324200913242009152,0,0.000,21.32420091324200913242009152,0.2739726027397260273972602740,0.2191780821917808219178082192,21.05022831050228310502283125,0E-28,0E-28,0,0,0,47,48,2035,BASE,0.2739726027397260273972602740,0.2191780821917808219178082192,0.05804716332019766059923688050,0.04179395759054231563145055396
21.05022831050228310502283125,0,0.000,21.05022831050228310502283125,0.2739726027397260273972602740,0.2191780821917808219178082192,20.77625570776255707762557098,0E-28,0E-28,0,0,0,48,49,2035,BASE,0.2739726027397260273972602740,0.2191780821917808219178082192,0.05729655344967786326390192088,0.04125351848376806155000938303
20.77625570776255707762557098,0,0.000,20.77625570776255707762557098,0.2739726027397260273972602740,0.2191780821917808219178082192,20.50228310502283105022831071,0E-28,0E-28,0,0,0,49,50,2035,BASE,0.2739726027397260273972602740,0.2191780821917808219178082192,0.05654594357915806592856696121,0.04071307937699380746856821207
20.50228310502283105022831071,0,0.000,20.50228310502283105022831071,0.2739726027397260273972602740,0.2191780821917808219178082192,20.22831050228310502283105044,0E-28,0E-28,0,0,0,50,51,2035,BASE,0.2739726027397260273972602740,0.2191780821917808219178082192,0.05579533370863826859323200159,0.04017264027021955338712704114
20.22831050228310502283105044,0,0.000,20.22831050228310502283105044,0.2739726027397260273972602740,0.2191780821917808219178082192,19.95433789954337899543379017,0E-28,0E-28,0,0,0,51,52,2035,BASE,0.2739726027397260273972602740,0.2191780821917808219178082192,0.05504472383811847125789704192,0.03963220116344529930568587018
19.95433789954337899543379017,0,0.000,19.95433789954337899543379017,0.2739726027397260273972602740,0.2191780821917808219178082192,19.68036529680365296803652990,0E-28,0E-28,0,0,0,52,53,2035,BASE,0.2739726027397260273972602740,0.2191780821917808219178082192,0.05429411396759867392256208231,0.03909176205667104522424469926
19.68036529680365296803652990,0,0.000,19.68036529680365296803652990,0.2739726027397260273972602740,0.2191780821917808219178082192,19.40639269406392694063926963,0E-28,0E-28,0,0,0,53,54,2035,BASE,0.2739726027397260273972602740,0.2191780821917808219178082192,0.05354350409707887658722712264,0.03855132294989679114280352830
19.40639269406392694063926963,0,0.000,19.40639269406392694063926963,0.2739726027397260273972602740,0.2191780821917808219178082192,19.13242009132420091324200936,0E-28,0E-28,0,0,0,54,55,2035,BASE,0.2739726027397260273972602740,0.2191780821917808219178082192,0.05279289422655907925189216302,0.03801088384312253706136235737
19.13242009132420091324200936,0,0.000,19.13242009132420091324200936,0.2739726027397260273972602740,0.2191780821917808219178082192,18.85844748858447488584474909,0E-28,0E-28,0,0,0,55,56,2035,BASE,0.2739726027397260273972602740,0.2191780821917808219178082192,0.05204228435603928191655720335,0.03747044473634828297992118641
18.85844748858447488584474909,0,0.000,18.85844748858447488584474909,0.2739726027397260273972602740,0.2191780821917808219178082192,18.58447488584474885844748882,0E-28,0E-28,0,0,0,56,57,2035,BASE,0.2739726027397260273972602740,0.2191780821917808219178082192,0.05129167448551948458122224373,0.03693000562957402889848001549
18.58447488584474885844748882,0,0.000,18.58447488584474885844748882,0.2739726027397260273972602740,0.2191780821917808219178082192,18.31050228310502283105022855,0E-28,0E-28,0,0,0,57,58,2035,BASE,0.2739726027397260273972602740,0.2191780821917808219178082192,0.05054106461499968724588728406,0.03638956652279977481703884452
18.31050228310502283105022855,0,0.000,18.31050228310502283105022855,0.2739726027397260273972602740,0.2191780821917808219178082192,18.03652968036529680365296828,0E-28,0E-28,0,0,0,58,59,2035,BASE,0.2739726027397260273972602740,0.2191780821917808219178082192,0.04979045474447988991055232444,0.03584912741602552073559767360
18.03652968036529680365296828,0,0.000,18.03652968036529680365296828,0.2739726027397260273972602740,0.2191780821917808219178082192,17.76255707762557077625570801,0E-28,0E-28,0,0,0,59,60,2035,BASE,0.2739726027397260273972602740,0.2191780821917808219178082192,0.04903984487396009257521736477,0.03530868830925126665415650263
17.76255707762557077625570801,0,0.000,17.76255707762557077625570801,0.2283105022831050228310502283,0.1826484018264840182648401826,17.53424657534246575342465778,0E-28,0E-28,0,0,0,60,365/6,2035,BASE,0.2283105022831050228310502283,0.1826484018264840182648401826,0.04029315485498634307041137648,0.02901107149559016701069619107
17.53424657534246575342465778,9.299768103468885223170527625,0.4184895646560998350426737431,26.41552511415525114155251166,0.04566210045662100456621004567,0.03652968036529680365296803654,26.36986301369863013698630161,0E-29,0E-29,9.299768103468885223170527625,0E-27,0,365/6,61,2035,BASE,0.04566210045662100456621004567,0.03652968036529680365296803654,0.01205145847667896832843351902,0.008677050103208857196472133694
26.36986301369863013698630161,0,0.000,26.36986301369863013698630161,0.2739726027397260273972602740,0.2191780821917808219178082192,26.09589041095890410958904134,0E-28,0E-28,0,0,0,61,62,2035,BASE,0.2739726027397260273972602740,0.2191780821917808219178082192,0.07187089510227059485832238762,0.05174704447363482829799211909
26.09589041095890410958904134,0,0.000,26.09589041095890410958904134,0.2739726027397260273972602740,0.2191780821917808219178082192,25.82191780821917808219178107,0E-28,0E-28,0,0,0,62,63,2035,BASE,0.2739726027397260273972602740,0.2191780821917808219178082192,0.07112028523175079752298742795,0.05120660536686057421655094812
25.82191780821917808219178107,0,0.000,25.82191780821917808219178107,0.2739726027397260273972602740,0.2191780821917808219178082192,25.54794520547945205479452080,0E-28,0E-28,0,0,0,63,64,2035,BASE,0.2739726027397260273972602740,0.2191780821917808219178082192,0.07036967536123100018765246834,0.05066616626008632013510977720
25.54794520547945205479452080,0,0.000,25.54794520547945205479452080,0.2739726027397260273972602740,0.2191780821917808219178082192,25.27397260273972602739726053,0E-28,0E-28,0,0,0,64,65,2035,BASE,0.2739726027397260273972602740,0.2191780821917808219178082192,0.06961906549071120285231750866,0.05012572715331206605366860624
25.27397260273972602739726053,0,0.000,25.27397260273972602739726053,0.2739726027397260273972602740,0.2191780821917808219178082192,25.00000000000000000000000026,0E-28,0E-28,0,0,0,65,66,2035,BASE,0.2739726027397260273972602740,0.2191780821917808219178082192,0.06886845562019140551698254905,0.04958528804653781197222743532
25.00000000000000000000000026,0,0.000,25.00000000000000000000000026,0.2739726027397260273972602740,0.2191780821917808219178082192,24.72602739726027397260273999,0E-28,0E-28,0,0,0,66,67,2035,BASE,0.2739726027397260273972602740,0.2191780821917808219178082192,0.06811784574967160818164758938,0.04904484893976355789078626435
24.72602739726027397260273999,0,0.000,24.72602739726027397260273999,0.2739726027397260273972602740,0.2191780821917808219178082192,24.45205479452054794520547972,0E-28,0E-28,0,0,0,67,68,2035,BASE,0.2739726027397260273972602740,0.2191780821917808219178082192,0.06736723587915181084631262976,0.04850440983298930380934509343
24.45205479452054794520547972,0,0.000,24.45205479452054794520547972,0.2739726027397260273972602740,0.2191780821917808219178082192,24.17808219178082191780821945,0E-28,0E-28,0,0,0,68,69,2035,BASE,0.2739726027397260273972602740,0.2191780821917808219178082192,0.06661662600863201351097767009,0.04796397072621504972790392246
24.17808219178082191780821945,0,0.000,24.17808219178082191780821945,0.2739726027397260273972602740,0.2191780821917808219178082192,23.90410958904109589041095918,0E-28,0E-28,0,0,0,69,70,2035,BASE,0.2739726027397260273972602740,0.2191780821917808219178082192,0.06586601613811221617564271047,0.04742353161944079564646275154
23.90410958904109589041095918,0,0.000,23.90410958904109589041095918,0.2739726027397260273972602740,0.2191780821917808219178082192,23.63013698630136986301369891,0E-28,0E-28,0,0,0,70,71,2035,BASE,0.2739726027397260273972602740,0.2191780821917808219178082192,0.06511540626759241884030775080,0.04688309251266654156502158058
23.63013698630136986301369891,0,0.000,23.63013698630136986301369891,0.2739726027397260273972602740,0.2191780821917808219178082192,23.35616438356164383561643864,0E-28,0E-28,0,0,0,71,72,2035,BASE,0.2739726027397260273972602740,0.2191780821917808219178082192,0.06436479639707262150497279118,0.04634265340589228748358040965
23.35616438356164383561643864,0,0.000,23.35616438356164383561643864,0.2739726027397260273972602740,0.2191780821917808219178082192,23.08219178082191780821917837,0E-28,0E-28,0,0,0,72,73,2035,BASE,0.2739726027397260273972602740,0.2191780821917808219178082192,0.06361418652655282416963783151,0.04580221429911803340213923869
23.08219178082191780821917837,0,0.000,23.08219178082191780821917837,0.2739726027397260273972602740,0.2191780821917808219178082192,22.80821917808219178082191810,0E-28,0E-28,0,0,0,73,74,2035,BASE,0.2739726027397260273972602740,0.2191780821917808219178082192,0.06286357665603302683430287190,0.04526177519234377932069806777
22.80821917808219178082191810,0,0.000,22.80821917808219178082191810,0.2739726027397260273972602740,0.2191780821917808219178082192,22.53424657534246575342465783,0E-28,0E-28,0,0,0,74,75,2035,BASE,0.2739726027397260273972602740,0.2191780821917808219178082192,0.06211296678551322949896791223,0.04472133608556952523925689681
22.53424657534246575342465783,0,0.000,22.53424657534246575342465783,0.2739726027397260273972602740,0.2191780821917808219178082192,22.26027397260273972602739756,0E-28,0E-28,0,0,0,75,76,2035,BASE,0.2739726027397260273972602740,0.2191780821917808219178082192,0.06136235691499343216363295261,0.04418089697879527115781572588
22.26027397260273972602739756,0,0.000,22.26027397260273972602739756,0.2739726027397260273972602740,0.2191780821917808219178082192,21.98630136986301369863013729,0E-28,0E-28,0,0,0,76,77,2035,BASE,0.2739726027397260273972602740,0.2191780821917808219178082192,0.06061174704447363482829799294,0.04364045787202101707637455492
21.98630136986301369863013729,0,0.000,21.98630136986301369863013729,0.2739726027397260273972602740,0.2191780821917808219178082192,21.71232876712328767123287702,0E-28,0E-28,0,0,0,77,78,2035,BASE,0.2739726027397260273972602740,0.2191780821917808219178082192,0.05986113717395383749296303332,0.04310001876524676299493338399
21.71232876712328767123287702,0,0.000,21.71232876712328767123287702,0.2739726027397260273972602740,0.2191780821917808219178082192,21.43835616438356164383561675,0E-28,0E-28,0,0,0,78,79,2035,BASE,0.2739726027397260273972602740,0.2191780821917808219178082192,0.05911052730343404015762807365,0.04255957965847250891349221303
21.43835616438356164383561675,0,0.000,21.43835616438356164383561675,0.2739726027397260273972602740,0.2191780821917808219178082192,21.16438356164383561643835648,0E-28,0E-28,0,0,0,79,80,2035,BASE,0.2739726027397260273972602740,0.2191780821917808219178082192,0.05835991743291424282229311403,0.04201914055169825483205104210
21.16438356164383561643835648,0,0.000,21.16438356164383561643835648,0.2739726027397260273972602740,0.2191780821917808219178082192,20.89041095890410958904109621,0E-28,0E-28,0,0,0,80,81,2035,BASE,0.2739726027397260273972602740,0.2191780821917808219178082192,0.05760930756239444548695815436,0.04147870144492400075060987114
20.89041095890410958904109621,0,0.000,20.89041095890410958904109621,0.2739726027397260273972602740,0.2191780821917808219178082192,20.61643835616438356164383594,0E-28,0E-28,0,0,0,81,82,2035,BASE,0.2739726027397260273972602740,0.2191780821917808219178082192,0.05685869769187464815162319475,0.04093826233814974666916870022
20.61643835616438356164383594,0,0.000,20.61643835616438356164383594,0.2739726027397260273972602740,0.2191780821917808219178082192,20.34246575342465753424657567,0E-28,0E-28,0,0,0,82,83,2035,BASE,0.2739726027397260273972602740,0.2191780821917808219178082192,0.05610808782135485081628823507,0.04039782323137549258772752925
20.34246575342465753424657567,0,0.000,20.34246575342465753424657567,0.2739726027397260273972602740,0.2191780821917808219178082192,20.06849315068493150684931540,0E-28,0E-28,0,0,0,83,84,2035,BASE,0.2739726027397260273972602740,0.2191780821917808219178082192,0.05535747795083505348095327546,0.03985738412460123850628635833
20.06849315068493150684931540,0,0.000,20.06849315068493150684931540,0.2739726027397260273972602740,0.2191780821917808219178082192,19.79452054794520547945205513,0E-28,0E-28,0,0,0,84,85,2035,BASE,0.2739726027397260273972602740,0.2191780821917808219178082192,0.05460686808031525614561831579,0.03931694501782698442484518737
19.79452054794520547945205513,0,0.000,19.79452054794520547945205513,0.2739726027397260273972602740,0.2191780821917808219178082192,19.52054794520547945205479486,0E-28,0E-28,0,0,0,85,86,2035,BASE,0.2739726027397260273972602740,0.2191780821917808219178082192,0.05385625820979545881028335617,0.03877650591105273034340401644
19.52054794520547945205479486,0,0.000,19.52054794520547945205479486,0.2739726027397260273972602740,0.2191780821917808219178082192,19.24657534246575342465753459,0E-28,0E-28,0,0,0,86,87,2035,BASE,0.2739726027397260273972602740,0.2191780821917808219178082192,0.05310564833927566147494839650,0.03823606680427847626196284548
19.24657534246575342465753459,0,0.000,19.24657534246575342465753459,0.2739726027397260273972602740,0.2191780821917808219178082192,18.97260273972602739726027432,0E-28,0E-28,0,0,0,87,88,2035,BASE,0.2739726027397260273972602740,0.2191780821917808219178082192,0.05235503846875586413961343688,0.03769562769750422218052167455
18.97260273972602739726027432,0,0.000,18.97260273972602739726027432,0.2739726027397260273972602740,0.2191780821917808219178082192,18.69863013698630136986301405,0E-28,0E-28,0,0,0,88,89,2035,BASE,0.2739726027397260273972602740,0.2191780821917808219178082192,0.05160442859823606680427847721,0.03715518859072996809908050359
18.69863013698630136986301405,0,0.000,18.69863013698630136986301405,0.2739726027397260273972602740,0.2191780821917808219178082192,18.42465753424657534246575378,0E-28,0E-28,0,0,0,89,90,2035,BASE,0.2739726027397260273972602740,0.2191780821917808219178082192,0.05085381872771626946894351759,0.03661474948395571401763933266
18.42465753424657534246575378,0,0.000,18.42465753424657534246575378,0.2739726027397260273972602740,0.2191780821917808219178082192,18.15068493150684931506849351,0E-28,0E-28,0,0,0,90,91,2035,BASE,0.2739726027397260273972602740,0.2191780821917808219178082192,0.05010320885719647213360855792,0.03607431037718145993619816170
18.15068493150684931506849351,0,0.000,18.15068493150684931506849351,0.06849315068493150684931506849,0.05479452054794520547945205479,18.08219178082191780821917844,0E-29,0E-29,0,0,0,91,365/4,2035,BASE,0.06849315068493150684931506849,0.05479452054794520547945205479,0.01240851942203039969975605204,0.008934133983861887783824357469
18.08219178082191780821917844,9.299768103468885223170527625,0.4184895646560998350426737431,26.96347031963470319634703232,0.2054794520547945205479452055,0.1643835616438356164383561644,26.75799086757990867579908711,0E-28,0E-28,9.299768103468885223170527625,0E-27,0,365/4,92,2035,BASE,0.2054794520547945205479452055,0.1643835616438356164383561644,0.05519328204165884781384875285,0.03973916306999437042597110205
26.75799086757990867579908711,0,0.000,26.75799086757990867579908711,0.2739726027397260273972602740,0.2191780821917808219178082192,26.48401826484018264840182684,0E-28,0E-28,0,0,0,92,93,2035,BASE,0.2739726027397260273972602740,0.2191780821917808219178082192,0.07293425908550697441671358077,0.05251266654156502158003377815
26.48401826484018264840182684,0,0.000,26.48401826484018264840182684,0.2739726027397260273972602740,0.2191780821917808219178082192,26.21004566210045662100456657,0E-28,0E-28,0,0,0,93,94,2035,BASE,0.2739726027397260273972602740,0.2191780821917808219178082192,0.07218364921498717708137862110,0.05197222743479076749859260719
26.21004566210045662100456657,0,0.000,26.21004566210045662100456657,0.2739726027397260273972602740,0.2191780821917808219178082192,25.93607305936073059360730630,0E-28,0E-28,0,0,0,94,95,2035,BASE,0.2739726027397260273972602740,0.2191780821917808219178082192,0.07143303934446737974604366149,0.05143178832801651341715143627
25.93607305936073059360730630,0,0.000,25.93607305936073059360730630,0.2739726027397260273972602740,0.2191780821917808219178082192,25.66210045662100456621004603,0E-28,0E-28,0,0,0,95,96,2035,BASE,0.2739726027397260273972602740,0.2191780821917808219178082192,0.07068242947394758241070870182,0.05089134922124225933571026531
25.66210045662100456621004603,0,0.000,25.66210045662100456621004603,0.2739726027397260273972602740,0.2191780821917808219178082192,25.38812785388127853881278576,0E-28,0E-28,0,0,0,96,97,2035,BASE,0.2739726027397260273972602740,0.2191780821917808219178082192,0.06993181960342778507537374220,0.05035091011446800525426909438
25.38812785388127853881278576,0,0.000,25.38812785388127853881278576,0.2739726027397260273972602740,0.2191780821917808219178082192,25.11415525114155251141552549,0E-28,0E-28,0,0,0,97,98,2035,BASE,0.2739726027397260273972602740,0.2191780821917808219178082192,0.06918120973290798774003878253,0.04981047100769375117282792342
25.11415525114155251141552549,0,0.000,25.11415525114155251141552549,0.2739726027397260273972602740,0.2191780821917808219178082192,24.84018264840182648401826522,0E-28,0E-28,0,0,0,98,99,2035,BASE,0.2739726027397260273972602740,0.2191780821917808219178082192,0.06843059986238819040470382291,0.04927003190091949709138675250
24.84018264840182648401826522,0,0.000,24.84018264840182648401826522,0.2739726027397260273972602740,0.2191780821917808219178082192,24.56621004566210045662100495,0E-28,0E-28,0,0,0,99,100,2035,BASE,0.2739726027397260273972602740,0.2191780821917808219178082192,0.06767998999186839306936886324,0.04872959279414524300994558153
24.56621004566210045662100495,0,0.000,24.56621004566210045662100495,0.2739726027397260273972602740,0.2191780821917808219178082192,24.29223744292237442922374468,0E-28,0E-28,0,0,0,100,101,2035,BASE,0.2739726027397260273972602740,0.2191780821917808219178082192,0.06692938012134859573403390362,0.04818915368737098892850441061
24.29223744292237442922374468,0,0.000,24.29223744292237442922374468,0.2739726027397260273972602740,0.2191780821917808219178082192,24.01826484018264840182648441,0E-28,0E-28,0,0,0,101,102,2035,BASE,0.2739726027397260273972602740,0.2191780821917808219178082192,0.06617877025082879839869894395,0.04764871458059673484706323964
24.01826484018264840182648441,0,0.000,24.01826484018264840182648441,0.2739726027397260273972602740,0.2191780821917808219178082192,23.74429223744292237442922414,0E-28,0E-28,0,0,0,102,103,2035,BASE,0.2739726027397260273972602740,0.2191780821917808219178082192,0.06542816038030900106336398434,0.04710827547382248076562206872
23.74429223744292237442922414,0,0.000,23.74429223744292237442922414,0.2739726027397260273972602740,0.2191780821917808219178082192,23.47031963470319634703196387,0E-28,0E-28,0,0,0,103,104,2035,BASE,0.2739726027397260273972602740,0.2191780821917808219178082192,0.06467755050978920372802902466,0.04656783636704822668418089776
23.47031963470319634703196387,0,0.000,23.47031963470319634703196387,0.2739726027397260273972602740,0.2191780821917808219178082192,23.19634703196347031963470360,0E-28,0E-28,0,0,0,104,105,2035,BASE,0.2739726027397260273972602740,0.2191780821917808219178082192,0.06392694063926940639269406505,0.04602739726027397260273972684
23.19634703196347031963470360,0,0.000,23.19634703196347031963470360,0.2739726027397260273972602740,0.2191780821917808219178082192,22.92237442922374429223744333,0E-28,0E-28,0,0,0,105,106,2035,BASE,0.2739726027397260273972602740,0.2191780821917808219178082192,0.06317633076874960905735910538,0.04548695815349971852129855587
22.92237442922374429223744333,0,0.000,22.92237442922374429223744333,0.2739726027397260273972602740,0.2191780821917808219178082192,22.64840182648401826484018306,0E-28,0E-28,0,0,0,106,107,2035,BASE,0.2739726027397260273972602740,0.2191780821917808219178082192,0.06242572089822981172202414576,0.04494651904672546443985738495
22.64840182648401826484018306,0,0.000,22.64840182648401826484018306,0.2739726027397260273972602740,0.2191780821917808219178082192,22.37442922374429223744292279,0E-28,0E-28,0,0,0,107,108,2035,BASE,0.2739726027397260273972602740,0.2191780821917808219178082192,0.06167511102771001438668918609,0.04440607993995121035841621398
22.37442922374429223744292279,0,0.000,22.37442922374429223744292279,0.2739726027397260273972602740,0.2191780821917808219178082192,22.10045662100456621004566252,0E-28,0E-28,0,0,0,108,109,2035,BASE,0.2739726027397260273972602740,0.2191780821917808219178082192,0.06092450115719021705135422647,0.04386564083317695627697504306
22.10045662100456621004566252,0,0.000,22.10045662100456621004566252,0.2739726027397260273972602740,0.2191780821917808219178082192,21.82648401826484018264840225,0E-28,0E-28,0,0,0,109,110,2035,BASE,0.2739726027397260273972602740,0.2191780821917808219178082192,0.06017389128667041971601926680,0.04332520172640270219553387210
21.82648401826484018264840225,0,0.000,21.82648401826484018264840225,0.2739726027397260273972602740,0.2191780821917808219178082192,21.55251141552511415525114198,0E-28,0E-28,0,0,0,110,111,2035,BASE,0.2739726027397260273972602740,0.2191780821917808219178082192,0.05942328141615062238068430718,0.04278476261962844811409270117
21.55251141552511415525114198,0,0.000,21.55251141552511415525114198,0.2739726027397260273972602740,0.2191780821917808219178082192,21.27853881278538812785388171,0E-28,0E-28,0,0,0,111,112,2035,BASE,0.2739726027397260273972602740,0.2191780821917808219178082192,0.05867267154563082504534934751,0.04224432351285419403265153021
21.27853881278538812785388171,0,0.000,21.27853881278538812785388171,0.2739726027397260273972602740,0.2191780821917808219178082192,21.00456621004566210045662144,0E-28,0E-28,0,0,0,112,113,2035,BASE,0.2739726027397260273972602740,0.2191780821917808219178082192,0.05792206167511102771001438790,0.04170388440607993995121035929
21.00456621004566210045662144,0,0.000,21.00456621004566210045662144,0.2739726027397260273972602740,0.2191780821917808219178082192,20.73059360730593607305936117,0E-28,0E-28,0,0,0,113,114,2035,BASE,0.2739726027397260273972602740,0.2191780821917808219178082192,0.05717145180459123037467942822,0.04116344529930568586976918832
20.73059360730593607305936117,0,0.000,20.73059360730593607305936117,0.2739726027397260273972602740,0.2191780821917808219178082192,20.45662100456621004566210090,0E-28,0E-28,0,0,0,114,115,2035,BASE,0.2739726027397260273972602740,0.2191780821917808219178082192,0.05642084193407143303934446861,0.04062300619253143178832801740
20.45662100456621004566210090,0,0.000,20.45662100456621004566210090,0.2739726027397260273972602740,0.2191780821917808219178082192,20.18264840182648401826484063,0E-28,0E-28,0,0,0,115,116,2035,BASE,0.2739726027397260273972602740,0.2191780821917808219178082192,0.05567023206355163570400950894,0.04008256708575717770688684644
20.18264840182648401826484063,0,0.000,20.18264840182648401826484063,0.2739726027397260273972602740,0.2191780821917808219178082192,19.90867579908675799086758036,0E-28,0E-28,0,0,0,116,117,2035,BASE,0.2739726027397260273972602740,0.2191780821917808219178082192,0.05491962219303183836867454932,0.03954212797898292362544567551
19.90867579908675799086758036,0,0.000,19.90867579908675799086758036,0.2739726027397260273972602740,0.2191780821917808219178082192,19.63470319634703196347032009,0E-28,0E-28,0,0,0,117,118,2035,BASE,0.2739726027397260273972602740,0.2191780821917808219178082192,0.05416901232251204103333958965,0.03900168887220866954400450455
19.63470319634703196347032009,0,0.000,19.63470319634703196347032009,0.2739726027397260273972602740,0.2191780821917808219178082192,19.36073059360730593607305982,0E-28,0E-28,0,0,0,118,119,2035,BASE,0.2739726027397260273972602740,0.2191780821917808219178082192,0.05341840245199224369800463003,0.03846124976543441546256333362
19.36073059360730593607305982,0,0.000,19.36073059360730593607305982,0.2739726027397260273972602740,0.2191780821917808219178082192,19.08675799086757990867579955,0E-28,0E-28,0,0,0,119,120,2035,BASE,0.2739726027397260273972602740,0.2191780821917808219178082192,0.05266779258147244636266967036,0.03792081065866016138112216266
19.08675799086757990867579955,0,0.000,19.08675799086757990867579955,0.2739726027397260273972602740,0.2191780821917808219178082192,18.81278538812785388127853928,0E-28,0E-28,0,0,0,120,121,2035,BASE,0.2739726027397260273972602740,0.2191780821917808219178082192,0.05191718271095264902733471074,0.03738037155188590729968099173
18.81278538812785388127853928,0,0.000,18.81278538812785388127853928,0.1826484018264840182648401827,0.1461187214611872146118721462,18.63013698630136986301369910,0E-28,0E-28,0,0,0,121,365/3,2035,BASE,0.1826484018264840182648401827,0.1461187214611872146118721462,0.03419444965701298972081482958,0.02462000375304935259898667730
18.63013698630136986301369910,9.299768103468885223170527625,0.4184895646560998350426737431,27.51141552511415525114155298,0.09132420091324200913242009132,0.07305936073059360730593607306,27.42009132420091324200913289,0E-29,0E-29,9.299768103468885223170527625,0E-27,0,365/3,122,2035,BASE,0.09132420091324200913242009132,0.07305936073059360730593607306,0.02508287983986989428910990223,0.01805967348470632388815912961
27.42009132420091324200913289,0,0.000,27.42009132420091324200913289,0.2739726027397260273972602740,0.2191780821917808219178082192,27.14611872146118721461187262,0E-28,0E-28,0,0,0,122,123,2035,BASE,0.2739726027397260273972602740,0.2191780821917808219178082192,0.07474823293926315131043973360,0.05381872771626946894351660819
27.14611872146118721461187262,0,0.000,27.14611872146118721461187262,0.2739726027397260273972602740,0.2191780821917808219178082192,26.87214611872146118721461235,0E-28,0E-28,0,0,0,123,124,2035,BASE,0.2739726027397260273972602740,0.2191780821917808219178082192,0.07399762306874335397510477393,0.05327828860949521486207543723
26.87214611872146118721461235,0,0.000,26.87214611872146118721461235,0.2739726027397260273972602740,0.2191780821917808219178082192,26.59817351598173515981735208,0E-28,0E-28,0,0,0,124,125,2035,BASE,0.2739726027397260273972602740,0.2191780821917808219178082192,0.07324701319822355663976981431,0.05273784950272096078063426630
26.59817351598173515981735208,0,0.000,26.59817351598173515981735208,0.2739726027397260273972602740,0.2191780821917808219178082192,26.32420091324200913242009181,0E-28,0E-28,0,0,0,125,126,2035,BASE,0.2739726027397260273972602740,0.2191780821917808219178082192,0.07249640332770375930443485464,0.05219741039594670669919309534
26.32420091324200913242009181,0,0.000,26.32420091324200913242009181,0.2739726027397260273972602740,0.2191780821917808219178082192,26.05022831050228310502283154,0E-28,0E-28,0,0,0,126,127,2035,BASE,0.2739726027397260273972602740,0.2191780821917808219178082192,0.07174579345718396196909989502,0.05165697128917245261775192441
26.05022831050228310502283154,0,0.000,26.05022831050228310502283154,0.2739726027397260273972602740,0.2191780821917808219178082192,25.77625570776255707762557127,0E-28,0E-28,0,0,0,127,128,2035,BASE,0.2739726027397260273972602740,0.2191780821917808219178082192,0.07099518358666416463376493535,0.05111653218239819853631075345
25.77625570776255707762557127,0,0.000,25.77625570776255707762557127,0.2739726027397260273972602740,0.2191780821917808219178082192,25.50228310502283105022831100,0E-28,0E-28,0,0,0,128,129,2035,BASE,0.2739726027397260273972602740,0.2191780821917808219178082192,0.07024457371614436729842997573,0.05057609307562394445486958253
25.50228310502283105022831100,0,0.000,25.50228310502283105022831100,0.2739726027397260273972602740,0.2191780821917808219178082192,25.22831050228310502283105073,0E-28,0E-28,0,0,0,129,130,2035,BASE,0.2739726027397260273972602740,0.2191780821917808219178082192,0.06949396384562456996309501606,0.05003565396884969037342841156
25.22831050228310502283105073,0,0.000,25.22831050228310502283105073,0.2739726027397260273972602740,0.2191780821917808219178082192,24.95433789954337899543379046,0E-28,0E-28,0,0,0,130,131,2035,BASE,0.2739726027397260273972602740,0.2191780821917808219178082192,0.06874335397510477262776005645,0.04949521486207543629198724064
24.95433789954337899543379046,0,0.000,24.95433789954337899543379046,0.2739726027397260273972602740,0.2191780821917808219178082192,24.68036529680365296803653019,0E-28,0E-28,0,0,0,131,132,2035,BASE,0.2739726027397260273972602740,0.2191780821917808219178082192,0.06799274410458497529242509677,0.04895477575530118221054606967
24.68036529680365296803653019,0,0.000,24.68036529680365296803653019,0.2739726027397260273972602740,0.2191780821917808219178082192,24.40639269406392694063926992,0E-28,0E-28,0,0,0,132,133,2035,BASE,0.2739726027397260273972602740,0.2191780821917808219178082192,0.06724213423406517795709013716,0.04841433664852692812910489876
24.40639269406392694063926992,0,0.000,24.40639269406392694063926992,0.2739726027397260273972602740,0.2191780821917808219178082192,24.13242009132420091324200965,0E-28,0E-28,0,0,0,133,134,2035,BASE,0.2739726027397260273972602740,0.2191780821917808219178082192,0.06649152436354538062175517749,0.04787389754175267404766372779
24.13242009132420091324200965,0,0.000,24.13242009132420091324200965,0.2739726027397260273972602740,0.2191780821917808219178082192,23.85844748858447488584474938,0E-28,0E-28,0,0,0,134,135,2035,BASE,0.2739726027397260273972602740,0.2191780821917808219178082192,0.06574091449302558328642021787,0.04733345843497841996622255687
23.85844748858447488584474938,0,0.000,23.85844748858447488584474938,0.2739726027397260273972602740,0.2191780821917808219178082192,23.58447488584474885844748911,0E-28,0E-28,0,0,0,135,136,2035,BASE,0.2739726027397260273972602740,0.2191780821917808219178082192,0.06499030462250578595108525820,0.04679301932820416588478138590
23.58447488584474885844748911,0,0.000,23.58447488584474885844748911,0.2739726027397260273972602740,0.2191780821917808219178082192,23.31050228310502283105022884,0E-28,0E-28,0,0,0,136,137,2035,BASE,0.2739726027397260273972602740,0.2191780821917808219178082192,0.06423969475198598861575029858,0.04625258022142991180334021498
23.31050228310502283105022884,0,0.000,23.31050228310502283105022884,0.2739726027397260273972602740,0.2191780821917808219178082192,23.03652968036529680365296857,0E-28,0E-28,0,0,0,137,138,2035,BASE,0.2739726027397260273972602740,0.2191780821917808219178082192,0.06348908488146619128041533891,0.04571214111465565772189904402
23.03652968036529680365296857,0,0.000,23.03652968036529680365296857,0.2739726027397260273972602740,0.2191780821917808219178082192,22.76255707762557077625570830,0E-28,0E-28,0,0,0,138,139,2035,BASE,0.2739726027397260273972602740,0.2191780821917808219178082192,0.06273847501094639394508037929,0.04517170200788140364045787309
22.76255707762557077625570830,0,0.000,22.76255707762557077625570830,0.2739726027397260273972602740,0.2191780821917808219178082192,22.48858447488584474885844803,0E-28,0E-28,0,0,0,139,140,2035,BASE,0.2739726027397260273972602740,0.2191780821917808219178082192,0.06198786514042659660974541962,0.04463126290110714955901670213
22.48858447488584474885844803,0,0.000,22.48858447488584474885844803,0.2739726027397260273972602740,0.2191780821917808219178082192,22.21461187214611872146118776,0E-28,0E-28,0,0,0,140,141,2035,BASE,0.2739726027397260273972602740,0.2191780821917808219178082192,0.06123725526990679927441046001,0.04409082379433289547757553121
22.21461187214611872146118776,0,0.000,22.21461187214611872146118776,0.2739726027397260273972602740,0.2191780821917808219178082192,21.94063926940639269406392749,0E-28,0E-28,0,0,0,141,142,2035,BASE,0.2739726027397260273972602740,0.2191780821917808219178082192,0.06048664539938700193907550033,0.04355038468755864139613436024
21.94063926940639269406392749,0,0.000,21.94063926940639269406392749,0.2739726027397260273972602740,0.2191780821917808219178082192,21.66666666666666666666666722,0E-28,0E-28,0,0,0,142,143,2035,BASE,0.2739726027397260273972602740,0.2191780821917808219178082192,0.05973603552886720460374054072,0.04300994558078438731469318932
21.66666666666666666666666722,0,0.000,21.66666666666666666666666722,0.2739726027397260273972602740,0.2191780821917808219178082192,21.39269406392694063926940695,0E-28,0E-28,0,0,0,143,144,2035,BASE,0.2739726027397260273972602740,0.2191780821917808219178082192,0.05898542565834740726840558105,0.04246950647401013323325201836
21.39269406392694063926940695,0,0.000,21.39269406392694063926940695,0.2739726027397260273972602740,0.2191780821917808219178082192,21.11872146118721461187214668,0E-28,0E-28,0,0,0,144,145,2035,BASE,0.2739726027397260273972602740,0.2191780821917808219178082192,0.05823481578782760993307062143,0.04192906736723587915181084743
21.11872146118721461187214668,0,0.000,21.11872146118721461187214668,0.2739726027397260273972602740,0.2191780821917808219178082192,20.84474885844748858447488641,0E-28,0E-28,0,0,0,145,146,2035,BASE,0.2739726027397260273972602740,0.2191780821917808219178082192,0.05748420591730781259773566176,0.04138862826046162507036967647
20.84474885844748858447488641,0,0.000,20.84474885844748858447488641,0.2739726027397260273972602740,0.2191780821917808219178082192,20.57077625570776255707762614,0E-28,0E-28,0,0,0,146,147,2035,BASE,0.2739726027397260273972602740,0.2191780821917808219178082192,0.05673359604678801526240070214,0.04084818915368737098892850554
20.57077625570776255707762614,0,0.000,20.57077625570776255707762614,0.2739726027397260273972602740,0.2191780821917808219178082192,20.29680365296803652968036587,0E-28,0E-28,0,0,0,147,148,2035,BASE,0.2739726027397260273972602740,0.2191780821917808219178082192,0.05598298617626821792706574247,0.04030775004691311690748733458
20.29680365296803652968036587,0,0.000,20.29680365296803652968036587,0.2739726027397260273972602740,0.2191780821917808219178082192,20.02283105022831050228310560,0E-28,0E-28,0,0,0,148,149,2035,BASE,0.2739726027397260273972602740,0.2191780821917808219178082192,0.05523237630574842059173078285,0.03976731094013886282604616365
20.02283105022831050228310560,0,0.000,20.02283105022831050228310560,0.2739726027397260273972602740,0.2191780821917808219178082192,19.74885844748858447488584533,0E-28,0E-28,0,0,0,149,150,2035,BASE,0.2739726027397260273972602740,0.2191780821917808219178082192,0.05448176643522862325639582318,0.03922687183336460874460499269
19.74885844748858447488584533,0,0.000,19.74885844748858447488584533,0.2739726027397260273972602740,0.2191780821917808219178082192,19.47488584474885844748858506,0E-28,0E-28,0,0,0,150,151,2035,BASE,0.2739726027397260273972602740,0.2191780821917808219178082192,0.05373115656470882592106086357,0.03868643272659035466316382177
19.47488584474885844748858506,0,0.000,19.47488584474885844748858506,0.2739726027397260273972602740,0.2191780821917808219178082192,19.20091324200913242009132479,0E-28,0E-28,0,0,0,151,152,2035,BASE,0.2739726027397260273972602740,0.2191780821917808219178082192,0.05298054669418902858572590390,0.03814599361981610058172265081
19.20091324200913242009132479,0,0.000,19.20091324200913242009132479,0.02283105022831050228310502283,0.01826484018264840182648401826,19.17808219178082191780821977,0E-29,0E-29,0,0,0,152,1825/12,2035,BASE,0.02283105022831050228310502283,0.01826484018264840182648401826,0.004381163862304789307979400064,0.003154437980859448301745168046
19.17808219178082191780821977,9.299768103468885223170527625,0.4184895646560998350426737431,28.05936073059360730593607366,0.2511415525114155251141552512,0.2009132420091324200913242010,27.80821917808219178082191841,0E-28,0E-28,9.299768103468885223170527625,0E-27,0,1825/12,153,2035,BASE,0.2511415525114155251141552512,0.2009132420091324200913242010,0.07015335376660203081670524121,0.05051041471195346218802777367
27.80821917808219178082191841,0,0.000,27.80821917808219178082191841,0.2739726027397260273972602740,0.2191780821917808219178082192,27.53424657534246575342465814,0E-28,0E-28,0,0,0,153,154,2035,BASE,0.2739726027397260273972602740,0.2191780821917808219178082192,0.07581159692249953086883092680,0.05458434978419966222555826730
27.53424657534246575342465814,0,0.000,27.53424657534246575342465814,0.2739726027397260273972602740,0.2191780821917808219178082192,27.26027397260273972602739787,0E-28,0E-28,0,0,0,154,155,2035,BASE,0.2739726027397260273972602740,0.2191780821917808219178082192,0.07506098705197973353349596713,0.05404391067742540814411709633
27.26027397260273972602739787,0,0.000,27.26027397260273972602739787,0.2739726027397260273972602740,0.2191780821917808219178082192,26.98630136986301369863013760,0E-28,0E-28,0,0,0,155,156,2035,BASE,0.2739726027397260273972602740,0.2191780821917808219178082192,0.07431037718145993619816100751,0.05350347157065115406267592541
26.98630136986301369863013760,0,0.000,26.98630136986301369863013760,0.2739726027397260273972602740,0.2191780821917808219178082192,26.71232876712328767123287733,0E-28,0E-28,0,0,0,156,157,2035,BASE,0.2739726027397260273972602740,0.2191780821917808219178082192,0.07355976731094013886282604784,0.05296303246387689998123475444
26.71232876712328767123287733,0,0.000,26.71232876712328767123287733,0.2739726027397260273972602740,0.2191780821917808219178082192,26.43835616438356164383561706,0E-28,0E-28,0,0,0,157,158,2035,BASE,0.2739726027397260273972602740,0.2191780821917808219178082192,0.07280915744042034152749108823,0.05242259335710264589979358353
26.43835616438356164383561706,0,0.000,26.43835616438356164383561706,0.2739726027397260273972602740,0.2191780821917808219178082192,26.16438356164383561643835679,0E-28,0E-28,0,0,0,158,159,2035,BASE,0.2739726027397260273972602740,0.2191780821917808219178082192,0.07205854756990054419215612856,0.05188215425032839181835241256
26.16438356164383561643835679,0,0.000,26.16438356164383561643835679,0.2739726027397260273972602740,0.2191780821917808219178082192,25.89041095890410958904109652,0E-28,0E-28,0,0,0,159,160,2035,BASE,0.2739726027397260273972602740,0.2191780821917808219178082192,0.07130793769938074685682116894,0.05134171514355413773691124164
25.89041095890410958904109652,0,0.000,25.89041095890410958904109652,0.2739726027397260273972602740,0.2191780821917808219178082192,25.61643835616438356164383625,0E-28,0E-28,0,0,0,160,161,2035,BASE,0.2739726027397260273972602740,0.2191780821917808219178082192,0.07055732782886094952148620927,0.05080127603677988365547007067
25.61643835616438356164383625,0,0.000,25.61643835616438356164383625,0.2739726027397260273972602740,0.2191780821917808219178082192,25.34246575342465753424657598,0E-28,0E-28,0,0,0,161,162,2035,BASE,0.2739726027397260273972602740,0.2191780821917808219178082192,0.06980671795834115218615124965,0.05026083693000562957402889975
25.34246575342465753424657598,0,0.000,25.34246575342465753424657598,0.2739726027397260273972602740,0.2191780821917808219178082192,25.06849315068493150684931571,0E-28,0E-28,0,0,0,162,163,2035,BASE,0.2739726027397260273972602740,0.2191780821917808219178082192,0.06905610808782135485081628998,0.04972039782323137549258772879
25.06849315068493150684931571,0,0.000,25.06849315068493150684931571,0.2739726027397260273972602740,0.2191780821917808219178082192,24.79452054794520547945205544,0E-28,0E-28,0,0,0,163,164,2035,BASE,0.2739726027397260273972602740,0.2191780821917808219178082192,0.06830549821730155751548133036,0.04917995871645712141114655786
24.79452054794520547945205544,0,0.000,24.79452054794520547945205544,0.2739726027397260273972602740,0.2191780821917808219178082192,24.52054794520547945205479517,0E-28,0E-28,0,0,0,164,165,2035,BASE,0.2739726027397260273972602740,0.2191780821917808219178082192,0.06755488834678176018014637069,0.04863951960968286732970538690
24.52054794520547945205479517,0,0.000,24.52054794520547945205479517,0.2739726027397260273972602740,0.2191780821917808219178082192,24.24657534246575342465753490,0E-28,0E-28,0,0,0,165,166,2035,BASE,0.2739726027397260273972602740,0.2191780821917808219178082192,0.06680427847626196284481141108,0.04809908050290861324826421598
24.24657534246575342465753490,0,0.000,24.24657534246575342465753490,0.2739726027397260273972602740,0.2191780821917808219178082192,23.97260273972602739726027463,0E-28,0E-28,0,0,0,166,167,2035,BASE,0.2739726027397260273972602740,0.2191780821917808219178082192,0.06605366860574216550947645140,0.04755864139613435916682304501
23.97260273972602739726027463,0,0.000,23.97260273972602739726027463,0.2739726027397260273972602740,0.2191780821917808219178082192,23.69863013698630136986301436,0E-28,0E-28,0,0,0,167,168,2035,BASE,0.2739726027397260273972602740,0.2191780821917808219178082192,0.06530305873522236817414149179,0.04701820228936010508538187409
23.69863013698630136986301436,0,0.000,23.69863013698630136986301436,0.2739726027397260273972602740,0.2191780821917808219178082192,23.42465753424657534246575409,0E-28,0E-28,0,0,0,168,169,2035,BASE,0.2739726027397260273972602740,0.2191780821917808219178082192,0.06455244886470257083880653212,0.04647776318258585100394070313
23.42465753424657534246575409,0,0.000,23.42465753424657534246575409,0.2739726027397260273972602740,0.2191780821917808219178082192,23.15068493150684931506849382,0E-28,0E-28,0,0,0,169,170,2035,BASE,0.2739726027397260273972602740,0.2191780821917808219178082192,0.06380183899418277350347157250,0.04593732407581159692249953220
23.15068493150684931506849382,0,0.000,23.15068493150684931506849382,0.2739726027397260273972602740,0.2191780821917808219178082192,22.87671232876712328767123355,0E-28,0E-28,0,0,0,170,171,2035,BASE,0.2739726027397260273972602740,0.2191780821917808219178082192,0.06305122912366297616813661283,0.04539688496903734284105836124
22.87671232876712328767123355,0,0.000,22.87671232876712328767123355,0.2739726027397260273972602740,0.2191780821917808219178082192,22.60273972602739726027397328,0E-28,0E-28,0,0,0,171,172,2035,BASE,0.2739726027397260273972602740,0.2191780821917808219178082192,0.06230061925314317883280165321,0.04485644586226308875961719031
22.60273972602739726027397328,0,0.000,22.60273972602739726027397328,0.2739726027397260273972602740,0.2191780821917808219178082192,22.32876712328767123287671301,0E-28,0E-28,0,0,0,172,173,2035,BASE,0.2739726027397260273972602740,0.2191780821917808219178082192,0.06155000938262338149746669354,0.04431600675548883467817601935
22.32876712328767123287671301,0,0.000,22.32876712328767123287671301,0.2739726027397260273972602740,0.2191780821917808219178082192,22.05479452054794520547945274,0E-28,0E-28,0,0,0,173,174,2035,BASE,0.2739726027397260273972602740,0.2191780821917808219178082192,0.06079939951210358416213173392,0.04377556764871458059673484842
22.05479452054794520547945274,0,0.000,22.05479452054794520547945274,0.2739726027397260273972602740,0.2191780821917808219178082192,21.78082191780821917808219247,0E-28,0E-28,0,0,0,174,175,2035,BASE,0.2739726027397260273972602740,0.2191780821917808219178082192,0.06004878964158378682679677425,0.04323512854194032651529367746
21.78082191780821917808219247,0,0.000,21.78082191780821917808219247,0.2739726027397260273972602740,0.2191780821917808219178082192,21.50684931506849315068493220,0E-28,0E-28,0,0,0,175,176,2035,BASE,0.2739726027397260273972602740,0.2191780821917808219178082192,0.05929817977106398949146181464,0.04269468943516607243385250654
21.50684931506849315068493220,0,0.000,21.50684931506849315068493220,0.2739726027397260273972602740,0.2191780821917808219178082192,21.23287671232876712328767193,0E-28,0E-28,0,0,0,176,177,2035,BASE,0.2739726027397260273972602740,0.2191780821917808219178082192,0.05854756990054419215612685496,0.04215425032839181835241133557
21.23287671232876712328767193,0,0.000,21.23287671232876712328767193,0.2739726027397260273972602740,0.2191780821917808219178082192,20.95890410958904109589041166,0E-28,0E-28,0,0,0,177,178,2035,BASE,0.2739726027397260273972602740,0.2191780821917808219178082192,0.05779696003002439482079189535,0.04161381122161756427097016465
20.95890410958904109589041166,0,0.000,20.95890410958904109589041166,0.2739726027397260273972602740,0.2191780821917808219178082192,20.68493150684931506849315139,0E-28,0E-28,0,0,0,178,179,2035,BASE,0.2739726027397260273972602740,0.2191780821917808219178082192,0.05704635015950459748545693568,0.04107337211484331018952899369
20.68493150684931506849315139,0,0.000,20.68493150684931506849315139,0.2739726027397260273972602740,0.2191780821917808219178082192,20.41095890410958904109589112,0E-28,0E-28,0,0,0,179,180,2035,BASE,0.2739726027397260273972602740,0.2191780821917808219178082192,0.05629574028898480015012197606,0.04053293300806905610808782276
20.41095890410958904109589112,0,0.000,20.41095890410958904109589112,0.2739726027397260273972602740,0.2191780821917808219178082192,20.13698630136986301369863085,0E-28,0E-28,0,0,0,180,181,2035,BASE,0.2739726027397260273972602740,0.2191780821917808219178082192,0.05554513041846500281478701639,0.03999249390129480202664665180
20.13698630136986301369863085,0,0.000,20.13698630136986301369863085,0.2739726027397260273972602740,0.2191780821917808219178082192,19.86301369863013698630137058,0E-28,0E-28,0,0,0,181,182,2035,BASE,0.2739726027397260273972602740,0.2191780821917808219178082192,0.05479452054794520547945205677,0.03945205479452054794520548087
19.86301369863013698630137058,0,0.000,19.86301369863013698630137058,0.1369863013698630136986301370,0.1095890410958904109589041096,19.72602739726027397260274044,0E-28,0E-28,0,0,0,182,365/2,2035,BASE,0.1369863013698630136986301370,0.1095890410958904109589041096,0.02711578157252767873897541851,0.01952336273221992869206230133
19.72602739726027397260274044,9.299768103468885223170527625,0.4184895646560998350426737431,28.60730593607305936073059432,0.1369863013698630136986301370,0.1095890410958904109589041096,28.47031963470319634703196418,0E-28,0E-28,9.299768103468885223170527625,0E-27,0,365/2,183,2035,BASE,0.1369863013698630136986301370,0.1095890410958904109589041096,0.03909426408957277788202914966,0.02814787014449240007506098776
28.47031963470319634703196418,0,0.000,28.47031963470319634703196418,0.2739726027397260273972602740,0.2191780821917808219178082192,28.19634703196347031963470391,0E-28,0E-28,0,0,0,183,184,2035,BASE,0.2739726027397260273972602740,0.2191780821917808219178082192,0.07762557077625570776255707957,0.05589041095890410958904109729
28.19634703196347031963470391,0,0.000,28.19634703196347031963470391,0.2739726027397260273972602740,0.2191780821917808219178082192,27.92237442922374429223744364,0E-28,0E-28,0,0,0,184,185,2035,BASE,0.2739726027397260273972602740,0.2191780821917808219178082192,0.07687496090573591042722211995,0.05534997185212985550759992636
27.92237442922374429223744364,0,0.000,27.92237442922374429223744364,0.2739726027397260273972602740,0.2191780821917808219178082192,27.64840182648401826484018337,0E-28,0E-28,0,0,0,185,186,2035,BASE,0.2739726027397260273972602740,0.2191780821917808219178082192,0.07612435103521611309188716028,0.05480953274535560142615875540
27.64840182648401826484018337,0,0.000,27.64840182648401826484018337,0.2739726027397260273972602740,0.2191780821917808219178082192,27.37442922374429223744292310,0E-28,0E-28,0,0,0,186,187,2035,BASE,0.2739726027397260273972602740,0.2191780821917808219178082192,0.07537374116469631575655220067,0.05426909363858134734471758448
27.37442922374429223744292310,0,0.000,27.37442922374429223744292310,0.2739726027397260273972602740,0.2191780821917808219178082192,27.10045662100456621004566283,0E-28,0E-28,0,0,0,187,188,2035,BASE,0.2739726027397260273972602740,0.2191780821917808219178082192,0.07462313129417651842121724099,0.05372865453180709326327641351
27.10045662100456621004566283,0,0.000,27.10045662100456621004566283,0.2739726027397260273972602740,0.2191780821917808219178082192,26.82648401826484018264840256,0E-28,0E-28,0,0,0,188,189,2035,BASE,0.2739726027397260273972602740,0.2191780821917808219178082192,0.07387252142365672108588228138,0.05318821542503283918183524259
26.82648401826484018264840256,0,0.000,26.82648401826484018264840256,0.2739726027397260273972602740,0.2191780821917808219178082192,26.55251141552511415525114229,0E-28,0E-28,0,0,0,189,190,2035,BASE,0.2739726027397260273972602740,0.2191780821917808219178082192,0.07312191155313692375054732171,0.05264777631825858510039407163
26.55251141552511415525114229,0,0.000,26.55251141552511415525114229,0.2739726027397260273972602740,0.2191780821917808219178082192,26.27853881278538812785388202,0E-28,0E-28,0,0,0,190,191,2035,BASE,0.2739726027397260273972602740,0.2191780821917808219178082192,0.07237130168261712641521236209,0.05210733721148433101895290070
26.27853881278538812785388202,0,0.000,26.27853881278538812785388202,0.2739726027397260273972602740,0.2191780821917808219178082192,26.00456621004566210045662175,0E-28,0E-28,0,0,0,191,192,2035,BASE,0.2739726027397260273972602740,0.2191780821917808219178082192,0.07162069181209732907987740242,0.05156689810471007693751172974
26.00456621004566210045662175,0,0.000,26.00456621004566210045662175,0.2739726027397260273972602740,0.2191780821917808219178082192,25.73059360730593607305936148,0E-28,0E-28,0,0,0,192,193,2035,BASE,0.2739726027397260273972602740,0.2191780821917808219178082192,0.07087008194157753174454244280,0.05102645899793582285607055882
25.73059360730593607305936148,0,0.000,25.73059360730593607305936148,0.2739726027397260273972602740,0.2191780821917808219178082192,25.45662100456621004566210121,0E-28,0E-28,0,0,0,193,194,2035,BASE,0.2739726027397260273972602740,0.2191780821917808219178082192,0.07011947207105773440920748313,0.05048601989116156877462938785
25.45662100456621004566210121,0,0.000,25.45662100456621004566210121,0.2739726027397260273972602740,0.2191780821917808219178082192,25.18264840182648401826484094,0E-28,0E-28,0,0,0,194,195,2035,BASE,0.2739726027397260273972602740,0.2191780821917808219178082192,0.06936886220053793707387252351,0.04994558078438731469318821693
25.18264840182648401826484094,0,0.000,25.18264840182648401826484094,0.2739726027397260273972602740,0.2191780821917808219178082192,24.90867579908675799086758067,0E-28,0E-28,0,0,0,195,196,2035,BASE,0.2739726027397260273972602740,0.2191780821917808219178082192,0.06861825233001813973853756384,0.04940514167761306061174704596
24.90867579908675799086758067,0,0.000,24.90867579908675799086758067,0.2739726027397260273972602740,0.2191780821917808219178082192,24.63470319634703196347032040,0E-28,0E-28,0,0,0,196,197,2035,BASE,0.2739726027397260273972602740,0.2191780821917808219178082192,0.06786764245949834240320260423,0.04886470257083880653030587505
24.63470319634703196347032040,0,0.000,24.63470319634703196347032040,0.2739726027397260273972602740,0.2191780821917808219178082192,24.36073059360730593607306013,0E-28,0E-28,0,0,0,197,198,2035,BASE,0.2739726027397260273972602740,0.2191780821917808219178082192,0.06711703258897854506786764455,0.04832426346406455244886470408
24.36073059360730593607306013,0,0.000,24.36073059360730593607306013,0.2739726027397260273972602740,0.2191780821917808219178082192,24.08675799086757990867579986,0E-28,0E-28,0,0,0,198,199,2035,BASE,0.2739726027397260273972602740,0.2191780821917808219178082192,0.06636642271845874773253268494,0.04778382435729029836742353316
24.08675799086757990867579986,0,0.000,24.08675799086757990867579986,0.2739726027397260273972602740,0.2191780821917808219178082192,23.81278538812785388127853959,0E-28,0E-28,0,0,0,199,200,2035,BASE,0.2739726027397260273972602740,0.2191780821917808219178082192,0.06561581284793895039719772527,0.04724338525051604428598236219
23.81278538812785388127853959,0,0.000,23.81278538812785388127853959,0.2739726027397260273972602740,0.2191780821917808219178082192,23.53881278538812785388127932,0E-28,0E-28,0,0,0,200,201,2035,BASE,0.2739726027397260273972602740,0.2191780821917808219178082192,0.06486520297741915306186276565,0.04670294614374179020454119127
23.53881278538812785388127932,0,0.000,23.53881278538812785388127932,0.2739726027397260273972602740,0.2191780821917808219178082192,23.26484018264840182648401905,0E-28,0E-28,0,0,0,201,202,2035,BASE,0.2739726027397260273972602740,0.2191780821917808219178082192,0.06411459310689935572652780598,0.04616250703696753612310002031
23.26484018264840182648401905,0,0.000,23.26484018264840182648401905,0.2739726027397260273972602740,0.2191780821917808219178082192,22.99086757990867579908675878,0E-28,0E-28,0,0,0,202,203,2035,BASE,0.2739726027397260273972602740,0.2191780821917808219178082192,0.06336398323637955839119284636,0.04562206793019328204165884938
22.99086757990867579908675878,0,0.000,22.99086757990867579908675878,0.2739726027397260273972602740,0.2191780821917808219178082192,22.71689497716894977168949851,0E-28,0E-28,0,0,0,203,204,2035,BASE,0.2739726027397260273972602740,0.2191780821917808219178082192,0.06261337336585976105585788669,0.04508162882341902796021767842
22.71689497716894977168949851,0,0.000,22.71689497716894977168949851,0.2739726027397260273972602740,0.2191780821917808219178082192,22.44292237442922374429223824,0E-28,0E-28,0,0,0,204,205,2035,BASE,0.2739726027397260273972602740,0.2191780821917808219178082192,0.06186276349533996372052292707,0.04454118971664477387877650749
22.44292237442922374429223824,0,0.000,22.44292237442922374429223824,0.2739726027397260273972602740,0.2191780821917808219178082192,22.16894977168949771689497797,0E-28,0E-28,0,0,0,205,206,2035,BASE,0.2739726027397260273972602740,0.2191780821917808219178082192,0.06111215362482016638518796740,0.04400075060987051979733533653
22.16894977168949771689497797,0,0.000,22.16894977168949771689497797,0.2739726027397260273972602740,0.2191780821917808219178082192,21.89497716894977168949771770,0E-28,0E-28,0,0,0,206,207,2035,BASE,0.2739726027397260273972602740,0.2191780821917808219178082192,0.06036154375430036904985300779,0.04346031150309626571589416561
21.89497716894977168949771770,0,0.000,21.89497716894977168949771770,0.2739726027397260273972602740,0.2191780821917808219178082192,21.62100456621004566210045743,0E-28,0E-28,0,0,0,207,208,2035,BASE,0.2739726027397260273972602740,0.2191780821917808219178082192,0.05961093388378057171451804812,0.04291987239632201163445299465
21.62100456621004566210045743,0,0.000,21.62100456621004566210045743,0.2739726027397260273972602740,0.2191780821917808219178082192,21.34703196347031963470319716,0E-28,0E-28,0,0,0,208,209,2035,BASE,0.2739726027397260273972602740,0.2191780821917808219178082192,0.05886032401326077437918308850,0.04237943328954775755301182372
21.34703196347031963470319716,0,0.000,21.34703196347031963470319716,0.2739726027397260273972602740,0.2191780821917808219178082192,21.07305936073059360730593689,0E-28,0E-28,0,0,0,209,210,2035,BASE,0.2739726027397260273972602740,0.2191780821917808219178082192,0.05810971414274097704384812883,0.04183899418277350347157065276
21.07305936073059360730593689,0,0.000,21.07305936073059360730593689,0.2739726027397260273972602740,0.2191780821917808219178082192,20.79908675799086757990867662,0E-28,0E-28,0,0,0,210,211,2035,BASE,0.2739726027397260273972602740,0.2191780821917808219178082192,0.05735910427222117970851316921,0.04129855507599924939012948183
20.79908675799086757990867662,0,0.000,20.79908675799086757990867662,0.2739726027397260273972602740,0.2191780821917808219178082192,20.52511415525114155251141635,0E-28,0E-28,0,0,0,211,212,2035,BASE,0.2739726027397260273972602740,0.2191780821917808219178082192,0.05660849440170138237317820954,0.04075811596922499530868831087
20.52511415525114155251141635,0,0.000,20.52511415525114155251141635,0.2511415525114155251141552512,0.2009132420091324200913242010,20.27397260273972602739726110,0E-28,0E-28,0,0,0,212,2555/12,2035,BASE,0.2511415525114155251141552512,0.2009132420091324200913242010,0.05123172994724880632180313378,0.03688684556201914055169825632
20.27397260273972602739726110,9.299768103468885223170527625,0.4184895646560998350426737431,29.15525114155251141552511498,0.02283105022831050228310502283,0.01826484018264840182648401826,29.13242009132420091324200996,0E-29,0E-29,9.299768103468885223170527625,0E-27,0,2555/12,213,2035,BASE,0.02283105022831050228310502283,0.01826484018264840182648401826,0.006653843748045286795521361294,0.004790767498592606492775380132
29.13242009132420091324200996,0,0.000,29.13242009132420091324200996,0.2739726027397260273972602740,0.2191780821917808219178082192,28.85844748858447488584474969,0E-28,0E-28,0,0,0,213,214,2035,BASE,0.2739726027397260273972602740,0.2191780821917808219178082192,0.07943954463001188465628323239,0.05719647213360855695252392732
28.85844748858447488584474969,0,0.000,28.85844748858447488584474969,0.2739726027397260273972602740,0.2191780821917808219178082192,28.58447488584474885844748942,0E-28,0E-28,0,0,0,214,215,2035,BASE,0.2739726027397260273972602740,0.2191780821917808219178082192,0.07868893475949208732094827277,0.05665603302683430287108275639
28.58447488584474885844748942,0,0.000,28.58447488584474885844748942,0.2739726027397260273972602740,0.2191780821917808219178082192,28.31050228310502283105022915,0E-28,0E-28,0,0,0,215,216,2035,BASE,0.2739726027397260273972602740,0.2191780821917808219178082192,0.07793832488897228998561331310,0.05611559392006004878964158543
28.31050228310502283105022915,0,0.000,28.31050228310502283105022915,0.2739726027397260273972602740,0.2191780821917808219178082192,28.03652968036529680365296888,0E-28,0E-28,0,0,0,216,217,2035,BASE,0.2739726027397260273972602740,0.2191780821917808219178082192,0.07718771501845249265027835349,0.05557515481328579470820041451
28.03652968036529680365296888,0,0.000,28.03652968036529680365296888,0.2739726027397260273972602740,0.2191780821917808219178082192,27.76255707762557077625570861,0E-28,0E-28,0,0,0,217,218,2035,BASE,0.2739726027397260273972602740,0.2191780821917808219178082192,0.07643710514793269531494339382,0.05503471570651154062675924355
27.76255707762557077625570861,0,0.000,27.76255707762557077625570861,0.2739726027397260273972602740,0.2191780821917808219178082192,27.48858447488584474885844834,0E-28,0E-28,0,0,0,218,219,2035,BASE,0.2739726027397260273972602740,0.2191780821917808219178082192,0.07568649527741289797960843420,0.05449427659973728654531807262
27.48858447488584474885844834,0,0.000,27.48858447488584474885844834,0.2739726027397260273972602740,0.2191780821917808219178082192,27.21461187214611872146118807,0E-28,0E-28,0,0,0,219,220,2035,BASE,0.2739726027397260273972602740,0.2191780821917808219178082192,0.07493588540689310064427347453,0.05395383749296303246387690166
27.21461187214611872146118807,0,0.000,27.21461187214611872146118807,0.2739726027397260273972602740,0.2191780821917808219178082192,26.94063926940639269406392780,0E-28,0E-28,0,0,0,220,221,2035,BASE,0.2739726027397260273972602740,0.2191780821917808219178082192,0.07418527553637330330893851491,0.05341339838618877838243573074
26.94063926940639269406392780,0,0.000,26.94063926940639269406392780,0.2739726027397260273972602740,0.2191780821917808219178082192,26.66666666666666666666666753,0E-28,0E-28,0,0,0,221,222,2035,BASE,0.2739726027397260273972602740,0.2191780821917808219178082192,0.07343466566585350597360355524,0.05287295927941452430099455977
26.66666666666666666666666753,0,0.000,26.66666666666666666666666753,0.2739726027397260273972602740,0.2191780821917808219178082192,26.39269406392694063926940726,0E-28,0E-28,0,0,0,222,223,2035,BASE,0.2739726027397260273972602740,0.2191780821917808219178082192,0.07268405579533370863826859562,0.05233252017264027021955338885
26.39269406392694063926940726,0,0.000,26.39269406392694063926940726,0.2739726027397260273972602740,0.2191780821917808219178082192,26.11872146118721461187214699,0E-28,0E-28,0,0,0,223,224,2035,BASE,0.2739726027397260273972602740,0.2191780821917808219178082192,0.07193344592481391130293363595,0.05179208106586601613811221788
26.11872146118721461187214699,0,0.000,26.11872146118721461187214699,0.2739726027397260273972602740,0.2191780821917808219178082192,25.84474885844748858447488672,0E-28,0E-28,0,0,0,224,225,2035,BASE,0.2739726027397260273972602740,0.2191780821917808219178082192,0.07118283605429411396759867634,0.05125164195909176205667104696
25.84474885844748858447488672,0,0.000,25.84474885844748858447488672,0.2739726027397260273972602740,0.2191780821917808219178082192,25.57077625570776255707762645,0E-28,0E-28,0,0,0,225,226,2035,BASE,0.2739726027397260273972602740,0.2191780821917808219178082192,0.07043222618377431663226371666,0.05071120285231750797522987600
25.57077625570776255707762645,0,0.000,25.57077625570776255707762645,0.2739726027397260273972602740,0.2191780821917808219178082192,25.29680365296803652968036618,0E-28,0E-28,0,0,0,226,227,2035,BASE,0.2739726027397260273972602740,0.2191780821917808219178082192,0.06968161631325451929692875705,0.05017076374554325389378870508
25.29680365296803652968036618,0,0.000,25.29680365296803652968036618,0.2739726027397260273972602740,0.2191780821917808219178082192,25.02283105022831050228310591,0E-28,0E-28,0,0,0,227,228,2035,BASE,0.2739726027397260273972602740,0.2191780821917808219178082192,0.06893100644273472196159379738,0.04963032463876899981234753411
25.02283105022831050228310591,0,0.000,25.02283105022831050228310591,0.2739726027397260273972602740,0.2191780821917808219178082192,24.74885844748858447488584564,0E-28,0E-28,0,0,0,228,229,2035,BASE,0.2739726027397260273972602740,0.2191780821917808219178082192,0.06818039657221492462625883776,0.04908988553199474573090636319
24.74885844748858447488584564,0,0.000,24.74885844748858447488584564,0.2739726027397260273972602740,0.2191780821917808219178082192,24.47488584474885844748858537,0E-28,0E-28,0,0,0,229,230,2035,BASE,0.2739726027397260273972602740,0.2191780821917808219178082192,0.06742978670169512729092387809,0.04854944642522049164946519222
24.47488584474885844748858537,0,0.000,24.47488584474885844748858537,0.2739726027397260273972602740,0.2191780821917808219178082192,24.20091324200913242009132510,0E-28,0E-28,0,0,0,230,231,2035,BASE,0.2739726027397260273972602740,0.2191780821917808219178082192,0.06667917683117532995558891847,0.04800900731844623756802402130
24.20091324200913242009132510,0,0.000,24.20091324200913242009132510,0.2739726027397260273972602740,0.2191780821917808219178082192,23.92694063926940639269406483,0E-28,0E-28,0,0,0,231,232,2035,BASE,0.2739726027397260273972602740,0.2191780821917808219178082192,0.06592856696065553262025395880,0.04746856821167198348658285034
23.92694063926940639269406483,0,0.000,23.92694063926940639269406483,0.2739726027397260273972602740,0.2191780821917808219178082192,23.65296803652968036529680456,0E-28,0E-28,0,0,0,232,233,2035,BASE,0.2739726027397260273972602740,0.2191780821917808219178082192,0.06517795709013573528491899918,0.04692812910489772940514167941
23.65296803652968036529680456,0,0.000,23.65296803652968036529680456,0.2739726027397260273972602740,0.2191780821917808219178082192,23.37899543378995433789954429,0E-28,0E-28,0,0,0,233,234,2035,BASE,0.2739726027397260273972602740,0.2191780821917808219178082192,0.06442734721961593794958403951,0.04638768999812347532370050845
23.37899543378995433789954429,0,0.000,23.37899543378995433789954429,0.2739726027397260273972602740,0.2191780821917808219178082192,23.10502283105022831050228402,0E-28,0E-28,0,0,0,234,235,2035,BASE,0.2739726027397260273972602740,0.2191780821917808219178082192,0.06367673734909614061424907990,0.04584725089134922124225933753
23.10502283105022831050228402,0,0.000,23.10502283105022831050228402,0.2739726027397260273972602740,0.2191780821917808219178082192,22.83105022831050228310502375,0E-28,0E-28,0,0,0,235,236,2035,BASE,0.2739726027397260273972602740,0.2191780821917808219178082192,0.06292612747857634327891412023,0.04530681178457496716081816657
22.83105022831050228310502375,0,0.000,22.83105022831050228310502375,0.2739726027397260273972602740,0.2191780821917808219178082192,22.55707762557077625570776348,0E-28,0E-28,0,0,0,236,237,2035,BASE,0.2739726027397260273972602740,0.2191780821917808219178082192,0.06217551760805654594357916061,0.04476637267780071307937699564
22.55707762557077625570776348,0,0.000,22.55707762557077625570776348,0.2739726027397260273972602740,0.2191780821917808219178082192,22.28310502283105022831050321,0E-28,0E-28,0,0,0,237,238,2035,BASE,0.2739726027397260273972602740,0.2191780821917808219178082192,0.06142490773753674860824420094,0.04422593357102645899793582468
22.28310502283105022831050321,0,0.000,22.28310502283105022831050321,0.2739726027397260273972602740,0.2191780821917808219178082192,22.00913242009132420091324294,0E-28,0E-28,0,0,0,238,239,2035,BASE,0.2739726027397260273972602740,0.2191780821917808219178082192,0.06067429786701695127290924132,0.04368549446425220491649465375
22.00913242009132420091324294,0,0.000,22.00913242009132420091324294,0.2739726027397260273972602740,0.2191780821917808219178082192,21.73515981735159817351598267,0E-28,0E-28,0,0,0,239,240,2035,BASE,0.2739726027397260273972602740,0.2191780821917808219178082192,0.05992368799649715393757428165,0.04314505535747795083505348279
21.73515981735159817351598267,0,0.000,21.73515981735159817351598267,0.2739726027397260273972602740,0.2191780821917808219178082192,21.46118721461187214611872240,0E-28,0E-28,0,0,0,240,241,2035,BASE,0.2739726027397260273972602740,0.2191780821917808219178082192,0.05917307812597735660223932203,0.04260461625070369675361231186
21.46118721461187214611872240,0,0.000,21.46118721461187214611872240,0.2739726027397260273972602740,0.2191780821917808219178082192,21.18721461187214611872146213,0E-28,0E-28,0,0,0,241,242,2035,BASE,0.2739726027397260273972602740,0.2191780821917808219178082192,0.05842246825545755926690436236,0.04206417714392944267217114090
21.18721461187214611872146213,0,0.000,21.18721461187214611872146213,0.2739726027397260273972602740,0.2191780821917808219178082192,20.91324200913242009132420186,0E-28,0E-28,0,0,0,242,243,2035,BASE,0.2739726027397260273972602740,0.2191780821917808219178082192,0.05767185838493776193156940275,0.04152373803715518859072996998
20.91324200913242009132420186,0,0.000,20.91324200913242009132420186,0.09132420091324200913242009132,0.07305936073059360730593607306,20.82191780821917808219178177,0E-29,0E-29,0,0,0,243,730/3,2035,BASE,0.09132420091324200913242009132,0.07305936073059360730593607306,0.01905715060153041012489314321,0.01372114843310189528992306311
20.82191780821917808219178177,9.299768103468885223170527625,0.4184895646560998350426737431,29.70319634703196347031963566,0.1826484018264840182648401827,0.1461187214611872146118721462,29.52054794520547945205479548,0E-28,0E-28,9.299768103468885223170527625,0E-27,0,730/3,244,2035,BASE,0.1826484018264840182648401827,0.1461187214611872146118721462,0.05408561122578761910719126133,0.03894164008256708575717770816
29.52054794520547945205479548,0,0.000,29.52054794520547945205479548,0.2739726027397260273972602740,0.2191780821917808219178082192,29.24657534246575342465753521,0E-28,0E-28,0,0,0,244,245,2035,BASE,0.2739726027397260273972602740,0.2191780821917808219178082192,0.08050290861324826421467442560,0.05796209420153875023456558643
29.24657534246575342465753521,0,0.000,29.24657534246575342465753521,0.2739726027397260273972602740,0.2191780821917808219178082192,28.97260273972602739726027494,0E-28,0E-28,0,0,0,245,246,2035,BASE,0.2739726027397260273972602740,0.2191780821917808219178082192,0.07975229874272846687933946598,0.05742165509476449615312441551
28.97260273972602739726027494,0,0.000,28.97260273972602739726027494,0.2739726027397260273972602740,0.2191780821917808219178082192,28.69863013698630136986301467,0E-28,0E-28,0,0,0,246,247,2035,BASE,0.2739726027397260273972602740,0.2191780821917808219178082192,0.07900168887220866954400450631,0.05688121598799024207168324454
28.69863013698630136986301467,0,0.000,28.69863013698630136986301467,0.2739726027397260273972602740,0.2191780821917808219178082192,28.42465753424657534246575440,0E-28,0E-28,0,0,0,247,248,2035,BASE,0.2739726027397260273972602740,0.2191780821917808219178082192,0.07825107900168887220866954669,0.05634077688121598799024207362
28.42465753424657534246575440,0,0.000,28.42465753424657534246575440,0.2739726027397260273972602740,0.2191780821917808219178082192,28.15068493150684931506849413,0E-28,0E-28,0,0,0,248,249,2035,BASE,0.2739726027397260273972602740,0.2191780821917808219178082192,0.07750046913116907487333458702,0.05580033777444173390880090265
28.15068493150684931506849413,0,0.000,28.15068493150684931506849413,0.2739726027397260273972602740,0.2191780821917808219178082192,27.87671232876712328767123386,0E-28,0E-28,0,0,0,249,250,2035,BASE,0.2739726027397260273972602740,0.2191780821917808219178082192,0.07674985926064927753799962740,0.05525989866766747982735973173
27.87671232876712328767123386,0,0.000,27.87671232876712328767123386,0.2739726027397260273972602740,0.2191780821917808219178082192,27.60273972602739726027397359,0E-28,0E-28,0,0,0,250,251,2035,BASE,0.2739726027397260273972602740,0.2191780821917808219178082192,0.07599924939012948020266466773,0.05471945956089322574591856077
27.60273972602739726027397359,0,0.000,27.60273972602739726027397359,0.2739726027397260273972602740,0.2191780821917808219178082192,27.32876712328767123287671332,0E-28,0E-28,0,0,0,251,252,2035,BASE,0.2739726027397260273972602740,0.2191780821917808219178082192,0.07524863951960968286732970812,0.05417902045411897166447738985
27.32876712328767123287671332,0,0.000,27.32876712328767123287671332,0.2739726027397260273972602740,0.2191780821917808219178082192,27.05479452054794520547945305,0E-28,0E-28,0,0,0,252,253,2035,BASE,0.2739726027397260273972602740,0.2191780821917808219178082192,0.07449802964908988553199474845,0.05363858134734471758303621888
27.05479452054794520547945305,0,0.000,27.05479452054794520547945305,0.2739726027397260273972602740,0.2191780821917808219178082192,26.78082191780821917808219278,0E-28,0E-28,0,0,0,253,254,2035,BASE,0.2739726027397260273972602740,0.2191780821917808219178082192,0.07374741977857008819665978883,0.05309814224057046350159504796
26.78082191780821917808219278,0,0.000,26.78082191780821917808219278,0.2739726027397260273972602740,0.2191780821917808219178082192,26.50684931506849315068493251,0E-28,0E-28,0,0,0,254,255,2035,BASE,0.2739726027397260273972602740,0.2191780821917808219178082192,0.07299680990805029086132482916,0.05255770313379620942015387700
26.50684931506849315068493251,0,0.000,26.50684931506849315068493251,0.2739726027397260273972602740,0.2191780821917808219178082192,26.23287671232876712328767224,0E-28,0E-28,0,0,0,255,256,2035,BASE,0.2739726027397260273972602740,0.2191780821917808219178082192,0.07224620003753049352598986954,0.05201726402702195533871270607
26.23287671232876712328767224,0,0.000,26.23287671232876712328767224,0.2739726027397260273972602740,0.2191780821917808219178082192,25.95890410958904109589041197,0E-28,0E-28,0,0,0,256,257,2035,BASE,0.2739726027397260273972602740,0.2191780821917808219178082192,0.07149559016701069619065490987,0.05147682492024770125727153511
25.95890410958904109589041197,0,0.000,25.95890410958904109589041197,0.2739726027397260273972602740,0.2191780821917808219178082192,25.68493150684931506849315170,0E-28,0E-28,0,0,0,257,258,2035,BASE,0.2739726027397260273972602740,0.2191780821917808219178082192,0.07074498029649089885531995025,0.05093638581347344717583036418
25.68493150684931506849315170,0,0.000,25.68493150684931506849315170,0.2739726027397260273972602740,0.2191780821917808219178082192,25.41095890410958904109589143,0E-28,0E-28,0,0,0,258,259,2035,BASE,0.2739726027397260273972602740,0.2191780821917808219178082192,0.06999437042597110151998499058,0.05039594670669919309438919322
25.41095890410958904109589143,0,0.000,25.41095890410958904109589143,0.2739726027397260273972602740,0.2191780821917808219178082192,25.13698630136986301369863116,0E-28,0E-28,0,0,0,259,260,2035,BASE,0.2739726027397260273972602740,0.2191780821917808219178082192,0.06924376055545130418465003097,0.04985550759992493901294802230
25.13698630136986301369863116,0,0.000,25.13698630136986301369863116,0.2739726027397260273972602740,0.2191780821917808219178082192,24.86301369863013698630137089,0E-28,0E-28,0,0,0,260,261,2035,BASE,0.2739726027397260273972602740,0.2191780821917808219178082192,0.06849315068493150684931507129,0.04931506849315068493150685133
24.86301369863013698630137089,0,0.000,24.86301369863013698630137089,0.2739726027397260273972602740,0.2191780821917808219178082192,24.58904109589041095890411062,0E-28,0E-28,0,0,0,261,262,2035,BASE,0.2739726027397260273972602740,0.2191780821917808219178082192,0.06774254081441170951398011168,0.04877462938637643085006568041
24.58904109589041095890411062,0,0.000,24.58904109589041095890411062,0.2739726027397260273972602740,0.2191780821917808219178082192,24.31506849315068493150685035,0E-28,0E-28,0,0,0,262,263,2035,BASE,0.2739726027397260273972602740,0.2191780821917808219178082192,0.06699193094389191217864515201,0.04823419027960217676862450945
24.31506849315068493150685035,0,0.000,24.31506849315068493150685035,0.2739726027397260273972602740,0.2191780821917808219178082192,24.04109589041095890410959008,0E-28,0E-28,0,0,0,263,264,2035,BASE,0.2739726027397260273972602740,0.2191780821917808219178082192,0.06624132107337211484331019239,0.04769375117282792268718333852
24.04109589041095890410959008,0,0.000,24.04109589041095890410959008,0.2739726027397260273972602740,0.2191780821917808219178082192,23.76712328767123287671232981,0E-28,0E-28,0,0,0,264,265,2035,BASE,0.2739726027397260273972602740,0.2191780821917808219178082192,0.06549071120285231750797523272,0.04715331206605366860574216756
23.76712328767123287671232981,0,0.000,23.76712328767123287671232981,0.2739726027397260273972602740,0.2191780821917808219178082192,23.49315068493150684931506954,0E-28,0E-28,0,0,0,265,266,2035,BASE,0.2739726027397260273972602740,0.2191780821917808219178082192,0.06474010133233252017264027310,0.04661287295927941452430099663
23.49315068493150684931506954,0,0.000,23.49315068493150684931506954,0.2739726027397260273972602740,0.2191780821917808219178082192,23.21917808219178082191780927,0E-28,0E-28,0,0,0,266,267,2035,BASE,0.2739726027397260273972602740,0.2191780821917808219178082192,0.06398949146181272283730531343,0.04607243385250516044285982567
23.21917808219178082191780927,0,0.000,23.21917808219178082191780927,0.2739726027397260273972602740,0.2191780821917808219178082192,22.94520547945205479452054900,0E-28,0E-28,0,0,0,267,268,2035,BASE,0.2739726027397260273972602740,0.2191780821917808219178082192,0.06323888159129292550197035381,0.04553199474573090636141865474
22.94520547945205479452054900,0,0.000,22.94520547945205479452054900,0.2739726027397260273972602740,0.2191780821917808219178082192,22.67123287671232876712328873,0E-28,0E-28,0,0,0,268,269,2035,BASE,0.2739726027397260273972602740,0.2191780821917808219178082192,0.06248827172077312816663539414,0.04499155563895665227997748378
22.67123287671232876712328873,0,0.000,22.67123287671232876712328873,0.2739726027397260273972602740,0.2191780821917808219178082192,22.39726027397260273972602846,0E-28,0E-28,0,0,0,269,270,2035,BASE,0.2739726027397260273972602740,0.2191780821917808219178082192,0.06173766185025333083130043453,0.04445111653218239819853631286
22.39726027397260273972602846,0,0.000,22.39726027397260273972602846,0.2739726027397260273972602740,0.2191780821917808219178082192,22.12328767123287671232876819,0E-28,0E-28,0,0,0,270,271,2035,BASE,0.2739726027397260273972602740,0.2191780821917808219178082192,0.06098705197973353349596547486,0.04391067742540814411709514190
22.12328767123287671232876819,0,0.000,22.12328767123287671232876819,0.2739726027397260273972602740,0.2191780821917808219178082192,21.84931506849315068493150792,0E-28,0E-28,0,0,0,271,272,2035,BASE,0.2739726027397260273972602740,0.2191780821917808219178082192,0.06023644210921373616063051524,0.04337023831863389003565397097
21.84931506849315068493150792,0,0.000,21.84931506849315068493150792,0.2739726027397260273972602740,0.2191780821917808219178082192,21.57534246575342465753424765,0E-28,0E-28,0,0,0,272,273,2035,BASE,0.2739726027397260273972602740,0.2191780821917808219178082192,0.05948583223869393882529555557,0.04282979921185963595421280001
21.57534246575342465753424765,0,0.000,21.57534246575342465753424765,0.2054794520547945205479452055,0.1643835616438356164383561644,21.36986301369863013698630244,0E-28,0E-28,0,0,0,273,1095/4,2035,BASE,0.2054794520547945205479452055,0.1643835616438356164383561644,0.04412178645149183711765809940,0.03176768624507412272471383157
21.36986301369863013698630244,9.299768103468885223170527625,0.4184895646560998350426737431,30.25114155251141552511415632,0.06849315068493150684931506849,0.05479452054794520547945205479,30.18264840182648401826484125,0E-29,0E-29,9.299768103468885223170527625,0E-27,0,1095/4,274,2035,BASE,0.06849315068493150684931506849,0.05479452054794520547945205479,0.02069650340901982861074623204,0.01490148245449427659973728707
30.18264840182648401826484125,0,0.000,30.18264840182648401826484125,0.2739726027397260273972602740,0.2191780821917808219178082192,29.90867579908675799086758098,0E-28,0E-28,0,0,0,274,275,2035,BASE,0.2739726027397260273972602740,0.2191780821917808219178082192,0.08231688246700444110840057842,0.05926815537624319759804841646
29.90867579908675799086758098,0,0.000,29.90867579908675799086758098,0.2739726027397260273972602740,0.2191780821917808219178082192,29.63470319634703196347032071,0E-28,0E-28,0,0,0,275,276,2035,BASE,0.2739726027397260273972602740,0.2191780821917808219178082192,0.08156627259648464377306561875,0.05872771626946894351660724550
29.63470319634703196347032071,0,0.000,29.63470319634703196347032071,0.2739726027397260273972602740,0.2191780821917808219178082192,29.36073059360730593607306044,0E-28,0E-28,0,0,0,276,277,2035,BASE,0.2739726027397260273972602740,0.2191780821917808219178082192,0.08081566272596484643773065913,0.05818727716269468943516607457
29.36073059360730593607306044,0,0.000,29.36073059360730593607306044,0.2739726027397260273972602740,0.2191780821917808219178082192,29.08675799086757990867580017,0E-28,0E-28,0,0,0,277,278,2035,BASE,0.2739726027397260273972602740,0.2191780821917808219178082192,0.08006505285544504910239569946,0.05764683805592043535372490361
29.08675799086757990867580017,0,0.000,29.08675799086757990867580017,0.2739726027397260273972602740,0.2191780821917808219178082192,28.81278538812785388127853990,0E-28,0E-28,0,0,0,278,279,2035,BASE,0.2739726027397260273972602740,0.2191780821917808219178082192,0.07931444298492525176706073984,0.05710639894914618127228373268
28.81278538812785388127853990,0,0.000,28.81278538812785388127853990,0.2739726027397260273972602740,0.2191780821917808219178082192,28.53881278538812785388127963,0E-28,0E-28,0,0,0,279,280,2035,BASE,0.2739726027397260273972602740,0.2191780821917808219178082192,0.07856383311440545443172578017,0.05656595984237192719084256172
28.53881278538812785388127963,0,0.000,28.53881278538812785388127963,0.2739726027397260273972602740,0.2191780821917808219178082192,28.26484018264840182648401936,0E-28,0E-28,0,0,0,280,281,2035,BASE,0.2739726027397260273972602740,0.2191780821917808219178082192,0.07781322324388565709639082056,0.05602552073559767310940139080
28.26484018264840182648401936,0,0.000,28.26484018264840182648401936,0.2739726027397260273972602740,0.2191780821917808219178082192,27.99086757990867579908675909,0E-28,0E-28,0,0,0,281,282,2035,BASE,0.2739726027397260273972602740,0.2191780821917808219178082192,0.07706261337336585976105586088,0.05548508162882341902796021983
27.99086757990867579908675909,0,0.000,27.99086757990867579908675909,0.2739726027397260273972602740,0.2191780821917808219178082192,27.71689497716894977168949882,0E-28,0E-28,0,0,0,282,283,2035,BASE,0.2739726027397260273972602740,0.2191780821917808219178082192,0.07631200350284606242572090127,0.05494464252204916494651904891
27.71689497716894977168949882,0,0.000,27.71689497716894977168949882,0.2739726027397260273972602740,0.2191780821917808219178082192,27.44292237442922374429223855,0E-28,0E-28,0,0,0,283,284,2035,BASE,0.2739726027397260273972602740,0.2191780821917808219178082192,0.07556139363232626509038594160,0.05440420341527491086507787795
27.44292237442922374429223855,0,0.000,27.44292237442922374429223855,0.2739726027397260273972602740,0.2191780821917808219178082192,27.16894977168949771689497828,0E-28,0E-28,0,0,0,284,285,2035,BASE,0.2739726027397260273972602740,0.2191780821917808219178082192,0.07481078376180646775505098198,0.05386376430850065678363670703
27.16894977168949771689497828,0,0.000,27.16894977168949771689497828,0.2739726027397260273972602740,0.2191780821917808219178082192,26.89497716894977168949771801,0E-28,0E-28,0,0,0,285,286,2035,BASE,0.2739726027397260273972602740,0.2191780821917808219178082192,0.07406017389128667041971602231,0.05332332520172640270219553606
26.89497716894977168949771801,0,0.000,26.89497716894977168949771801,0.2739726027397260273972602740,0.2191780821917808219178082192,26.62100456621004566210045774,0E-28,0E-28,0,0,0,286,287,2035,BASE,0.2739726027397260273972602740,0.2191780821917808219178082192,0.07330956402076687308438106269,0.05278288609495214862075436514
26.62100456621004566210045774,0,0.000,26.62100456621004566210045774,0.2739726027397260273972602740,0.2191780821917808219178082192,26.34703196347031963470319747,0E-28,0E-28,0,0,0,287,288,2035,BASE,0.2739726027397260273972602740,0.2191780821917808219178082192,0.07255895415024707574904610302,0.05224244698817789453931319417
26.34703196347031963470319747,0,0.000,26.34703196347031963470319747,0.2739726027397260273972602740,0.2191780821917808219178082192,26.07305936073059360730593720,0E-28,0E-28,0,0,0,288,289,2035,BASE,0.2739726027397260273972602740,0.2191780821917808219178082192,0.07180834427972727841371114340,0.05170200788140364045787202325
26.07305936073059360730593720,0,0.000,26.07305936073059360730593720,0.2739726027397260273972602740,0.2191780821917808219178082192,25.79908675799086757990867693,0E-28,0E-28,0,0,0,289,290,2035,BASE,0.2739726027397260273972602740,0.2191780821917808219178082192,0.07105773440920748107837618373,0.05116156877462938637643085229
25.79908675799086757990867693,0,0.000,25.79908675799086757990867693,0.2739726027397260273972602740,0.2191780821917808219178082192,25.52511415525114155251141666,0E-28,0E-28,0,0,0,290,291,2035,BASE,0.2739726027397260273972602740,0.2191780821917808219178082192,0.07030712453868768374304122412,0.05062112966785513229498968137
25.52511415525114155251141666,0,0.000,25.52511415525114155251141666,0.2739726027397260273972602740,0.2191780821917808219178082192,25.25114155251141552511415639,0E-28,0E-28,0,0,0,291,292,2035,BASE,0.2739726027397260273972602740,0.2191780821917808219178082192,0.06955651466816788640770626445,0.05008069056108087821354851040
25.25114155251141552511415639,0,0.000,25.25114155251141552511415639,0.2739726027397260273972602740,0.2191780821917808219178082192,24.97716894977168949771689612,0E-28,0E-28,0,0,0,292,293,2035,BASE,0.2739726027397260273972602740,0.2191780821917808219178082192,0.06880590479764808907237130483,0.04954025145430662413210733948
24.97716894977168949771689612,0,0.000,24.97716894977168949771689612,0.2739726027397260273972602740,0.2191780821917808219178082192,24.70319634703196347031963585,0E-28,0E-28,0,0,0,293,294,2035,BASE,0.2739726027397260273972602740,0.2191780821917808219178082192,0.06805529492712829173703634516,0.04899981234753237005066616852
24.70319634703196347031963585,0,0.000,24.70319634703196347031963585,0.2739726027397260273972602740,0.2191780821917808219178082192,24.42922374429223744292237558,0E-28,0E-28,0,0,0,294,295,2035,BASE,0.2739726027397260273972602740,0.2191780821917808219178082192,0.06730468505660849440170138554,0.04845937324075811596922499759
24.42922374429223744292237558,0,0.000,24.42922374429223744292237558,0.2739726027397260273972602740,0.2191780821917808219178082192,24.15525114155251141552511531,0E-28,0E-28,0,0,0,295,296,2035,BASE,0.2739726027397260273972602740,0.2191780821917808219178082192,0.06655407518608869706636642587,0.04791893413398386188778382663
24.15525114155251141552511531,0,0.000,24.15525114155251141552511531,0.2739726027397260273972602740,0.2191780821917808219178082192,23.88127853881278538812785504,0E-28,0E-28,0,0,0,296,297,2035,BASE,0.2739726027397260273972602740,0.2191780821917808219178082192,0.06580346531556889973103146625,0.04737849502720960780634265570
23.88127853881278538812785504,0,0.000,23.88127853881278538812785504,0.2739726027397260273972602740,0.2191780821917808219178082192,23.60730593607305936073059477,0E-28,0E-28,0,0,0,297,298,2035,BASE,0.2739726027397260273972602740,0.2191780821917808219178082192,0.06505285544504910239569650658,0.04683805592043535372490148474
23.60730593607305936073059477,0,0.000,23.60730593607305936073059477,0.2739726027397260273972602740,0.2191780821917808219178082192,23.33333333333333333333333450,0E-28,0E-28,0,0,0,298,299,2035,BASE,0.2739726027397260273972602740,0.2191780821917808219178082192,0.06430224557452930506036154697,0.04629761681366109964346031382
23.33333333333333333333333450,0,0.000,23.33333333333333333333333450,0.2739726027397260273972602740,0.2191780821917808219178082192,23.05936073059360730593607423,0E-28,0E-28,0,0,0,299,300,2035,BASE,0.2739726027397260273972602740,0.2191780821917808219178082192,0.06355163570400950772502658729,0.04575717770688684556201914285
23.05936073059360730593607423,0,0.000,23.05936073059360730593607423,0.2739726027397260273972602740,0.2191780821917808219178082192,22.78538812785388127853881396,0E-28,0E-28,0,0,0,300,301,2035,BASE,0.2739726027397260273972602740,0.2191780821917808219178082192,0.06280102583348971038969162768,0.04521673860011259148057797193
22.78538812785388127853881396,0,0.000,22.78538812785388127853881396,0.2739726027397260273972602740,0.2191780821917808219178082192,22.51141552511415525114155369,0E-28,0E-28,0,0,0,301,302,2035,BASE,0.2739726027397260273972602740,0.2191780821917808219178082192,0.06205041596296991305435666801,0.04467629949333833739913680097
22.51141552511415525114155369,0,0.000,22.51141552511415525114155369,0.2739726027397260273972602740,0.2191780821917808219178082192,22.23744292237442922374429342,0E-28,0E-28,0,0,0,302,303,2035,BASE,0.2739726027397260273972602740,0.2191780821917808219178082192,0.06129980609245011571902170839,0.04413586038656408331769563004
22.23744292237442922374429342,0,0.000,22.23744292237442922374429342,0.2739726027397260273972602740,0.2191780821917808219178082192,21.96347031963470319634703315,0E-28,0E-28,0,0,0,303,304,2035,BASE,0.2739726027397260273972602740,0.2191780821917808219178082192,0.06054919622193031838368674872,0.04359542127978982923625445908
21.96347031963470319634703315,0,0.000,21.96347031963470319634703315,0.04566210045662100456621004567,0.03652968036529680365296803654,21.91780821917808219178082310,0E-29,0E-29,0,0,0,304,1825/6,2035,BASE,0.04566210045662100456621004567,0.03652968036529680365296803654,0.01001855674402118387856800371,0.007213360855695252392568962671
21.91780821917808219178082310,9.299768103468885223170527625,0.4184895646560998350426737431,30.79908675799086757990867698,0.2283105022831050228310502283,0.1826484018264840182648401826,30.57077625570776255707762675,0E-28,0E-28,9.299768103468885223170527625,0E-27,0,1825/6,305,2035,BASE,0.2283105022831050228310502283,0.1826484018264840182648401826,0.07005692124851441796459623712,0.05044098329893038093450929073
30.57077625570776255707762675,0,0.000,30.57077625570776255707762675,0.2739726027397260273972602740,0.2191780821917808219178082192,30.29680365296803652968036648,0E-28,0E-28,0,0,0,305,306,2035,BASE,0.2739726027397260273972602740,0.2191780821917808219178082192,0.08338024645024082066679177157,0.06003377744417339088009007553
30.29680365296803652968036648,0,0.000,30.29680365296803652968036648,0.2739726027397260273972602740,0.2191780821917808219178082192,30.02283105022831050228310621,0E-28,0E-28,0,0,0,306,307,2035,BASE,0.2739726027397260273972602740,0.2191780821917808219178082192,0.08262963657972102333145681190,0.05949333833739913679864890457
30.02283105022831050228310621,0,0.000,30.02283105022831050228310621,0.2739726027397260273972602740,0.2191780821917808219178082192,29.74885844748858447488584594,0E-28,0E-28,0,0,0,307,308,2035,BASE,0.2739726027397260273972602740,0.2191780821917808219178082192,0.08187902670920122599612185228,0.05895289923062488271720773364
29.74885844748858447488584594,0,0.000,29.74885844748858447488584594,0.2739726027397260273972602740,0.2191780821917808219178082192,29.47488584474885844748858567,0E-28,0E-28,0,0,0,308,309,2035,BASE,0.2739726027397260273972602740,0.2191780821917808219178082192,0.08112841683868142866078689261,0.05841246012385062863576656268
29.47488584474885844748858567,0,0.000,29.47488584474885844748858567,0.2739726027397260273972602740,0.2191780821917808219178082192,29.20091324200913242009132540,0E-28,0E-28,0,0,0,309,310,2035,BASE,0.2739726027397260273972602740,0.2191780821917808219178082192,0.08037780696816163132545193299,0.05787202101707637455432539175
29.20091324200913242009132540,0,0.000,29.20091324200913242009132540,0.2739726027397260273972602740,0.2191780821917808219178082192,28.92694063926940639269406513,0E-28,0E-28,0,0,0,310,311,2035,BASE,0.2739726027397260273972602740,0.2191780821917808219178082192,0.07962719709764183399011697332,0.05733158191030212047288422079
28.92694063926940639269406513,0,0.000,28.92694063926940639269406513,0.2739726027397260273972602740,0.2191780821917808219178082192,28.65296803652968036529680486,0E-28,0E-28,0,0,0,311,312,2035,BASE,0.2739726027397260273972602740,0.2191780821917808219178082192,0.07887658722712203665478201371,0.05679114280352786639144304987
28.65296803652968036529680486,0,0.000,28.65296803652968036529680486,0.2739726027397260273972602740,0.2191780821917808219178082192,28.37899543378995433789954459,0E-28,0E-28,0,0,0,312,313,2035,BASE,0.2739726027397260273972602740,0.2191780821917808219178082192,0.07812597735660223931944705404,0.05625070369675361231000187891
28.37899543378995433789954459,0,0.000,28.37899543378995433789954459,0.2739726027397260273972602740,0.2191780821917808219178082192,28.10502283105022831050228432,0E-28,0E-28,0,0,0,313,314,2035,BASE,0.2739726027397260273972602740,0.2191780821917808219178082192,0.07737536748608244198411209442,0.05571026458997935822856070798
28.10502283105022831050228432,0,0.000,28.10502283105022831050228432,0.2739726027397260273972602740,0.2191780821917808219178082192,27.83105022831050228310502405,0E-28,0E-28,0,0,0,314,315,2035,BASE,0.2739726027397260273972602740,0.2191780821917808219178082192,0.07662475761556264464877713475,0.05516982548320510414711953702
27.83105022831050228310502405,0,0.000,27.83105022831050228310502405,0.2739726027397260273972602740,0.2191780821917808219178082192,27.55707762557077625570776378,0E-28,0E-28,0,0,0,315,316,2035,BASE,0.2739726027397260273972602740,0.2191780821917808219178082192,0.07587414774504284731344217513,0.05462938637643085006567836609
27.55707762557077625570776378,0,0.000,27.55707762557077625570776378,0.2739726027397260273972602740,0.2191780821917808219178082192,27.28310502283105022831050351,0E-28,0E-28,0,0,0,316,317,2035,BASE,0.2739726027397260273972602740,0.2191780821917808219178082192,0.07512353787452304997810721546,0.05408894726965659598423719513
27.28310502283105022831050351,0,0.000,27.28310502283105022831050351,0.2739726027397260273972602740,0.2191780821917808219178082192,27.00913242009132420091324324,0E-28,0E-28,0,0,0,317,318,2035,BASE,0.2739726027397260273972602740,0.2191780821917808219178082192,0.07437292800400325264277225584,0.05354850816288234190279602420
27.00913242009132420091324324,0,0.000,27.00913242009132420091324324,0.2739726027397260273972602740,0.2191780821917808219178082192,26.73515981735159817351598297,0E-28,0E-28,0,0,0,318,319,2035,BASE,0.2739726027397260273972602740,0.2191780821917808219178082192,0.07362231813348345530743729617,0.05300806905610808782135485324
26.73515981735159817351598297,0,0.000,26.73515981735159817351598297,0.2739726027397260273972602740,0.2191780821917808219178082192,26.46118721461187214611872270,0E-28,0E-28,0,0,0,319,320,2035,BASE,0.2739726027397260273972602740,0.2191780821917808219178082192,0.07287170826296365797210233656,0.05246762994933383373991368232
26.46118721461187214611872270,0,0.000,26.46118721461187214611872270,0.2739726027397260273972602740,0.2191780821917808219178082192,26.18721461187214611872146243,0E-28,0E-28,0,0,0,320,321,2035,BASE,0.2739726027397260273972602740,0.2191780821917808219178082192,0.07212109839244386063676737688,0.05192719084255957965847251135
26.18721461187214611872146243,0,0.000,26.18721461187214611872146243,0.2739726027397260273972602740,0.2191780821917808219178082192,25.91324200913242009132420216,0E-28,0E-28,0,0,0,321,322,2035,BASE,0.2739726027397260273972602740,0.2191780821917808219178082192,0.07137048852192406330143241727,0.05138675173578532557703134043
25.91324200913242009132420216,0,0.000,25.91324200913242009132420216,0.2739726027397260273972602740,0.2191780821917808219178082192,25.63926940639269406392694189,0E-28,0E-28,0,0,0,322,323,2035,BASE,0.2739726027397260273972602740,0.2191780821917808219178082192,0.07061987865140426596609745760,0.05084631262901107149559016947
25.63926940639269406392694189,0,0.000,25.63926940639269406392694189,0.2739726027397260273972602740,0.2191780821917808219178082192,25.36529680365296803652968162,0E-28,0E-28,0,0,0,323,324,2035,BASE,0.2739726027397260273972602740,0.2191780821917808219178082192,0.06986926878088446863076249798,0.05030587352223681741414899855
25.36529680365296803652968162,0,0.000,25.36529680365296803652968162,0.2739726027397260273972602740,0.2191780821917808219178082192,25.09132420091324200913242135,0E-28,0E-28,0,0,0,324,325,2035,BASE,0.2739726027397260273972602740,0.2191780821917808219178082192,0.06911865891036467129542753831,0.04976543441546256333270782758
25.09132420091324200913242135,0,0.000,25.09132420091324200913242135,0.2739726027397260273972602740,0.2191780821917808219178082192,24.81735159817351598173516108,0E-28,0E-28,0,0,0,325,326,2035,BASE,0.2739726027397260273972602740,0.2191780821917808219178082192,0.06836804903984487396009257869,0.04922499530868830925126665666
24.81735159817351598173516108,0,0.000,24.81735159817351598173516108,0.2739726027397260273972602740,0.2191780821917808219178082192,24.54337899543378995433790081,0E-28,0E-28,0,0,0,326,327,2035,BASE,0.2739726027397260273972602740,0.2191780821917808219178082192,0.06761743916932507662475761902,0.04868455620191405516982548569
24.54337899543378995433790081,0,0.000,24.54337899543378995433790081,0.2739726027397260273972602740,0.2191780821917808219178082192,24.26940639269406392694064054,0E-28,0E-28,0,0,0,327,328,2035,BASE,0.2739726027397260273972602740,0.2191780821917808219178082192,0.06686682929880527928942265940,0.04814411709513980108838431477
24.26940639269406392694064054,0,0.000,24.26940639269406392694064054,0.2739726027397260273972602740,0.2191780821917808219178082192,23.99543378995433789954338027,0E-28,0E-28,0,0,0,328,329,2035,BASE,0.2739726027397260273972602740,0.2191780821917808219178082192,0.06611621942828548195408769973,0.04760367798836554700694314381
23.99543378995433789954338027,0,0.000,23.99543378995433789954338027,0.2739726027397260273972602740,0.2191780821917808219178082192,23.72146118721461187214612000,0E-28,0E-28,0,0,0,329,330,2035,BASE,0.2739726027397260273972602740,0.2191780821917808219178082192,0.06536560955776568461875274012,0.04706323888159129292550197289
23.72146118721461187214612000,0,0.000,23.72146118721461187214612000,0.2739726027397260273972602740,0.2191780821917808219178082192,23.44748858447488584474885973,0E-28,0E-28,0,0,0,330,331,2035,BASE,0.2739726027397260273972602740,0.2191780821917808219178082192,0.06461499968724588728341778044,0.04652279977481703884406080192
23.44748858447488584474885973,0,0.000,23.44748858447488584474885973,0.2739726027397260273972602740,0.2191780821917808219178082192,23.17351598173515981735159946,0E-28,0E-28,0,0,0,331,332,2035,BASE,0.2739726027397260273972602740,0.2191780821917808219178082192,0.06386438981672608994808282083,0.04598236066804278476261963100
23.17351598173515981735159946,0,0.000,23.17351598173515981735159946,0.2739726027397260273972602740,0.2191780821917808219178082192,22.89954337899543378995433919,0E-28,0E-28,0,0,0,332,333,2035,BASE,0.2739726027397260273972602740,0.2191780821917808219178082192,0.06311377994620629261274786116,0.04544192156126853068117846004
22.89954337899543378995433919,0,0.000,22.89954337899543378995433919,0.2739726027397260273972602740,0.2191780821917808219178082192,22.62557077625570776255707892,0E-28,0E-28,0,0,0,333,334,2035,BASE,0.2739726027397260273972602740,0.2191780821917808219178082192,0.06236317007568649527741290154,0.04490148245449427659973728911
22.62557077625570776255707892,0,0.000,22.62557077625570776255707892,0.1598173515981735159817351598,0.1278538812785388127853881278,22.46575342465753424657534376,0E-28,0E-28,0,0,0,334,4015/12,2035,BASE,0.1598173515981735159817351598,0.1278538812785388127853881278,0.03603188006922291028127020077,0.02594295364984049540251454455
22.46575342465753424657534376,9.2997681034688852231705277,0.4184895646560998350426737465,31.34703196347031963470319771,0.1141552511415525114155251142,0.09132420091324200913242009136,31.23287671232876712328767260,0E-28,0E-29,9.2997681034688852231705277,0E-25,0,4015/12,335,2035,BASE,0.1141552511415525114155251142,0.09132420091324200913242009136,0.03571912595650632805821396709,0.02571777068868455620191405630
31.23287671232876712328767260,0,0.000,31.23287671232876712328767260,0.2739726027397260273972602740,0.2191780821917808219178082192,30.95890410958904109589041233,0E-28,0E-28,0,0,0,335,336,2035,BASE,0.2739726027397260273972602740,0.2191780821917808219178082192,0.08519422030399699756051792456,0.06133983861887783824357290568
30.95890410958904109589041233,0,0.000,30.95890410958904109589041233,0.2739726027397260273972602740,0.2191780821917808219178082192,30.68493150684931506849315206,0E-28,0E-28,0,0,0,336,337,2035,BASE,0.2739726027397260273972602740,0.2191780821917808219178082192,0.08444361043347720022518296494,0.06079939951210358416213173476
30.68493150684931506849315206,0,0.000,30.68493150684931506849315206,0.2739726027397260273972602740,0.2191780821917808219178082192,30.41095890410958904109589179,0E-28,0E-28,0,0,0,337,338,2035,BASE,0.2739726027397260273972602740,0.2191780821917808219178082192,0.08369300056295740288984800527,0.06025896040532933008069056379
30.41095890410958904109589179,0,0.000,30.41095890410958904109589179,0.2739726027397260273972602740,0.2191780821917808219178082192,30.13698630136986301369863152,0E-28,0E-28,0,0,0,338,339,2035,BASE,0.2739726027397260273972602740,0.2191780821917808219178082192,0.08294239069243760555451304565,0.05971852129855507599924939287
30.13698630136986301369863152,0,0.000,30.13698630136986301369863152,0.2739726027397260273972602740,0.2191780821917808219178082192,29.86301369863013698630137125,0E-28,0E-28,0,0,0,339,340,2035,BASE,0.2739726027397260273972602740,0.2191780821917808219178082192,0.08219178082191780821917808598,0.05917808219178082191780822191
29.86301369863013698630137125,0,0.000,29.86301369863013698630137125,0.2739726027397260273972602740,0.2191780821917808219178082192,29.58904109589041095890411098,0E-28,0E-28,0,0,0,340,341,2035,BASE,0.2739726027397260273972602740,0.2191780821917808219178082192,0.08144117095139801088384312636,0.05863764308500656783636705098
29.58904109589041095890411098,0,0.000,29.58904109589041095890411098,0.2739726027397260273972602740,0.2191780821917808219178082192,29.31506849315068493150685071,0E-28,0E-28,0,0,0,341,342,2035,BASE,0.2739726027397260273972602740,0.2191780821917808219178082192,0.08069056108087821354850816669,0.05809720397823231375492588002
29.31506849315068493150685071,0,0.000,29.31506849315068493150685071,0.2739726027397260273972602740,0.2191780821917808219178082192,29.04109589041095890410959044,0E-28,0E-28,0,0,0,342,343,2035,BASE,0.2739726027397260273972602740,0.2191780821917808219178082192,0.07993995121035841621317320708,0.05755676487145805967348470910
29.04109589041095890410959044,0,0.000,29.04109589041095890410959044,0.2739726027397260273972602740,0.2191780821917808219178082192,28.76712328767123287671233017,0E-28,0E-28,0,0,0,343,344,2035,BASE,0.2739726027397260273972602740,0.2191780821917808219178082192,0.07918934133983861887783824741,0.05701632576468380559204353814
28.76712328767123287671233017,0,0.000,28.76712328767123287671233017,0.2739726027397260273972602740,0.2191780821917808219178082192,28.49315068493150684931506990,0E-28,0E-28,0,0,0,344,345,2035,BASE,0.2739726027397260273972602740,0.2191780821917808219178082192,0.07843873146931882154250328779,0.05647588665790955151060236721
28.49315068493150684931506990,0,0.000,28.49315068493150684931506990,0.2739726027397260273972602740,0.2191780821917808219178082192,28.21917808219178082191780963,0E-28,0E-28,0,0,0,345,346,2035,BASE,0.2739726027397260273972602740,0.2191780821917808219178082192,0.07768812159879902420716832812,0.05593544755113529742916119625
28.21917808219178082191780963,0,0.000,28.21917808219178082191780963,0.2739726027397260273972602740,0.2191780821917808219178082192,27.94520547945205479452054936,0E-28,0E-28,0,0,0,346,347,2035,BASE,0.2739726027397260273972602740,0.2191780821917808219178082192,0.07693751172827922687183336850,0.05539500844436104334772002532
27.94520547945205479452054936,0,0.000,27.94520547945205479452054936,0.2739726027397260273972602740,0.2191780821917808219178082192,27.67123287671232876712328909,0E-28,0E-28,0,0,0,347,348,2035,BASE,0.2739726027397260273972602740,0.2191780821917808219178082192,0.07618690185775942953649840883,0.05485456933758678926627885436
27.67123287671232876712328909,0,0.000,27.67123287671232876712328909,0.2739726027397260273972602740,0.2191780821917808219178082192,27.39726027397260273972602882,0E-28,0E-28,0,0,0,348,349,2035,BASE,0.2739726027397260273972602740,0.2191780821917808219178082192,0.07543629198723963220116344921,0.05431413023081253518483768343
27.39726027397260273972602882,0,0.000,27.39726027397260273972602882,0.2739726027397260273972602740,0.2191780821917808219178082192,27.12328767123287671232876855,0E-28,0E-28,0,0,0,349,350,2035,BASE,0.2739726027397260273972602740,0.2191780821917808219178082192,0.07468568211671983486582848954,0.05377369112403828110339651247
27.12328767123287671232876855,0,0.000,27.12328767123287671232876855,0.2739726027397260273972602740,0.2191780821917808219178082192,26.84931506849315068493150828,0E-28,0E-28,0,0,0,350,351,2035,BASE,0.2739726027397260273972602740,0.2191780821917808219178082192,0.07393507224620003753049352993,0.05323325201726402702195534155
26.84931506849315068493150828,0,0.000,26.84931506849315068493150828,0.2739726027397260273972602740,0.2191780821917808219178082192,26.57534246575342465753424801,0E-28,0E-28,0,0,0,351,352,2035,BASE,0.2739726027397260273972602740,0.2191780821917808219178082192,0.07318446237568024019515857025,0.05269281291048977294051417058
26.57534246575342465753424801,0,0.000,26.57534246575342465753424801,0.2739726027397260273972602740,0.2191780821917808219178082192,26.30136986301369863013698774,0E-28,0E-28,0,0,0,352,353,2035,BASE,0.2739726027397260273972602740,0.2191780821917808219178082192,0.07243385250516044285982361064,0.05215237380371551885907299966
26.30136986301369863013698774,0,0.000,26.30136986301369863013698774,0.2739726027397260273972602740,0.2191780821917808219178082192,26.02739726027397260273972747,0E-28,0E-28,0,0,0,353,354,2035,BASE,0.2739726027397260273972602740,0.2191780821917808219178082192,0.07168324263464064552448865097,0.05161193469694126477763182870
26.02739726027397260273972747,0,0.000,26.02739726027397260273972747,0.2739726027397260273972602740,0.2191780821917808219178082192,25.75342465753424657534246720,0E-28,0E-28,0,0,0,354,355,2035,BASE,0.2739726027397260273972602740,0.2191780821917808219178082192,0.07093263276412084818915369135,0.05107149559016701069619065777
25.75342465753424657534246720,0,0.000,25.75342465753424657534246720,0.2739726027397260273972602740,0.2191780821917808219178082192,25.47945205479452054794520693,0E-28,0E-28,0,0,0,355,356,2035,BASE,0.2739726027397260273972602740,0.2191780821917808219178082192,0.07018202289360105085381873168,0.05053105648339275661474948681
25.47945205479452054794520693,0,0.000,25.47945205479452054794520693,0.2739726027397260273972602740,0.2191780821917808219178082192,25.20547945205479452054794666,0E-28,0E-28,0,0,0,356,357,2035,BASE,0.2739726027397260273972602740,0.2191780821917808219178082192,0.06943141302308125351848377206,0.04999061737661850253330831588
25.20547945205479452054794666,0,0.000,25.20547945205479452054794666,0.2739726027397260273972602740,0.2191780821917808219178082192,24.93150684931506849315068639,0E-28,0E-28,0,0,0,357,358,2035,BASE,0.2739726027397260273972602740,0.2191780821917808219178082192,0.06868080315256145618314881239,0.04945017826984424845186714492
24.93150684931506849315068639,0,0.000,24.93150684931506849315068639,0.2739726027397260273972602740,0.2191780821917808219178082192,24.65753424657534246575342612,0E-28,0E-28,0,0,0,358,359,2035,BASE,0.2739726027397260273972602740,0.2191780821917808219178082192,0.06793019328204165884781385277,0.04890973916306999437042597399
24.65753424657534246575342612,0,0.000,24.65753424657534246575342612,0.2739726027397260273972602740,0.2191780821917808219178082192,24.38356164383561643835616585,0E-28,0E-28,0,0,0,359,360,2035,BASE,0.2739726027397260273972602740,0.2191780821917808219178082192,0.06717958341152186151247889310,0.04836930005629574028898480303
24.38356164383561643835616585,0,0.000,24.38356164383561643835616585,0.2739726027397260273972602740,0.2191780821917808219178082192,24.10958904109589041095890558,0E-28,0E-28,0,0,0,360,361,2035,BASE,0.2739726027397260273972602740,0.2191780821917808219178082192,0.06642897354100206417714393349,0.04782886094952148620754363211
24.10958904109589041095890558,0,0.000,24.10958904109589041095890558,0.2739726027397260273972602740,0.2191780821917808219178082192,23.83561643835616438356164531,0E-28,0E-28,0,0,0,361,362,2035,BASE,0.2739726027397260273972602740,0.2191780821917808219178082192,0.06567836367048226684180897381,0.04728842184274723212610246114
23.83561643835616438356164531,0,0.000,23.83561643835616438356164531,0.2739726027397260273972602740,0.2191780821917808219178082192,23.56164383561643835616438504,0E-28,0E-28,0,0,0,362,363,2035,BASE,0.2739726027397260273972602740,0.2191780821917808219178082192,0.06492775379996246950647401420,0.04674798273597297804466129022
23.56164383561643835616438504,0,0.000,23.56164383561643835616438504,0.2739726027397260273972602740,0.2191780821917808219178082192,23.28767123287671232876712477,0E-28,0E-28,0,0,0,363,364,2035,BASE,0.2739726027397260273972602740,0.2191780821917808219178082192,0.06417714392944267217113905453,0.04620754362919872396322011926
23.28767123287671232876712477,0,0.000,23.28767123287671232876712477,0.2739726027397260273972602740,0.2191780821917808219178082192,23.01369863013698630136986450,0E-28,0E-28,0,0,0,364,365,2035,BASE,0.2739726027397260273972602740,0.2191780821917808219178082192,0.06342653405892287483580409491,0.04566710452242446988177894834
23.01369863013698630136986450,12.71394562379411398369512852,0.5721275530707351292662807834,35.15551670086036515579871224,0.3835616438356164383561643836,0.2876712328767123287671232877,34.77195505702474871744254786,0E-28,0E-28,12.71394562379411398369512852,0E-26,0,365,366,2036,BASE,0.3835616438356164383561643836,0.2876712328767123287671232877,0.09579105720258234777156337001,0.06896956118585929039552562641
34.77195505702474871744254786,0,0.000,34.77195505702474871744254786,0.3835616438356164383561643836,0.2876712328767123287671232877,34.38839341318913227908638348,0E-28,0E-28,0,0,0,366,367,2036,BASE,0.3835616438356164383561643836,0.2876712328767123287671232877,0.09474020338385463150209442650,0.06821294643637533468150798708
34.38839341318913227908638348,0,0.000,34.38839341318913227908638348,0.3835616438356164383561643836,0.2876712328767123287671232877,34.00483176935351584073021910,0E-28,0E-28,0,0,0,367,368,2036,BASE,0.3835616438356164383561643836,0.2876712328767123287671232877,0.09368934956512691523262548300,0.06745633168689137896749034776
34.00483176935351584073021910,0,0.000,34.00483176935351584073021910,0.3835616438356164383561643836,0.2876712328767123287671232877,33.62127012551789940237405472,0E-28,0E-28,0,0,0,368,369,2036,BASE,0.3835616438356164383561643836,0.2876712328767123287671232877,0.09263849574639919896315653949,0.06669971693740742325347270843
33.62127012551789940237405472,0,0.000,33.62127012551789940237405472,0.3835616438356164383561643836,0.2876712328767123287671232877,33.23770848168228296401789034,0E-28,0E-28,0,0,0,369,370,2036,BASE,0.3835616438356164383561643836,0.2876712328767123287671232877,0.09158764192767148269368759598,0.06594310218792346753945506911
33.23770848168228296401789034,0,0.000,33.23770848168228296401789034,0.3835616438356164383561643836,0.2876712328767123287671232877,32.85414683784666652566172596,0E-28,0E-28,0,0,0,370,371,2036,BASE,0.3835616438356164383561643836,0.2876712328767123287671232877,0.09053678810894376642421865247,0.06518648743843951182543742978
32.85414683784666652566172596,0,0.000,32.85414683784666652566172596,0.3835616438356164383561643836,0.2876712328767123287671232877,32.47058519401105008730556158,0E-28,0E-28,0,0,0,371,372,2036,BASE,0.3835616438356164383561643836,0.2876712328767123287671232877,0.08948593429021605015474970897,0.06442987268895555611141979046
32.47058519401105008730556158,0,0.000,32.47058519401105008730556158,0.3835616438356164383561643836,0.2876712328767123287671232877,32.08702355017543364894939720,0E-28,0E-28,0,0,0,372,373,2036,BASE,0.3835616438356164383561643836,0.2876712328767123287671232877,0.08843508047148833388528076546,0.06367325793947160039740215113
32.08702355017543364894939720,0,0.000,32.08702355017543364894939720,0.3835616438356164383561643836,0.2876712328767123287671232877,31.70346190633981721059323282,0E-28,0E-28,0,0,0,373,374,2036,BASE,0.3835616438356164383561643836,0.2876712328767123287671232877,0.08738422665276061761581182195,0.06291664318998764468338451180
31.70346190633981721059323282,0,0.000,31.70346190633981721059323282,0.3835616438356164383561643836,0.2876712328767123287671232877,31.31990026250420077223706844,0E-28,0E-28,0,0,0,374,375,2036,BASE,0.3835616438356164383561643836,0.2876712328767123287671232877,0.08633337283403290134634287845,0.06216002844050368896936687248
31.31990026250420077223706844,0,0.000,31.31990026250420077223706844,0.3835616438356164383561643836,0.2876712328767123287671232877,30.93633861866858433388090406,0E-28,0E-28,0,0,0,375,376,2036,BASE,0.3835616438356164383561643836,0.2876712328767123287671232877,0.08528251901530518507687393494,0.06140341369101973325534923316
30.93633861866858433388090406,0,0.000,30.93633861866858433388090406,0.3835616438356164383561643836,0.2876712328767123287671232877,30.55277697483296789552473968,0E-28,0E-28,0,0,0,376,377,2036,BASE,0.3835616438356164383561643836,0.2876712328767123287671232877,0.08423166519657746880740499143,0.06064679894153577754133159383
30.55277697483296789552473968,0,0.000,30.55277697483296789552473968,0.3835616438356164383561643836,0.2876712328767123287671232877,30.16921533099735145716857530,0E-28,0E-28,0,0,0,377,378,2036,BASE,0.3835616438356164383561643836,0.2876712328767123287671232877,0.08318081137784975253793604793,0.05989018419205182182731395451
30.16921533099735145716857530,0,0.000,30.16921533099735145716857530,0.3835616438356164383561643836,0.2876712328767123287671232877,29.78565368716173501881241092,0E-28,0E-28,0,0,0,378,379,2036,BASE,0.3835616438356164383561643836,0.2876712328767123287671232877,0.08212995755912203626846710442,0.05913356944256786611329631518
29.78565368716173501881241092,0,0.000,29.78565368716173501881241092,0.3835616438356164383561643836,0.2876712328767123287671232877,29.40209204332611858045624654,0E-28,0E-28,0,0,0,379,380,2036,BASE,0.3835616438356164383561643836,0.2876712328767123287671232877,0.08107910374039431999899816091,0.05837695469308391039927867586
29.40209204332611858045624654,0,0.000,29.40209204332611858045624654,0.3835616438356164383561643836,0.2876712328767123287671232877,29.01853039949050214210008216,0E-28,0E-28,0,0,0,380,381,2036,BASE,0.3835616438356164383561643836,0.2876712328767123287671232877,0.08002824992166660372952921741,0.05762033994359995468526103654
29.01853039949050214210008216,0,0.000,29.01853039949050214210008216,0.3835616438356164383561643836,0.2876712328767123287671232877,28.63496875565488570374391778,0E-28,0E-28,0,0,0,381,382,2036,BASE,0.3835616438356164383561643836,0.2876712328767123287671232877,0.07897739610293888746006027390,0.05686372519411599897124339721
28.63496875565488570374391778,0,0.000,28.63496875565488570374391778,0.3835616438356164383561643836,0.2876712328767123287671232877,28.25140711181926926538775340,0E-28,0E-28,0,0,0,382,383,2036,BASE,0.3835616438356164383561643836,0.2876712328767123287671232877,0.07792654228421117119059133039,0.05610711044463204325722575788
28.25140711181926926538775340,0,0.000,28.25140711181926926538775340,0.3835616438356164383561643836,0.2876712328767123287671232877,27.86784546798365282703158902,0E-28,0E-28,0,0,0,383,384,2036,BASE,0.3835616438356164383561643836,0.2876712328767123287671232877,0.07687568846548345492112238688,0.05535049569514808754320811855
27.86784546798365282703158902,0,0.000,27.86784546798365282703158902,0.3835616438356164383561643836,0.2876712328767123287671232877,27.48428382414803638867542464,0E-28,0E-28,0,0,0,384,385,2036,BASE,0.3835616438356164383561643836,0.2876712328767123287671232877,0.07582483464675573865165344338,0.05459388094566413182919047923
27.48428382414803638867542464,0,0.000,27.48428382414803638867542464,0.3835616438356164383561643836,0.2876712328767123287671232877,27.10072218031241995031926026,0E-28,0E-28,0,0,0,385,386,2036,BASE,0.3835616438356164383561643836,0.2876712328767123287671232877,0.07477398082802802238218449987,0.05383726619618017611517283991
27.10072218031241995031926026,0,0.000,27.10072218031241995031926026,0.3835616438356164383561643836,0.2876712328767123287671232877,26.71716053647680351196309588,0E-28,0E-28,0,0,0,386,387,2036,BASE,0.3835616438356164383561643836,0.2876712328767123287671232877,0.07372312700930030611271555636,0.05308065144669622040115520058
26.71716053647680351196309588,0,0.000,26.71716053647680351196309588,0.3835616438356164383561643836,0.2876712328767123287671232877,26.33359889264118707360693150,0E-28,0E-28,0,0,0,387,388,2036,BASE,0.3835616438356164383561643836,0.2876712328767123287671232877,0.07267227319057258984324661286,0.05232403669721226468713756126
26.33359889264118707360693150,0,0.000,26.33359889264118707360693150,0.3835616438356164383561643836,0.2876712328767123287671232877,25.95003724880557063525076712,0E-28,0E-28,0,0,0,388,389,2036,BASE,0.3835616438356164383561643836,0.2876712328767123287671232877,0.07162141937184487357377766935,0.05156742194772830897311992193
25.95003724880557063525076712,0,0.000,25.95003724880557063525076712,0.3835616438356164383561643836,0.2876712328767123287671232877,25.56647560496995419689460274,0E-28,0E-28,0,0,0,389,390,2036,BASE,0.3835616438356164383561643836,0.2876712328767123287671232877,0.07057056555311715730430872584,0.05081080719824435325910228260
25.56647560496995419689460274,0,0.000,25.56647560496995419689460274,0.3835616438356164383561643836,0.2876712328767123287671232877,25.18291396113433775853843836,0E-28,0E-28,0,0,0,390,391,2036,BASE,0.3835616438356164383561643836,0.2876712328767123287671232877,0.06951971173438944103483978234,0.05005419244876039754508464328
25.18291396113433775853843836,0,0.000,25.18291396113433775853843836,0.3835616438356164383561643836,0.2876712328767123287671232877,24.79935231729872132018227398,0E-28,0E-28,0,0,0,391,392,2036,BASE,0.3835616438356164383561643836,0.2876712328767123287671232877,0.06846885791566172476537083883,0.04929757769927644183106700396
24.79935231729872132018227398,0,0.000,24.79935231729872132018227398,0.3835616438356164383561643836,0.2876712328767123287671232877,24.41579067346310488182610960,0E-28,0E-28,0,0,0,392,393,2036,BASE,0.3835616438356164383561643836,0.2876712328767123287671232877,0.06741800409693400849590189532,0.04854096294979248611704936463
24.41579067346310488182610960,0,0.000,24.41579067346310488182610960,0.3835616438356164383561643836,0.2876712328767123287671232877,24.03222902962748844346994522,0E-28,0E-28,0,0,0,393,394,2036,BASE,0.3835616438356164383561643836,0.2876712328767123287671232877,0.06636715027820629222643295181,0.04778434820030853040303172530
24.03222902962748844346994522,0,0.000,24.03222902962748844346994522,0.3835616438356164383561643836,0.2876712328767123287671232877,23.64866738579187200511378084,0E-28,0E-28,0,0,0,394,395,2036,BASE,0.3835616438356164383561643836,0.2876712328767123287671232877,0.06531629645947857595696400831,0.04702773345082457468901408598
23.64866738579187200511378084,0,0.000,23.64866738579187200511378084,0.1598173515981735159817351599,0.1198630136986301369863013699,23.48885003419369848913204568,0E-28,0E-28,0,0,0,395,4745/12,2036,BASE,0.1598173515981735159817351599,0.1198630136986301369863013699,0.02690497569633879594420423889,0.01937158250136393307982705200
23.48885003419369848913204568,12.71394562379411398369512852,0.5721275530707351292662807834,35.63066810491707734356089342,0.2237442922374429223744292237,0.1678082191780821917808219178,35.40692381267963442118646420,0E-28,0E-28,12.71394562379411398369512852,0E-26,0,4745/12,396,2036,BASE,0.2237442922374429223744292237,0.1678082191780821917808219178,0.05676519902091061442388487480,0.04087094329505564238519710986
35.40692381267963442118646420,0,0.000,35.40692381267963442118646420,0.3835616438356164383561643836,0.2876712328767123287671232877,35.02336216884401798283029982,0E-28,0E-28,0,0,0,396,397,2036,BASE,0.3835616438356164383561643836,0.2876712328767123287671232877,0.09647984381030637315618734798,0.06946548754342058867245489055
35.02336216884401798283029982,0,0.000,35.02336216884401798283029982,0.3835616438356164383561643836,0.2876712328767123287671232877,34.63980052500840154447413544,0E-28,0E-28,0,0,0,397,398,2036,BASE,0.3835616438356164383561643836,0.2876712328767123287671232877,0.09542898999157865688671840448,0.06870887279393663295843725123
34.63980052500840154447413544,0,0.000,34.63980052500840154447413544,0.3835616438356164383561643836,0.2876712328767123287671232877,34.25623888117278510611797106,0E-28,0E-28,0,0,0,398,399,2036,BASE,0.3835616438356164383561643836,0.2876712328767123287671232877,0.09437813617285094061724946097,0.06795225804445267724441961190
34.25623888117278510611797106,0,0.000,34.25623888117278510611797106,0.3835616438356164383561643836,0.2876712328767123287671232877,33.87267723733716866776180668,0E-28,0E-28,0,0,0,399,400,2036,BASE,0.3835616438356164383561643836,0.2876712328767123287671232877,0.09332728235412322434778051746,0.06719564329496872153040197257
33.87267723733716866776180668,0,0.000,33.87267723733716866776180668,0.3835616438356164383561643836,0.2876712328767123287671232877,33.48911559350155222940564230,0E-28,0E-28,0,0,0,400,401,2036,BASE,0.3835616438356164383561643836,0.2876712328767123287671232877,0.09227642853539550807831157395,0.06643902854548476581638433324
33.48911559350155222940564230,0,0.000,33.48911559350155222940564230,0.3835616438356164383561643836,0.2876712328767123287671232877,33.10555394966593579104947792,0E-28,0E-28,0,0,0,401,402,2036,BASE,0.3835616438356164383561643836,0.2876712328767123287671232877,0.09122557471666779180884263045,0.06568241379600081010236669392
33.10555394966593579104947792,0,0.000,33.10555394966593579104947792,0.3835616438356164383561643836,0.2876712328767123287671232877,32.72199230583031935269331354,0E-28,0E-28,0,0,0,402,403,2036,BASE,0.3835616438356164383561643836,0.2876712328767123287671232877,0.09017472089794007553937368694,0.06492579904651685438834905460
32.72199230583031935269331354,0,0.000,32.72199230583031935269331354,0.3835616438356164383561643836,0.2876712328767123287671232877,32.33843066199470291433714916,0E-28,0E-28,0,0,0,403,404,2036,BASE,0.3835616438356164383561643836,0.2876712328767123287671232877,0.08912386707921235926990474343,0.06416918429703289867433141527
32.33843066199470291433714916,0,0.000,32.33843066199470291433714916,0.3835616438356164383561643836,0.2876712328767123287671232877,31.95486901815908647598098478,0E-28,0E-28,0,0,0,404,405,2036,BASE,0.3835616438356164383561643836,0.2876712328767123287671232877,0.08807301326048464300043579993,0.06341256954754894296031377595
31.95486901815908647598098478,0,0.000,31.95486901815908647598098478,0.3835616438356164383561643836,0.2876712328767123287671232877,31.57130737432347003762482040,0E-28,0E-28,0,0,0,405,406,2036,BASE,0.3835616438356164383561643836,0.2876712328767123287671232877,0.08702215944175692673096685642,0.06265595479806498724629613662
31.57130737432347003762482040,0,0.000,31.57130737432347003762482040,0.3835616438356164383561643836,0.2876712328767123287671232877,31.18774573048785359926865602,0E-28,0E-28,0,0,0,406,407,2036,BASE,0.3835616438356164383561643836,0.2876712328767123287671232877,0.08597130562302921046149791291,0.06189934004858103153227849730
31.18774573048785359926865602,0,0.000,31.18774573048785359926865602,0.3835616438356164383561643836,0.2876712328767123287671232877,30.80418408665223716091249164,0E-28,0E-28,0,0,0,407,408,2036,BASE,0.3835616438356164383561643836,0.2876712328767123287671232877,0.08492045180430149419202896941,0.06114272529909707581826085798
30.80418408665223716091249164,0,0.000,30.80418408665223716091249164,0.3835616438356164383561643836,0.2876712328767123287671232877,30.42062244281662072255632726,0E-28,0E-28,0,0,0,408,409,2036,BASE,0.3835616438356164383561643836,0.2876712328767123287671232877,0.08386959798557377792256002590,0.06038611054961312010424321865
30.42062244281662072255632726,0,0.000,30.42062244281662072255632726,0.3835616438356164383561643836,0.2876712328767123287671232877,30.03706079898100428420016288,0E-28,0E-28,0,0,0,409,410,2036,BASE,0.3835616438356164383561643836,0.2876712328767123287671232877,0.08281874416684606165309108239,0.05962949580012916439022557932
30.03706079898100428420016288,0,0.000,30.03706079898100428420016288,0.3835616438356164383561643836,0.2876712328767123287671232877,29.65349915514538784584399850,0E-28,0E-28,0,0,0,410,411,2036,BASE,0.3835616438356164383561643836,0.2876712328767123287671232877,0.08176789034811834538362213888,0.05887288105064520867620793999
29.65349915514538784584399850,0,0.000,29.65349915514538784584399850,0.3835616438356164383561643836,0.2876712328767123287671232877,29.26993751130977140748783412,0E-28,0E-28,0,0,0,411,412,2036,BASE,0.3835616438356164383561643836,0.2876712328767123287671232877,0.08071703652939062911415319538,0.05811626630116125296219030067
29.26993751130977140748783412,0,0.000,29.26993751130977140748783412,0.3835616438356164383561643836,0.2876712328767123287671232877,28.88637586747415496913166974,0E-28,0E-28,0,0,0,412,413,2036,BASE,0.3835616438356164383561643836,0.2876712328767123287671232877,0.07966618271066291284468425187,0.05735965155167729724817266135
28.88637586747415496913166974,0,0.000,28.88637586747415496913166974,0.3835616438356164383561643836,0.2876712328767123287671232877,28.50281422363853853077550536,0E-28,0E-28,0,0,0,413,414,2036,BASE,0.3835616438356164383561643836,0.2876712328767123287671232877,0.07861532889193519657521530836,0.05660303680219334153415502202
28.50281422363853853077550536,0,0.000,28.50281422363853853077550536,0.3835616438356164383561643836,0.2876712328767123287671232877,28.11925257980292209241934098,0E-28,0E-28,0,0,0,414,415,2036,BASE,0.3835616438356164383561643836,0.2876712328767123287671232877,0.07756447507320748030574636486,0.05584642205270938582013738270
28.11925257980292209241934098,0,0.000,28.11925257980292209241934098,0.3835616438356164383561643836,0.2876712328767123287671232877,27.73569093596730565406317660,0E-28,0E-28,0,0,0,415,416,2036,BASE,0.3835616438356164383561643836,0.2876712328767123287671232877,0.07651362125447976403627742135,0.05508980730322543010611974337
27.73569093596730565406317660,0,0.000,27.73569093596730565406317660,0.3835616438356164383561643836,0.2876712328767123287671232877,27.35212929213168921570701222,0E-28,0E-28,0,0,0,416,417,2036,BASE,0.3835616438356164383561643836,0.2876712328767123287671232877,0.07546276743575204776680847784,0.05433319255374147439210210404
27.35212929213168921570701222,0,0.000,27.35212929213168921570701222,0.3835616438356164383561643836,0.2876712328767123287671232877,26.96856764829607277735084784,0E-28,0E-28,0,0,0,417,418,2036,BASE,0.3835616438356164383561643836,0.2876712328767123287671232877,0.07441191361702433149733953434,0.05357657780425751867808446472
26.96856764829607277735084784,0,0.000,26.96856764829607277735084784,0.3835616438356164383561643836,0.2876712328767123287671232877,26.58500600446045633899468346,0E-28,0E-28,0,0,0,418,419,2036,BASE,0.3835616438356164383561643836,0.2876712328767123287671232877,0.07336105979829661522787059083,0.05281996305477356296406682540
26.58500600446045633899468346,0,0.000,26.58500600446045633899468346,0.3835616438356164383561643836,0.2876712328767123287671232877,26.20144436062483990063851908,0E-28,0E-28,0,0,0,419,420,2036,BASE,0.3835616438356164383561643836,0.2876712328767123287671232877,0.07231020597956889895840164732,0.05206334830528960725004918607
26.20144436062483990063851908,0,0.000,26.20144436062483990063851908,0.3835616438356164383561643836,0.2876712328767123287671232877,25.81788271678922346228235470,0E-28,0E-28,0,0,0,420,421,2036,BASE,0.3835616438356164383561643836,0.2876712328767123287671232877,0.07125935216084118268893270382,0.05130673355580565153603154675
25.81788271678922346228235470,0,0.000,25.81788271678922346228235470,0.3835616438356164383561643836,0.2876712328767123287671232877,25.43432107295360702392619032,0E-28,0E-28,0,0,0,421,422,2036,BASE,0.3835616438356164383561643836,0.2876712328767123287671232877,0.07020849834211346641946376031,0.05055011880632169582201390742
25.43432107295360702392619032,0,0.000,25.43432107295360702392619032,0.3835616438356164383561643836,0.2876712328767123287671232877,25.05075942911799058557002594,0E-28,0E-28,0,0,0,422,423,2036,BASE,0.3835616438356164383561643836,0.2876712328767123287671232877,0.06915764452338575014999481680,0.04979350405683774010799626810
25.05075942911799058557002594,0,0.000,25.05075942911799058557002594,0.3835616438356164383561643836,0.2876712328767123287671232877,24.66719778528237414721386156,0E-28,0E-28,0,0,0,423,424,2036,BASE,0.3835616438356164383561643836,0.2876712328767123287671232877,0.06810679070465803388052587329,0.04903688930735378439397862877
24.66719778528237414721386156,0,0.000,24.66719778528237414721386156,0.3835616438356164383561643836,0.2876712328767123287671232877,24.28363614144675770885769718,0E-28,0E-28,0,0,0,424,425,2036,BASE,0.3835616438356164383561643836,0.2876712328767123287671232877,0.06705593688593031761105692979,0.04828027455786982867996098945
24.28363614144675770885769718,0,0.000,24.28363614144675770885769718,0.3196347031963470319634703196,0.2397260273972602739726027397,23.96400143825041067689422686,0E-28,0E-28,0,0,0,425,2555/6,2036,BASE,0.3196347031963470319634703196,0.2397260273972602739726027397,0.05507721184896937030336977630,0.03965559253125794661842623894
23.96400143825041067689422686,12.71394562379411398369512852,0.5721275530707351292662807834,36.10581950897378953132307460,0.06392694063926940639269406394,0.04794520547945205479452054795,36.04189256833452012493038054,0E-29,0E-29,12.71394562379411398369512852,0E-26,0,2555/6,426,2036,BASE,0.06392694063926940639269406394,0.04794520547945205479452054795,0.01647208038294710266124508109,0.01185989787572191391609645838
36.04189256833452012493038054,0,0.000,36.04189256833452012493038054,0.3835616438356164383561643836,0.2876712328767123287671232877,35.65833092449890368657421616,0E-28,0E-28,0,0,0,426,427,2036,BASE,0.3835616438356164383561643836,0.2876712328767123287671232877,0.09821948423675811481028026946,0.07071802865046584266340179401
35.65833092449890368657421616,0,0.000,35.65833092449890368657421616,0.3835616438356164383561643836,0.2876712328767123287671232877,35.27476928066328724821805178,0E-28,0E-28,0,0,0,427,428,2036,BASE,0.3835616438356164383561643836,0.2876712328767123287671232877,0.09716863041803039854081132595,0.06996141390098188694938415468
35.27476928066328724821805178,0,0.000,35.27476928066328724821805178,0.3835616438356164383561643836,0.2876712328767123287671232877,34.89120763682767080986188740,0E-28,0E-28,0,0,0,428,429,2036,BASE,0.3835616438356164383561643836,0.2876712328767123287671232877,0.09611777659930268227134238245,0.06920479915149793123536651536
34.89120763682767080986188740,0,0.000,34.89120763682767080986188740,0.3835616438356164383561643836,0.2876712328767123287671232877,34.50764599299205437150572302,0E-28,0E-28,0,0,0,429,430,2036,BASE,0.3835616438356164383561643836,0.2876712328767123287671232877,0.09506692278057496600187343894,0.06844818440201397552134887604
34.50764599299205437150572302,0,0.000,34.50764599299205437150572302,0.3835616438356164383561643836,0.2876712328767123287671232877,34.12408434915643793314955864,0E-28,0E-28,0,0,0,430,431,2036,BASE,0.3835616438356164383561643836,0.2876712328767123287671232877,0.09401606896184724973240449543,0.06769156965253001980733123671
34.12408434915643793314955864,0,0.000,34.12408434915643793314955864,0.3835616438356164383561643836,0.2876712328767123287671232877,33.74052270532082149479339426,0E-28,0E-28,0,0,0,431,432,2036,BASE,0.3835616438356164383561643836,0.2876712328767123287671232877,0.09296521514311953346293555193,0.06693495490304606409331359739
33.74052270532082149479339426,0,0.000,33.74052270532082149479339426,0.3835616438356164383561643836,0.2876712328767123287671232877,33.35696106148520505643722988,0E-28,0E-28,0,0,0,432,433,2036,BASE,0.3835616438356164383561643836,0.2876712328767123287671232877,0.09191436132439181719346660842,0.06617834015356210837929595806
33.35696106148520505643722988,0,0.000,33.35696106148520505643722988,0.3835616438356164383561643836,0.2876712328767123287671232877,32.97339941764958861808106550,0E-28,0E-28,0,0,0,433,434,2036,BASE,0.3835616438356164383561643836,0.2876712328767123287671232877,0.09086350750566410092399766491,0.06542172540407815266527831874
32.97339941764958861808106550,0,0.000,32.97339941764958861808106550,0.3835616438356164383561643836,0.2876712328767123287671232877,32.58983777381397217972490112,0E-28,0E-28,0,0,0,434,435,2036,BASE,0.3835616438356164383561643836,0.2876712328767123287671232877,0.08981265368693638465452872141,0.06466511065459419695126067942
32.58983777381397217972490112,0,0.000,32.58983777381397217972490112,0.3835616438356164383561643836,0.2876712328767123287671232877,32.20627612997835574136873674,0E-28,0E-28,0,0,0,435,436,2036,BASE,0.3835616438356164383561643836,0.2876712328767123287671232877,0.08876179986820866838505977790,0.06390849590511024123724304009
32.20627612997835574136873674,0,0.000,32.20627612997835574136873674,0.3835616438356164383561643836,0.2876712328767123287671232877,31.82271448614273930301257236,0E-28,0E-28,0,0,0,436,437,2036,BASE,0.3835616438356164383561643836,0.2876712328767123287671232877,0.08771094604948095211559083439,0.06315188115562628552322540076
31.82271448614273930301257236,0,0.000,31.82271448614273930301257236,0.3835616438356164383561643836,0.2876712328767123287671232877,31.43915284230712286465640798,0E-28,0E-28,0,0,0,437,438,2036,BASE,0.3835616438356164383561643836,0.2876712328767123287671232877,0.08666009223075323584612189089,0.06239526640614232980920776144
31.43915284230712286465640798,0,0.000,31.43915284230712286465640798,0.3835616438356164383561643836,0.2876712328767123287671232877,31.05559119847150642630024360,0E-28,0E-28,0,0,0,438,439,2036,BASE,0.3835616438356164383561643836,0.2876712328767123287671232877,0.08560923841202551957665294738,0.06163865165665837409519012211
31.05559119847150642630024360,0,0.000,31.05559119847150642630024360,0.3835616438356164383561643836,0.2876712328767123287671232877,30.67202955463588998794407922,0E-28,0E-28,0,0,0,439,440,2036,BASE,0.3835616438356164383561643836,0.2876712328767123287671232877,0.08455838459329780330718400387,0.06088203690717441838117248279
30.67202955463588998794407922,0,0.000,30.67202955463588998794407922,0.3835616438356164383561643836,0.2876712328767123287671232877,30.28846791080027354958791484,0E-28,0E-28,0,0,0,440,441,2036,BASE,0.3835616438356164383561643836,0.2876712328767123287671232877,0.08350753077457008703771506036,0.06012542215769046266715484346
30.28846791080027354958791484,0,0.000,30.28846791080027354958791484,0.3835616438356164383561643836,0.2876712328767123287671232877,29.90490626696465711123175046,0E-28,0E-28,0,0,0,441,442,2036,BASE,0.3835616438356164383561643836,0.2876712328767123287671232877,0.08245667695584237076824611686,0.05936880740820650695313720414
29.90490626696465711123175046,0,0.000,29.90490626696465711123175046,0.3835616438356164383561643836,0.2876712328767123287671232877,29.52134462312904067287558608,0E-28,0E-28,0,0,0,442,443,2036,BASE,0.3835616438356164383561643836,0.2876712328767123287671232877,0.08140582313711465449877717335,0.05861219265872255123911956481
29.52134462312904067287558608,0,0.000,29.52134462312904067287558608,0.3835616438356164383561643836,0.2876712328767123287671232877,29.13778297929342423451942170,0E-28,0E-28,0,0,0,443,444,2036,BASE,0.3835616438356164383561643836,0.2876712328767123287671232877,0.08035496931838693822930822984,0.05785557790923859552510192548
29.13778297929342423451942170,0,0.000,29.13778297929342423451942170,0.3835616438356164383561643836,0.2876712328767123287671232877,28.75422133545780779616325732,0E-28,0E-28,0,0,0,444,445,2036,BASE,0.3835616438356164383561643836,0.2876712328767123287671232877,0.07930411549965922195983928634,0.05709896315975463981108428616
28.75422133545780779616325732,0,0.000,28.75422133545780779616325732,0.3835616438356164383561643836,0.2876712328767123287671232877,28.37065969162219135780709294,0E-28,0E-28,0,0,0,445,446,2036,BASE,0.3835616438356164383561643836,0.2876712328767123287671232877,0.07825326168093150569037034283,0.05634234841027068409706664684
28.37065969162219135780709294,0,0.000,28.37065969162219135780709294,0.3835616438356164383561643836,0.2876712328767123287671232877,27.98709804778657491945092856,0E-28,0E-28,0,0,0,446,447,2036,BASE,0.3835616438356164383561643836,0.2876712328767123287671232877,0.07720240786220378942090139932,0.05558573366078672838304900751
27.98709804778657491945092856,0,0.000,27.98709804778657491945092856,0.3835616438356164383561643836,0.2876712328767123287671232877,27.60353640395095848109476418,0E-28,0E-28,0,0,0,447,448,2036,BASE,0.3835616438356164383561643836,0.2876712328767123287671232877,0.07615155404347607315143245582,0.05482911891130277266903136819
27.60353640395095848109476418,0,0.000,27.60353640395095848109476418,0.3835616438356164383561643836,0.2876712328767123287671232877,27.21997476011534204273859980,0E-28,0E-28,0,0,0,448,449,2036,BASE,0.3835616438356164383561643836,0.2876712328767123287671232877,0.07510070022474835688196351231,0.05407250416181881695501372886
27.21997476011534204273859980,0,0.000,27.21997476011534204273859980,0.3835616438356164383561643836,0.2876712328767123287671232877,26.83641311627972560438243542,0E-28,0E-28,0,0,0,449,450,2036,BASE,0.3835616438356164383561643836,0.2876712328767123287671232877,0.07404984640602064061249456880,0.05331588941233486124099608954
26.83641311627972560438243542,0,0.000,26.83641311627972560438243542,0.3835616438356164383561643836,0.2876712328767123287671232877,26.45285147244410916602627104,0E-28,0E-28,0,0,0,450,451,2036,BASE,0.3835616438356164383561643836,0.2876712328767123287671232877,0.07299899258729292434302562529,0.05255927466285090552697845021
26.45285147244410916602627104,0,0.000,26.45285147244410916602627104,0.3835616438356164383561643836,0.2876712328767123287671232877,26.06928982860849272767010666,0E-28,0E-28,0,0,0,451,452,2036,BASE,0.3835616438356164383561643836,0.2876712328767123287671232877,0.07194813876856520807355668179,0.05180265991336694981296081089
26.06928982860849272767010666,0,0.000,26.06928982860849272767010666,0.3835616438356164383561643836,0.2876712328767123287671232877,25.68572818477287628931394228,0E-28,0E-28,0,0,0,452,453,2036,BASE,0.3835616438356164383561643836,0.2876712328767123287671232877,0.07089728494983749180408773828,0.05104604516388299409894317156
25.68572818477287628931394228,0,0.000,25.68572818477287628931394228,0.3835616438356164383561643836,0.2876712328767123287671232877,25.30216654093725985095777790,0E-28,0E-28,0,0,0,453,454,2036,BASE,0.3835616438356164383561643836,0.2876712328767123287671232877,0.06984643113110977553461879477,0.05028943041439903838492553223
25.30216654093725985095777790,0,0.000,25.30216654093725985095777790,0.3835616438356164383561643836,0.2876712328767123287671232877,24.91860489710164341260161352,0E-28,0E-28,0,0,0,454,455,2036,BASE,0.3835616438356164383561643836,0.2876712328767123287671232877,0.06879557731238205926514985127,0.04953281566491508267090789291
24.91860489710164341260161352,0,0.000,24.91860489710164341260161352,0.3835616438356164383561643836,0.2876712328767123287671232877,24.53504325326602697424544914,0E-28,0E-28,0,0,0,455,456,2036,BASE,0.3835616438356164383561643836,0.2876712328767123287671232877,0.06774472349365434299568090776,0.04877620091543112695689025359
24.53504325326602697424544914,0,0.000,24.53504325326602697424544914,0.09589041095890410958904109589,0.07191780821917808219178082191,24.43915284230712286465640804,0E-29,0E-29,0,0,0,456,1825/4,2036,BASE,0.09589041095890410958904109589,0.07191780821917808219178082191,0.01677198496423738008181570451,0.01207582917425091365890730725
24.43915284230712286465640804,12.71394562379411398369512852,0.5721275530707351292662807834,36.58097091303050171908525578,0.2876712328767123287671232877,0.2157534246575342465753424658,36.29329968015378939031813249,0E-28,0E-28,12.71394562379411398369512852,0E-26,0,1825/4,457,2036,BASE,0.2876712328767123287671232877,0.2157534246575342465753424658,0.07487082595190166894801717975,0.05390699468536920164257236942
36.29329968015378939031813249,0,0.000,36.29329968015378939031813249,0.3835616438356164383561643836,0.2876712328767123287671232877,35.90973803631817295196196811,0E-28,0E-28,0,0,0,457,458,2036,BASE,0.3835616438356164383561643836,0.2876712328767123287671232877,0.09890827084448214019490424741,0.07121395500802714094033105814
35.90973803631817295196196811,0,0.000,35.90973803631817295196196811,0.3835616438356164383561643836,0.2876712328767123287671232877,35.52617639248255651360580373,0E-28,0E-28,0,0,0,458,459,2036,BASE,0.3835616438356164383561643836,0.2876712328767123287671232877,0.09785741702575442392543530390,0.07045734025854318522631341881
35.52617639248255651360580373,0,0.000,35.52617639248255651360580373,0.3835616438356164383561643836,0.2876712328767123287671232877,35.14261474864694007524963935,0E-28,0E-28,0,0,0,459,460,2036,BASE,0.3835616438356164383561643836,0.2876712328767123287671232877,0.09680656320702670765596636039,0.06970072550905922951229577948
35.14261474864694007524963935,0,0.000,35.14261474864694007524963935,0.3835616438356164383561643836,0.2876712328767123287671232877,34.75905310481132363689347497,0E-28,0E-28,0,0,0,460,461,2036,BASE,0.3835616438356164383561643836,0.2876712328767123287671232877,0.09575570938829899138649741689,0.06894411075957527379827814016
34.75905310481132363689347497,0,0.000,34.75905310481132363689347497,0.3835616438356164383561643836,0.2876712328767123287671232877,34.37549146097570719853731059,0E-28,0E-28,0,0,0,461,462,2036,BASE,0.3835616438356164383561643836,0.2876712328767123287671232877,0.09470485556957127511702847338,0.06818749601009131808426050083
34.37549146097570719853731059,0,0.000,34.37549146097570719853731059,0.3835616438356164383561643836,0.2876712328767123287671232877,33.99192981714009076018114621,0E-28,0E-28,0,0,0,462,463,2036,BASE,0.3835616438356164383561643836,0.2876712328767123287671232877,0.09365400175084355884755952987,0.06743088126060736237024286151
33.99192981714009076018114621,0,0.000,33.99192981714009076018114621,0.3835616438356164383561643836,0.2876712328767123287671232877,33.60836817330447432182498183,0E-28,0E-28,0,0,0,463,464,2036,BASE,0.3835616438356164383561643836,0.2876712328767123287671232877,0.09260314793211584257809058637,0.06667426651112340665622522219
33.60836817330447432182498183,0,0.000,33.60836817330447432182498183,0.3835616438356164383561643836,0.2876712328767123287671232877,33.22480652946885788346881745,0E-28,0E-28,0,0,0,464,465,2036,BASE,0.3835616438356164383561643836,0.2876712328767123287671232877,0.09155229411338812630862164286,0.06591765176163945094220758286
33.22480652946885788346881745,0,0.000,33.22480652946885788346881745,0.3835616438356164383561643836,0.2876712328767123287671232877,32.84124488563324144511265307,0E-28,0E-28,0,0,0,465,466,2036,BASE,0.3835616438356164383561643836,0.2876712328767123287671232877,0.09050144029466041003915269935,0.06516103701215549522818994353
32.84124488563324144511265307,0,0.000,32.84124488563324144511265307,0.3835616438356164383561643836,0.2876712328767123287671232877,32.45768324179762500675648869,0E-28,0E-28,0,0,0,466,467,2036,BASE,0.3835616438356164383561643836,0.2876712328767123287671232877,0.08945058647593269376968375584,0.06440442226267153951417230420
32.45768324179762500675648869,0,0.000,32.45768324179762500675648869,0.3835616438356164383561643836,0.2876712328767123287671232877,32.07412159796200856840032431,0E-28,0E-28,0,0,0,467,468,2036,BASE,0.3835616438356164383561643836,0.2876712328767123287671232877,0.08839973265720497750021481234,0.06364780751318758380015466488
32.07412159796200856840032431,0,0.000,32.07412159796200856840032431,0.3835616438356164383561643836,0.2876712328767123287671232877,31.69055995412639213004415993,0E-28,0E-28,0,0,0,468,469,2036,BASE,0.3835616438356164383561643836,0.2876712328767123287671232877,0.08734887883847726123074586883,0.06289119276370362808613702556
31.69055995412639213004415993,0,0.000,31.69055995412639213004415993,0.3835616438356164383561643836,0.2876712328767123287671232877,31.30699831029077569168799555,0E-28,0E-28,0,0,0,469,470,2036,BASE,0.3835616438356164383561643836,0.2876712328767123287671232877,0.08629802501974954496127692532,0.06213457801421967237211938623
31.30699831029077569168799555,0,0.000,31.30699831029077569168799555,0.3835616438356164383561643836,0.2876712328767123287671232877,30.92343666645515925333183117,0E-28,0E-28,0,0,0,470,471,2036,BASE,0.3835616438356164383561643836,0.2876712328767123287671232877,0.08524717120102182869180798182,0.06137796326473571665810174691
30.92343666645515925333183117,0,0.000,30.92343666645515925333183117,0.3835616438356164383561643836,0.2876712328767123287671232877,30.53987502261954281497566679,0E-28,0E-28,0,0,0,471,472,2036,BASE,0.3835616438356164383561643836,0.2876712328767123287671232877,0.08419631738229411242233903831,0.06062134851525176094408410758
30.53987502261954281497566679,0,0.000,30.53987502261954281497566679,0.3835616438356164383561643836,0.2876712328767123287671232877,30.15631337878392637661950241,0E-28,0E-28,0,0,0,472,473,2036,BASE,0.3835616438356164383561643836,0.2876712328767123287671232877,0.08314546356356639615287009480,0.05986473376576780523006646826
30.15631337878392637661950241,0,0.000,30.15631337878392637661950241,0.3835616438356164383561643836,0.2876712328767123287671232877,29.77275173494830993826333803,0E-28,0E-28,0,0,0,473,474,2036,BASE,0.3835616438356164383561643836,0.2876712328767123287671232877,0.08209460974483867988340115130,0.05910811901628384951604882894
29.77275173494830993826333803,0,0.000,29.77275173494830993826333803,0.3835616438356164383561643836,0.2876712328767123287671232877,29.38919009111269349990717365,0E-28,0E-28,0,0,0,474,475,2036,BASE,0.3835616438356164383561643836,0.2876712328767123287671232877,0.08104375592611096361393220779,0.05835150426679989380203118961
29.38919009111269349990717365,0,0.000,29.38919009111269349990717365,0.3835616438356164383561643836,0.2876712328767123287671232877,29.00562844727707706155100927,0E-28,0E-28,0,0,0,475,476,2036,BASE,0.3835616438356164383561643836,0.2876712328767123287671232877,0.07999290210738324734446326428,0.05759488951731593808801355028
29.00562844727707706155100927,0,0.000,29.00562844727707706155100927,0.3835616438356164383561643836,0.2876712328767123287671232877,28.62206680344146062319484489,0E-28,0E-28,0,0,0,476,477,2036,BASE,0.3835616438356164383561643836,0.2876712328767123287671232877,0.07894204828865553107499432078,0.05683827476783198237399591096
28.62206680344146062319484489,0,0.000,28.62206680344146062319484489,0.3835616438356164383561643836,0.2876712328767123287671232877,28.23850515960584418483868051,0E-28,0E-28,0,0,0,477,478,2036,BASE,0.3835616438356164383561643836,0.2876712328767123287671232877,0.07789119446992781480552537727,0.05608166001834802665997827163
28.23850515960584418483868051,0,0.000,28.23850515960584418483868051,0.3835616438356164383561643836,0.2876712328767123287671232877,27.85494351577022774648251613,0E-28,0E-28,0,0,0,478,479,2036,BASE,0.3835616438356164383561643836,0.2876712328767123287671232877,0.07684034065120009853605643376,0.05532504526886407094596063231
27.85494351577022774648251613,0,0.000,27.85494351577022774648251613,0.3835616438356164383561643836,0.2876712328767123287671232877,27.47138187193461130812635175,0E-28,0E-28,0,0,0,479,480,2036,BASE,0.3835616438356164383561643836,0.2876712328767123287671232877,0.07578948683247238226658749025,0.05456843051938011523194299298
27.47138187193461130812635175,0,0.000,27.47138187193461130812635175,0.3835616438356164383561643836,0.2876712328767123287671232877,27.08782022809899486977018737,0E-28,0E-28,0,0,0,480,481,2036,BASE,0.3835616438356164383561643836,0.2876712328767123287671232877,0.07473863301374466599711854675,0.05381181576989615951792535366
27.08782022809899486977018737,0,0.000,27.08782022809899486977018737,0.3835616438356164383561643836,0.2876712328767123287671232877,26.70425858426337843141402299,0E-28,0E-28,0,0,0,481,482,2036,BASE,0.3835616438356164383561643836,0.2876712328767123287671232877,0.07368777919501694972764960324,0.05305520102041220380390771433
26.70425858426337843141402299,0,0.000,26.70425858426337843141402299,0.3835616438356164383561643836,0.2876712328767123287671232877,26.32069694042776199305785861,0E-28,0E-28,0,0,0,482,483,2036,BASE,0.3835616438356164383561643836,0.2876712328767123287671232877,0.07263692537628923345818065973,0.05229858627092824808989007501
26.32069694042776199305785861,0,0.000,26.32069694042776199305785861,0.3835616438356164383561643836,0.2876712328767123287671232877,25.93713529659214555470169423,0E-28,0E-28,0,0,0,483,484,2036,BASE,0.3835616438356164383561643836,0.2876712328767123287671232877,0.07158607155756151718871171623,0.05154197152144429237587243569
25.93713529659214555470169423,0,0.000,25.93713529659214555470169423,0.3835616438356164383561643836,0.2876712328767123287671232877,25.55357365275652911634552985,0E-28,0E-28,0,0,0,484,485,2036,BASE,0.3835616438356164383561643836,0.2876712328767123287671232877,0.07053521773883380091924277272,0.05078535677196033666185479636
25.55357365275652911634552985,0,0.000,25.55357365275652911634552985,0.3835616438356164383561643836,0.2876712328767123287671232877,25.17001200892091267798936547,0E-28,0E-28,0,0,0,485,486,2036,BASE,0.3835616438356164383561643836,0.2876712328767123287671232877,0.06948436392010608464977382921,0.05002874202247638094783715703
25.17001200892091267798936547,0,0.000,25.17001200892091267798936547,0.2557077625570776255707762558,0.1917808219178082191780821918,24.91430424636383505241858921,0E-28,0E-28,0,0,0,486,1460/3,2036,BASE,0.2557077625570776255707762558,0.1917808219178082191780821918,0.04573910160299976961681091753,0.03293215315415983412410386062
24.91430424636383505241858921,12.71394562379411398369512852,0.5721275530707351292662807834,37.05612231708721390684743695,0.1278538812785388127853881278,0.09589041095890410958904109589,36.92826843580867509406204882,0E-28,0E-29,12.71394562379411398369512852,0E-26,0,1460/3,487,2036,BASE,0.1278538812785388127853881278,0.09589041095890410958904109589,0.03378282682780634200954771039,0.02432363531602056624687435148
36.92826843580867509406204882,0,0.000,36.92826843580867509406204882,0.3835616438356164383561643836,0.2876712328767123287671232877,36.54470679197305865570588444,0E-28,0E-28,0,0,0,487,488,2036,BASE,0.3835616438356164383561643836,0.2876712328767123287671232877,0.1006479112709338818489971689,0.07246649611507239493127796161
36.54470679197305865570588444,0,0.000,36.54470679197305865570588444,0.3835616438356164383561643836,0.2876712328767123287671232877,36.16114514813744221734972006,0E-28,0E-28,0,0,0,488,489,2036,BASE,0.3835616438356164383561643836,0.2876712328767123287671232877,0.09959705745220616557952822535,0.07170988136558843921726032225
36.16114514813744221734972006,0,0.000,36.16114514813744221734972006,0.3835616438356164383561643836,0.2876712328767123287671232877,35.77758350430182577899355568,0E-28,0E-28,0,0,0,489,490,2036,BASE,0.3835616438356164383561643836,0.2876712328767123287671232877,0.09854620363347844931005928185,0.07095326661610448350324268293
35.77758350430182577899355568,0,0.000,35.77758350430182577899355568,0.3835616438356164383561643836,0.2876712328767123287671232877,35.39402186046620934063739130,0E-28,0E-28,0,0,0,490,491,2036,BASE,0.3835616438356164383561643836,0.2876712328767123287671232877,0.09749534981475073304059033834,0.07019665186662052778922504360
35.39402186046620934063739130,0,0.000,35.39402186046620934063739130,0.3835616438356164383561643836,0.2876712328767123287671232877,35.01046021663059290228122692,0E-28,0E-28,0,0,0,491,492,2036,BASE,0.3835616438356164383561643836,0.2876712328767123287671232877,0.09644449599602301677112139483,0.06944003711713657207520740428
35.01046021663059290228122692,0,0.000,35.01046021663059290228122692,0.3835616438356164383561643836,0.2876712328767123287671232877,34.62689857279497646392506254,0E-28,0E-28,0,0,0,492,493,2036,BASE,0.3835616438356164383561643836,0.2876712328767123287671232877,0.09539364217729530050165245132,0.06868342236765261636118976495
34.62689857279497646392506254,0,0.000,34.62689857279497646392506254,0.3835616438356164383561643836,0.2876712328767123287671232877,34.24333692895936002556889816,0E-28,0E-28,0,0,0,493,494,2036,BASE,0.3835616438356164383561643836,0.2876712328767123287671232877,0.09434278835856758423218350782,0.06792680761816866064717212563
34.24333692895936002556889816,0,0.000,34.24333692895936002556889816,0.3835616438356164383561643836,0.2876712328767123287671232877,33.85977528512374358721273378,0E-28,0E-28,0,0,0,494,495,2036,BASE,0.3835616438356164383561643836,0.2876712328767123287671232877,0.09329193453983986796271456431,0.06717019286868470493315448630
33.85977528512374358721273378,0,0.000,33.85977528512374358721273378,0.3835616438356164383561643836,0.2876712328767123287671232877,33.47621364128812714885656940,0E-28,0E-28,0,0,0,495,496,2036,BASE,0.3835616438356164383561643836,0.2876712328767123287671232877,0.09224108072111215169324562080,0.06641357811920074921913684698
33.47621364128812714885656940,0,0.000,33.47621364128812714885656940,0.3835616438356164383561643836,0.2876712328767123287671232877,33.09265199745251071050040502,0E-28,0E-28,0,0,0,496,497,2036,BASE,0.3835616438356164383561643836,0.2876712328767123287671232877,0.09119022690238443542377667730,0.06565696336971679350511920766
33.09265199745251071050040502,0,0.000,33.09265199745251071050040502,0.3835616438356164383561643836,0.2876712328767123287671232877,32.70909035361689427214424064,0E-28,0E-28,0,0,0,497,498,2036,BASE,0.3835616438356164383561643836,0.2876712328767123287671232877,0.09013937308365671915430773379,0.06490034862023283779110156833
32.70909035361689427214424064,0,0.000,32.70909035361689427214424064,0.3835616438356164383561643836,0.2876712328767123287671232877,32.32552870978127783378807626,0E-28,0E-28,0,0,0,498,499,2036,BASE,0.3835616438356164383561643836,0.2876712328767123287671232877,0.08908851926492900288483879028,0.06414373387074888207708392900
32.32552870978127783378807626,0,0.000,32.32552870978127783378807626,0.3835616438356164383561643836,0.2876712328767123287671232877,31.94196706594566139543191188,0E-28,0E-28,0,0,0,499,500,2036,BASE,0.3835616438356164383561643836,0.2876712328767123287671232877,0.08803766544620128661536984678,0.06338711912126492636306628968
31.94196706594566139543191188,0,0.000,31.94196706594566139543191188,0.3835616438356164383561643836,0.2876712328767123287671232877,31.55840542211004495707574750,0E-28,0E-28,0,0,0,500,501,2036,BASE,0.3835616438356164383561643836,0.2876712328767123287671232877,0.08698681162747357034590090327,0.06263050437178097064904865035
31.55840542211004495707574750,0,0.000,31.55840542211004495707574750,0.3835616438356164383561643836,0.2876712328767123287671232877,31.17484377827442851871958312,0E-28,0E-28,0,0,0,501,502,2036,BASE,0.3835616438356164383561643836,0.2876712328767123287671232877,0.08593595780874585407643195976,0.06187388962229701493503101103
31.17484377827442851871958312,0,0.000,31.17484377827442851871958312,0.3835616438356164383561643836,0.2876712328767123287671232877,30.79128213443881208036341874,0E-28,0E-28,0,0,0,502,503,2036,BASE,0.3835616438356164383561643836,0.2876712328767123287671232877,0.08488510399001813780696301626,0.06111727487281305922101337171
30.79128213443881208036341874,0,0.000,30.79128213443881208036341874,0.3835616438356164383561643836,0.2876712328767123287671232877,30.40772049060319564200725436,0E-28,0E-28,0,0,0,503,504,2036,BASE,0.3835616438356164383561643836,0.2876712328767123287671232877,0.08383425017129042153749407275,0.06036066012332910350699573238
30.40772049060319564200725436,0,0.000,30.40772049060319564200725436,0.3835616438356164383561643836,0.2876712328767123287671232877,30.02415884676757920365108998,0E-28,0E-28,0,0,0,504,505,2036,BASE,0.3835616438356164383561643836,0.2876712328767123287671232877,0.08278339635256270526802512924,0.05960404537384514779297809305
30.02415884676757920365108998,0,0.000,30.02415884676757920365108998,0.3835616438356164383561643836,0.2876712328767123287671232877,29.64059720293196276529492560,0E-28,0E-28,0,0,0,505,506,2036,BASE,0.3835616438356164383561643836,0.2876712328767123287671232877,0.08173254253383498899855618573,0.05884743062436119207896045373
29.64059720293196276529492560,0,0.000,29.64059720293196276529492560,0.3835616438356164383561643836,0.2876712328767123287671232877,29.25703555909634632693876122,0E-28,0E-28,0,0,0,506,507,2036,BASE,0.3835616438356164383561643836,0.2876712328767123287671232877,0.08068168871510727272908724223,0.05809081587487723636494281441
29.25703555909634632693876122,0,0.000,29.25703555909634632693876122,0.3835616438356164383561643836,0.2876712328767123287671232877,28.87347391526072988858259684,0E-28,0E-28,0,0,0,507,508,2036,BASE,0.3835616438356164383561643836,0.2876712328767123287671232877,0.07963083489637955645961829872,0.05733420112539328065092517508
28.87347391526072988858259684,0,0.000,28.87347391526072988858259684,0.3835616438356164383561643836,0.2876712328767123287671232877,28.48991227142511345022643246,0E-28,0E-28,0,0,0,508,509,2036,BASE,0.3835616438356164383561643836,0.2876712328767123287671232877,0.07857998107765184019014935521,0.05657758637590932493690753575
28.48991227142511345022643246,0,0.000,28.48991227142511345022643246,0.3835616438356164383561643836,0.2876712328767123287671232877,28.10635062758949701187026808,0E-28,0E-28,0,0,0,509,510,2036,BASE,0.3835616438356164383561643836,0.2876712328767123287671232877,0.07752912725892412392068041171,0.05582097162642536922288989643
28.10635062758949701187026808,0,0.000,28.10635062758949701187026808,0.3835616438356164383561643836,0.2876712328767123287671232877,27.72278898375388057351410370,0E-28,0E-28,0,0,0,510,511,2036,BASE,0.3835616438356164383561643836,0.2876712328767123287671232877,0.07647827344019640765121146820,0.05506435687694141350887225710
27.72278898375388057351410370,0,0.000,27.72278898375388057351410370,0.3835616438356164383561643836,0.2876712328767123287671232877,27.33922733991826413515793932,0E-28,0E-28,0,0,0,511,512,2036,BASE,0.3835616438356164383561643836,0.2876712328767123287671232877,0.07542741962146869138174252469,0.05430774212745745779485461778
27.33922733991826413515793932,0,0.000,27.33922733991826413515793932,0.3835616438356164383561643836,0.2876712328767123287671232877,26.95566569608264769680177494,0E-28,0E-28,0,0,0,512,513,2036,BASE,0.3835616438356164383561643836,0.2876712328767123287671232877,0.07437656580274097511227358119,0.05355112737797350208083697846
26.95566569608264769680177494,0,0.000,26.95566569608264769680177494,0.3835616438356164383561643836,0.2876712328767123287671232877,26.57210405224703125844561056,0E-28,0E-28,0,0,0,513,514,2036,BASE,0.3835616438356164383561643836,0.2876712328767123287671232877,0.07332571198401325884280463768,0.05279451262848954636681933913
26.57210405224703125844561056,0,0.000,26.57210405224703125844561056,0.3835616438356164383561643836,0.2876712328767123287671232877,26.18854240841141482008944618,0E-28,0E-28,0,0,0,514,515,2036,BASE,0.3835616438356164383561643836,0.2876712328767123287671232877,0.07227485816528554257333569417,0.05203789787900559065280169980
26.18854240841141482008944618,0,0.000,26.18854240841141482008944618,0.3835616438356164383561643836,0.2876712328767123287671232877,25.80498076457579838173328180,0E-28,0E-28,0,0,0,515,516,2036,BASE,0.3835616438356164383561643836,0.2876712328767123287671232877,0.07122400434655782630386675066,0.05128128312952163493878406048
25.80498076457579838173328180,0,0.000,25.80498076457579838173328180,0.3835616438356164383561643836,0.2876712328767123287671232877,25.42141912074018194337711742,0E-28,0E-28,0,0,0,516,517,2036,BASE,0.3835616438356164383561643836,0.2876712328767123287671232877,0.07017315052783011003439780716,0.05052466838003767922476642116
25.42141912074018194337711742,0,0.000,25.42141912074018194337711742,0.03196347031963470319634703196,0.02397260273972602739726027397,25.38945565042054724018077039,0E-29,0E-29,0,0,0,517,6205/12,2036,BASE,0.03196347031963470319634703196,0.02397260273972602739726027397,0.005800328170223827532369621895,0.004176236282561155823306127764
25.38945565042054724018077039,12.71394562379411398369512852,0.5721275530707351292662807834,37.53127372114392609460961813,0.3515981735159817351598173517,0.2636986301369863013698630138,37.17967554762794435944980078,0E-28,0E-28,12.71394562379411398369512852,0E-26,0,6205/12,518,2036,BASE,0.3515981735159817351598173517,0.2636986301369863013698630138,0.09381511894480486015920703291,0.06754688564025949931462906370
37.17967554762794435944980078,0,0.000,37.17967554762794435944980078,0.3835616438356164383561643836,0.2876712328767123287671232877,36.79611390379232792109363640,0E-28,0E-28,0,0,0,518,519,2036,BASE,0.3835616438356164383561643836,0.2876712328767123287671232877,0.1013366978786579072336211468,0.07296242247263369320820722570
36.79611390379232792109363640,0,0.000,36.79611390379232792109363640,0.3835616438356164383561643836,0.2876712328767123287671232877,36.41255225995671148273747202,0E-28,0E-28,0,0,0,519,520,2036,BASE,0.3835616438356164383561643836,0.2876712328767123287671232877,0.1002858440599301909641522033,0.07220580772314973749418958638
36.41255225995671148273747202,0,0.000,36.41255225995671148273747202,0.3835616438356164383561643836,0.2876712328767123287671232877,36.02899061612109504438130764,0E-28,0E-28,0,0,0,520,521,2036,BASE,0.3835616438356164383561643836,0.2876712328767123287671232877,0.09923499024120247469468325982,0.07144919297366578178017194707
36.02899061612109504438130764,0,0.000,36.02899061612109504438130764,0.3835616438356164383561643836,0.2876712328767123287671232877,35.64542897228547860602514326,0E-28,0E-28,0,0,0,521,522,2036,BASE,0.3835616438356164383561643836,0.2876712328767123287671232877,0.09818413642247475842521431631,0.07069257822418182606615430774
35.64542897228547860602514326,0,0.000,35.64542897228547860602514326,0.3835616438356164383561643836,0.2876712328767123287671232877,35.26186732844986216766897888,0E-28,0E-28,0,0,0,522,523,2036,BASE,0.3835616438356164383561643836,0.2876712328767123287671232877,0.09713328260374704215574537280,0.06993596347469787035213666842
35.26186732844986216766897888,0,0.000,35.26186732844986216766897888,0.3835616438356164383561643836,0.2876712328767123287671232877,34.87830568461424572931281450,0E-28,0E-28,0,0,0,523,524,2036,BASE,0.3835616438356164383561643836,0.2876712328767123287671232877,0.09608242878501932588627642930,0.06917934872521391463811902910
34.87830568461424572931281450,0,0.000,34.87830568461424572931281450,0.3835616438356164383561643836,0.2876712328767123287671232877,34.49474404077862929095665012,0E-28,0E-28,0,0,0,524,525,2036,BASE,0.3835616438356164383561643836,0.2876712328767123287671232877,0.09503157496629160961680748579,0.06842273397572995892410138977
34.49474404077862929095665012,0,0.000,34.49474404077862929095665012,0.3835616438356164383561643836,0.2876712328767123287671232877,34.11118239694301285260048574,0E-28,0E-28,0,0,0,525,526,2036,BASE,0.3835616438356164383561643836,0.2876712328767123287671232877,0.09398072114756389334733854228,0.06766611922624600321008375044
34.11118239694301285260048574,0,0.000,34.11118239694301285260048574,0.3835616438356164383561643836,0.2876712328767123287671232877,33.72762075310739641424432136,0E-28,0E-28,0,0,0,526,527,2036,BASE,0.3835616438356164383561643836,0.2876712328767123287671232877,0.09292986732883617707786959878,0.06690950447676204749606611112
33.72762075310739641424432136,0,0.000,33.72762075310739641424432136,0.3835616438356164383561643836,0.2876712328767123287671232877,33.34405910927177997588815698,0E-28,0E-28,0,0,0,527,528,2036,BASE,0.3835616438356164383561643836,0.2876712328767123287671232877,0.09187901351010846080840065527,0.06615288972727809178204847179
33.34405910927177997588815698,0,0.000,33.34405910927177997588815698,0.3835616438356164383561643836,0.2876712328767123287671232877,32.96049746543616353753199260,0E-28,0E-28,0,0,0,528,529,2036,BASE,0.3835616438356164383561643836,0.2876712328767123287671232877,0.09082815969138074453893171176,0.06539627497779413606803083247
32.96049746543616353753199260,0,0.000,32.96049746543616353753199260,0.3835616438356164383561643836,0.2876712328767123287671232877,32.57693582160054709917582822,0E-28,0E-28,0,0,0,529,530,2036,BASE,0.3835616438356164383561643836,0.2876712328767123287671232877,0.08977730587265302826946276826,0.06463966022831018035401319315
32.57693582160054709917582822,0,0.000,32.57693582160054709917582822,0.3835616438356164383561643836,0.2876712328767123287671232877,32.19337417776493066081966384,0E-28,0E-28,0,0,0,530,531,2036,BASE,0.3835616438356164383561643836,0.2876712328767123287671232877,0.08872645205392531199999382475,0.06388304547882622463999555382
32.19337417776493066081966384,0,0.000,32.19337417776493066081966384,0.3835616438356164383561643836,0.2876712328767123287671232877,31.80981253392931422246349946,0E-28,0E-28,0,0,0,531,532,2036,BASE,0.3835616438356164383561643836,0.2876712328767123287671232877,0.08767559823519759573052488124,0.06312643072934226892597791449
31.80981253392931422246349946,0,0.000,31.80981253392931422246349946,0.3835616438356164383561643836,0.2876712328767123287671232877,31.42625089009369778410733508,0E-28,0E-28,0,0,0,532,533,2036,BASE,0.3835616438356164383561643836,0.2876712328767123287671232877,0.08662474441646987946105593773,0.06236981597985831321196027517
31.42625089009369778410733508,0,0.000,31.42625089009369778410733508,0.3835616438356164383561643836,0.2876712328767123287671232877,31.04268924625808134575117070,0E-28,0E-28,0,0,0,533,534,2036,BASE,0.3835616438356164383561643836,0.2876712328767123287671232877,0.08557389059774216319158699423,0.06161320123037435749794263585
31.04268924625808134575117070,0,0.000,31.04268924625808134575117070,0.3835616438356164383561643836,0.2876712328767123287671232877,30.65912760242246490739500632,0E-28,0E-28,0,0,0,534,535,2036,BASE,0.3835616438356164383561643836,0.2876712328767123287671232877,0.08452303677901444692211805072,0.06085658648089040178392499652
30.65912760242246490739500632,0,0.000,30.65912760242246490739500632,0.3835616438356164383561643836,0.2876712328767123287671232877,30.27556595858684846903884194,0E-28,0E-28,0,0,0,535,536,2036,BASE,0.3835616438356164383561643836,0.2876712328767123287671232877,0.08347218296028673065264910721,0.06009997173140644606990735719
30.27556595858684846903884194,0,0.000,30.27556595858684846903884194,0.3835616438356164383561643836,0.2876712328767123287671232877,29.89200431475123203068267756,0E-28,0E-28,0,0,0,536,537,2036,BASE,0.3835616438356164383561643836,0.2876712328767123287671232877,0.08242132914155901438318016371,0.05934335698192249035588971787
29.89200431475123203068267756,0,0.000,29.89200431475123203068267756,0.3835616438356164383561643836,0.2876712328767123287671232877,29.50844267091561559232651318,0E-28,0E-28,0,0,0,537,538,2036,BASE,0.3835616438356164383561643836,0.2876712328767123287671232877,0.08137047532283129811371122020,0.05858674223243853464187207854
29.50844267091561559232651318,0,0.000,29.50844267091561559232651318,0.3835616438356164383561643836,0.2876712328767123287671232877,29.12488102707999915397034880,0E-28,0E-28,0,0,0,538,539,2036,BASE,0.3835616438356164383561643836,0.2876712328767123287671232877,0.08031962150410358184424227669,0.05783012748295457892785443922
29.12488102707999915397034880,0,0.000,29.12488102707999915397034880,0.3835616438356164383561643836,0.2876712328767123287671232877,28.74131938324438271561418442,0E-28,0E-28,0,0,0,539,540,2036,BASE,0.3835616438356164383561643836,0.2876712328767123287671232877,0.07926876768537586557477333319,0.05707351273347062321383679990
28.74131938324438271561418442,0,0.000,28.74131938324438271561418442,0.3835616438356164383561643836,0.2876712328767123287671232877,28.35775773940876627725802004,0E-28,0E-28,0,0,0,540,541,2036,BASE,0.3835616438356164383561643836,0.2876712328767123287671232877,0.07821791386664814930530438968,0.05631689798398666749981916057
28.35775773940876627725802004,0,0.000,28.35775773940876627725802004,0.3835616438356164383561643836,0.2876712328767123287671232877,27.97419609557314983890185566,0E-28,0E-28,0,0,0,541,542,2036,BASE,0.3835616438356164383561643836,0.2876712328767123287671232877,0.07716706004792043303583544617,0.05556028323450271178580152124
27.97419609557314983890185566,0,0.000,27.97419609557314983890185566,0.3835616438356164383561643836,0.2876712328767123287671232877,27.59063445173753340054569128,0E-28,0E-28,0,0,0,542,543,2036,BASE,0.3835616438356164383561643836,0.2876712328767123287671232877,0.07611620622919271676636650267,0.05480366848501875607178388192
27.59063445173753340054569128,0,0.000,27.59063445173753340054569128,0.3835616438356164383561643836,0.2876712328767123287671232877,27.20707280790191696218952690,0E-28,0E-28,0,0,0,543,544,2036,BASE,0.3835616438356164383561643836,0.2876712328767123287671232877,0.07506535241046500049689755916,0.05404705373553480035776624260
27.20707280790191696218952690,0,0.000,27.20707280790191696218952690,0.3835616438356164383561643836,0.2876712328767123287671232877,26.82351116406630052383336252,0E-28,0E-28,0,0,0,544,545,2036,BASE,0.3835616438356164383561643836,0.2876712328767123287671232877,0.07401449859173728422742861565,0.05329043898605084464374860327
26.82351116406630052383336252,0,0.000,26.82351116406630052383336252,0.3835616438356164383561643836,0.2876712328767123287671232877,26.43994952023068408547719814,0E-28,0E-28,0,0,0,545,546,2036,BASE,0.3835616438356164383561643836,0.2876712328767123287671232877,0.07296364477300956795795967214,0.05253382423656688892973096394
26.43994952023068408547719814,0,0.000,26.43994952023068408547719814,0.3835616438356164383561643836,0.2876712328767123287671232877,26.05638787639506764712103376,0E-28,0E-28,0,0,0,546,547,2036,BASE,0.3835616438356164383561643836,0.2876712328767123287671232877,0.07191279095428185168849072864,0.05177720948708293321571332462
26.05638787639506764712103376,0,0.000,26.05638787639506764712103376,0.1917808219178082191780821918,0.1438356164383561643835616438,25.86460705447725942794295157,0E-28,0E-28,0,0,0,547,1095/2,2036,BASE,0.1917808219178082191780821918,0.1438356164383561643835616438,0.03556232529511803224319451050,0.02560487421248498321510004756
25.86460705447725942794295157,12.71394562379411398369512852,0.1525673474855293678043415422,38.42598533078584404383373855,0.1917808219178082191780821918,0.1438356164383561643835616438,38.23420450886803582465565636,0E-28,0E-28,12.71394562379411398369512852,0E-26,0,1095/2,548,2036,ZBO,0.1917808219178082191780821918,0.1438356164383561643835616438,0.05250697934222868484143109242,0.03780502512640465308583038654
38.23420450886803582465565636,0,0.000,38.23420450886803582465565636,0.3835616438356164383561643836,0.2876712328767123287671232877,37.85064286503241938629949198,0E-28,0E-28,0,0,0,548,549,2036,ZBO,0.3835616438356164383561643836,0.2876712328767123287671232877,0.1042258183204115824807604772,0.07504258919069633938614754358
37.85064286503241938629949198,0,0.000,37.85064286503241938629949198,0.3835616438356164383561643836,0.2876712328767123287671232877,37.46708122119680294794332760,0E-28,0E-28,0,0,0,549,550,2036,ZBO,0.3835616438356164383561643836,0.2876712328767123287671232877,0.1031749645016838662112915337,0.07428597444121238367212990426
37.46708122119680294794332760,0,0.000,37.46708122119680294794332760,0.3835616438356164383561643836,0.2876712328767123287671232877,37.08351957736118650958716322,0E-28,0E-28,0,0,0,550,551,2036,ZBO,0.3835616438356164383561643836,0.2876712328767123287671232877,0.1021241106829561499418225902,0.07352935969172842795811226494
37.08351957736118650958716322,0,0.000,37.08351957736118650958716322,0.3835616438356164383561643836,0.2876712328767123287671232877,36.69995793352557007123099884,0E-28,0E-28,0,0,0,551,552,2036,ZBO,0.3835616438356164383561643836,0.2876712328767123287671232877,0.1010732568642284336723536467,0.07277274494224447224409462562
36.69995793352557007123099884,0,0.000,36.69995793352557007123099884,0.3835616438356164383561643836,0.2876712328767123287671232877,36.31639628968995363287483446,0E-28,0E-28,0,0,0,552,553,2036,ZBO,0.3835616438356164383561643836,0.2876712328767123287671232877,0.1000224030455007174028847032,0.07201613019276051653007698630
36.31639628968995363287483446,0,0.000,36.31639628968995363287483446,0.3835616438356164383561643836,0.2876712328767123287671232877,35.93283464585433719451867008,0E-28,0E-28,0,0,0,553,554,2036,ZBO,0.3835616438356164383561643836,0.2876712328767123287671232877,0.09897154922677300113341575965,0.07125951544327656081605934695
35.93283464585433719451867008,0,0.000,35.93283464585433719451867008,0.3835616438356164383561643836,0.2876712328767123287671232877,35.54927300201872075616250570,0E-28,0E-28,0,0,0,554,555,2036,ZBO,0.3835616438356164383561643836,0.2876712328767123287671232877,0.09792069540804528486394681615,0.07050290069379260510204170763
35.54927300201872075616250570,0,0.000,35.54927300201872075616250570,0.3835616438356164383561643836,0.2876712328767123287671232877,35.16571135818310431780634132,0E-28,0E-28,0,0,0,555,556,2036,ZBO,0.3835616438356164383561643836,0.2876712328767123287671232877,0.09686984158931756859447787264,0.06974628594430864938802406830
35.16571135818310431780634132,0,0.000,35.16571135818310431780634132,0.3835616438356164383561643836,0.2876712328767123287671232877,34.78214971434748787945017694,0E-28,0E-28,0,0,0,556,557,2036,ZBO,0.3835616438356164383561643836,0.2876712328767123287671232877,0.09581898777058985232500892913,0.06898967119482469367400642897
34.78214971434748787945017694,0,0.000,34.78214971434748787945017694,0.3835616438356164383561643836,0.2876712328767123287671232877,34.39858807051187144109401256,0E-28,0E-28,0,0,0,557,558,2036,ZBO,0.3835616438356164383561643836,0.2876712328767123287671232877,0.09476813395186213605553998563,0.06823305644534073795998878965
34.39858807051187144109401256,0,0.000,34.39858807051187144109401256,0.3835616438356164383561643836,0.2876712328767123287671232877,34.01502642667625500273784818,0E-28,0E-28,0,0,0,558,559,2036,ZBO,0.3835616438356164383561643836,0.2876712328767123287671232877,0.09371728013313441978607104212,0.06747644169585678224597115033
34.01502642667625500273784818,0,0.000,34.01502642667625500273784818,0.3835616438356164383561643836,0.2876712328767123287671232877,33.63146478284063856438168380,0E-28,0E-28,0,0,0,559,560,2036,ZBO,0.3835616438356164383561643836,0.2876712328767123287671232877,0.09266642631440670351660209861,0.06671982694637282653195351100
33.63146478284063856438168380,0,0.000,33.63146478284063856438168380,0.3835616438356164383561643836,0.2876712328767123287671232877,33.24790313900502212602551942,0E-28,0E-28,0,0,0,560,561,2036,ZBO,0.3835616438356164383561643836,0.2876712328767123287671232877,0.09161557249567898724713315511,0.06596321219688887081793587168
33.24790313900502212602551942,0,0.000,33.24790313900502212602551942,0.3835616438356164383561643836,0.2876712328767123287671232877,32.86434149516940568766935504,0E-28,0E-28,0,0,0,561,562,2036,ZBO,0.3835616438356164383561643836,0.2876712328767123287671232877,0.09056471867695127097766421160,0.06520659744740491510391823235
32.86434149516940568766935504,0,0.000,32.86434149516940568766935504,0.3835616438356164383561643836,0.2876712328767123287671232877,32.48077985133378924931319066,0E-28,0E-28,0,0,0,562,563,2036,ZBO,0.3835616438356164383561643836,0.2876712328767123287671232877,0.08951386485822355470819526809,0.06444998269792095938990059302
32.48077985133378924931319066,0,0.000,32.48077985133378924931319066,0.3835616438356164383561643836,0.2876712328767123287671232877,32.09721820749817281095702628,0E-28,0E-28,0,0,0,563,564,2036,ZBO,0.3835616438356164383561643836,0.2876712328767123287671232877,0.08846301103949583843872632458,0.06369336794843700367588295370
32.09721820749817281095702628,0,0.000,32.09721820749817281095702628,0.3835616438356164383561643836,0.2876712328767123287671232877,31.71365656366255637260086190,0E-28,0E-28,0,0,0,564,565,2036,ZBO,0.3835616438356164383561643836,0.2876712328767123287671232877,0.08741215722076812216925738108,0.06293675319895304796186531438
31.71365656366255637260086190,0,0.000,31.71365656366255637260086190,0.3835616438356164383561643836,0.2876712328767123287671232877,31.33009491982693993424469752,0E-28,0E-28,0,0,0,565,566,2036,ZBO,0.3835616438356164383561643836,0.2876712328767123287671232877,0.08636130340204040589978843757,0.06218013844946909224784767505
31.33009491982693993424469752,0,0.000,31.33009491982693993424469752,0.3835616438356164383561643836,0.2876712328767123287671232877,30.94653327599132349588853314,0E-28,0E-28,0,0,0,566,567,2036,ZBO,0.3835616438356164383561643836,0.2876712328767123287671232877,0.08531044958331268963031949406,0.06142352369998513653383003572
30.94653327599132349588853314,0,0.000,30.94653327599132349588853314,0.3835616438356164383561643836,0.2876712328767123287671232877,30.56297163215570705753236876,0E-28,0E-28,0,0,0,567,568,2036,ZBO,0.3835616438356164383561643836,0.2876712328767123287671232877,0.08425959576458497336085055056,0.06066690895050118081981239640
30.56297163215570705753236876,0,0.000,30.56297163215570705753236876,0.3835616438356164383561643836,0.2876712328767123287671232877,30.17940998832009061917620438,0E-28,0E-28,0,0,0,568,569,2036,ZBO,0.3835616438356164383561643836,0.2876712328767123287671232877,0.08320874194585725709138160705,0.05991029420101722510579475708
30.17940998832009061917620438,0,0.000,30.17940998832009061917620438,0.3835616438356164383561643836,0.2876712328767123287671232877,29.79584834448447418082004000,0E-28,0E-28,0,0,0,569,570,2036,ZBO,0.3835616438356164383561643836,0.2876712328767123287671232877,0.08215788812712954082191266354,0.05915367945153326939177711775
29.79584834448447418082004000,0,0.000,29.79584834448447418082004000,0.3835616438356164383561643836,0.2876712328767123287671232877,29.41228670064885774246387562,0E-28,0E-28,0,0,0,570,571,2036,ZBO,0.3835616438356164383561643836,0.2876712328767123287671232877,0.08110703430840182455244372004,0.05839706470204931367775947843
29.41228670064885774246387562,0,0.000,29.41228670064885774246387562,0.3835616438356164383561643836,0.2876712328767123287671232877,29.02872505681324130410771124,0E-28,0E-28,0,0,0,571,572,2036,ZBO,0.3835616438356164383561643836,0.2876712328767123287671232877,0.08005618048967410828297477653,0.05764044995256535796374183910
29.02872505681324130410771124,0,0.000,29.02872505681324130410771124,0.3835616438356164383561643836,0.2876712328767123287671232877,28.64516341297762486575154686,0E-28,0E-28,0,0,0,572,573,2036,ZBO,0.3835616438356164383561643836,0.2876712328767123287671232877,0.07900532667094639201350583302,0.05688383520308140224972419977
28.64516341297762486575154686,0,0.000,28.64516341297762486575154686,0.3835616438356164383561643836,0.2876712328767123287671232877,28.26160176914200842739538248,0E-28,0E-28,0,0,0,573,574,2036,ZBO,0.3835616438356164383561643836,0.2876712328767123287671232877,0.07795447285221867574403688951,0.05612722045359744653570656045
28.26160176914200842739538248,0,0.000,28.26160176914200842739538248,0.3835616438356164383561643836,0.2876712328767123287671232877,27.87804012530639198903921810,0E-28,0E-28,0,0,0,574,575,2036,ZBO,0.3835616438356164383561643836,0.2876712328767123287671232877,0.07690361903349095947456794601,0.05537060570411349082168892113
27.87804012530639198903921810,0,0.000,27.87804012530639198903921810,0.3835616438356164383561643836,0.2876712328767123287671232877,27.49447848147077555068305372,0E-28,0E-28,0,0,0,575,576,2036,ZBO,0.3835616438356164383561643836,0.2876712328767123287671232877,0.07585276521476324320509900250,0.05461399095462953510767128180
27.49447848147077555068305372,0,0.000,27.49447848147077555068305372,0.3835616438356164383561643836,0.2876712328767123287671232877,27.11091683763515911232688934,0E-28,0E-28,0,0,0,576,577,2036,ZBO,0.3835616438356164383561643836,0.2876712328767123287671232877,0.07480191139603552693563005899,0.05385737620514557939365364247
27.11091683763515911232688934,0,0.000,27.11091683763515911232688934,0.3515981735159817351598173517,0.2636986301369863013698630138,26.75931866411917737716707199,0E-28,0E-28,0,0,0,577,6935/12,2036,ZBO,0.3515981735159817351598173517,0.2636986301369863013698630138,0.06764527289033078782927323912,0.04870459648103816723707673217
26.75931866411917737716707199,12.71394562379411398369512852,0.1525673474855293678043415422,39.32069694042776199305785897,0.03196347031963470319634703196,0.02397260273972602739726027397,39.28873347010812728986151194,0E-29,0E-29,12.71394562379411398369512852,0E-26,0,6935/12,578,2036,ZBO,0.03196347031963470319634703196,0.02397260273972602739726027397,0.008973679270609119781155179328,0.006461049074838566242431729116
39.28873347010812728986151194,0,0.000,39.28873347010812728986151194,0.3835616438356164383561643836,0.2876712328767123287671232877,38.90517182627251085150534756,0E-28,0E-28,0,0,0,578,579,2036,ZBO,0.3835616438356164383561643836,0.2876712328767123287671232877,0.1071149387621652577278998075,0.07712275590875898556408786140
38.90517182627251085150534756,0,0.000,38.90517182627251085150534756,0.3835616438356164383561643836,0.2876712328767123287671232877,38.52161018243689441314918318,0E-28,0E-28,0,0,0,579,580,2036,ZBO,0.3835616438356164383561643836,0.2876712328767123287671232877,0.1060640849434375414584308640,0.07636614115927502985007022208
38.52161018243689441314918318,0,0.000,38.52161018243689441314918318,0.3835616438356164383561643836,0.2876712328767123287671232877,38.13804853860127797479301880,0E-28,0E-28,0,0,0,580,581,2036,ZBO,0.3835616438356164383561643836,0.2876712328767123287671232877,0.1050132311247098251889619205,0.07560952640979107413605258276
38.13804853860127797479301880,0,0.000,38.13804853860127797479301880,0.3835616438356164383561643836,0.2876712328767123287671232877,37.75448689476566153643685442,0E-28,0E-28,0,0,0,581,582,2036,ZBO,0.3835616438356164383561643836,0.2876712328767123287671232877,0.1039623773059821089194929770,0.07485291166030711842203494344
37.75448689476566153643685442,0,0.000,37.75448689476566153643685442,0.3835616438356164383561643836,0.2876712328767123287671232877,37.37092525093004509808069004,0E-28,0E-28,0,0,0,582,583,2036,ZBO,0.3835616438356164383561643836,0.2876712328767123287671232877,0.1029115234872543926500240335,0.07409629691082316270801730412
37.37092525093004509808069004,0,0.000,37.37092525093004509808069004,0.3835616438356164383561643836,0.2876712328767123287671232877,36.98736360709442865972452566,0E-28,0E-28,0,0,0,583,584,2036,ZBO,0.3835616438356164383561643836,0.2876712328767123287671232877,0.1018606696685266763805550900,0.07333968216133920699399966480
36.98736360709442865972452566,0,0.000,36.98736360709442865972452566,0.3835616438356164383561643836,0.2876712328767123287671232877,36.60380196325881222136836128,0E-28,0E-28,0,0,0,584,585,2036,ZBO,0.3835616438356164383561643836,0.2876712328767123287671232877,0.1008098158497989601110861465,0.07258306741185525127998202548
36.60380196325881222136836128,0,0.000,36.60380196325881222136836128,0.3835616438356164383561643836,0.2876712328767123287671232877,36.22024031942319578301219690,0E-28,0E-28,0,0,0,585,586,2036,ZBO,0.3835616438356164383561643836,0.2876712328767123287671232877,0.09975896203107124384161720300,0.07182645266237129556596438616
36.22024031942319578301219690,0,0.000,36.22024031942319578301219690,0.3835616438356164383561643836,0.2876712328767123287671232877,35.83667867558757934465603252,0E-28,0E-28,0,0,0,586,587,2036,ZBO,0.3835616438356164383561643836,0.2876712328767123287671232877,0.09870810821234352757214825949,0.07106983791288733985194674683
35.83667867558757934465603252,0,0.000,35.83667867558757934465603252,0.3835616438356164383561643836,0.2876712328767123287671232877,35.45311703175196290629986814,0E-28,0E-28,0,0,0,587,588,2036,ZBO,0.3835616438356164383561643836,0.2876712328767123287671232877,0.09765725439361581130267931598,0.07031322316340338413792910751
35.45311703175196290629986814,0,0.000,35.45311703175196290629986814,0.3835616438356164383561643836,0.2876712328767123287671232877,35.06955538791634646794370376,0E-28,0E-28,0,0,0,588,589,2036,ZBO,0.3835616438356164383561643836,0.2876712328767123287671232877,0.09660640057488809503321037248,0.06955660841391942842391146819
35.06955538791634646794370376,0,0.000,35.06955538791634646794370376,0.3835616438356164383561643836,0.2876712328767123287671232877,34.68599374408073002958753938,0E-28,0E-28,0,0,0,589,590,2036,ZBO,0.3835616438356164383561643836,0.2876712328767123287671232877,0.09555554675616037876374142897,0.06879999366443547270989382886
34.68599374408073002958753938,0,0.000,34.68599374408073002958753938,0.3835616438356164383561643836,0.2876712328767123287671232877,34.30243210024511359123137500,0E-28,0E-28,0,0,0,590,591,2036,ZBO,0.3835616438356164383561643836,0.2876712328767123287671232877,0.09450469293743266249427248546,0.06804337891495151699587618953
34.30243210024511359123137500,0,0.000,34.30243210024511359123137500,0.3835616438356164383561643836,0.2876712328767123287671232877,33.91887045640949715287521062,0E-28,0E-28,0,0,0,591,592,2036,ZBO,0.3835616438356164383561643836,0.2876712328767123287671232877,0.09345383911870494622480354195,0.06728676416546756128185855020
33.91887045640949715287521062,0,0.000,33.91887045640949715287521062,0.3835616438356164383561643836,0.2876712328767123287671232877,33.53530881257388071451904624,0E-28,0E-28,0,0,0,592,593,2036,ZBO,0.3835616438356164383561643836,0.2876712328767123287671232877,0.09240298529997722995533459845,0.06653014941598360556784091088
33.53530881257388071451904624,0,0.000,33.53530881257388071451904624,0.3835616438356164383561643836,0.2876712328767123287671232877,33.15174716873826427616288186,0E-28,0E-28,0,0,0,593,594,2036,ZBO,0.3835616438356164383561643836,0.2876712328767123287671232877,0.09135213148124951368586565494,0.06577353466649964985382327156
33.15174716873826427616288186,0,0.000,33.15174716873826427616288186,0.3835616438356164383561643836,0.2876712328767123287671232877,32.76818552490264783780671748,0E-28,0E-28,0,0,0,594,595,2036,ZBO,0.3835616438356164383561643836,0.2876712328767123287671232877,0.09030127766252179741639671143,0.06501691991701569413980563223
32.76818552490264783780671748,0,0.000,32.76818552490264783780671748,0.3835616438356164383561643836,0.2876712328767123287671232877,32.38462388106703139945055310,0E-28,0E-28,0,0,0,595,596,2036,ZBO,0.3835616438356164383561643836,0.2876712328767123287671232877,0.08925042384379408114692776793,0.06426030516753173842578799291
32.38462388106703139945055310,0,0.000,32.38462388106703139945055310,0.3835616438356164383561643836,0.2876712328767123287671232877,32.00106223723141496109438872,0E-28,0E-28,0,0,0,596,597,2036,ZBO,0.3835616438356164383561643836,0.2876712328767123287671232877,0.08819957002506636487745882442,0.06350369041804778271177035358
32.00106223723141496109438872,0,0.000,32.00106223723141496109438872,0.3835616438356164383561643836,0.2876712328767123287671232877,31.61750059339579852273822434,0E-28,0E-28,0,0,0,597,598,2036,ZBO,0.3835616438356164383561643836,0.2876712328767123287671232877,0.08714871620633864860798988091,0.06274707566856382699775271426
31.61750059339579852273822434,0,0.000,31.61750059339579852273822434,0.3835616438356164383561643836,0.2876712328767123287671232877,31.23393894956018208438205996,0E-28,0E-28,0,0,0,598,599,2036,ZBO,0.3835616438356164383561643836,0.2876712328767123287671232877,0.08609786238761093233852093741,0.06199046091907987128373507494
31.23393894956018208438205996,0,0.000,31.23393894956018208438205996,0.3835616438356164383561643836,0.2876712328767123287671232877,30.85037730572456564602589558,0E-28,0E-28,0,0,0,599,600,2036,ZBO,0.3835616438356164383561643836,0.2876712328767123287671232877,0.08504700856888321606905199390,0.06123384616959591556971743561
30.85037730572456564602589558,0,0.000,30.85037730572456564602589558,0.3835616438356164383561643836,0.2876712328767123287671232877,30.46681566188894920766973120,0E-28,0E-28,0,0,0,600,601,2036,ZBO,0.3835616438356164383561643836,0.2876712328767123287671232877,0.08399615475015549979958305039,0.06047723142011195985569979628
30.46681566188894920766973120,0,0.000,30.46681566188894920766973120,0.3835616438356164383561643836,0.2876712328767123287671232877,30.08325401805333276931356682,0E-28,0E-28,0,0,0,601,602,2036,ZBO,0.3835616438356164383561643836,0.2876712328767123287671232877,0.08294530093142778353011410689,0.05972061667062800414168215696
30.08325401805333276931356682,0,0.000,30.08325401805333276931356682,0.3835616438356164383561643836,0.2876712328767123287671232877,29.69969237421771633095740244,0E-28,0E-28,0,0,0,602,603,2036,ZBO,0.3835616438356164383561643836,0.2876712328767123287671232877,0.08189444711270006726064516338,0.05896400192114404842766451763
29.69969237421771633095740244,0,0.000,29.69969237421771633095740244,0.3835616438356164383561643836,0.2876712328767123287671232877,29.31613073038209989260123806,0E-28,0E-28,0,0,0,603,604,2036,ZBO,0.3835616438356164383561643836,0.2876712328767123287671232877,0.08084359329397235099117621987,0.05820738717166009271364687831
29.31613073038209989260123806,0,0.000,29.31613073038209989260123806,0.3835616438356164383561643836,0.2876712328767123287671232877,28.93256908654648345424507368,0E-28,0E-28,0,0,0,604,605,2036,ZBO,0.3835616438356164383561643836,0.2876712328767123287671232877,0.07979273947524463472170727636,0.05745077242217613699962923898
28.93256908654648345424507368,0,0.000,28.93256908654648345424507368,0.3835616438356164383561643836,0.2876712328767123287671232877,28.54900744271086701588890930,0E-28,0E-28,0,0,0,605,606,2036,ZBO,0.3835616438356164383561643836,0.2876712328767123287671232877,0.07874188565651691845223833286,0.05669415767269218128561159966
28.54900744271086701588890930,0,0.000,28.54900744271086701588890930,0.3835616438356164383561643836,0.2876712328767123287671232877,28.16544579887525057753274492,0E-28,0E-28,0,0,0,606,607,2036,ZBO,0.3835616438356164383561643836,0.2876712328767123287671232877,0.07769103183778920218276938935,0.05593754292320822557159396033
28.16544579887525057753274492,0,0.000,28.16544579887525057753274492,0.3835616438356164383561643836,0.2876712328767123287671232877,27.78188415503963413917658054,0E-28,0E-28,0,0,0,607,608,2036,ZBO,0.3835616438356164383561643836,0.2876712328767123287671232877,0.07664017801906148591330044584,0.05518092817372426985757632100
27.78188415503963413917658054,0,0.000,27.78188415503963413917658054,0.1278538812785388127853881278,0.09589041095890410958904109589,27.65403027376109532639119241,0E-28,0E-29,0,0,0,608,1825/3,2036,ZBO,0.1278538812785388127853881278,0.09589041095890410958904109589,0.02531320293552544724455149450,0.01822550611357832201607707604
27.65403027376109532639119241,12.71394562379411398369512852,0.1525673474855293678043415422,40.21540855006967994228197939,0.2557077625570776255707762558,0.1917808219178082191780821918,39.95970078751260231671120313,0E-28,0E-28,12.71394562379411398369512852,0E-26,0,1825/3,609,2036,ZBO,0.2557077625570776255707762558,0.1917808219178082191780821918,0.07321927793386509795341843155,0.05271788011238287052646127072
39.95970078751260231671120313,0,0.000,39.95970078751260231671120313,0.3835616438356164383561643836,0.2876712328767123287671232877,39.57613914367698587835503875,0E-28,0E-28,0,0,0,609,610,2036,ZBO,0.3835616438356164383561643836,0.2876712328767123287671232877,0.1089532053851912167055701944,0.07844630787733767602801053997
39.57613914367698587835503875,0,0.000,39.57613914367698587835503875,0.3835616438356164383561643836,0.2876712328767123287671232877,39.19257749984136943999887437,0E-28,0E-28,0,0,0,610,611,2036,ZBO,0.3835616438356164383561643836,0.2876712328767123287671232877,0.1079023515664635004361012509,0.07768969312785372031399290065
39.19257749984136943999887437,0,0.000,39.19257749984136943999887437,0.3835616438356164383561643836,0.2876712328767123287671232877,38.80901585600575300164270999,0E-28,0E-28,0,0,0,611,612,2036,ZBO,0.3835616438356164383561643836,0.2876712328767123287671232877,0.1068514977477357841666323074,0.07693307837836976459997526133
38.80901585600575300164270999,0,0.000,38.80901585600575300164270999,0.3835616438356164383561643836,0.2876712328767123287671232877,38.42545421217013656328654561,0E-28,0E-28,0,0,0,612,613,2036,ZBO,0.3835616438356164383561643836,0.2876712328767123287671232877,0.1058006439290080678971633638,0.07617646362888580888595762194
38.42545421217013656328654561,0,0.000,38.42545421217013656328654561,0.3835616438356164383561643836,0.2876712328767123287671232877,38.04189256833452012493038123,0E-28,0E-28,0,0,0,613,614,2036,ZBO,0.3835616438356164383561643836,0.2876712328767123287671232877,0.1047497901102803516276944203,0.07541984887940185317193998262
38.04189256833452012493038123,0,0.000,38.04189256833452012493038123,0.3835616438356164383561643836,0.2876712328767123287671232877,37.65833092449890368657421685,0E-28,0E-28,0,0,0,614,615,2036,ZBO,0.3835616438356164383561643836,0.2876712328767123287671232877,0.1036989362915526353582254768,0.07466323412991789745792234330
37.65833092449890368657421685,0,0.000,37.65833092449890368657421685,0.3835616438356164383561643836,0.2876712328767123287671232877,37.27476928066328724821805247,0E-28,0E-28,0,0,0,615,616,2036,ZBO,0.3835616438356164383561643836,0.2876712328767123287671232877,0.1026480824728249190887565333,0.07390661938043394174390470398
37.27476928066328724821805247,0,0.000,37.27476928066328724821805247,0.3835616438356164383561643836,0.2876712328767123287671232877,36.89120763682767080986188809,0E-28,0E-28,0,0,0,616,617,2036,ZBO,0.3835616438356164383561643836,0.2876712328767123287671232877,0.1015972286540972028192875898,0.07315000463094998602988706466
36.89120763682767080986188809,0,0.000,36.89120763682767080986188809,0.3835616438356164383561643836,0.2876712328767123287671232877,36.50764599299205437150572371,0E-28,0E-28,0,0,0,617,618,2036,ZBO,0.3835616438356164383561643836,0.2876712328767123287671232877,0.1005463748353694865498186463,0.07239338988146603031586942534
36.50764599299205437150572371,0,0.000,36.50764599299205437150572371,0.3835616438356164383561643836,0.2876712328767123287671232877,36.12408434915643793314955933,0E-28,0E-28,0,0,0,618,619,2036,ZBO,0.3835616438356164383561643836,0.2876712328767123287671232877,0.09949552101664177028034970280,0.07163677513198207460185178602
36.12408434915643793314955933,0,0.000,36.12408434915643793314955933,0.3835616438356164383561643836,0.2876712328767123287671232877,35.74052270532082149479339495,0E-28,0E-28,0,0,0,619,620,2036,ZBO,0.3835616438356164383561643836,0.2876712328767123287671232877,0.09844466719791405401088075930,0.07088016038249811888783414670
35.74052270532082149479339495,0,0.000,35.74052270532082149479339495,0.3835616438356164383561643836,0.2876712328767123287671232877,35.35696106148520505643723057,0E-28,0E-28,0,0,0,620,621,2036,ZBO,0.3835616438356164383561643836,0.2876712328767123287671232877,0.09739381337918633774141181579,0.07012354563301416317381650737
35.35696106148520505643723057,0,0.000,35.35696106148520505643723057,0.3835616438356164383561643836,0.2876712328767123287671232877,34.97339941764958861808106619,0E-28,0E-28,0,0,0,621,622,2036,ZBO,0.3835616438356164383561643836,0.2876712328767123287671232877,0.09634295956045862147194287228,0.06936693088353020745979886804
34.97339941764958861808106619,0,0.000,34.97339941764958861808106619,0.3835616438356164383561643836,0.2876712328767123287671232877,34.58983777381397217972490181,0E-28,0E-28,0,0,0,622,623,2036,ZBO,0.3835616438356164383561643836,0.2876712328767123287671232877,0.09529210574173090520247392878,0.06861031613404625174578122872
34.58983777381397217972490181,0,0.000,34.58983777381397217972490181,0.3835616438356164383561643836,0.2876712328767123287671232877,34.20627612997835574136873743,0E-28,0E-28,0,0,0,623,624,2036,ZBO,0.3835616438356164383561643836,0.2876712328767123287671232877,0.09424125192300318893300498527,0.06785370138456229603176358939
34.20627612997835574136873743,0,0.000,34.20627612997835574136873743,0.3835616438356164383561643836,0.2876712328767123287671232877,33.82271448614273930301257305,0E-28,0E-28,0,0,0,624,625,2036,ZBO,0.3835616438356164383561643836,0.2876712328767123287671232877,0.09319039810427547266353604176,0.06709708663507834031774595007
33.82271448614273930301257305,0,0.000,33.82271448614273930301257305,0.3835616438356164383561643836,0.2876712328767123287671232877,33.43915284230712286465640867,0E-28,0E-28,0,0,0,625,626,2036,ZBO,0.3835616438356164383561643836,0.2876712328767123287671232877,0.09213954428554775639406709826,0.06634047188559438460372831075
33.43915284230712286465640867,0,0.000,33.43915284230712286465640867,0.3835616438356164383561643836,0.2876712328767123287671232877,33.05559119847150642630024429,0E-28,0E-28,0,0,0,626,627,2036,ZBO,0.3835616438356164383561643836,0.2876712328767123287671232877,0.09108869046682004012459815475,0.06558385713611042888971067142
33.05559119847150642630024429,0,0.000,33.05559119847150642630024429,0.3835616438356164383561643836,0.2876712328767123287671232877,32.67202955463588998794407991,0E-28,0E-28,0,0,0,627,628,2036,ZBO,0.3835616438356164383561643836,0.2876712328767123287671232877,0.09003783664809232385512921124,0.06482724238662647317569303209
32.67202955463588998794407991,0,0.000,32.67202955463588998794407991,0.3835616438356164383561643836,0.2876712328767123287671232877,32.28846791080027354958791553,0E-28,0E-28,0,0,0,628,629,2036,ZBO,0.3835616438356164383561643836,0.2876712328767123287671232877,0.08898698282936460758566026773,0.06407062763714251746167539277
32.28846791080027354958791553,0,0.000,32.28846791080027354958791553,0.3835616438356164383561643836,0.2876712328767123287671232877,31.90490626696465711123175115,0E-28,0E-28,0,0,0,629,630,2036,ZBO,0.3835616438356164383561643836,0.2876712328767123287671232877,0.08793612901063689131619132423,0.06331401288765856174765775345
31.90490626696465711123175115,0,0.000,31.90490626696465711123175115,0.3835616438356164383561643836,0.2876712328767123287671232877,31.52134462312904067287558677,0E-28,0E-28,0,0,0,630,631,2036,ZBO,0.3835616438356164383561643836,0.2876712328767123287671232877,0.08688527519190917504672238072,0.06255739813817460603364011412
31.52134462312904067287558677,0,0.000,31.52134462312904067287558677,0.3835616438356164383561643836,0.2876712328767123287671232877,31.13778297929342423451942239,0E-28,0E-28,0,0,0,631,632,2036,ZBO,0.3835616438356164383561643836,0.2876712328767123287671232877,0.08583442137318145877725343721,0.06180078338869065031962247479
31.13778297929342423451942239,0,0.000,31.13778297929342423451942239,0.3835616438356164383561643836,0.2876712328767123287671232877,30.75422133545780779616325801,0E-28,0E-28,0,0,0,632,633,2036,ZBO,0.3835616438356164383561643836,0.2876712328767123287671232877,0.08478356755445374250778449371,0.06104416863920669460560483547
30.75422133545780779616325801,0,0.000,30.75422133545780779616325801,0.3835616438356164383561643836,0.2876712328767123287671232877,30.37065969162219135780709363,0E-28,0E-28,0,0,0,633,634,2036,ZBO,0.3835616438356164383561643836,0.2876712328767123287671232877,0.08373271373572602623831555020,0.06028755388972273889158719614
30.37065969162219135780709363,0,0.000,30.37065969162219135780709363,0.3835616438356164383561643836,0.2876712328767123287671232877,29.98709804778657491945092925,0E-28,0E-28,0,0,0,634,635,2036,ZBO,0.3835616438356164383561643836,0.2876712328767123287671232877,0.08268185991699830996884660669,0.05953093914023878317756955682
29.98709804778657491945092925,0,0.000,29.98709804778657491945092925,0.3835616438356164383561643836,0.2876712328767123287671232877,29.60353640395095848109476487,0E-28,0E-28,0,0,0,635,636,2036,ZBO,0.3835616438356164383561643836,0.2876712328767123287671232877,0.08163100609827059369937766319,0.05877432439075482746355191750
29.60353640395095848109476487,0,0.000,29.60353640395095848109476487,0.3835616438356164383561643836,0.2876712328767123287671232877,29.21997476011534204273860049,0E-28,0E-28,0,0,0,636,637,2036,ZBO,0.3835616438356164383561643836,0.2876712328767123287671232877,0.08058015227954287742990871968,0.05801770964127087174953427817
29.21997476011534204273860049,0,0.000,29.21997476011534204273860049,0.3835616438356164383561643836,0.2876712328767123287671232877,28.83641311627972560438243611,0E-28,0E-28,0,0,0,637,638,2036,ZBO,0.3835616438356164383561643836,0.2876712328767123287671232877,0.07952929846081516116043977617,0.05726109489178691603551663884
28.83641311627972560438243611,0,0.000,28.83641311627972560438243611,0.2876712328767123287671232877,0.2157534246575342465753424658,28.54874188340301327561531282,0E-28,0E-28,0,0,0,638,2555/4,2036,ZBO,0.2876712328767123287671232877,0.2157534246575342465753424658,0.05895735102707130706849083794,0.04244929273949134108931340332
28.54874188340301327561531282,12.71394562379411398369512852,0.1525673474855293678043415422,41.11012015971159789150609980,0.09589041095890410958904109589,0.07191780821917808219178082191,41.01422974875269378191705870,0E-29,0E-29,12.71394562379411398369512852,0E-26,0,2555/4,639,2036,ZBO,0.09589041095890410958904109589,0.07191780821917808219178082191,0.02812477736591242865528190359,0.02024983970345694863180297058
41.01422974875269378191705870,0,0.000,41.01422974875269378191705870,0.3835616438356164383561643836,0.2876712328767123287671232877,40.63066810491707734356089432,0E-28,0E-28,0,0,0,639,640,2036,ZBO,0.3835616438356164383561643836,0.2876712328767123287671232877,0.1118423258269448919527095247,0.08052647459540032220595085778
40.63066810491707734356089432,0,0.000,40.63066810491707734356089432,0.3835616438356164383561643836,0.2876712328767123287671232877,40.24710646108146090520472994,0E-28,0E-28,0,0,0,640,641,2036,ZBO,0.3835616438356164383561643836,0.2876712328767123287671232877,0.1107914720082171756832405812,0.07976985984591636649193321846
40.24710646108146090520472994,0,0.000,40.24710646108146090520472994,0.3835616438356164383561643836,0.2876712328767123287671232877,39.86354481724584446684856556,0E-28,0E-28,0,0,0,641,642,2036,ZBO,0.3835616438356164383561643836,0.2876712328767123287671232877,0.1097406181894894594137716377,0.07901324509643241077791557914
39.86354481724584446684856556,0,0.000,39.86354481724584446684856556,0.3835616438356164383561643836,0.2876712328767123287671232877,39.47998317341022802849240118,0E-28,0E-28,0,0,0,642,643,2036,ZBO,0.3835616438356164383561643836,0.2876712328767123287671232877,0.1086897643707617431443026942,0.07825663034694845506389793982
39.47998317341022802849240118,0,0.000,39.47998317341022802849240118,0.3835616438356164383561643836,0.2876712328767123287671232877,39.09642152957461159013623680,0E-28,0E-28,0,0,0,643,644,2036,ZBO,0.3835616438356164383561643836,0.2876712328767123287671232877,0.1076389105520340268748337507,0.07750001559746449934988030050
39.09642152957461159013623680,0,0.000,39.09642152957461159013623680,0.3835616438356164383561643836,0.2876712328767123287671232877,38.71285988573899515178007242,0E-28,0E-28,0,0,0,644,645,2036,ZBO,0.3835616438356164383561643836,0.2876712328767123287671232877,0.1065880567333063106053648072,0.07674340084798054363586266118
38.71285988573899515178007242,0,0.000,38.71285988573899515178007242,0.3835616438356164383561643836,0.2876712328767123287671232877,38.32929824190337871342390804,0E-28,0E-28,0,0,0,645,646,2036,ZBO,0.3835616438356164383561643836,0.2876712328767123287671232877,0.1055372029145785943358958637,0.07598678609849658792184502186
38.32929824190337871342390804,0,0.000,38.32929824190337871342390804,0.3835616438356164383561643836,0.2876712328767123287671232877,37.94573659806776227506774366,0E-28,0E-28,0,0,0,646,647,2036,ZBO,0.3835616438356164383561643836,0.2876712328767123287671232877,0.1044863490958508780664269201,0.07523017134901263220782738247
37.94573659806776227506774366,0,0.000,37.94573659806776227506774366,0.3835616438356164383561643836,0.2876712328767123287671232877,37.56217495423214583671157928,0E-28,0E-28,0,0,0,647,648,2036,ZBO,0.3835616438356164383561643836,0.2876712328767123287671232877,0.1034354952771231617969579766,0.07447355659952867649380974315
37.56217495423214583671157928,0,0.000,37.56217495423214583671157928,0.3835616438356164383561643836,0.2876712328767123287671232877,37.17861331039652939835541490,0E-28,0E-28,0,0,0,648,649,2036,ZBO,0.3835616438356164383561643836,0.2876712328767123287671232877,0.1023846414583954455274890331,0.07371694185004472077979210383
37.17861331039652939835541490,0,0.000,37.17861331039652939835541490,0.3835616438356164383561643836,0.2876712328767123287671232877,36.79505166656091295999925052,0E-28,0E-28,0,0,0,649,650,2036,ZBO,0.3835616438356164383561643836,0.2876712328767123287671232877,0.1013337876396677292580200896,0.07296032710056076506577446451
36.79505166656091295999925052,0,0.000,36.79505166656091295999925052,0.3835616438356164383561643836,0.2876712328767123287671232877,36.41149002272529652164308614,0E-28,0E-28,0,0,0,650,651,2036,ZBO,0.3835616438356164383561643836,0.2876712328767123287671232877,0.1002829338209400129885511461,0.07220371235107680935175682519
36.41149002272529652164308614,0,0.000,36.41149002272529652164308614,0.3835616438356164383561643836,0.2876712328767123287671232877,36.02792837888968008328692176,0E-28,0E-28,0,0,0,651,652,2036,ZBO,0.3835616438356164383561643836,0.2876712328767123287671232877,0.09923208000221229671908220261,0.07144709760159285363773918588
36.02792837888968008328692176,0,0.000,36.02792837888968008328692176,0.3835616438356164383561643836,0.2876712328767123287671232877,35.64436673505406364493075738,0E-28,0E-28,0,0,0,652,653,2036,ZBO,0.3835616438356164383561643836,0.2876712328767123287671232877,0.09818122618348458044961325911,0.07069048285210889792372154656
35.64436673505406364493075738,0,0.000,35.64436673505406364493075738,0.3835616438356164383561643836,0.2876712328767123287671232877,35.26080509121844720657459300,0E-28,0E-28,0,0,0,653,654,2036,ZBO,0.3835616438356164383561643836,0.2876712328767123287671232877,0.09713037236475686418014431560,0.06993386810262494220970390723
35.26080509121844720657459300,0,0.000,35.26080509121844720657459300,0.3835616438356164383561643836,0.2876712328767123287671232877,34.87724344738283076821842862,0E-28,0E-28,0,0,0,654,655,2036,ZBO,0.3835616438356164383561643836,0.2876712328767123287671232877,0.09607951854602914791067537209,0.06917725335314098649568626790
34.87724344738283076821842862,0,0.000,34.87724344738283076821842862,0.3835616438356164383561643836,0.2876712328767123287671232877,34.49368180354721432986226424,0E-28,0E-28,0,0,0,655,656,2036,ZBO,0.3835616438356164383561643836,0.2876712328767123287671232877,0.09502866472730143164120642858,0.06842063860365703078166862858
34.49368180354721432986226424,0,0.000,34.49368180354721432986226424,0.3835616438356164383561643836,0.2876712328767123287671232877,34.11012015971159789150609986,0E-28,0E-28,0,0,0,656,657,2036,ZBO,0.3835616438356164383561643836,0.2876712328767123287671232877,0.09397781090857371537173748508,0.06766402385417307506765098926
34.11012015971159789150609986,0,0.000,34.11012015971159789150609986,0.3835616438356164383561643836,0.2876712328767123287671232877,33.72655851587598145314993548,0E-28,0E-28,0,0,0,657,658,2036,ZBO,0.3835616438356164383561643836,0.2876712328767123287671232877,0.09292695708984599910226854157,0.06690740910468911935363334993
33.72655851587598145314993548,0,0.000,33.72655851587598145314993548,0.3835616438356164383561643836,0.2876712328767123287671232877,33.34299687204036501479377110,0E-28,0E-28,0,0,0,658,659,2036,ZBO,0.3835616438356164383561643836,0.2876712328767123287671232877,0.09187610327111828283279959806,0.06615079435520516363961571060
33.34299687204036501479377110,0,0.000,33.34299687204036501479377110,0.3835616438356164383561643836,0.2876712328767123287671232877,32.95943522820474857643760672,0E-28,0E-28,0,0,0,659,660,2036,ZBO,0.3835616438356164383561643836,0.2876712328767123287671232877,0.09082524945239056656333065456,0.06539417960572120792559807128
32.95943522820474857643760672,0,0.000,32.95943522820474857643760672,0.3835616438356164383561643836,0.2876712328767123287671232877,32.57587358436913213808144234,0E-28,0E-28,0,0,0,660,661,2036,ZBO,0.3835616438356164383561643836,0.2876712328767123287671232877,0.08977439563366285029386171105,0.06463756485623725221158043196
32.57587358436913213808144234,0,0.000,32.57587358436913213808144234,0.3835616438356164383561643836,0.2876712328767123287671232877,32.19231194053351569972527796,0E-28,0E-28,0,0,0,661,662,2036,ZBO,0.3835616438356164383561643836,0.2876712328767123287671232877,0.08872354181493513402439276754,0.06388095010675329649756279263
32.19231194053351569972527796,0,0.000,32.19231194053351569972527796,0.3835616438356164383561643836,0.2876712328767123287671232877,31.80875029669789926136911358,0E-28,0E-28,0,0,0,662,663,2036,ZBO,0.3835616438356164383561643836,0.2876712328767123287671232877,0.08767268799620741775492382404,0.06312433535726934078354515331
31.80875029669789926136911358,0,0.000,31.80875029669789926136911358,0.3835616438356164383561643836,0.2876712328767123287671232877,31.42518865286228282301294920,0E-28,0E-28,0,0,0,663,664,2036,ZBO,0.3835616438356164383561643836,0.2876712328767123287671232877,0.08662183417747970148545488053,0.06236772060778538506952751398
31.42518865286228282301294920,0,0.000,31.42518865286228282301294920,0.3835616438356164383561643836,0.2876712328767123287671232877,31.04162700902666638465678482,0E-28,0E-28,0,0,0,664,665,2036,ZBO,0.3835616438356164383561643836,0.2876712328767123287671232877,0.08557098035875198521598593702,0.06161110585830142935550987465
31.04162700902666638465678482,0,0.000,31.04162700902666638465678482,0.3835616438356164383561643836,0.2876712328767123287671232877,30.65806536519104994630062044,0E-28,0E-28,0,0,0,665,666,2036,ZBO,0.3835616438356164383561643836,0.2876712328767123287671232877,0.08452012654002426894651699352,0.06085449110881747364149223533
30.65806536519104994630062044,0,0.000,30.65806536519104994630062044,0.3835616438356164383561643836,0.2876712328767123287671232877,30.27450372135543350794445606,0E-28,0E-28,0,0,0,666,667,2036,ZBO,0.3835616438356164383561643836,0.2876712328767123287671232877,0.08346927272129655267704805001,0.06009787635933351792747459601
30.27450372135543350794445606,0,0.000,30.27450372135543350794445606,0.3835616438356164383561643836,0.2876712328767123287671232877,29.89094207751981706958829168,0E-28,0E-28,0,0,0,667,668,2036,ZBO,0.3835616438356164383561643836,0.2876712328767123287671232877,0.08241841890256883640757910650,0.05934126160984956221345695668
29.89094207751981706958829168,0,0.000,29.89094207751981706958829168,0.3835616438356164383561643836,0.2876712328767123287671232877,29.50738043368420063123212730,0E-28,0E-28,0,0,0,668,669,2036,ZBO,0.3835616438356164383561643836,0.2876712328767123287671232877,0.08136756508384112013811016299,0.05858464686036560649943931735
29.50738043368420063123212730,0,0.000,29.50738043368420063123212730,0.06392694063926940639269406394,0.04794520547945205479452054795,29.44345349304493122483943324,0E-29,0E-29,0,0,0,669,4015/6,2036,ZBO,0.06392694063926940639269406394,0.04794520547945205479452054795,0.01345909450381943649681999099,0.009690548042749994277710393513
29.44345349304493122483943324,12.71394562379411398369512852,0.1525673474855293678043415422,42.00483176935351584073022022,0.3196347031963470319634703196,0.2397260273972602739726027397,41.68519706615716880876674990,0E-28,0E-28,12.71394562379411398369512852,0E-26,0,4015/6,670,2036,ZBO,0.3196347031963470319634703196,0.2397260273972602739726027397,0.09553656259761493681449425812,0.06878632507028275450643586585
41.68519706615716880876674990,0,0.000,41.68519706615716880876674990,0.3835616438356164383561643836,0.2876712328767123287671232877,41.30163542232155237041058552,0E-28,0E-28,0,0,0,670,671,2036,ZBO,0.3835616438356164383561643836,0.2876712328767123287671232877,0.1136805924499708509303799115,0.08185002656397901266987353628
41.30163542232155237041058552,0,0.000,41.30163542232155237041058552,0.3835616438356164383561643836,0.2876712328767123287671232877,40.91807377848593593205442114,0E-28,0E-28,0,0,0,671,672,2036,ZBO,0.3835616438356164383561643836,0.2876712328767123287671232877,0.1126297386312431346609109680,0.08109341181449505695585589696
40.91807377848593593205442114,0,0.000,40.91807377848593593205442114,0.3835616438356164383561643836,0.2876712328767123287671232877,40.53451213465031949369825676,0E-28,0E-28,0,0,0,672,673,2036,ZBO,0.3835616438356164383561643836,0.2876712328767123287671232877,0.1115788848125154183914420245,0.08033679706501110124183825764
40.53451213465031949369825676,0,0.000,40.53451213465031949369825676,0.3835616438356164383561643836,0.2876712328767123287671232877,40.15095049081470305534209238,0E-28,0E-28,0,0,0,673,674,2036,ZBO,0.3835616438356164383561643836,0.2876712328767123287671232877,0.1105280309937877021219730810,0.07958018231552714552782061832
40.15095049081470305534209238,0,0.000,40.15095049081470305534209238,0.3835616438356164383561643836,0.2876712328767123287671232877,39.76738884697908661698592800,0E-28,0E-28,0,0,0,674,675,2036,ZBO,0.3835616438356164383561643836,0.2876712328767123287671232877,0.1094771771750599858525041375,0.07882356756604318981380297900
39.76738884697908661698592800,0,0.000,39.76738884697908661698592800,0.3835616438356164383561643836,0.2876712328767123287671232877,39.38382720314347017862976362,0E-28,0E-28,0,0,0,675,676,2036,ZBO,0.3835616438356164383561643836,0.2876712328767123287671232877,0.1084263233563322695830351940,0.07806695281655923409978533968
39.38382720314347017862976362,0,0.000,39.38382720314347017862976362,0.3835616438356164383561643836,0.2876712328767123287671232877,39.00026555930785374027359924,0E-28,0E-28,0,0,0,676,677,2036,ZBO,0.3835616438356164383561643836,0.2876712328767123287671232877,0.1073754695376045533135662505,0.07731033806707527838576770036
39.00026555930785374027359924,0,0.000,39.00026555930785374027359924,0.3835616438356164383561643836,0.2876712328767123287671232877,38.61670391547223730191743486,0E-28,0E-28,0,0,0,677,678,2036,ZBO,0.3835616438356164383561643836,0.2876712328767123287671232877,0.1063246157188768370440973070,0.07655372331759132267175006104
38.61670391547223730191743486,0,0.000,38.61670391547223730191743486,0.3835616438356164383561643836,0.2876712328767123287671232877,38.23314227163662086356127048,0E-28,0E-28,0,0,0,678,679,2036,ZBO,0.3835616438356164383561643836,0.2876712328767123287671232877,0.1052737619001491207746283635,0.07579710856810736695773242172
38.23314227163662086356127048,0,0.000,38.23314227163662086356127048,0.3835616438356164383561643836,0.2876712328767123287671232877,37.84958062780100442520510610,0E-28,0E-28,0,0,0,679,680,2036,ZBO,0.3835616438356164383561643836,0.2876712328767123287671232877,0.1042229080814214045051594200,0.07504049381862341124371478240
37.84958062780100442520510610,0,0.000,37.84958062780100442520510610,0.3835616438356164383561643836,0.2876712328767123287671232877,37.46601898396538798684894172,0E-28,0E-28,0,0,0,680,681,2036,ZBO,0.3835616438356164383561643836,0.2876712328767123287671232877,0.1031720542626936882356904765,0.07428387906913945552969714308
37.46601898396538798684894172,0,0.000,37.46601898396538798684894172,0.3835616438356164383561643836,0.2876712328767123287671232877,37.08245734012977154849277734,0E-28,0E-28,0,0,0,681,682,2036,ZBO,0.3835616438356164383561643836,0.2876712328767123287671232877,0.1021212004439659719662215330,0.07352726431965549981567950376
37.08245734012977154849277734,0,0.000,37.08245734012977154849277734,0.3835616438356164383561643836,0.2876712328767123287671232877,36.69889569629415511013661296,0E-28,0E-28,0,0,0,682,683,2036,ZBO,0.3835616438356164383561643836,0.2876712328767123287671232877,0.1010703466252382556967525895,0.07277064957017154410166186444
36.69889569629415511013661296,0,0.000,36.69889569629415511013661296,0.3835616438356164383561643836,0.2876712328767123287671232877,36.31533405245853867178044858,0E-28,0E-28,0,0,0,683,684,2036,ZBO,0.3835616438356164383561643836,0.2876712328767123287671232877,0.1000194928065105394272836460,0.07201403482068758838764422512
36.31533405245853867178044858,0,0.000,36.31533405245853867178044858,0.3835616438356164383561643836,0.2876712328767123287671232877,35.93177240862292223342428420,0E-28,0E-28,0,0,0,684,685,2036,ZBO,0.3835616438356164383561643836,0.2876712328767123287671232877,0.09896863898778282315781470245,0.07125742007120363267362658576
35.93177240862292223342428420,0,0.000,35.93177240862292223342428420,0.3835616438356164383561643836,0.2876712328767123287671232877,35.54821076478730579506811982,0E-28,0E-28,0,0,0,685,686,2036,ZBO,0.3835616438356164383561643836,0.2876712328767123287671232877,0.09791778516905510688834575894,0.07050080532171967695960894644
35.54821076478730579506811982,0,0.000,35.54821076478730579506811982,0.3835616438356164383561643836,0.2876712328767123287671232877,35.16464912095168935671195544,0E-28,0E-28,0,0,0,686,687,2036,ZBO,0.3835616438356164383561643836,0.2876712328767123287671232877,0.09686693135032739061887681543,0.06974419057223572124559130711
35.16464912095168935671195544,0,0.000,35.16464912095168935671195544,0.3835616438356164383561643836,0.2876712328767123287671232877,34.78108747711607291835579106,0E-28,0E-28,0,0,0,687,688,2036,ZBO,0.3835616438356164383561643836,0.2876712328767123287671232877,0.09581607753159967434940787193,0.06898757582275176553157366779
34.78108747711607291835579106,0,0.000,34.78108747711607291835579106,0.3835616438356164383561643836,0.2876712328767123287671232877,34.39752583328045647999962668,0E-28,0E-28,0,0,0,688,689,2036,ZBO,0.3835616438356164383561643836,0.2876712328767123287671232877,0.09476522371287195807993892842,0.06823096107326780981755602846
34.39752583328045647999962668,0,0.000,34.39752583328045647999962668,0.3835616438356164383561643836,0.2876712328767123287671232877,34.01396418944484004164346230,0E-28,0E-28,0,0,0,689,690,2036,ZBO,0.3835616438356164383561643836,0.2876712328767123287671232877,0.09371436989414424181046998491,0.06747434632378385410353838914
34.01396418944484004164346230,0,0.000,34.01396418944484004164346230,0.3835616438356164383561643836,0.2876712328767123287671232877,33.63040254560922360328729792,0E-28,0E-28,0,0,0,690,691,2036,ZBO,0.3835616438356164383561643836,0.2876712328767123287671232877,0.09266351607541652554100104141,0.06671773157429989838952074982
33.63040254560922360328729792,0,0.000,33.63040254560922360328729792,0.3835616438356164383561643836,0.2876712328767123287671232877,33.24684090177360716493113354,0E-28,0E-28,0,0,0,691,692,2036,ZBO,0.3835616438356164383561643836,0.2876712328767123287671232877,0.09161266225668880927153209790,0.06596111682481594267550311049
33.24684090177360716493113354,0,0.000,33.24684090177360716493113354,0.3835616438356164383561643836,0.2876712328767123287671232877,32.86327925793799072657496916,0E-28,0E-28,0,0,0,692,693,2036,ZBO,0.3835616438356164383561643836,0.2876712328767123287671232877,0.09056180843796109300206315439,0.06520450207533198696148547116
32.86327925793799072657496916,0,0.000,32.86327925793799072657496916,0.3835616438356164383561643836,0.2876712328767123287671232877,32.47971761410237428821880478,0E-28,0E-28,0,0,0,693,694,2036,ZBO,0.3835616438356164383561643836,0.2876712328767123287671232877,0.08951095461923337673259421089,0.06444788732584803124746783184
32.47971761410237428821880478,0,0.000,32.47971761410237428821880478,0.3835616438356164383561643836,0.2876712328767123287671232877,32.09615597026675784986264040,0E-28,0E-28,0,0,0,694,695,2036,ZBO,0.3835616438356164383561643836,0.2876712328767123287671232877,0.08846010080050566046312526738,0.06369127257636407553345019251
32.09615597026675784986264040,0,0.000,32.09615597026675784986264040,0.3835616438356164383561643836,0.2876712328767123287671232877,31.71259432643114141150647602,0E-28,0E-28,0,0,0,695,696,2036,ZBO,0.3835616438356164383561643836,0.2876712328767123287671232877,0.08740924698177794419365632387,0.06293465782688011981943255319
31.71259432643114141150647602,0,0.000,31.71259432643114141150647602,0.3835616438356164383561643836,0.2876712328767123287671232877,31.32903268259552497315031164,0E-28,0E-28,0,0,0,696,697,2036,ZBO,0.3835616438356164383561643836,0.2876712328767123287671232877,0.08635839316305022792418738036,0.06217804307739616410541491386
31.32903268259552497315031164,0,0.000,31.32903268259552497315031164,0.3835616438356164383561643836,0.2876712328767123287671232877,30.94547103875990853479414726,0E-28,0E-28,0,0,0,697,698,2036,ZBO,0.3835616438356164383561643836,0.2876712328767123287671232877,0.08530753934432251165471843686,0.06142142832791220839139727454
30.94547103875990853479414726,0,0.000,30.94547103875990853479414726,0.3835616438356164383561643836,0.2876712328767123287671232877,30.56190939492429209643798288,0E-28,0E-28,0,0,0,698,699,2036,ZBO,0.3835616438356164383561643836,0.2876712328767123287671232877,0.08425668552559479538524949335,0.06066481357842825267737963521
30.56190939492429209643798288,0,0.000,30.56190939492429209643798288,0.2237442922374429223744292237,0.1678082191780821917808219178,30.33816510268684917406355366,0E-28,0E-28,0,0,0,699,8395/12,2036,ZBO,0.2237442922374429223744292237,0.1678082191780821917808219178,0.04866444309169840055861994928,0.03503839902602284840220636348
30.33816510268684917406355366,12.7139456237941139836951285,0.1525673474855293678043415420,42.89954337899543378995434062,0.1598173515981735159817351599,0.1198630136986301369863013699,42.73972602739726027397260546,0E-28,0E-28,12.7139456237941139836951285,0E-25,0,8395/12,700,2036,ZBO,0.1598173515981735159817351599,0.1198630136986301369863013699,0.04888086153332916327849711536,0.03519422030399699756051792306
42.73972602739726027397260546,0,0.000,42.73972602739726027397260546,0.3835616438356164383561643836,0.2876712328767123287671232877,42.35616438356164383561644108,0E-28,0E-28,0,0,0,700,701,2036,ZBO,0.3835616438356164383561643836,0.2876712328767123287671232877,0.1165697128917245261775192418,0.08393019328204165884781385410
42.35616438356164383561644108,0,0.000,42.35616438356164383561644108,0.3835616438356164383561643836,0.2876712328767123287671232877,41.97260273972602739726027670,0E-28,0E-28,0,0,0,701,702,2036,ZBO,0.3835616438356164383561643836,0.2876712328767123287671232877,0.1155188590729968099080502983,0.08317357853255770313379621478
41.97260273972602739726027670,0,0.000,41.97260273972602739726027670,0.3835616438356164383561643836,0.2876712328767123287671232877,41.58904109589041095890411232,0E-28,0E-28,0,0,0,702,703,2036,ZBO,0.3835616438356164383561643836,0.2876712328767123287671232877,0.1144680052542690936385813548,0.08241696378307374741977857546
41.58904109589041095890411232,0,0.000,41.58904109589041095890411232,0.3835616438356164383561643836,0.2876712328767123287671232877,41.20547945205479452054794794,0E-28,0E-28,0,0,0,703,704,2036,ZBO,0.3835616438356164383561643836,0.2876712328767123287671232877,0.1134171514355413773691124113,0.08166034903358979170576093614
41.20547945205479452054794794,0,0.000,41.20547945205479452054794794,0.3835616438356164383561643836,0.2876712328767123287671232877,40.82191780821917808219178356,0E-28,0E-28,0,0,0,704,705,2036,ZBO,0.3835616438356164383561643836,0.2876712328767123287671232877,0.1123662976168136610996434678,0.08090373428410583599174329682
40.82191780821917808219178356,0,0.000,40.82191780821917808219178356,0.3835616438356164383561643836,0.2876712328767123287671232877,40.43835616438356164383561918,0E-28,0E-28,0,0,0,705,706,2036,ZBO,0.3835616438356164383561643836,0.2876712328767123287671232877,0.1113154437980859448301745243,0.08014711953462188027772565750
40.43835616438356164383561918,0,0.000,40.43835616438356164383561918,0.3835616438356164383561643836,0.2876712328767123287671232877,40.05479452054794520547945480,0E-28,0E-28,0,0,0,706,707,2036,ZBO,0.3835616438356164383561643836,0.2876712328767123287671232877,0.1102645899793582285607055808,0.07939050478513792456370801818
40.05479452054794520547945480,0,0.000,40.05479452054794520547945480,0.3835616438356164383561643836,0.2876712328767123287671232877,39.67123287671232876712329042,0E-28,0E-28,0,0,0,707,708,2036,ZBO,0.3835616438356164383561643836,0.2876712328767123287671232877,0.1092137361606305122912366373,0.07863389003565396884969037886
39.67123287671232876712329042,0,0.000,39.67123287671232876712329042,0.3835616438356164383561643836,0.2876712328767123287671232877,39.28767123287671232876712604,0E-28,0E-28,0,0,0,708,709,2036,ZBO,0.3835616438356164383561643836,0.2876712328767123287671232877,0.1081628823419027960217676938,0.07787727528617001313567273954
39.28767123287671232876712604,0,0.000,39.28767123287671232876712604,0.3835616438356164383561643836,0.2876712328767123287671232877,38.90410958904109589041096166,0E-28,0E-28,0,0,0,709,710,2036,ZBO,0.3835616438356164383561643836,0.2876712328767123287671232877,0.1071120285231750797522987503,0.07712066053668605742165510022
38.90410958904109589041096166,0,0.000,38.90410958904109589041096166,0.3835616438356164383561643836,0.2876712328767123287671232877,38.52054794520547945205479728,0E-28,0E-28,0,0,0,710,711,2036,ZBO,0.3835616438356164383561643836,0.2876712328767123287671232877,0.1060611747044473634828298068,0.07636404578720210170763746090
38.52054794520547945205479728,0,0.000,38.52054794520547945205479728,0.3835616438356164383561643836,0.2876712328767123287671232877,38.13698630136986301369863290,0E-28,0E-28,0,0,0,711,712,2036,ZBO,0.3835616438356164383561643836,0.2876712328767123287671232877,0.1050103208857196472133608633,0.07560743103771814599361982158
38.13698630136986301369863290,0,0.000,38.13698630136986301369863290,0.3835616438356164383561643836,0.2876712328767123287671232877,37.75342465753424657534246852,0E-28,0E-28,0,0,0,712,713,2036,ZBO,0.3835616438356164383561643836,0.2876712328767123287671232877,0.1039594670669919309438919198,0.07485081628823419027960218226
37.75342465753424657534246852,0,0.000,37.75342465753424657534246852,0.3835616438356164383561643836,0.2876712328767123287671232877,37.36986301369863013698630414,0E-28,0E-28,0,0,0,713,714,2036,ZBO,0.3835616438356164383561643836,0.2876712328767123287671232877,0.1029086132482642146744229763,0.07409420153875023456558454294
37.36986301369863013698630414,0,0.000,37.36986301369863013698630414,0.3835616438356164383561643836,0.2876712328767123287671232877,36.98630136986301369863013976,0E-28,0E-28,0,0,0,714,715,2036,ZBO,0.3835616438356164383561643836,0.2876712328767123287671232877,0.1018577594295364984049540327,0.07333758678926627885156690354
36.98630136986301369863013976,0,0.000,36.98630136986301369863013976,0.3835616438356164383561643836,0.2876712328767123287671232877,36.60273972602739726027397538,0E-28,0E-28,0,0,0,715,716,2036,ZBO,0.3835616438356164383561643836,0.2876712328767123287671232877,0.1008069056108087821354850892,0.07258097203978232313754926422
36.60273972602739726027397538,0,0.000,36.60273972602739726027397538,0.3835616438356164383561643836,0.2876712328767123287671232877,36.21917808219178082191781100,0E-28,0E-28,0,0,0,716,717,2036,ZBO,0.3835616438356164383561643836,0.2876712328767123287671232877,0.09975605179208106586601614574,0.07182435729029836742353162493
36.21917808219178082191781100,0,0.000,36.21917808219178082191781100,0.3835616438356164383561643836,0.2876712328767123287671232877,35.83561643835616438356164662,0E-28,0E-28,0,0,0,717,718,2036,ZBO,0.3835616438356164383561643836,0.2876712328767123287671232877,0.09870519797335334959654720223,0.07106774254081441170951398561
35.83561643835616438356164662,0,0.000,35.83561643835616438356164662,0.3835616438356164383561643836,0.2876712328767123287671232877,35.45205479452054794520548224,0E-28,0E-28,0,0,0,718,719,2036,ZBO,0.3835616438356164383561643836,0.2876712328767123287671232877,0.09765434415462563332707825872,0.07031112779133045599549634628
35.45205479452054794520548224,0,0.000,35.45205479452054794520548224,0.3835616438356164383561643836,0.2876712328767123287671232877,35.06849315068493150684931786,0E-28,0E-28,0,0,0,719,720,2036,ZBO,0.3835616438356164383561643836,0.2876712328767123287671232877,0.09660349033589791705760931522,0.06955451304184650028147870696
35.06849315068493150684931786,0,0.000,35.06849315068493150684931786,0.3835616438356164383561643836,0.2876712328767123287671232877,34.68493150684931506849315348,0E-28,0E-28,0,0,0,720,721,2036,ZBO,0.3835616438356164383561643836,0.2876712328767123287671232877,0.09555263651717020078814037171,0.06879789829236254456746106763
34.68493150684931506849315348,0,0.000,34.68493150684931506849315348,0.3835616438356164383561643836,0.2876712328767123287671232877,34.30136986301369863013698910,0E-28,0E-28,0,0,0,721,722,2036,ZBO,0.3835616438356164383561643836,0.2876712328767123287671232877,0.09450178269844248451867142820,0.06804128354287858885344342830
34.30136986301369863013698910,0,0.000,34.30136986301369863013698910,0.3835616438356164383561643836,0.2876712328767123287671232877,33.91780821917808219178082472,0E-28,0E-28,0,0,0,722,723,2036,ZBO,0.3835616438356164383561643836,0.2876712328767123287671232877,0.09345092887971476824920248469,0.06728466879339463313942578898
33.91780821917808219178082472,0,0.000,33.91780821917808219178082472,0.3835616438356164383561643836,0.2876712328767123287671232877,33.53424657534246575342466034,0E-28,0E-28,0,0,0,723,724,2036,ZBO,0.3835616438356164383561643836,0.2876712328767123287671232877,0.09240007506098705197973354119,0.06652805404391067742540814966
33.53424657534246575342466034,0,0.000,33.53424657534246575342466034,0.3835616438356164383561643836,0.2876712328767123287671232877,33.15068493150684931506849596,0E-28,0E-28,0,0,0,724,725,2036,ZBO,0.3835616438356164383561643836,0.2876712328767123287671232877,0.09134922124225933571026459768,0.06577143929442672171139051033
33.15068493150684931506849596,0,0.000,33.15068493150684931506849596,0.3835616438356164383561643836,0.2876712328767123287671232877,32.76712328767123287671233158,0E-28,0E-28,0,0,0,725,726,2036,ZBO,0.3835616438356164383561643836,0.2876712328767123287671232877,0.09029836742353161944079565417,0.06501482454494276599737287100
32.76712328767123287671233158,0,0.000,32.76712328767123287671233158,0.3835616438356164383561643836,0.2876712328767123287671232877,32.38356164383561643835616720,0E-28,0E-28,0,0,0,726,727,2036,ZBO,0.3835616438356164383561643836,0.2876712328767123287671232877,0.08924751360480390317132671067,0.06425820979545881028335523168
32.38356164383561643835616720,0,0.000,32.38356164383561643835616720,0.3835616438356164383561643836,0.2876712328767123287671232877,32.00000000000000000000000282,0E-28,0E-28,0,0,0,727,728,2036,ZBO,0.3835616438356164383561643836,0.2876712328767123287671232877,0.08819665978607618690185776716,0.06350159504597485456933759236
32.00000000000000000000000282,0,0.000,32.00000000000000000000000282,0.3835616438356164383561643836,0.2876712328767123287671232877,31.61643835616438356164383844,0E-28,0E-28,0,0,0,728,729,2036,ZBO,0.3835616438356164383561643836,0.2876712328767123287671232877,0.08714580596734847063238882365,0.06274498029649089885531995303
31.61643835616438356164383844,0,0.000,31.61643835616438356164383844,0.3835616438356164383561643836,0.2876712328767123287671232877,31.23287671232876712328767406,0E-28,0E-28,0,0,0,729,730,2036,ZBO,0.3835616438356164383561643836,0.2876712328767123287671232877,0.08609495214862075436291988015,0.06198836554700694314130231371
31.23287671232876712328767406,17.37747952600151590778843843,0.2085297543120181908934612612,48.40182648401826484018265123,0.5205479452054794520547945206,0.3698630136986301369863013699,47.88127853881278538812785671,0E-28,0E-28,17.37747952600151590778843843,0E-26,0,730,731,2037,ZBO,0.5205479452054794520547945206,0.3698630136986301369863013699,0.1318946644148370551072746684,0.09496415837868267967723776125
47.88127853881278538812785671,0,0.000,47.88127853881278538812785671,0.5205479452054794520547945206,0.3698630136986301369863013699,47.36073059360730593607306219,0E-28,0E-28,0,0,0,731,732,2037,ZBO,0.5205479452054794520547945206,0.3698630136986301369863013699,0.1304685056608494401701382451,0.09393732407581159692249953647
47.36073059360730593607306219,0,0.000,47.36073059360730593607306219,0.5205479452054794520547945206,0.3698630136986301369863013699,46.84018264840182648401826767,0E-28,0E-28,0,0,0,732,733,2037,ZBO,0.5205479452054794520547945206,0.3698630136986301369863013699,0.1290423469068618252330018217,0.09291048977294051416776131162
46.84018264840182648401826767,0,0.000,46.84018264840182648401826767,0.5205479452054794520547945206,0.3698630136986301369863013699,46.31963470319634703196347315,0E-28,0E-28,0,0,0,733,734,2037,ZBO,0.5205479452054794520547945206,0.3698630136986301369863013699,0.1276161881528742102958653984,0.09188365547006943141302308685
46.31963470319634703196347315,0,0.000,46.31963470319634703196347315,0.5205479452054794520547945206,0.3698630136986301369863013699,45.79908675799086757990867863,0E-28,0E-28,0,0,0,734,735,2037,ZBO,0.5205479452054794520547945206,0.3698630136986301369863013699,0.1261900293988865953587289751,0.09085682116719834865828486207
45.79908675799086757990867863,0,0.000,45.79908675799086757990867863,0.5205479452054794520547945206,0.3698630136986301369863013699,45.27853881278538812785388411,0E-28,0E-28,0,0,0,735,736,2037,ZBO,0.5205479452054794520547945206,0.3698630136986301369863013699,0.1247638706448989804215925517,0.08982998686432726590354663722
45.27853881278538812785388411,0,0.000,45.27853881278538812785388411,0.5205479452054794520547945206,0.3698630136986301369863013699,44.75799086757990867579908959,0E-28,0E-28,0,0,0,736,737,2037,ZBO,0.5205479452054794520547945206,0.3698630136986301369863013699,0.1233377118909113654844561284,0.08880315256145618314880841245
44.75799086757990867579908959,0,0.000,44.75799086757990867579908959,0.5205479452054794520547945206,0.3698630136986301369863013699,44.23744292237442922374429507,0E-28,0E-28,0,0,0,737,738,2037,ZBO,0.5205479452054794520547945206,0.3698630136986301369863013699,0.1219115531369237505473197050,0.08777631825858510039407018760
44.23744292237442922374429507,0,0.000,44.23744292237442922374429507,0.5205479452054794520547945206,0.3698630136986301369863013699,43.71689497716894977168950055,0E-28,0E-28,0,0,0,738,739,2037,ZBO,0.5205479452054794520547945206,0.3698630136986301369863013699,0.1204853943829361356101832817,0.08674948395571401763933196282
43.71689497716894977168950055,0,0.000,43.71689497716894977168950055,0.5205479452054794520547945206,0.3698630136986301369863013699,43.19634703196347031963470603,0E-28,0E-28,0,0,0,739,740,2037,ZBO,0.5205479452054794520547945206,0.3698630136986301369863013699,0.1190592356289485206730468583,0.08572264965284293488459373798
43.19634703196347031963470603,0,0.000,43.19634703196347031963470603,0.5205479452054794520547945206,0.3698630136986301369863013699,42.67579908675799086757991151,0E-28,0E-28,0,0,0,740,741,2037,ZBO,0.5205479452054794520547945206,0.3698630136986301369863013699,0.1176330768749609057359104350,0.08469581534997185212985551320
42.67579908675799086757991151,0,0.000,42.67579908675799086757991151,0.5205479452054794520547945206,0.3698630136986301369863013699,42.15525114155251141552511699,0E-28,0E-28,0,0,0,741,742,2037,ZBO,0.5205479452054794520547945206,0.3698630136986301369863013699,0.1162069181209732907987740117,0.08366898104710076937511728842
42.15525114155251141552511699,0,0.000,42.15525114155251141552511699,0.5205479452054794520547945206,0.3698630136986301369863013699,41.63470319634703196347032247,0E-28,0E-28,0,0,0,742,743,2037,ZBO,0.5205479452054794520547945206,0.3698630136986301369863013699,0.1147807593669856758616375883,0.08264214674422968662037906358
41.63470319634703196347032247,0,0.000,41.63470319634703196347032247,0.5205479452054794520547945206,0.3698630136986301369863013699,41.11415525114155251141552795,0E-28,0E-28,0,0,0,743,744,2037,ZBO,0.5205479452054794520547945206,0.3698630136986301369863013699,0.1133546006129980609245011650,0.08161531244135860386564083880
41.11415525114155251141552795,0,0.000,41.11415525114155251141552795,0.5205479452054794520547945206,0.3698630136986301369863013699,40.59360730593607305936073343,0E-28,0E-28,0,0,0,744,745,2037,ZBO,0.5205479452054794520547945206,0.3698630136986301369863013699,0.1119284418590104459873647416,0.08058847813848752111090261395
40.59360730593607305936073343,0,0.000,40.59360730593607305936073343,0.5205479452054794520547945206,0.3698630136986301369863013699,40.07305936073059360730593891,0E-28,0E-28,0,0,0,745,746,2037,ZBO,0.5205479452054794520547945206,0.3698630136986301369863013699,0.1105022831050228310502283183,0.07956164383561643835616438918
40.07305936073059360730593891,0,0.000,40.07305936073059360730593891,0.5205479452054794520547945206,0.3698630136986301369863013699,39.55251141552511415525114439,0E-28,0E-28,0,0,0,746,747,2037,ZBO,0.5205479452054794520547945206,0.3698630136986301369863013699,0.1090761243510352161130918949,0.07853480953274535560142616433
39.55251141552511415525114439,0,0.000,39.55251141552511415525114439,0.5205479452054794520547945206,0.3698630136986301369863013699,39.03196347031963470319634987,0E-28,0E-28,0,0,0,747,748,2037,ZBO,0.5205479452054794520547945206,0.3698630136986301369863013699,0.1076499655970476011759554716,0.07750797522987427284668793955
39.03196347031963470319634987,0,0.000,39.03196347031963470319634987,0.5205479452054794520547945206,0.3698630136986301369863013699,38.51141552511415525114155535,0E-28,0E-28,0,0,0,748,749,2037,ZBO,0.5205479452054794520547945206,0.3698630136986301369863013699,0.1062238068430599862388190483,0.07648114092700319009194971478
38.51141552511415525114155535,0,0.000,38.51141552511415525114155535,0.5205479452054794520547945206,0.3698630136986301369863013699,37.99086757990867579908676083,0E-28,0E-28,0,0,0,749,750,2037,ZBO,0.5205479452054794520547945206,0.3698630136986301369863013699,0.1047976480890723713016826249,0.07545430662413210733721148993
37.99086757990867579908676083,0,0.000,37.99086757990867579908676083,0.5205479452054794520547945206,0.3698630136986301369863013699,37.47031963470319634703196631,0E-28,0E-28,0,0,0,750,751,2037,ZBO,0.5205479452054794520547945206,0.3698630136986301369863013699,0.1033714893350847563645462016,0.07442747232126102458247326515
37.47031963470319634703196631,0,0.000,37.47031963470319634703196631,0.5205479452054794520547945206,0.3698630136986301369863013699,36.94977168949771689497717179,0E-28,0E-28,0,0,0,751,752,2037,ZBO,0.5205479452054794520547945206,0.3698630136986301369863013699,0.1019453305810971414274097782,0.07340063801838994182773504030
36.94977168949771689497717179,0,0.000,36.94977168949771689497717179,0.5205479452054794520547945206,0.3698630136986301369863013699,36.42922374429223744292237727,0E-28,0E-28,0,0,0,752,753,2037,ZBO,0.5205479452054794520547945206,0.3698630136986301369863013699,0.1005191718271095264902733549,0.07237380371551885907299681553
36.42922374429223744292237727,0,0.000,36.42922374429223744292237727,0.5205479452054794520547945206,0.3698630136986301369863013699,35.90867579908675799086758275,0E-28,0E-28,0,0,0,753,754,2037,ZBO,0.5205479452054794520547945206,0.3698630136986301369863013699,0.09909301307312191155313693154,0.07134696941264777631825859071
35.90867579908675799086758275,0,0.000,35.90867579908675799086758275,0.5205479452054794520547945206,0.3698630136986301369863013699,35.38812785388127853881278823,0E-28,0E-28,0,0,0,754,755,2037,ZBO,0.5205479452054794520547945206,0.3698630136986301369863013699,0.09766685431913429661600050820,0.07032013510977669356352036590
35.38812785388127853881278823,0,0.000,35.38812785388127853881278823,0.5205479452054794520547945206,0.3698630136986301369863013699,34.86757990867579908675799371,0E-28,0E-28,0,0,0,755,756,2037,ZBO,0.5205479452054794520547945206,0.3698630136986301369863013699,0.09624069556514668167886408486,0.06929330080690561080878214110
34.86757990867579908675799371,0,0.000,34.86757990867579908675799371,0.5205479452054794520547945206,0.3698630136986301369863013699,34.34703196347031963470319919,0E-28,0E-28,0,0,0,756,757,2037,ZBO,0.5205479452054794520547945206,0.3698630136986301369863013699,0.09481453681115906674172766152,0.06826646650403452805404391629
34.34703196347031963470319919,0,0.000,34.34703196347031963470319919,0.5205479452054794520547945206,0.3698630136986301369863013699,33.82648401826484018264840467,0E-28,0E-28,0,0,0,757,758,2037,ZBO,0.5205479452054794520547945206,0.3698630136986301369863013699,0.09338837805717145180459123817,0.06723963220116344529930569148
33.82648401826484018264840467,0,0.000,33.82648401826484018264840467,0.5205479452054794520547945206,0.3698630136986301369863013699,33.30593607305936073059361015,0E-28,0E-28,0,0,0,758,759,2037,ZBO,0.5205479452054794520547945206,0.3698630136986301369863013699,0.09196221930318383686745481483,0.06621279789829236254456746668
33.30593607305936073059361015,0,0.000,33.30593607305936073059361015,0.5205479452054794520547945206,0.3698630136986301369863013699,32.78538812785388127853881563,0E-28,0E-28,0,0,0,759,760,2037,ZBO,0.5205479452054794520547945206,0.3698630136986301369863013699,0.09053606054919622193031839149,0.06518596359542127978982924187
32.78538812785388127853881563,0,0.000,32.78538812785388127853881563,0.2168949771689497716894977170,0.1541095890410958904109589042,32.56849315068493150684931791,0E-28,0E-28,0,0,0,760,9125/12,2037,ZBO,0.2168949771689497716894977170,0.1541095890410958904109589042,0.03730244365213402556243614930,0.02685775942953649840495402750
32.56849315068493150684931791,17.37747952600151590778843843,0.2085297543120181908934612612,49.73744292237442922374429508,0.3036529680365296803652968036,0.2157534246575342465753424657,49.43378995433789954337899828,0E-28,0E-28,17.37747952600151590778843843,0E-26,0,9125/12,761,2037,ZBO,0.3036529680365296803652968036,0.2157534246575342465753424657,0.07924641896540939513354601067,0.05705742165509476449615312768
49.43378995433789954337899828,0,0.000,49.43378995433789954337899828,0.5205479452054794520547945206,0.3698630136986301369863013699,48.91324200913242009132420376,0E-28,0E-28,0,0,0,761,762,2037,ZBO,0.5205479452054794520547945206,0.3698630136986301369863013699,0.1347219615937949584037030165,0.09699981234753237005066617188
48.91324200913242009132420376,0,0.000,48.91324200913242009132420376,0.5205479452054794520547945206,0.3698630136986301369863013699,48.39269406392694063926940924,0E-28,0E-28,0,0,0,762,763,2037,ZBO,0.5205479452054794520547945206,0.3698630136986301369863013699,0.1332958028398073434665665932,0.09597297804466128729592794710
48.39269406392694063926940924,0,0.000,48.39269406392694063926940924,0.5205479452054794520547945206,0.3698630136986301369863013699,47.87214611872146118721461472,0E-28,0E-28,0,0,0,763,764,2037,ZBO,0.5205479452054794520547945206,0.3698630136986301369863013699,0.1318696440858197285294301698,0.09494614374179020454118972226
47.87214611872146118721461472,0,0.000,47.87214611872146118721461472,0.5205479452054794520547945206,0.3698630136986301369863013699,47.35159817351598173515982020,0E-28,0E-28,0,0,0,764,765,2037,ZBO,0.5205479452054794520547945206,0.3698630136986301369863013699,0.1304434853318321135922937465,0.09391930943891912178645149748
47.35159817351598173515982020,0,0.000,47.35159817351598173515982020,0.5205479452054794520547945206,0.3698630136986301369863013699,46.83105022831050228310502568,0E-28,0E-28,0,0,0,765,766,2037,ZBO,0.5205479452054794520547945206,0.3698630136986301369863013699,0.1290173265778444986551573231,0.09289247513604803903171327263
46.83105022831050228310502568,0,0.000,46.83105022831050228310502568,0.5205479452054794520547945206,0.3698630136986301369863013699,46.31050228310502283105023116,0E-28,0E-28,0,0,0,766,767,2037,ZBO,0.5205479452054794520547945206,0.3698630136986301369863013699,0.1275911678238568837180208998,0.09186564083317695627697504786
46.31050228310502283105023116,0,0.000,46.31050228310502283105023116,0.5205479452054794520547945206,0.3698630136986301369863013699,45.78995433789954337899543664,0E-28,0E-28,0,0,0,767,768,2037,ZBO,0.5205479452054794520547945206,0.3698630136986301369863013699,0.1261650090698692687808844765,0.09083880653030587352223682308
45.78995433789954337899543664,0,0.000,45.78995433789954337899543664,0.5205479452054794520547945206,0.3698630136986301369863013699,45.26940639269406392694064212,0E-28,0E-28,0,0,0,768,769,2037,ZBO,0.5205479452054794520547945206,0.3698630136986301369863013699,0.1247388503158816538437480531,0.08981197222743479076749859823
45.26940639269406392694064212,0,0.000,45.26940639269406392694064212,0.5205479452054794520547945206,0.3698630136986301369863013699,44.74885844748858447488584760,0E-28,0E-28,0,0,0,769,770,2037,ZBO,0.5205479452054794520547945206,0.3698630136986301369863013699,0.1233126915618940389066116298,0.08878513792456370801276037346
44.74885844748858447488584760,0,0.000,44.74885844748858447488584760,0.5205479452054794520547945206,0.3698630136986301369863013699,44.22831050228310502283105308,0E-28,0E-28,0,0,0,770,771,2037,ZBO,0.5205479452054794520547945206,0.3698630136986301369863013699,0.1218865328079064239694752064,0.08775830362169262525802214861
44.22831050228310502283105308,0,0.000,44.22831050228310502283105308,0.5205479452054794520547945206,0.3698630136986301369863013699,43.70776255707762557077625856,0E-28,0E-28,0,0,0,771,772,2037,ZBO,0.5205479452054794520547945206,0.3698630136986301369863013699,0.1204603740539188090323387831,0.08673146931882154250328392383
43.70776255707762557077625856,0,0.000,43.70776255707762557077625856,0.5205479452054794520547945206,0.3698630136986301369863013699,43.18721461187214611872146404,0E-28,0E-28,0,0,0,772,773,2037,ZBO,0.5205479452054794520547945206,0.3698630136986301369863013699,0.1190342152999311940952023597,0.08570463501595045974854569898
43.18721461187214611872146404,0,0.000,43.18721461187214611872146404,0.5205479452054794520547945206,0.3698630136986301369863013699,42.66666666666666666666666952,0E-28,0E-28,0,0,0,773,774,2037,ZBO,0.5205479452054794520547945206,0.3698630136986301369863013699,0.1176080565459435791580659364,0.08467780071307937699380747421
42.66666666666666666666666952,0,0.000,42.66666666666666666666666952,0.5205479452054794520547945206,0.3698630136986301369863013699,42.14611872146118721461187500,0E-28,0E-28,0,0,0,774,775,2037,ZBO,0.5205479452054794520547945206,0.3698630136986301369863013699,0.1161818977919559642209295131,0.08365096641020829423906924943
42.14611872146118721461187500,0,0.000,42.14611872146118721461187500,0.5205479452054794520547945206,0.3698630136986301369863013699,41.62557077625570776255708048,0E-28,0E-28,0,0,0,775,776,2037,ZBO,0.5205479452054794520547945206,0.3698630136986301369863013699,0.1147557390379683492837930897,0.08262413210733721148433102458
41.62557077625570776255708048,0,0.000,41.62557077625570776255708048,0.5205479452054794520547945206,0.3698630136986301369863013699,41.10502283105022831050228596,0E-28,0E-28,0,0,0,776,777,2037,ZBO,0.5205479452054794520547945206,0.3698630136986301369863013699,0.1133295802839807343466566664,0.08159729780446612872959279981
41.10502283105022831050228596,0,0.000,41.10502283105022831050228596,0.5205479452054794520547945206,0.3698630136986301369863013699,40.58447488584474885844749144,0E-28,0E-28,0,0,0,777,778,2037,ZBO,0.5205479452054794520547945206,0.3698630136986301369863013699,0.1119034215299931194095202430,0.08057046350159504597485457496
40.58447488584474885844749144,0,0.000,40.58447488584474885844749144,0.5205479452054794520547945206,0.3698630136986301369863013699,40.06392694063926940639269692,0E-28,0E-28,0,0,0,778,779,2037,ZBO,0.5205479452054794520547945206,0.3698630136986301369863013699,0.1104772627760055044723838197,0.07954362919872396322011635018
40.06392694063926940639269692,0,0.000,40.06392694063926940639269692,0.5205479452054794520547945206,0.3698630136986301369863013699,39.54337899543378995433790240,0E-28,0E-28,0,0,0,779,780,2037,ZBO,0.5205479452054794520547945206,0.3698630136986301369863013699,0.1090511040220178895352473963,0.07851679489585288046537812534
39.54337899543378995433790240,0,0.000,39.54337899543378995433790240,0.5205479452054794520547945206,0.3698630136986301369863013699,39.02283105022831050228310788,0E-28,0E-28,0,0,0,780,781,2037,ZBO,0.5205479452054794520547945206,0.3698630136986301369863013699,0.1076249452680302745981109730,0.07748996059298179771063990056
39.02283105022831050228310788,0,0.000,39.02283105022831050228310788,0.5205479452054794520547945206,0.3698630136986301369863013699,38.50228310502283105022831336,0E-28,0E-28,0,0,0,781,782,2037,ZBO,0.5205479452054794520547945206,0.3698630136986301369863013699,0.1061987865140426596609745497,0.07646312629011071495590167578
38.50228310502283105022831336,0,0.000,38.50228310502283105022831336,0.5205479452054794520547945206,0.3698630136986301369863013699,37.98173515981735159817351884,0E-28,0E-28,0,0,0,782,783,2037,ZBO,0.5205479452054794520547945206,0.3698630136986301369863013699,0.1047726277600550447238381263,0.07543629198723963220116345094
37.98173515981735159817351884,0,0.000,37.98173515981735159817351884,0.5205479452054794520547945206,0.3698630136986301369863013699,37.46118721461187214611872432,0E-28,0E-28,0,0,0,783,784,2037,ZBO,0.5205479452054794520547945206,0.3698630136986301369863013699,0.1033464690060674297867017030,0.07440945768436854944642522616
37.46118721461187214611872432,0,0.000,37.46118721461187214611872432,0.5205479452054794520547945206,0.3698630136986301369863013699,36.94063926940639269406392980,0E-28,0E-28,0,0,0,784,785,2037,ZBO,0.5205479452054794520547945206,0.3698630136986301369863013699,0.1019203102520798148495652796,0.07338262338149746669168700131
36.94063926940639269406392980,0,0.000,36.94063926940639269406392980,0.5205479452054794520547945206,0.3698630136986301369863013699,36.42009132420091324200913528,0E-28,0E-28,0,0,0,785,786,2037,ZBO,0.5205479452054794520547945206,0.3698630136986301369863013699,0.1004941514980921999124288563,0.07235578907862638393694877654
36.42009132420091324200913528,0,0.000,36.42009132420091324200913528,0.5205479452054794520547945206,0.3698630136986301369863013699,35.89954337899543378995434076,0E-28,0E-28,0,0,0,786,787,2037,ZBO,0.5205479452054794520547945206,0.3698630136986301369863013699,0.09906799274410458497529243294,0.07132895477575530118221055172
35.89954337899543378995434076,0,0.000,35.89954337899543378995434076,0.5205479452054794520547945206,0.3698630136986301369863013699,35.37899543378995433789954624,0E-28,0E-28,0,0,0,787,788,2037,ZBO,0.5205479452054794520547945206,0.3698630136986301369863013699,0.09764183399011697003815600960,0.07030212047288421842747232691
35.37899543378995433789954624,0,0.000,35.37899543378995433789954624,0.5205479452054794520547945206,0.3698630136986301369863013699,34.85844748858447488584475172,0E-28,0E-28,0,0,0,788,789,2037,ZBO,0.5205479452054794520547945206,0.3698630136986301369863013699,0.09621567523612935510101958626,0.06927528617001313567273410211
34.85844748858447488584475172,0,0.000,34.85844748858447488584475172,0.5205479452054794520547945206,0.3698630136986301369863013699,34.33789954337899543378995720,0E-28,0E-28,0,0,0,789,790,2037,ZBO,0.5205479452054794520547945206,0.3698630136986301369863013699,0.09478951648214174016388316291,0.06824845186714205291799587730
34.33789954337899543378995720,0,0.000,34.33789954337899543378995720,0.4337899543378995433789954338,0.3082191780821917808219178082,33.90410958904109589041096177,0E-28,0E-28,0,0,0,790,4745/6,2037,ZBO,0.4337899543378995433789954338,0.3082191780821917808219178082,0.07790183690915535539292342347,0.05608932257459185588290486490
33.90410958904109589041096177,17.37747952600151590778843843,0.2085297543120181908934612612,51.07305936073059360730593894,0.08675799086757990867579908677,0.06164383561643835616438356165,50.98630136986301369863013985,0E-29,0E-29,17.37747952600151590778843843,0E-26,0,4745/6,791,2037,ZBO,0.08675799086757990867579908677,0.06164383561643835616438356165,0.02330122391109443089176622804,0.01677688121598799024207168419
50.98630136986301369863013985,0,0.000,50.98630136986301369863013985,0.5205479452054794520547945206,0.3698630136986301369863013699,50.46575342465753424657534533,0E-28,0E-28,0,0,0,791,792,2037,ZBO,0.5205479452054794520547945206,0.3698630136986301369863013699,0.1389754175267404766372677880,0.1000623006192531431788328074
50.46575342465753424657534533,0,0.000,50.46575342465753424657534533,0.5205479452054794520547945206,0.3698630136986301369863013699,49.94520547945205479452055081,0E-28,0E-28,0,0,0,792,793,2037,ZBO,0.5205479452054794520547945206,0.3698630136986301369863013699,0.1375492587727528617001313645,0.09903546631638206042409458244
49.94520547945205479452055081,0,0.000,49.94520547945205479452055081,0.5205479452054794520547945206,0.3698630136986301369863013699,49.42465753424657534246575629,0E-28,0E-28,0,0,0,793,794,2037,ZBO,0.5205479452054794520547945206,0.3698630136986301369863013699,0.1361231000187652467629949412,0.09800863201351097766935635766
49.42465753424657534246575629,0,0.000,49.42465753424657534246575629,0.5205479452054794520547945206,0.3698630136986301369863013699,48.90410958904109589041096177,0E-28,0E-28,0,0,0,794,795,2037,ZBO,0.5205479452054794520547945206,0.3698630136986301369863013699,0.1346969412647776318258585179,0.09698179771063989491461813289
48.90410958904109589041096177,0,0.000,48.90410958904109589041096177,0.5205479452054794520547945206,0.3698630136986301369863013699,48.38356164383561643835616725,0E-28,0E-28,0,0,0,795,796,2037,ZBO,0.5205479452054794520547945206,0.3698630136986301369863013699,0.1332707825107900168887220946,0.09595496340776881215987990811
48.38356164383561643835616725,0,0.000,48.38356164383561643835616725,0.5205479452054794520547945206,0.3698630136986301369863013699,47.86301369863013698630137273,0E-28,0E-28,0,0,0,796,797,2037,ZBO,0.5205479452054794520547945206,0.3698630136986301369863013699,0.1318446237568024019515856712,0.09492812910489772940514168326
47.86301369863013698630137273,0,0.000,47.86301369863013698630137273,0.5205479452054794520547945206,0.3698630136986301369863013699,47.34246575342465753424657821,0E-28,0E-28,0,0,0,797,798,2037,ZBO,0.5205479452054794520547945206,0.3698630136986301369863013699,0.1304184650028147870144492479,0.09390129480202664665040345849
47.34246575342465753424657821,0,0.000,47.34246575342465753424657821,0.5205479452054794520547945206,0.3698630136986301369863013699,46.82191780821917808219178369,0E-28,0E-28,0,0,0,798,799,2037,ZBO,0.5205479452054794520547945206,0.3698630136986301369863013699,0.1289923062488271720773128245,0.09287446049915556389566523364
46.82191780821917808219178369,0,0.000,46.82191780821917808219178369,0.5205479452054794520547945206,0.3698630136986301369863013699,46.30136986301369863013698917,0E-28,0E-28,0,0,0,799,800,2037,ZBO,0.5205479452054794520547945206,0.3698630136986301369863013699,0.1275661474948395571401764012,0.09184762619628448114092700886
46.30136986301369863013698917,0,0.000,46.30136986301369863013698917,0.5205479452054794520547945206,0.3698630136986301369863013699,45.78082191780821917808219465,0E-28,0E-28,0,0,0,800,801,2037,ZBO,0.5205479452054794520547945206,0.3698630136986301369863013699,0.1261399887408519422030399778,0.09082079189341339838618878402
45.78082191780821917808219465,0,0.000,45.78082191780821917808219465,0.5205479452054794520547945206,0.3698630136986301369863013699,45.26027397260273972602740013,0E-28,0E-28,0,0,0,801,802,2037,ZBO,0.5205479452054794520547945206,0.3698630136986301369863013699,0.1247138299868643272659035545,0.08979395759054231563145055924
45.26027397260273972602740013,0,0.000,45.26027397260273972602740013,0.5205479452054794520547945206,0.3698630136986301369863013699,44.73972602739726027397260561,0E-28,0E-28,0,0,0,802,803,2037,ZBO,0.5205479452054794520547945206,0.3698630136986301369863013699,0.1232876712328767123287671312,0.08876712328767123287671233446
44.73972602739726027397260561,0,0.000,44.73972602739726027397260561,0.5205479452054794520547945206,0.3698630136986301369863013699,44.21917808219178082191781109,0E-28,0E-28,0,0,0,803,804,2037,ZBO,0.5205479452054794520547945206,0.3698630136986301369863013699,0.1218615124788890973916307078,0.08774028898480015012197410962
44.21917808219178082191781109,0,0.000,44.21917808219178082191781109,0.5205479452054794520547945206,0.3698630136986301369863013699,43.69863013698630136986301657,0E-28,0E-28,0,0,0,804,805,2037,ZBO,0.5205479452054794520547945206,0.3698630136986301369863013699,0.1204353537249014824544942845,0.08671345468192906736723588484
43.69863013698630136986301657,0,0.000,43.69863013698630136986301657,0.5205479452054794520547945206,0.3698630136986301369863013699,43.17808219178082191780822205,0E-28,0E-28,0,0,0,805,806,2037,ZBO,0.5205479452054794520547945206,0.3698630136986301369863013699,0.1190091949709138675173578611,0.08568662037905798461249765999
43.17808219178082191780822205,0,0.000,43.17808219178082191780822205,0.5205479452054794520547945206,0.3698630136986301369863013699,42.65753424657534246575342753,0E-28,0E-28,0,0,0,806,807,2037,ZBO,0.5205479452054794520547945206,0.3698630136986301369863013699,0.1175830362169262525802214378,0.08465978607618690185775943522
42.65753424657534246575342753,0,0.000,42.65753424657534246575342753,0.5205479452054794520547945206,0.3698630136986301369863013699,42.13698630136986301369863301,0E-28,0E-28,0,0,0,807,808,2037,ZBO,0.5205479452054794520547945206,0.3698630136986301369863013699,0.1161568774629386376430850144,0.08363295177331581910302121037
42.13698630136986301369863301,0,0.000,42.13698630136986301369863301,0.5205479452054794520547945206,0.3698630136986301369863013699,41.61643835616438356164383849,0E-28,0E-28,0,0,0,808,809,2037,ZBO,0.5205479452054794520547945206,0.3698630136986301369863013699,0.1147307187089510227059485911,0.08260611747044473634828298559
41.61643835616438356164383849,0,0.000,41.61643835616438356164383849,0.5205479452054794520547945206,0.3698630136986301369863013699,41.09589041095890410958904397,0E-28,0E-28,0,0,0,809,810,2037,ZBO,0.5205479452054794520547945206,0.3698630136986301369863013699,0.1133045599549634077688121678,0.08157928316757365359354476082
41.09589041095890410958904397,0,0.000,41.09589041095890410958904397,0.5205479452054794520547945206,0.3698630136986301369863013699,40.57534246575342465753424945,0E-28,0E-28,0,0,0,810,811,2037,ZBO,0.5205479452054794520547945206,0.3698630136986301369863013699,0.1118784012009757928316757444,0.08055244886470257083880653597
40.57534246575342465753424945,0,0.000,40.57534246575342465753424945,0.5205479452054794520547945206,0.3698630136986301369863013699,40.05479452054794520547945493,0E-28,0E-28,0,0,0,811,812,2037,ZBO,0.5205479452054794520547945206,0.3698630136986301369863013699,0.1104522424469881778945393211,0.07952561456183148808406831119
40.05479452054794520547945493,0,0.000,40.05479452054794520547945493,0.5205479452054794520547945206,0.3698630136986301369863013699,39.53424657534246575342466041,0E-28,0E-28,0,0,0,812,813,2037,ZBO,0.5205479452054794520547945206,0.3698630136986301369863013699,0.1090260836930005629574028977,0.07849878025896040532933008634
39.53424657534246575342466041,0,0.000,39.53424657534246575342466041,0.5205479452054794520547945206,0.3698630136986301369863013699,39.01369863013698630136986589,0E-28,0E-28,0,0,0,813,814,2037,ZBO,0.5205479452054794520547945206,0.3698630136986301369863013699,0.1075999249390129480202664744,0.07747194595608932257459186157
39.01369863013698630136986589,0,0.000,39.01369863013698630136986589,0.5205479452054794520547945206,0.3698630136986301369863013699,38.49315068493150684931507137,0E-28,0E-28,0,0,0,814,815,2037,ZBO,0.5205479452054794520547945206,0.3698630136986301369863013699,0.1061737661850253330831300511,0.07644511165321823981985363679
38.49315068493150684931507137,0,0.000,38.49315068493150684931507137,0.5205479452054794520547945206,0.3698630136986301369863013699,37.97260273972602739726027685,0E-28,0E-28,0,0,0,815,816,2037,ZBO,0.5205479452054794520547945206,0.3698630136986301369863013699,0.1047476074310377181459936277,0.07541827735034715706511541194
37.97260273972602739726027685,0,0.000,37.97260273972602739726027685,0.5205479452054794520547945206,0.3698630136986301369863013699,37.45205479452054794520548233,0E-28,0E-28,0,0,0,816,817,2037,ZBO,0.5205479452054794520547945206,0.3698630136986301369863013699,0.1033214486770501032088572044,0.07439144304747607431037718717
37.45205479452054794520548233,0,0.000,37.45205479452054794520548233,0.5205479452054794520547945206,0.3698630136986301369863013699,36.93150684931506849315068781,0E-28,0E-28,0,0,0,817,818,2037,ZBO,0.5205479452054794520547945206,0.3698630136986301369863013699,0.1018952899230624882717207810,0.07336460874460499155563896232
36.93150684931506849315068781,0,0.000,36.93150684931506849315068781,0.5205479452054794520547945206,0.3698630136986301369863013699,36.41095890410958904109589329,0E-28,0E-28,0,0,0,818,819,2037,ZBO,0.5205479452054794520547945206,0.3698630136986301369863013699,0.1004691311690748733345843577,0.07233777444173390880090073754
36.41095890410958904109589329,0,0.000,36.41095890410958904109589329,0.5205479452054794520547945206,0.3698630136986301369863013699,35.89041095890410958904109877,0E-28,0E-28,0,0,0,819,820,2037,ZBO,0.5205479452054794520547945206,0.3698630136986301369863013699,0.09904297241508725839744793434,0.07131094013886282604616251272
35.89041095890410958904109877,0,0.000,35.89041095890410958904109877,0.5205479452054794520547945206,0.3698630136986301369863013699,35.36986301369863013698630425,0E-28,0E-28,0,0,0,820,821,2037,ZBO,0.5205479452054794520547945206,0.3698630136986301369863013699,0.09761681366109964346031151100,0.07028410583599174329142428792
35.36986301369863013698630425,0,0.000,35.36986301369863013698630425,0.1301369863013698630136986301,0.09246575342465753424657534246,35.23972602739726027397260562,0E-28,0E-29,0,0,0,821,3285/4,2037,ZBO,0.1301369863013698630136986301,0.09246575342465753424657534246,0.02418136610996434603115031160,0.01741058359917432914242822435
35.23972602739726027397260562,17.37747952600151590778843843,0.2085297543120181908934612612,52.40867579908675799086758279,0.3904109589041095890410958904,0.2773972602739726027397260274,52.01826484018264840182648690,0E-28,0E-28,17.37747952600151590778843843,0E-26,0,3285/4,822,2037,ZBO,0.3904109589041095890410958904,0.2773972602739726027397260274,0.1072879527115781572527678798,0.07724732595233627322199287346
52.01826484018264840182648690,0,0.000,52.01826484018264840182648690,0.5205479452054794520547945206,0.3698630136986301369863013699,51.49771689497716894977169238,0E-28,0E-28,0,0,0,822,823,2037,ZBO,0.5205479452054794520547945206,0.3698630136986301369863013699,0.1418027147056983799336961360,0.1020979545881028335522612179
51.49771689497716894977169238,0,0.000,51.49771689497716894977169238,0.5205479452054794520547945206,0.3698630136986301369863013699,50.97716894977168949771689786,0E-28,0E-28,0,0,0,823,824,2037,ZBO,0.5205479452054794520547945206,0.3698630136986301369863013699,0.1403765559517107649965597126,0.1010711202852317507975229931
50.97716894977168949771689786,0,0.000,50.97716894977168949771689786,0.5205479452054794520547945206,0.3698630136986301369863013699,50.45662100456621004566210334,0E-28,0E-28,0,0,0,824,825,2037,ZBO,0.5205479452054794520547945206,0.3698630136986301369863013699,0.1389503971977231500594232893,0.1000442859823606680427847683
50.45662100456621004566210334,0,0.000,50.45662100456621004566210334,0.5205479452054794520547945206,0.3698630136986301369863013699,49.93607305936073059360730882,0E-28,0E-28,0,0,0,825,826,2037,ZBO,0.5205479452054794520547945206,0.3698630136986301369863013699,0.1375242384437355351222868660,0.09901745167948958528804654352
49.93607305936073059360730882,0,0.000,49.93607305936073059360730882,0.5205479452054794520547945206,0.3698630136986301369863013699,49.41552511415525114155251430,0E-28,0E-28,0,0,0,826,827,2037,ZBO,0.5205479452054794520547945206,0.3698630136986301369863013699,0.1360980796897479201851504426,0.09799061737661850253330831867
49.41552511415525114155251430,0,0.000,49.41552511415525114155251430,0.5205479452054794520547945206,0.3698630136986301369863013699,48.89497716894977168949771978,0E-28,0E-28,0,0,0,827,828,2037,ZBO,0.5205479452054794520547945206,0.3698630136986301369863013699,0.1346719209357603052480140193,0.09696378307374741977857009390
48.89497716894977168949771978,0,0.000,48.89497716894977168949771978,0.5205479452054794520547945206,0.3698630136986301369863013699,48.37442922374429223744292526,0E-28,0E-28,0,0,0,828,829,2037,ZBO,0.5205479452054794520547945206,0.3698630136986301369863013699,0.1332457621817726903108775960,0.09593694877087633702383186912
48.37442922374429223744292526,0,0.000,48.37442922374429223744292526,0.5205479452054794520547945206,0.3698630136986301369863013699,47.85388127853881278538813074,0E-28,0E-28,0,0,0,829,830,2037,ZBO,0.5205479452054794520547945206,0.3698630136986301369863013699,0.1318196034277850753737411726,0.09491011446800525426909364427
47.85388127853881278538813074,0,0.000,47.85388127853881278538813074,0.5205479452054794520547945206,0.3698630136986301369863013699,47.33333333333333333333333622,0E-28,0E-28,0,0,0,830,831,2037,ZBO,0.5205479452054794520547945206,0.3698630136986301369863013699,0.1303934446737974604366047493,0.09388328016513417151435541950
47.33333333333333333333333622,0,0.000,47.33333333333333333333333622,0.5205479452054794520547945206,0.3698630136986301369863013699,46.81278538812785388127854170,0E-28,0E-28,0,0,0,831,832,2037,ZBO,0.5205479452054794520547945206,0.3698630136986301369863013699,0.1289672859198098454994683259,0.09285644586226308875961719465
46.81278538812785388127854170,0,0.000,46.81278538812785388127854170,0.5205479452054794520547945206,0.3698630136986301369863013699,46.29223744292237442922374718,0E-28,0E-28,0,0,0,832,833,2037,ZBO,0.5205479452054794520547945206,0.3698630136986301369863013699,0.1275411271658222305623319026,0.09182961155939200600487896987
46.29223744292237442922374718,0,0.000,46.29223744292237442922374718,0.5205479452054794520547945206,0.3698630136986301369863013699,45.77168949771689497716895266,0E-28,0E-28,0,0,0,833,834,2037,ZBO,0.5205479452054794520547945206,0.3698630136986301369863013699,0.1261149684118346156251954792,0.09080277725652092325014074502
45.77168949771689497716895266,0,0.000,45.77168949771689497716895266,0.5205479452054794520547945206,0.3698630136986301369863013699,45.25114155251141552511415814,0E-28,0E-28,0,0,0,834,835,2037,ZBO,0.5205479452054794520547945206,0.3698630136986301369863013699,0.1246888096578470006880590559,0.08977594295364984049540252025
45.25114155251141552511415814,0,0.000,45.25114155251141552511415814,0.5205479452054794520547945206,0.3698630136986301369863013699,44.73059360730593607305936362,0E-28,0E-28,0,0,0,835,836,2037,ZBO,0.5205479452054794520547945206,0.3698630136986301369863013699,0.1232626509038593857509226326,0.08874910865077875774066429547
44.73059360730593607305936362,0,0.000,44.73059360730593607305936362,0.5205479452054794520547945206,0.3698630136986301369863013699,44.21004566210045662100456910,0E-28,0E-28,0,0,0,836,837,2037,ZBO,0.5205479452054794520547945206,0.3698630136986301369863013699,0.1218364921498717708137862092,0.08772227434790767498592607062
44.21004566210045662100456910,0,0.000,44.21004566210045662100456910,0.5205479452054794520547945206,0.3698630136986301369863013699,43.68949771689497716894977458,0E-28,0E-28,0,0,0,837,838,2037,ZBO,0.5205479452054794520547945206,0.3698630136986301369863013699,0.1204103333958841558766497859,0.08669544004503659223118784585
43.68949771689497716894977458,0,0.000,43.68949771689497716894977458,0.5205479452054794520547945206,0.3698630136986301369863013699,43.16894977168949771689498006,0E-28,0E-28,0,0,0,838,839,2037,ZBO,0.5205479452054794520547945206,0.3698630136986301369863013699,0.1189841746418965409395133625,0.08566860574216550947644962100
43.16894977168949771689498006,0,0.000,43.16894977168949771689498006,0.5205479452054794520547945206,0.3698630136986301369863013699,42.64840182648401826484018554,0E-28,0E-28,0,0,0,839,840,2037,ZBO,0.5205479452054794520547945206,0.3698630136986301369863013699,0.1175580158879089260023769392,0.08464177143929442672171139622
42.64840182648401826484018554,0,0.000,42.64840182648401826484018554,0.5205479452054794520547945206,0.3698630136986301369863013699,42.12785388127853881278539102,0E-28,0E-28,0,0,0,840,841,2037,ZBO,0.5205479452054794520547945206,0.3698630136986301369863013699,0.1161318571339213110652405158,0.08361493713642334396697317138
42.12785388127853881278539102,0,0.000,42.12785388127853881278539102,0.5205479452054794520547945206,0.3698630136986301369863013699,41.60730593607305936073059650,0E-28,0E-28,0,0,0,841,842,2037,ZBO,0.5205479452054794520547945206,0.3698630136986301369863013699,0.1147056983799336961281040925,0.08258810283355226121223494660
41.60730593607305936073059650,0,0.000,41.60730593607305936073059650,0.5205479452054794520547945206,0.3698630136986301369863013699,41.08675799086757990867580198,0E-28,0E-28,0,0,0,842,843,2037,ZBO,0.5205479452054794520547945206,0.3698630136986301369863013699,0.1132795396259460811909676692,0.08156126853068117845749672182
41.08675799086757990867580198,0,0.000,41.08675799086757990867580198,0.5205479452054794520547945206,0.3698630136986301369863013699,40.56621004566210045662100746,0E-28,0E-28,0,0,0,843,844,2037,ZBO,0.5205479452054794520547945206,0.3698630136986301369863013699,0.1118533808719584662538312458,0.08053443422781009570275849698
40.56621004566210045662100746,0,0.000,40.56621004566210045662100746,0.5205479452054794520547945206,0.3698630136986301369863013699,40.04566210045662100456621294,0E-28,0E-28,0,0,0,844,845,2037,ZBO,0.5205479452054794520547945206,0.3698630136986301369863013699,0.1104272221179708513166948225,0.07950759992493901294802027220
40.04566210045662100456621294,0,0.000,40.04566210045662100456621294,0.5205479452054794520547945206,0.3698630136986301369863013699,39.52511415525114155251141842,0E-28,0E-28,0,0,0,845,846,2037,ZBO,0.5205479452054794520547945206,0.3698630136986301369863013699,0.1090010633639832363795583991,0.07848076562206793019328204735
39.52511415525114155251141842,0,0.000,39.52511415525114155251141842,0.5205479452054794520547945206,0.3698630136986301369863013699,39.00456621004566210045662390,0E-28,0E-28,0,0,0,846,847,2037,ZBO,0.5205479452054794520547945206,0.3698630136986301369863013699,0.1075749046099956214424219758,0.07745393131919684743854382258
39.00456621004566210045662390,0,0.000,39.00456621004566210045662390,0.5205479452054794520547945206,0.3698630136986301369863013699,38.48401826484018264840182938,0E-28,0E-28,0,0,0,847,848,2037,ZBO,0.5205479452054794520547945206,0.3698630136986301369863013699,0.1061487458560080065052855524,0.07642709701632576468380559773
38.48401826484018264840182938,0,0.000,38.48401826484018264840182938,0.5205479452054794520547945206,0.3698630136986301369863013699,37.96347031963470319634703486,0E-28,0E-28,0,0,0,848,849,2037,ZBO,0.5205479452054794520547945206,0.3698630136986301369863013699,0.1047225871020203915681491291,0.07540026271345468192906737295
37.96347031963470319634703486,0,0.000,37.96347031963470319634703486,0.5205479452054794520547945206,0.3698630136986301369863013699,37.44292237442922374429224034,0E-28,0E-28,0,0,0,849,850,2037,ZBO,0.5205479452054794520547945206,0.3698630136986301369863013699,0.1032964283480327766310127058,0.07437342841058359917432914818
37.44292237442922374429224034,0,0.000,37.44292237442922374429224034,0.5205479452054794520547945206,0.3698630136986301369863013699,36.92237442922374429223744582,0E-28,0E-28,0,0,0,850,851,2037,ZBO,0.5205479452054794520547945206,0.3698630136986301369863013699,0.1018702695940451616938762824,0.07334659410771251641959092333
36.92237442922374429223744582,0,0.000,36.92237442922374429223744582,0.3470319634703196347031963471,0.2465753424657534246575342466,36.57534246575342465753424947,0E-28,0E-28,0,0,0,851,2555/3,2037,ZBO,0.3470319634703196347031963471,0.2465753424657534246575342466,0.06712120264381476616417506420,0.04832726590354663163820604622
36.57534246575342465753424947,17.37747952600151590778843843,0.2085297543120181908934612612,53.74429223744292237442922664,0.1735159817351598173515981735,0.1232876712328767123287671233,53.57077625570776255707762847,0E-28,0E-28,17.37747952600151590778843843,0E-26,0,2555/3,852,2037,ZBO,0.1735159817351598173515981735,0.1232876712328767123287671233,0.04900231438043410270845061876,0.03528166635391255395008444551
53.57077625570776255707762847,0,0.000,53.57077625570776255707762847,0.5205479452054794520547945206,0.3698630136986301369863013699,53.05022831050228310502283395,0E-28,0E-28,0,0,0,852,853,2037,ZBO,0.5205479452054794520547945206,0.3698630136986301369863013699,0.1460561706386438981672609074,0.1051604428598236066804278533
53.05022831050228310502283395,0,0.000,53.05022831050228310502283395,0.5205479452054794520547945206,0.3698630136986301369863013699,52.52968036529680365296803943,0E-28,0E-28,0,0,0,853,854,2037,ZBO,0.5205479452054794520547945206,0.3698630136986301369863013699,0.1446300118846562832301244841,0.1041336085569525239256896286
52.52968036529680365296803943,0,0.000,52.52968036529680365296803943,0.5205479452054794520547945206,0.3698630136986301369863013699,52.00913242009132420091324491,0E-28,0E-28,0,0,0,854,855,2037,ZBO,0.5205479452054794520547945206,0.3698630136986301369863013699,0.1432038531306686682929880607,0.1031067742540814411709514037
52.00913242009132420091324491,0,0.000,52.00913242009132420091324491,0.5205479452054794520547945206,0.3698630136986301369863013699,51.48858447488584474885845039,0E-28,0E-28,0,0,0,855,856,2037,ZBO,0.5205479452054794520547945206,0.3698630136986301369863013699,0.1417776943766810533558516374,0.1020799399512103584162131789
51.48858447488584474885845039,0,0.000,51.48858447488584474885845039,0.5205479452054794520547945206,0.3698630136986301369863013699,50.96803652968036529680365587,0E-28,0E-28,0,0,0,856,857,2037,ZBO,0.5205479452054794520547945206,0.3698630136986301369863013699,0.1403515356226934384187152141,0.1010531056483392756614749542
50.96803652968036529680365587,0,0.000,50.96803652968036529680365587,0.5205479452054794520547945206,0.3698630136986301369863013699,50.44748858447488584474886135,0E-28,0E-28,0,0,0,857,858,2037,ZBO,0.5205479452054794520547945206,0.3698630136986301369863013699,0.1389253768687058234815787907,0.1000262713454681929067367293
50.44748858447488584474886135,0,0.000,50.44748858447488584474886135,0.5205479452054794520547945206,0.3698630136986301369863013699,49.92694063926940639269406683,0E-28,0E-28,0,0,0,858,859,2037,ZBO,0.5205479452054794520547945206,0.3698630136986301369863013699,0.1374992181147182085444423674,0.09899943704259711015199850453
49.92694063926940639269406683,0,0.000,49.92694063926940639269406683,0.5205479452054794520547945206,0.3698630136986301369863013699,49.40639269406392694063927231,0E-28,0E-28,0,0,0,859,860,2037,ZBO,0.5205479452054794520547945206,0.3698630136986301369863013699,0.1360730593607305936073059440,0.09797260273972602739726027968
49.40639269406392694063927231,0,0.000,49.40639269406392694063927231,0.5205479452054794520547945206,0.3698630136986301369863013699,48.88584474885844748858447779,0E-28,0E-28,0,0,0,860,861,2037,ZBO,0.5205479452054794520547945206,0.3698630136986301369863013699,0.1346469006067429786701695207,0.09694576843685494464252205490
48.88584474885844748858447779,0,0.000,48.88584474885844748858447779,0.5205479452054794520547945206,0.3698630136986301369863013699,48.36529680365296803652968327,0E-28,0E-28,0,0,0,861,862,2037,ZBO,0.5205479452054794520547945206,0.3698630136986301369863013699,0.1332207418527553637330330974,0.09591893413398386188778383013
48.36529680365296803652968327,0,0.000,48.36529680365296803652968327,0.5205479452054794520547945206,0.3698630136986301369863013699,47.84474885844748858447488875,0E-28,0E-28,0,0,0,862,863,2037,ZBO,0.5205479452054794520547945206,0.3698630136986301369863013699,0.1317945830987677487958966740,0.09489209983111277913304560528
47.84474885844748858447488875,0,0.000,47.84474885844748858447488875,0.5205479452054794520547945206,0.3698630136986301369863013699,47.32420091324200913242009423,0E-28,0E-28,0,0,0,863,864,2037,ZBO,0.5205479452054794520547945206,0.3698630136986301369863013699,0.1303684243447801338587602507,0.09386526552824169637830738050
47.32420091324200913242009423,0,0.000,47.32420091324200913242009423,0.5205479452054794520547945206,0.3698630136986301369863013699,46.80365296803652968036529971,0E-28,0E-28,0,0,0,864,865,2037,ZBO,0.5205479452054794520547945206,0.3698630136986301369863013699,0.1289422655907925189216238273,0.09283843122537061362356915566
46.80365296803652968036529971,0,0.000,46.80365296803652968036529971,0.5205479452054794520547945206,0.3698630136986301369863013699,46.28310502283105022831050519,0E-28,0E-28,0,0,0,865,866,2037,ZBO,0.5205479452054794520547945206,0.3698630136986301369863013699,0.1275161068368049039844874040,0.09181159692249953086883093088
46.28310502283105022831050519,0,0.000,46.28310502283105022831050519,0.5205479452054794520547945206,0.3698630136986301369863013699,45.76255707762557077625571067,0E-28,0E-28,0,0,0,866,867,2037,ZBO,0.5205479452054794520547945206,0.3698630136986301369863013699,0.1260899480828172890473509806,0.09078476261962844811409270603
45.76255707762557077625571067,0,0.000,45.76255707762557077625571067,0.5205479452054794520547945206,0.3698630136986301369863013699,45.24200913242009132420091615,0E-28,0E-28,0,0,0,867,868,2037,ZBO,0.5205479452054794520547945206,0.3698630136986301369863013699,0.1246637893288296741102145573,0.08975792831675736535935448126
45.24200913242009132420091615,0,0.000,45.24200913242009132420091615,0.5205479452054794520547945206,0.3698630136986301369863013699,44.72146118721461187214612163,0E-28,0E-28,0,0,0,868,869,2037,ZBO,0.5205479452054794520547945206,0.3698630136986301369863013699,0.1232376305748420591730781340,0.08873109401388628260461625648
44.72146118721461187214612163,0,0.000,44.72146118721461187214612163,0.5205479452054794520547945206,0.3698630136986301369863013699,44.20091324200913242009132711,0E-28,0E-28,0,0,0,869,870,2037,ZBO,0.5205479452054794520547945206,0.3698630136986301369863013699,0.1218114718208544442359417106,0.08770425971101519984987803163
44.20091324200913242009132711,0,0.000,44.20091324200913242009132711,0.5205479452054794520547945206,0.3698630136986301369863013699,43.68036529680365296803653259,0E-28,0E-28,0,0,0,870,871,2037,ZBO,0.5205479452054794520547945206,0.3698630136986301369863013699,0.1203853130668668292988052873,0.08667742540814411709513980686
43.68036529680365296803653259,0,0.000,43.68036529680365296803653259,0.5205479452054794520547945206,0.3698630136986301369863013699,43.15981735159817351598173807,0E-28,0E-28,0,0,0,871,872,2037,ZBO,0.5205479452054794520547945206,0.3698630136986301369863013699,0.1189591543128792143616688639,0.08565059110527303434040158201
43.15981735159817351598173807,0,0.000,43.15981735159817351598173807,0.5205479452054794520547945206,0.3698630136986301369863013699,42.63926940639269406392694355,0E-28,0E-28,0,0,0,872,873,2037,ZBO,0.5205479452054794520547945206,0.3698630136986301369863013699,0.1175329955588915994245324406,0.08462375680240195158566335723
42.63926940639269406392694355,0,0.000,42.63926940639269406392694355,0.5205479452054794520547945206,0.3698630136986301369863013699,42.11872146118721461187214903,0E-28,0E-28,0,0,0,873,874,2037,ZBO,0.5205479452054794520547945206,0.3698630136986301369863013699,0.1161068368049039844873960172,0.08359692249953086883092513238
42.11872146118721461187214903,0,0.000,42.11872146118721461187214903,0.5205479452054794520547945206,0.3698630136986301369863013699,41.59817351598173515981735451,0E-28,0E-28,0,0,0,874,875,2037,ZBO,0.5205479452054794520547945206,0.3698630136986301369863013699,0.1146806780509163695502595939,0.08257008819665978607618690761
41.59817351598173515981735451,0,0.000,41.59817351598173515981735451,0.5205479452054794520547945206,0.3698630136986301369863013699,41.07762557077625570776255999,0E-28,0E-28,0,0,0,875,876,2037,ZBO,0.5205479452054794520547945206,0.3698630136986301369863013699,0.1132545192969287546131231706,0.08154325389378870332144868283
41.07762557077625570776255999,0,0.000,41.07762557077625570776255999,0.5205479452054794520547945206,0.3698630136986301369863013699,40.55707762557077625570776547,0E-28,0E-28,0,0,0,876,877,2037,ZBO,0.5205479452054794520547945206,0.3698630136986301369863013699,0.1118283605429411396759867472,0.08051641959091762056671045798
40.55707762557077625570776547,0,0.000,40.55707762557077625570776547,0.5205479452054794520547945206,0.3698630136986301369863013699,40.03652968036529680365297095,0E-28,0E-28,0,0,0,877,878,2037,ZBO,0.5205479452054794520547945206,0.3698630136986301369863013699,0.1104022017889535247388503239,0.07948958528804653781197223321
40.03652968036529680365297095,0,0.000,40.03652968036529680365297095,0.5205479452054794520547945206,0.3698630136986301369863013699,39.51598173515981735159817643,0E-28,0E-28,0,0,0,878,879,2037,ZBO,0.5205479452054794520547945206,0.3698630136986301369863013699,0.1089760430349659098017139005,0.07846275098517545505723400836
39.51598173515981735159817643,0,0.000,39.51598173515981735159817643,0.5205479452054794520547945206,0.3698630136986301369863013699,38.99543378995433789954338191,0E-28,0E-28,0,0,0,879,880,2037,ZBO,0.5205479452054794520547945206,0.3698630136986301369863013699,0.1075498842809782948645774772,0.07743591668230437230249578358
38.99543378995433789954338191,0,0.000,38.99543378995433789954338191,0.5205479452054794520547945206,0.3698630136986301369863013699,38.47488584474885844748858739,0E-28,0E-28,0,0,0,880,881,2037,ZBO,0.5205479452054794520547945206,0.3698630136986301369863013699,0.1061237255269906799274410538,0.07640908237943328954775755874
38.47488584474885844748858739,0,0.000,38.47488584474885844748858739,0.5205479452054794520547945206,0.3698630136986301369863013699,37.95433789954337899543379287,0E-28,0E-28,0,0,0,881,882,2037,ZBO,0.5205479452054794520547945206,0.3698630136986301369863013699,0.1046975667730030649903046305,0.07538224807656220679301933396
37.95433789954337899543379287,0,0.000,37.95433789954337899543379287,0.04337899543378995433789954338,0.03082191780821917808219178082,37.91095890410958904109589333,0E-29,0E-29,0,0,0,882,10585/12,2037,ZBO,0.04337899543378995433789954338,0.03082191780821917808219178082,0.008660422009549425574946311210,0.006235503846875586413961344071
37.91095890410958904109589333,17.37747952600151590778843843,0.2085297543120181908934612612,55.07990867579908675799087050,0.4771689497716894977168949773,0.3390410958904109589041095891,54.60273972602739726027397552,0E-28,0E-28,17.37747952600151590778843843,0E-26,0,10585/12,883,2037,ZBO,0.4771689497716894977168949773,0.3390410958904109589041095891,0.1377293530159921602969079117,0.09916513417151435541377369642
54.60273972602739726027397552,0,0.000,54.60273972602739726027397552,0.5205479452054794520547945206,0.3698630136986301369863013699,54.08219178082191780821918100,0E-28,0E-28,0,0,0,883,884,2037,ZBO,0.5205479452054794520547945206,0.3698630136986301369863013699,0.1488834678176018014636892555,0.1071960968286732970538562640
54.08219178082191780821918100,0,0.000,54.08219178082191780821918100,0.5205479452054794520547945206,0.3698630136986301369863013699,53.56164383561643835616438648,0E-28,0E-28,0,0,0,884,885,2037,ZBO,0.5205479452054794520547945206,0.3698630136986301369863013699,0.1474573090636141865265528322,0.1061692625258022142991180392
53.56164383561643835616438648,0,0.000,53.56164383561643835616438648,0.5205479452054794520547945206,0.3698630136986301369863013699,53.04109589041095890410959196,0E-28,0E-28,0,0,0,885,886,2037,ZBO,0.5205479452054794520547945206,0.3698630136986301369863013699,0.1460311503096265715894164088,0.1051424282229311315443798143
53.04109589041095890410959196,0,0.000,53.04109589041095890410959196,0.5205479452054794520547945206,0.3698630136986301369863013699,52.52054794520547945205479744,0E-28,0E-28,0,0,0,886,887,2037,ZBO,0.5205479452054794520547945206,0.3698630136986301369863013699,0.1446049915556389566522799855,0.1041155939200600487896415896
52.52054794520547945205479744,0,0.000,52.52054794520547945205479744,0.5205479452054794520547945206,0.3698630136986301369863013699,52.00000000000000000000000292,0E-28,0E-28,0,0,0,887,888,2037,ZBO,0.5205479452054794520547945206,0.3698630136986301369863013699,0.1431788328016513417151435622,0.1030887596171889660349033648
52.00000000000000000000000292,0,0.000,52.00000000000000000000000292,0.5205479452054794520547945206,0.3698630136986301369863013699,51.47945205479452054794520840,0E-28,0E-28,0,0,0,888,889,2037,ZBO,0.5205479452054794520547945206,0.3698630136986301369863013699,0.1417526740476637267780071388,0.1020619253143178832801651399
51.47945205479452054794520840,0,0.000,51.47945205479452054794520840,0.5205479452054794520547945206,0.3698630136986301369863013699,50.95890410958904109589041388,0E-28,0E-28,0,0,0,889,890,2037,ZBO,0.5205479452054794520547945206,0.3698630136986301369863013699,0.1403265152936761118408707155,0.1010350910114468005254269152
50.95890410958904109589041388,0,0.000,50.95890410958904109589041388,0.5205479452054794520547945206,0.3698630136986301369863013699,50.43835616438356164383561936,0E-28,0E-28,0,0,0,890,891,2037,ZBO,0.5205479452054794520547945206,0.3698630136986301369863013699,0.1389003565396884969037342921,0.1000082567085757177706886903
50.43835616438356164383561936,0,0.000,50.43835616438356164383561936,0.5205479452054794520547945206,0.3698630136986301369863013699,49.91780821917808219178082484,0E-28,0E-28,0,0,0,891,892,2037,ZBO,0.5205479452054794520547945206,0.3698630136986301369863013699,0.1374741977857008819665978688,0.09898142240570463501595046554
49.91780821917808219178082484,0,0.000,49.91780821917808219178082484,0.5205479452054794520547945206,0.3698630136986301369863013699,49.39726027397260273972603032,0E-28,0E-28,0,0,0,892,893,2037,ZBO,0.5205479452054794520547945206,0.3698630136986301369863013699,0.1360480390317132670294614454,0.09795458810283355226121224069
49.39726027397260273972603032,0,0.000,49.39726027397260273972603032,0.5205479452054794520547945206,0.3698630136986301369863013699,48.87671232876712328767123580,0E-28,0E-28,0,0,0,893,894,2037,ZBO,0.5205479452054794520547945206,0.3698630136986301369863013699,0.1346218802777256520923250221,0.09692775379996246950647401591
48.87671232876712328767123580,0,0.000,48.87671232876712328767123580,0.5205479452054794520547945206,0.3698630136986301369863013699,48.35616438356164383561644128,0E-28,0E-28,0,0,0,894,895,2037,ZBO,0.5205479452054794520547945206,0.3698630136986301369863013699,0.1331957215237380371551885988,0.09590091949709138675173579114
48.35616438356164383561644128,0,0.000,48.35616438356164383561644128,0.5205479452054794520547945206,0.3698630136986301369863013699,47.83561643835616438356164676,0E-28,0E-28,0,0,0,895,896,2037,ZBO,0.5205479452054794520547945206,0.3698630136986301369863013699,0.1317695627697504222180521754,0.09487408519422030399699756629
47.83561643835616438356164676,0,0.000,47.83561643835616438356164676,0.5205479452054794520547945206,0.3698630136986301369863013699,47.31506849315068493150685224,0E-28,0E-28,0,0,0,896,897,2037,ZBO,0.5205479452054794520547945206,0.3698630136986301369863013699,0.1303434040157628072809157521,0.09384725089134922124225934151
47.31506849315068493150685224,0,0.000,47.31506849315068493150685224,0.5205479452054794520547945206,0.3698630136986301369863013699,46.79452054794520547945205772,0E-28,0E-28,0,0,0,897,898,2037,ZBO,0.5205479452054794520547945206,0.3698630136986301369863013699,0.1289172452617751923437793287,0.09282041658847813848752111666
46.79452054794520547945205772,0,0.000,46.79452054794520547945205772,0.5205479452054794520547945206,0.3698630136986301369863013699,46.27397260273972602739726320,0E-28,0E-28,0,0,0,898,899,2037,ZBO,0.5205479452054794520547945206,0.3698630136986301369863013699,0.1274910865077875774066429054,0.09179358228560705573278289189
46.27397260273972602739726320,0,0.000,46.27397260273972602739726320,0.5205479452054794520547945206,0.3698630136986301369863013699,45.75342465753424657534246868,0E-28,0E-28,0,0,0,899,900,2037,ZBO,0.5205479452054794520547945206,0.3698630136986301369863013699,0.1260649277537999624695064820,0.09076674798273597297804466704
45.75342465753424657534246868,0,0.000,45.75342465753424657534246868,0.5205479452054794520547945206,0.3698630136986301369863013699,45.23287671232876712328767416,0E-28,0E-28,0,0,0,900,901,2037,ZBO,0.5205479452054794520547945206,0.3698630136986301369863013699,0.1246387689998123475323700587,0.08973991367986489022330644226
45.23287671232876712328767416,0,0.000,45.23287671232876712328767416,0.5205479452054794520547945206,0.3698630136986301369863013699,44.71232876712328767123287964,0E-28,0E-28,0,0,0,901,902,2037,ZBO,0.5205479452054794520547945206,0.3698630136986301369863013699,0.1232126102458247325952336354,0.08871307937699380746856821749
44.71232876712328767123287964,0,0.000,44.71232876712328767123287964,0.5205479452054794520547945206,0.3698630136986301369863013699,44.19178082191780821917808512,0E-28,0E-28,0,0,0,902,903,2037,ZBO,0.5205479452054794520547945206,0.3698630136986301369863013699,0.1217864514918371176580972120,0.08768624507412272471382999264
44.19178082191780821917808512,0,0.000,44.19178082191780821917808512,0.5205479452054794520547945206,0.3698630136986301369863013699,43.67123287671232876712329060,0E-28,0E-28,0,0,0,903,904,2037,ZBO,0.5205479452054794520547945206,0.3698630136986301369863013699,0.1203602927378495027209607887,0.08665941077125164195909176786
43.67123287671232876712329060,0,0.000,43.67123287671232876712329060,0.5205479452054794520547945206,0.3698630136986301369863013699,43.15068493150684931506849608,0E-28,0E-28,0,0,0,904,905,2037,ZBO,0.5205479452054794520547945206,0.3698630136986301369863013699,0.1189341339838618877838243653,0.08563257646838055920435354302
43.15068493150684931506849608,0,0.000,43.15068493150684931506849608,0.5205479452054794520547945206,0.3698630136986301369863013699,42.63013698630136986301370156,0E-28,0E-28,0,0,0,905,906,2037,ZBO,0.5205479452054794520547945206,0.3698630136986301369863013699,0.1175079752298742728466879420,0.08460574216550947644961531824
42.63013698630136986301370156,0,0.000,42.63013698630136986301370156,0.5205479452054794520547945206,0.3698630136986301369863013699,42.10958904109589041095890704,0E-28,0E-28,0,0,0,906,907,2037,ZBO,0.5205479452054794520547945206,0.3698630136986301369863013699,0.1160818164758866579095515186,0.08357890786263839369487709339
42.10958904109589041095890704,0,0.000,42.10958904109589041095890704,0.5205479452054794520547945206,0.3698630136986301369863013699,41.58904109589041095890411252,0E-28,0E-28,0,0,0,907,908,2037,ZBO,0.5205479452054794520547945206,0.3698630136986301369863013699,0.1146556577218990429724150953,0.08255207355976731094013886862
41.58904109589041095890411252,0,0.000,41.58904109589041095890411252,0.5205479452054794520547945206,0.3698630136986301369863013699,41.06849315068493150684931800,0E-28,0E-28,0,0,0,908,909,2037,ZBO,0.5205479452054794520547945206,0.3698630136986301369863013699,0.1132294989679114280352786720,0.08152523925689622818540064384
41.06849315068493150684931800,0,0.000,41.06849315068493150684931800,0.5205479452054794520547945206,0.3698630136986301369863013699,40.54794520547945205479452348,0E-28,0E-28,0,0,0,909,910,2037,ZBO,0.5205479452054794520547945206,0.3698630136986301369863013699,0.1118033402139238130981422486,0.08049840495402514543066241899
40.54794520547945205479452348,0,0.000,40.54794520547945205479452348,0.5205479452054794520547945206,0.3698630136986301369863013699,40.02739726027397260273972896,0E-28,0E-28,0,0,0,910,911,2037,ZBO,0.5205479452054794520547945206,0.3698630136986301369863013699,0.1103771814599361981610058253,0.07947157065115406267592419422
40.02739726027397260273972896,0,0.000,40.02739726027397260273972896,0.5205479452054794520547945206,0.3698630136986301369863013699,39.50684931506849315068493444,0E-28,0E-28,0,0,0,911,912,2037,ZBO,0.5205479452054794520547945206,0.3698630136986301369863013699,0.1089510227059485832238694019,0.07844473634828297992118596937
39.50684931506849315068493444,0,0.000,39.50684931506849315068493444,0.2602739726027397260273972603,0.1849315068493150684931506850,39.24657534246575342465753718,0E-28,0E-28,0,0,0,912,1825/2,2037,ZBO,0.2602739726027397260273972603,0.1849315068493150684931506850,0.05394070182022893601050854221,0.03883730531056483392756615039
39.24657534246575342465753718,17.37747952600151590778843843,0.2085297543120181908934612612,56.41552511415525114155251435,0.2602739726027397260273972603,0.1849315068493150684931506850,56.15525114155251141552511709,0E-28,0E-28,17.37747952600151590778843843,0E-26,0,1825/2,913,2037,ZBO,0.2602739726027397260273972603,0.1849315068493150684931506850,0.07710327140801901545005317220,0.05551435541377369112403828398
56.15525114155251141552511709,0,0.000,56.15525114155251141552511709,0.5205479452054794520547945206,0.3698630136986301369863013699,55.63470319634703196347032257,0E-28,0E-28,0,0,0,913,914,2037,ZBO,0.5205479452054794520547945206,0.3698630136986301369863013699,0.1531369237505473196972540270,0.1102585851003940701820228994
55.63470319634703196347032257,0,0.000,55.63470319634703196347032257,0.5205479452054794520547945206,0.3698630136986301369863013699,55.11415525114155251141552805,0E-28,0E-28,0,0,0,914,915,2037,ZBO,0.5205479452054794520547945206,0.3698630136986301369863013699,0.1517107649965597047601176036,0.1092317507975229874272846746
55.11415525114155251141552805,0,0.000,55.11415525114155251141552805,0.5205479452054794520547945206,0.3698630136986301369863013699,54.59360730593607305936073353,0E-28,0E-28,0,0,0,915,916,2037,ZBO,0.5205479452054794520547945206,0.3698630136986301369863013699,0.1502846062425720898229811803,0.1082049164946519046725464498
54.59360730593607305936073353,0,0.000,54.59360730593607305936073353,0.5205479452054794520547945206,0.3698630136986301369863013699,54.07305936073059360730593901,0E-28,0E-28,0,0,0,916,917,2037,ZBO,0.5205479452054794520547945206,0.3698630136986301369863013699,0.1488584474885844748858447569,0.1071780821917808219178082250
54.07305936073059360730593901,0,0.000,54.07305936073059360730593901,0.5205479452054794520547945206,0.3698630136986301369863013699,53.55251141552511415525114449,0E-28,0E-28,0,0,0,917,918,2037,ZBO,0.5205479452054794520547945206,0.3698630136986301369863013699,0.1474322887345968599487083336,0.1061512478889097391630700002
53.55251141552511415525114449,0,0.000,53.55251141552511415525114449,0.5205479452054794520547945206,0.3698630136986301369863013699,53.03196347031963470319634997,0E-28,0E-28,0,0,0,918,919,2037,ZBO,0.5205479452054794520547945206,0.3698630136986301369863013699,0.1460061299806092450115719103,0.1051244135860386564083317754
53.03196347031963470319634997,0,0.000,53.03196347031963470319634997,0.5205479452054794520547945206,0.3698630136986301369863013699,52.51141552511415525114155545,0E-28,0E-28,0,0,0,919,920,2037,ZBO,0.5205479452054794520547945206,0.3698630136986301369863013699,0.1445799712266216300744354869,0.1040975792831675736535935506
52.51141552511415525114155545,0,0.000,52.51141552511415525114155545,0.5205479452054794520547945206,0.3698630136986301369863013699,51.99086757990867579908676093,0E-28,0E-28,0,0,0,920,921,2037,ZBO,0.5205479452054794520547945206,0.3698630136986301369863013699,0.1431538124726340151372990636,0.1030707449802964908988553258
51.99086757990867579908676093,0,0.000,51.99086757990867579908676093,0.5205479452054794520547945206,0.3698630136986301369863013699,51.47031963470319634703196641,0E-28,0E-28,0,0,0,921,922,2037,ZBO,0.5205479452054794520547945206,0.3698630136986301369863013699,0.1417276537186464002001626402,0.1020439106774254081441171009
51.47031963470319634703196641,0,0.000,51.47031963470319634703196641,0.5205479452054794520547945206,0.3698630136986301369863013699,50.94977168949771689497717189,0E-28,0E-28,0,0,0,922,923,2037,ZBO,0.5205479452054794520547945206,0.3698630136986301369863013699,0.1403014949646587852630262169,0.1010170763745543253893788762
50.94977168949771689497717189,0,0.000,50.94977168949771689497717189,0.5205479452054794520547945206,0.3698630136986301369863013699,50.42922374429223744292237737,0E-28,0E-28,0,0,0,923,924,2037,ZBO,0.5205479452054794520547945206,0.3698630136986301369863013699,0.1388753362106711703258897936,0.09999024207168324263464065139
50.42922374429223744292237737,0,0.000,50.42922374429223744292237737,0.5205479452054794520547945206,0.3698630136986301369863013699,49.90867579908675799086758285,0E-28,0E-28,0,0,0,924,925,2037,ZBO,0.5205479452054794520547945206,0.3698630136986301369863013699,0.1374491774566835553887533702,0.09896340776881215987990242654
49.90867579908675799086758285,0,0.000,49.90867579908675799086758285,0.5205479452054794520547945206,0.3698630136986301369863013699,49.38812785388127853881278833,0E-28,0E-28,0,0,0,925,926,2037,ZBO,0.5205479452054794520547945206,0.3698630136986301369863013699,0.1360230187026959404516169468,0.09793657346594107712516420170
49.38812785388127853881278833,0,0.000,49.38812785388127853881278833,0.5205479452054794520547945206,0.3698630136986301369863013699,48.86757990867579908675799381,0E-28,0E-28,0,0,0,926,927,2037,ZBO,0.5205479452054794520547945206,0.3698630136986301369863013699,0.1345968599487083255144805235,0.09690973916306999437042597692
48.86757990867579908675799381,0,0.000,48.86757990867579908675799381,0.5205479452054794520547945206,0.3698630136986301369863013699,48.34703196347031963470319929,0E-28,0E-28,0,0,0,927,928,2037,ZBO,0.5205479452054794520547945206,0.3698630136986301369863013699,0.1331707011947207105773441002,0.09588290486019891161568775214
48.34703196347031963470319929,0,0.000,48.34703196347031963470319929,0.5205479452054794520547945206,0.3698630136986301369863013699,47.82648401826484018264840477,0E-28,0E-28,0,0,0,928,929,2037,ZBO,0.5205479452054794520547945206,0.3698630136986301369863013699,0.1317445424407330956402076768,0.09485607055732782886094952730
47.82648401826484018264840477,0,0.000,47.82648401826484018264840477,0.5205479452054794520547945206,0.3698630136986301369863013699,47.30593607305936073059361025,0E-28,0E-28,0,0,0,929,930,2037,ZBO,0.5205479452054794520547945206,0.3698630136986301369863013699,0.1303183836867454807030712535,0.09382923625445674610621130252
47.30593607305936073059361025,0,0.000,47.30593607305936073059361025,0.5205479452054794520547945206,0.3698630136986301369863013699,46.78538812785388127853881573,0E-28,0E-28,0,0,0,930,931,2037,ZBO,0.5205479452054794520547945206,0.3698630136986301369863013699,0.1288922249327578657659348301,0.09280240195158566335147307767
46.78538812785388127853881573,0,0.000,46.78538812785388127853881573,0.5205479452054794520547945206,0.3698630136986301369863013699,46.26484018264840182648402121,0E-28,0E-28,0,0,0,931,932,2037,ZBO,0.5205479452054794520547945206,0.3698630136986301369863013699,0.1274660661787702508287984068,0.09177556764871458059673485290
46.26484018264840182648402121,0,0.000,46.26484018264840182648402121,0.5205479452054794520547945206,0.3698630136986301369863013699,45.74429223744292237442922669,0E-28,0E-28,0,0,0,932,933,2037,ZBO,0.5205479452054794520547945206,0.3698630136986301369863013699,0.1260399074247826358916619834,0.09074873334584349784199662805
45.74429223744292237442922669,0,0.000,45.74429223744292237442922669,0.5205479452054794520547945206,0.3698630136986301369863013699,45.22374429223744292237443217,0E-28,0E-28,0,0,0,933,934,2037,ZBO,0.5205479452054794520547945206,0.3698630136986301369863013699,0.1246137486707950209545255601,0.08972189904297241508725840327
45.22374429223744292237443217,0,0.000,45.22374429223744292237443217,0.5205479452054794520547945206,0.3698630136986301369863013699,44.70319634703196347031963765,0E-28,0E-28,0,0,0,934,935,2037,ZBO,0.5205479452054794520547945206,0.3698630136986301369863013699,0.1231875899168074060173891368,0.08869506474010133233252017850
44.70319634703196347031963765,0,0.000,44.70319634703196347031963765,0.5205479452054794520547945206,0.3698630136986301369863013699,44.18264840182648401826484313,0E-28,0E-28,0,0,0,935,936,2037,ZBO,0.5205479452054794520547945206,0.3698630136986301369863013699,0.1217614311628197910802527134,0.08766823043723024957778195365
44.18264840182648401826484313,0,0.000,44.18264840182648401826484313,0.5205479452054794520547945206,0.3698630136986301369863013699,43.66210045662100456621004861,0E-28,0E-28,0,0,0,936,937,2037,ZBO,0.5205479452054794520547945206,0.3698630136986301369863013699,0.1203352724088321761431162901,0.08664139613435916682304372887
43.66210045662100456621004861,0,0.000,43.66210045662100456621004861,0.5205479452054794520547945206,0.3698630136986301369863013699,43.14155251141552511415525409,0E-28,0E-28,0,0,0,937,938,2037,ZBO,0.5205479452054794520547945206,0.3698630136986301369863013699,0.1189091136548445612059798667,0.08561456183148808406830550402
43.14155251141552511415525409,0,0.000,43.14155251141552511415525409,0.5205479452054794520547945206,0.3698630136986301369863013699,42.62100456621004566210045957,0E-28,0E-28,0,0,0,938,939,2037,ZBO,0.5205479452054794520547945206,0.3698630136986301369863013699,0.1174829549008569462688434434,0.08458772752861700131356727925
42.62100456621004566210045957,0,0.000,42.62100456621004566210045957,0.5205479452054794520547945206,0.3698630136986301369863013699,42.10045662100456621004566505,0E-28,0E-28,0,0,0,939,940,2037,ZBO,0.5205479452054794520547945206,0.3698630136986301369863013699,0.1160567961468693313317070200,0.08356089322574591855882905440
42.10045662100456621004566505,0,0.000,42.10045662100456621004566505,0.5205479452054794520547945206,0.3698630136986301369863013699,41.57990867579908675799087053,0E-28,0E-28,0,0,0,940,941,2037,ZBO,0.5205479452054794520547945206,0.3698630136986301369863013699,0.1146306373928817163945705967,0.08253405892287483580409082962
41.57990867579908675799087053,0,0.000,41.57990867579908675799087053,0.5205479452054794520547945206,0.3698630136986301369863013699,41.05936073059360730593607601,0E-28,0E-28,0,0,0,941,942,2037,ZBO,0.5205479452054794520547945206,0.3698630136986301369863013699,0.1132044786388941014574341734,0.08150722462000375304935260485
41.05936073059360730593607601,0,0.000,41.05936073059360730593607601,0.4771689497716894977168949773,0.3390410958904109589041095891,40.58219178082191780821918103,0E-28,0E-28,0,0,0,942,11315/12,2037,ZBO,0.4771689497716894977168949773,0.3390410958904109589041095891,0.1025179312357957507141218981,0.07381291048977294051416776663
40.58219178082191780821918103,17.37747952600151590778843843,0.2085297543120181908934612612,57.75114155251141552511415820,0.04337899543378995433789954338,0.03082191780821917808219178082,57.70776255707762557077625866,0E-29,0E-29,17.37747952600151590778843843,0E-26,0,11315/12,943,2037,ZBO,0.04337899543378995433789954338,0.03082191780821917808219178082,0.01318024019515856633514730786,0.009489772940514167761306061659
57.70776255707762557077625866,0,0.000,57.70776255707762557077625866,0.5205479452054794520547945206,0.3698630136986301369863013699,57.18721461187214611872146414,0E-28,0E-28,0,0,0,943,944,2037,ZBO,0.5205479452054794520547945206,0.3698630136986301369863013699,0.1573903796834928379308187984,0.1133210733721148433101895348
57.18721461187214611872146414,0,0.000,57.18721461187214611872146414,0.5205479452054794520547945206,0.3698630136986301369863013699,56.66666666666666666666666962,0E-28,0E-28,0,0,0,944,945,2037,ZBO,0.5205479452054794520547945206,0.3698630136986301369863013699,0.1559642209295052229936823751,0.1122942390692437605554513101
56.66666666666666666666666962,0,0.000,56.66666666666666666666666962,0.5205479452054794520547945206,0.3698630136986301369863013699,56.14611872146118721461187510,0E-28,0E-28,0,0,0,945,946,2037,ZBO,0.5205479452054794520547945206,0.3698630136986301369863013699,0.1545380621755176080565459517,0.1112674047663726778007130852
56.14611872146118721461187510,0,0.000,56.14611872146118721461187510,0.5205479452054794520547945206,0.3698630136986301369863013699,55.62557077625570776255708058,0E-28,0E-28,0,0,0,946,947,2037,ZBO,0.5205479452054794520547945206,0.3698630136986301369863013699,0.1531119034215299931194095284,0.1102405704635015950459748604
55.62557077625570776255708058,0,0.000,55.62557077625570776255708058,0.5205479452054794520547945206,0.3698630136986301369863013699,55.10502283105022831050228606,0E-28,0E-28,0,0,0,947,948,2037,ZBO,0.5205479452054794520547945206,0.3698630136986301369863013699,0.1516857446675423781822731049,0.1092137361606305122912366355
55.10502283105022831050228606,0,0.000,55.10502283105022831050228606,0.5205479452054794520547945206,0.3698630136986301369863013699,54.58447488584474885844749154,0E-28,0E-28,0,0,0,948,949,2037,ZBO,0.5205479452054794520547945206,0.3698630136986301369863013699,0.1502595859135547632451366817,0.1081869018577594295364984108
54.58447488584474885844749154,0,0.000,54.58447488584474885844749154,0.5205479452054794520547945206,0.3698630136986301369863013699,54.06392694063926940639269702,0E-28,0E-28,0,0,0,949,950,2037,ZBO,0.5205479452054794520547945206,0.3698630136986301369863013699,0.1488334271595671483080002584,0.1071600675548883467817601860
54.06392694063926940639269702,0,0.000,54.06392694063926940639269702,0.5205479452054794520547945206,0.3698630136986301369863013699,53.54337899543378995433790250,0E-28,0E-28,0,0,0,950,951,2037,ZBO,0.5205479452054794520547945206,0.3698630136986301369863013699,0.1474072684055795333708638349,0.1061332332520172640270219611
53.54337899543378995433790250,0,0.000,53.54337899543378995433790250,0.5205479452054794520547945206,0.3698630136986301369863013699,53.02283105022831050228310798,0E-28,0E-28,0,0,0,951,952,2037,ZBO,0.5205479452054794520547945206,0.3698630136986301369863013699,0.1459811096515919184337274117,0.1051063989491461812722837364
53.02283105022831050228310798,0,0.000,53.02283105022831050228310798,0.5205479452054794520547945206,0.3698630136986301369863013699,52.50228310502283105022831346,0E-28,0E-28,0,0,0,952,953,2037,ZBO,0.5205479452054794520547945206,0.3698630136986301369863013699,0.1445549508976043034965909882,0.1040795646462750985175455115
52.50228310502283105022831346,0,0.000,52.50228310502283105022831346,0.5205479452054794520547945206,0.3698630136986301369863013699,51.98173515981735159817351894,0E-28,0E-28,0,0,0,953,954,2037,ZBO,0.5205479452054794520547945206,0.3698630136986301369863013699,0.1431287921436166885594545649,0.1030527303434040157628072867
51.98173515981735159817351894,0,0.000,51.98173515981735159817351894,0.5205479452054794520547945206,0.3698630136986301369863013699,51.46118721461187214611872442,0E-28,0E-28,0,0,0,954,955,2037,ZBO,0.5205479452054794520547945206,0.3698630136986301369863013699,0.1417026333896290736223181417,0.1020258960405329330080690620
51.46118721461187214611872442,0,0.000,51.46118721461187214611872442,0.5205479452054794520547945206,0.3698630136986301369863013699,50.94063926940639269406392990,0E-28,0E-28,0,0,0,955,956,2037,ZBO,0.5205479452054794520547945206,0.3698630136986301369863013699,0.1402764746356414586851817182,0.1009990617376618502533308371
50.94063926940639269406392990,0,0.000,50.94063926940639269406392990,0.5205479452054794520547945206,0.3698630136986301369863013699,50.42009132420091324200913538,0E-28,0E-28,0,0,0,956,957,2037,ZBO,0.5205479452054794520547945206,0.3698630136986301369863013699,0.1388503158816538437480452949,0.09997222743479076749859261233
50.42009132420091324200913538,0,0.000,50.42009132420091324200913538,0.5205479452054794520547945206,0.3698630136986301369863013699,49.89954337899543378995434086,0E-28,0E-28,0,0,0,957,958,2037,ZBO,0.5205479452054794520547945206,0.3698630136986301369863013699,0.1374241571276662288109088715,0.09894539313191968474385438748
49.89954337899543378995434086,0,0.000,49.89954337899543378995434086,0.5205479452054794520547945206,0.3698630136986301369863013699,49.37899543378995433789954634,0E-28,0E-28,0,0,0,958,959,2037,ZBO,0.5205479452054794520547945206,0.3698630136986301369863013699,0.1359979983736786138737724482,0.09791855882904860198911616270
49.37899543378995433789954634,0,0.000,49.37899543378995433789954634,0.5205479452054794520547945206,0.3698630136986301369863013699,48.85844748858447488584475182,0E-28,0E-28,0,0,0,959,960,2037,ZBO,0.5205479452054794520547945206,0.3698630136986301369863013699,0.1345718396196909989366360249,0.09689172452617751923437793793
48.85844748858447488584475182,0,0.000,48.85844748858447488584475182,0.5205479452054794520547945206,0.3698630136986301369863013699,48.33789954337899543378995730,0E-28,0E-28,0,0,0,960,961,2037,ZBO,0.5205479452054794520547945206,0.3698630136986301369863013699,0.1331456808657033839994996015,0.09586489022330643647963971308
48.33789954337899543378995730,0,0.000,48.33789954337899543378995730,0.5205479452054794520547945206,0.3698630136986301369863013699,47.81735159817351598173516278,0E-28,0E-28,0,0,0,961,962,2037,ZBO,0.5205479452054794520547945206,0.3698630136986301369863013699,0.1317195221117157690623631782,0.09483805592043535372490148830
47.81735159817351598173516278,0,0.000,47.81735159817351598173516278,0.5205479452054794520547945206,0.3698630136986301369863013699,47.29680365296803652968036826,0E-28,0E-28,0,0,0,962,963,2037,ZBO,0.5205479452054794520547945206,0.3698630136986301369863013699,0.1302933633577281541252267549,0.09381122161756427097016326353
47.29680365296803652968036826,0,0.000,47.29680365296803652968036826,0.5205479452054794520547945206,0.3698630136986301369863013699,46.77625570776255707762557374,0E-28,0E-28,0,0,0,963,964,2037,ZBO,0.5205479452054794520547945206,0.3698630136986301369863013699,0.1288672046037405391880903315,0.09278438731469318821542503868
46.77625570776255707762557374,0,0.000,46.77625570776255707762557374,0.5205479452054794520547945206,0.3698630136986301369863013699,46.25570776255707762557077922,0E-28,0E-28,0,0,0,964,965,2037,ZBO,0.5205479452054794520547945206,0.3698630136986301369863013699,0.1274410458497529242509539082,0.09175755301182210546068681390
46.25570776255707762557077922,0,0.000,46.25570776255707762557077922,0.5205479452054794520547945206,0.3698630136986301369863013699,45.73515981735159817351598470,0E-28,0E-28,0,0,0,965,966,2037,ZBO,0.5205479452054794520547945206,0.3698630136986301369863013699,0.1260148870957653093138174848,0.09073071870895102270594858906
45.73515981735159817351598470,0,0.000,45.73515981735159817351598470,0.5205479452054794520547945206,0.3698630136986301369863013699,45.21461187214611872146119018,0E-28,0E-28,0,0,0,966,967,2037,ZBO,0.5205479452054794520547945206,0.3698630136986301369863013699,0.1245887283417776943766810615,0.08970388440607993995121036428
45.21461187214611872146119018,0,0.000,45.21461187214611872146119018,0.5205479452054794520547945206,0.3698630136986301369863013699,44.69406392694063926940639566,0E-28,0E-28,0,0,0,967,968,2037,ZBO,0.5205479452054794520547945206,0.3698630136986301369863013699,0.1231625695877900794395446381,0.08867705010320885719647213943
44.69406392694063926940639566,0,0.000,44.69406392694063926940639566,0.5205479452054794520547945206,0.3698630136986301369863013699,44.17351598173515981735160114,0E-28,0E-28,0,0,0,968,969,2037,ZBO,0.5205479452054794520547945206,0.3698630136986301369863013699,0.1217364108338024645024082148,0.08765021580033777444173391466
44.17351598173515981735160114,0,0.000,44.17351598173515981735160114,0.5205479452054794520547945206,0.3698630136986301369863013699,43.65296803652968036529680662,0E-28,0E-28,0,0,0,969,970,2037,ZBO,0.5205479452054794520547945206,0.3698630136986301369863013699,0.1203102520798148495652717915,0.08662338149746669168699568988
43.65296803652968036529680662,0,0.000,43.65296803652968036529680662,0.5205479452054794520547945206,0.3698630136986301369863013699,43.13242009132420091324201210,0E-28,0E-28,0,0,0,970,971,2037,ZBO,0.5205479452054794520547945206,0.3698630136986301369863013699,0.1188840933258272346281353681,0.08559654719459560893225746503
43.13242009132420091324201210,0,0.000,43.13242009132420091324201210,0.5205479452054794520547945206,0.3698630136986301369863013699,42.61187214611872146118721758,0E-28,0E-28,0,0,0,971,972,2037,ZBO,0.5205479452054794520547945206,0.3698630136986301369863013699,0.1174579345718396196909989448,0.08456971289172452617751924026
42.61187214611872146118721758,0,0.000,42.61187214611872146118721758,0.5205479452054794520547945206,0.3698630136986301369863013699,42.09132420091324200913242306,0E-28,0E-28,0,0,0,972,973,2037,ZBO,0.5205479452054794520547945206,0.3698630136986301369863013699,0.1160317758178520047538625214,0.08354287858885344342278101541
42.09132420091324200913242306,0,0.000,42.09132420091324200913242306,0.1735159817351598173515981735,0.1232876712328767123287671233,41.91780821917808219178082489,0E-28,0E-28,0,0,0,973,2920/3,2037,ZBO,0.1735159817351598173515981735,0.1232876712328767123287671233,0.03836033443839786493192385751,0.02761944079564646275098517741
41.91780821917808219178082489,17.37747952600151590778843843,0.2085297543120181908934612612,59.08675799086757990867580206,0.3470319634703196347031963471,0.2465753424657534246575342466,58.73972602739726027397260571,0E-28,0E-28,17.37747952600151590778843843,0E-26,0,2920/3,974,2037,ZBO,0.3470319634703196347031963471,0.2465753424657534246575342466,0.1076040949938491691165738884,0.07747494839557140176393319965
58.73972602739726027397260571,0,0.000,58.73972602739726027397260571,0.5205479452054794520547945206,0.3698630136986301369863013699,58.21917808219178082191781119,0E-28,0E-28,0,0,0,974,975,2037,ZBO,0.5205479452054794520547945206,0.3698630136986301369863013699,0.1602176768624507412272471465,0.1153567273409645336836179455
58.21917808219178082191781119,0,0.000,58.21917808219178082191781119,0.5205479452054794520547945206,0.3698630136986301369863013699,57.69863013698630136986301667,0E-28,0E-28,0,0,0,975,976,2037,ZBO,0.5205479452054794520547945206,0.3698630136986301369863013699,0.1587915181084631262901107232,0.1143298930380934509288797207
57.69863013698630136986301667,0,0.000,57.69863013698630136986301667,0.5205479452054794520547945206,0.3698630136986301369863013699,57.17808219178082191780822215,0E-28,0E-28,0,0,0,976,977,2037,ZBO,0.5205479452054794520547945206,0.3698630136986301369863013699,0.1573653593544755113529742997,0.1133030587352223681741414958
57.17808219178082191780822215,0,0.000,57.17808219178082191780822215,0.5205479452054794520547945206,0.3698630136986301369863013699,56.65753424657534246575342763,0E-28,0E-28,0,0,0,977,978,2037,ZBO,0.5205479452054794520547945206,0.3698630136986301369863013699,0.1559392006004878964158378765,0.1122762244323512854194032711
56.65753424657534246575342763,0,0.000,56.65753424657534246575342763,0.5205479452054794520547945206,0.3698630136986301369863013699,56.13698630136986301369863311,0E-28,0E-28,0,0,0,978,979,2037,ZBO,0.5205479452054794520547945206,0.3698630136986301369863013699,0.1545130418465002814787014530,0.1112493901294802026646650462
56.13698630136986301369863311,0,0.000,56.13698630136986301369863311,0.5205479452054794520547945206,0.3698630136986301369863013699,55.61643835616438356164383859,0E-28,0E-28,0,0,0,979,980,2037,ZBO,0.5205479452054794520547945206,0.3698630136986301369863013699,0.1530868830925126665415650297,0.1102225558266091199099268214
55.61643835616438356164383859,0,0.000,55.61643835616438356164383859,0.5205479452054794520547945206,0.3698630136986301369863013699,55.09589041095890410958904407,0E-28,0E-28,0,0,0,980,981,2037,ZBO,0.5205479452054794520547945206,0.3698630136986301369863013699,0.1516607243385250516044286065,0.1091957215237380371551885967
55.09589041095890410958904407,0,0.000,55.09589041095890410958904407,0.5205479452054794520547945206,0.3698630136986301369863013699,54.57534246575342465753424955,0E-28,0E-28,0,0,0,981,982,2037,ZBO,0.5205479452054794520547945206,0.3698630136986301369863013699,0.1502345655845374366672921830,0.1081688872208669544004503718
54.57534246575342465753424955,0,0.000,54.57534246575342465753424955,0.5205479452054794520547945206,0.3698630136986301369863013699,54.05479452054794520547945503,0E-28,0E-28,0,0,0,982,983,2037,ZBO,0.5205479452054794520547945206,0.3698630136986301369863013699,0.1488084068305498217301557597,0.1071420529179958716457121470
54.05479452054794520547945503,0,0.000,54.05479452054794520547945503,0.5205479452054794520547945206,0.3698630136986301369863013699,53.53424657534246575342466051,0E-28,0E-28,0,0,0,983,984,2037,ZBO,0.5205479452054794520547945206,0.3698630136986301369863013699,0.1473822480765622067930193363,0.1061152186151247888909739221
53.53424657534246575342466051,0,0.000,53.53424657534246575342466051,0.5205479452054794520547945206,0.3698630136986301369863013699,53.01369863013698630136986599,0E-28,0E-28,0,0,0,984,985,2037,ZBO,0.5205479452054794520547945206,0.3698630136986301369863013699,0.1459560893225745918558829130,0.1050883843122537061362356974
53.01369863013698630136986599,0,0.000,53.01369863013698630136986599,0.5205479452054794520547945206,0.3698630136986301369863013699,52.49315068493150684931507147,0E-28,0E-28,0,0,0,985,986,2037,ZBO,0.5205479452054794520547945206,0.3698630136986301369863013699,0.1445299305685869769187464897,0.1040615500093826233814974726
52.49315068493150684931507147,0,0.000,52.49315068493150684931507147,0.5205479452054794520547945206,0.3698630136986301369863013699,51.97260273972602739726027695,0E-28,0E-28,0,0,0,986,987,2037,ZBO,0.5205479452054794520547945206,0.3698630136986301369863013699,0.1431037718145993619816100663,0.1030347157065115406267592477
51.97260273972602739726027695,0,0.000,51.97260273972602739726027695,0.5205479452054794520547945206,0.3698630136986301369863013699,51.45205479452054794520548243,0E-28,0E-28,0,0,0,987,988,2037,ZBO,0.5205479452054794520547945206,0.3698630136986301369863013699,0.1416776130606117470444736430,0.1020078814036404578720210230
51.45205479452054794520548243,0,0.000,51.45205479452054794520548243,0.5205479452054794520547945206,0.3698630136986301369863013699,50.93150684931506849315068791,0E-28,0E-28,0,0,0,988,989,2037,ZBO,0.5205479452054794520547945206,0.3698630136986301369863013699,0.1402514543066241321073372196,0.1009810471007693751172827981
50.93150684931506849315068791,0,0.000,50.93150684931506849315068791,0.5205479452054794520547945206,0.3698630136986301369863013699,50.41095890410958904109589339,0E-28,0E-28,0,0,0,989,990,2037,ZBO,0.5205479452054794520547945206,0.3698630136986301369863013699,0.1388252955526365171702007963,0.09995421279789829236254457334
50.41095890410958904109589339,0,0.000,50.41095890410958904109589339,0.5205479452054794520547945206,0.3698630136986301369863013699,49.89041095890410958904109887,0E-28,0E-28,0,0,0,990,991,2037,ZBO,0.5205479452054794520547945206,0.3698630136986301369863013699,0.1373991367986489022330643730,0.09892737849502720960780634856
49.89041095890410958904109887,0,0.000,49.89041095890410958904109887,0.5205479452054794520547945206,0.3698630136986301369863013699,49.36986301369863013698630435,0E-28,0E-28,0,0,0,991,992,2037,ZBO,0.5205479452054794520547945206,0.3698630136986301369863013699,0.1359729780446612872959279496,0.09790054419215612685306812371
49.36986301369863013698630435,0,0.000,49.36986301369863013698630435,0.5205479452054794520547945206,0.3698630136986301369863013699,48.84931506849315068493150983,0E-28,0E-28,0,0,0,992,993,2037,ZBO,0.5205479452054794520547945206,0.3698630136986301369863013699,0.1345468192906736723587915263,0.09687370988928504409832989894
48.84931506849315068493150983,0,0.000,48.84931506849315068493150983,0.5205479452054794520547945206,0.3698630136986301369863013699,48.32876712328767123287671531,0E-28,0E-28,0,0,0,993,994,2037,ZBO,0.5205479452054794520547945206,0.3698630136986301369863013699,0.1331206605366860574216551029,0.09584687558641396134359167409
48.32876712328767123287671531,0,0.000,48.32876712328767123287671531,0.5205479452054794520547945206,0.3698630136986301369863013699,47.80821917808219178082192079,0E-28,0E-28,0,0,0,994,995,2037,ZBO,0.5205479452054794520547945206,0.3698630136986301369863013699,0.1316945017826984424845186796,0.09482004128354287858885344931
47.80821917808219178082192079,0,0.000,47.80821917808219178082192079,0.5205479452054794520547945206,0.3698630136986301369863013699,47.28767123287671232876712627,0E-28,0E-28,0,0,0,995,996,2037,ZBO,0.5205479452054794520547945206,0.3698630136986301369863013699,0.1302683430287108275473822563,0.09379320698067179583411522454
47.28767123287671232876712627,0,0.000,47.28767123287671232876712627,0.5205479452054794520547945206,0.3698630136986301369863013699,46.76712328767123287671233175,0E-28,0E-28,0,0,0,996,997,2037,ZBO,0.5205479452054794520547945206,0.3698630136986301369863013699,0.1288421842747232126102458329,0.09276637267780071307937699969
46.76712328767123287671233175,0,0.000,46.76712328767123287671233175,0.5205479452054794520547945206,0.3698630136986301369863013699,46.24657534246575342465753723,0E-28,0E-28,0,0,0,997,998,2037,ZBO,0.5205479452054794520547945206,0.3698630136986301369863013699,0.1274160255207355976731094096,0.09173953837492963032463877491
46.24657534246575342465753723,0,0.000,46.24657534246575342465753723,0.5205479452054794520547945206,0.3698630136986301369863013699,45.72602739726027397260274271,0E-28,0E-28,0,0,0,998,999,2037,ZBO,0.5205479452054794520547945206,0.3698630136986301369863013699,0.1259898667667479827359729862,0.09071270407205854756990055006
45.72602739726027397260274271,0,0.000,45.72602739726027397260274271,0.5205479452054794520547945206,0.3698630136986301369863013699,45.20547945205479452054794819,0E-28,0E-28,0,0,0,999,1000,2037,ZBO,0.5205479452054794520547945206,0.3698630136986301369863013699,0.1245637080127603677988365629,0.08968586976918746481516232529
45.20547945205479452054794819,0,0.000,45.20547945205479452054794819,0.5205479452054794520547945206,0.3698630136986301369863013699,44.68493150684931506849315367,0E-28,0E-28,0,0,0,1000,1001,2037,ZBO,0.5205479452054794520547945206,0.3698630136986301369863013699,0.1231375492587727528617001395,0.08865903546631638206042410044
44.68493150684931506849315367,0,0.000,44.68493150684931506849315367,0.5205479452054794520547945206,0.3698630136986301369863013699,44.16438356164383561643835915,0E-28,0E-28,0,0,0,1001,1002,2037,ZBO,0.5205479452054794520547945206,0.3698630136986301369863013699,0.1217113905047851379245637162,0.08763220116344529930568587566
44.16438356164383561643835915,0,0.000,44.16438356164383561643835915,0.5205479452054794520547945206,0.3698630136986301369863013699,43.64383561643835616438356463,0E-28,0E-28,0,0,0,1002,1003,2037,ZBO,0.5205479452054794520547945206,0.3698630136986301369863013699,0.1202852317507975229874272929,0.08660536686057421655094765089
43.64383561643835616438356463,0,0.000,43.64383561643835616438356463,0.3904109589041095890410958904,0.2773972602739726027397260274,43.25342465753424657534246874,0E-28,0E-28,0,0,0,1003,4015/4,2037,ZBO,0.3904109589041095890410958904,0.2773972602739726027397260274,0.08927800713079376993807469182,0.06428016513417151435541377811
43.25342465753424657534246874,17.37747952600151590778843843,0.2085297543120181908934612612,60.42237442922374429223744591,0.1301369863013698630136986301,0.09246575342465753424657534246,60.29223744292237442922374728,0E-28,0E-29,17.37747952600151590778843843,0E-26,0,4015/4,1004,2037,ZBO,0.1301369863013698630136986301,0.09246575342465753424657534246,0.04134062050415962969913054561,0.02976524676299493338337399284
60.29223744292237442922374728,0,0.000,60.29223744292237442922374728,0.5205479452054794520547945206,0.3698630136986301369863013699,59.77168949771689497716895276,0E-28,0E-28,0,0,0,1004,1005,2037,ZBO,0.5205479452054794520547945206,0.3698630136986301369863013699,0.1644711327953962594608119178,0.1184192156126853068117845808
59.77168949771689497716895276,0,0.000,59.77168949771689497716895276,0.5205479452054794520547945206,0.3698630136986301369863013699,59.25114155251141552511415824,0E-28,0E-28,0,0,0,1005,1006,2037,ZBO,0.5205479452054794520547945206,0.3698630136986301369863013699,0.1630449740414086445236754945,0.1173923813098142240570463560
59.25114155251141552511415824,0,0.000,59.25114155251141552511415824,0.5205479452054794520547945206,0.3698630136986301369863013699,58.73059360730593607305936372,0E-28,0E-28,0,0,0,1006,1007,2037,ZBO,0.5205479452054794520547945206,0.3698630136986301369863013699,0.1616188152874210295865390712,0.1163655470069431413023081313
58.73059360730593607305936372,0,0.000,58.73059360730593607305936372,0.5205479452054794520547945206,0.3698630136986301369863013699,58.21004566210045662100456920,0E-28,0E-28,0,0,0,1007,1008,2037,ZBO,0.5205479452054794520547945206,0.3698630136986301369863013699,0.1601926565334334146494026478,0.1153387127040720585475699064
58.21004566210045662100456920,0,0.000,58.21004566210045662100456920,0.5205479452054794520547945206,0.3698630136986301369863013699,57.68949771689497716894977468,0E-28,0E-28,0,0,0,1008,1009,2037,ZBO,0.5205479452054794520547945206,0.3698630136986301369863013699,0.1587664977794457997122662245,0.1143118784012009757928316816
57.68949771689497716894977468,0,0.000,57.68949771689497716894977468,0.5205479452054794520547945206,0.3698630136986301369863013699,57.16894977168949771689498016,0E-28,0E-28,0,0,0,1009,1010,2037,ZBO,0.5205479452054794520547945206,0.3698630136986301369863013699,0.1573403390254581847751298011,0.1132850440983298930380934568
57.16894977168949771689498016,0,0.000,57.16894977168949771689498016,0.5205479452054794520547945206,0.3698630136986301369863013699,56.64840182648401826484018564,0E-28,0E-28,0,0,0,1010,1011,2037,ZBO,0.5205479452054794520547945206,0.3698630136986301369863013699,0.1559141802714705698379933778,0.1122582097954588102833552320
56.64840182648401826484018564,0,0.000,56.64840182648401826484018564,0.5205479452054794520547945206,0.3698630136986301369863013699,56.12785388127853881278539112,0E-28,0E-28,0,0,0,1011,1012,2037,ZBO,0.5205479452054794520547945206,0.3698630136986301369863013699,0.1544880215174829549008569545,0.1112313754925877275286170072
56.12785388127853881278539112,0,0.000,56.12785388127853881278539112,0.5205479452054794520547945206,0.3698630136986301369863013699,55.60730593607305936073059660,0E-28,0E-28,0,0,0,1012,1013,2037,ZBO,0.5205479452054794520547945206,0.3698630136986301369863013699,0.1530618627634953399637205311,0.1102045411897166447738787824
55.60730593607305936073059660,0,0.000,55.60730593607305936073059660,0.5205479452054794520547945206,0.3698630136986301369863013699,55.08675799086757990867580208,0E-28,0E-28,0,0,0,1013,1014,2037,ZBO,0.5205479452054794520547945206,0.3698630136986301369863013699,0.1516357040095077250265841078,0.1091777068868455620191405576
55.08675799086757990867580208,0,0.000,55.08675799086757990867580208,0.5205479452054794520547945206,0.3698630136986301369863013699,54.56621004566210045662100756,0E-28,0E-28,0,0,0,1014,1015,2037,ZBO,0.5205479452054794520547945206,0.3698630136986301369863013699,0.1502095452555201100894476844,0.1081508725839744792644023328
54.56621004566210045662100756,0,0.000,54.56621004566210045662100756,0.5205479452054794520547945206,0.3698630136986301369863013699,54.04566210045662100456621304,0E-28,0E-28,0,0,0,1015,1016,2037,ZBO,0.5205479452054794520547945206,0.3698630136986301369863013699,0.1487833865015324951523112611,0.1071240382811033965096641080
54.04566210045662100456621304,0,0.000,54.04566210045662100456621304,0.5205479452054794520547945206,0.3698630136986301369863013699,53.52511415525114155251141852,0E-28,0E-28,0,0,0,1016,1017,2037,ZBO,0.5205479452054794520547945206,0.3698630136986301369863013699,0.1473572277475448802151748378,0.1060972039782323137549258832
53.52511415525114155251141852,0,0.000,53.52511415525114155251141852,0.5205479452054794520547945206,0.3698630136986301369863013699,53.00456621004566210045662400,0E-28,0E-28,0,0,0,1017,1018,2037,ZBO,0.5205479452054794520547945206,0.3698630136986301369863013699,0.1459310689935572652780384144,0.1050703696753612310001876584
53.00456621004566210045662400,0,0.000,53.00456621004566210045662400,0.5205479452054794520547945206,0.3698630136986301369863013699,52.48401826484018264840182948,0E-28,0E-28,0,0,0,1018,1019,2037,ZBO,0.5205479452054794520547945206,0.3698630136986301369863013699,0.1445049102395696503409019911,0.1040435353724901482454494336
52.48401826484018264840182948,0,0.000,52.48401826484018264840182948,0.5205479452054794520547945206,0.3698630136986301369863013699,51.96347031963470319634703496,0E-28,0E-28,0,0,0,1019,1020,2037,ZBO,0.5205479452054794520547945206,0.3698630136986301369863013699,0.1430787514855820354037655677,0.1030167010696190654907112087
51.96347031963470319634703496,0,0.000,51.96347031963470319634703496,0.5205479452054794520547945206,0.3698630136986301369863013699,51.44292237442922374429224044,0E-28,0E-28,0,0,0,1020,1021,2037,ZBO,0.5205479452054794520547945206,0.3698630136986301369863013699,0.1416525927315944204666291444,0.1019898667667479827359729840
51.44292237442922374429224044,0,0.000,51.44292237442922374429224044,0.5205479452054794520547945206,0.3698630136986301369863013699,50.92237442922374429223744592,0E-28,0E-28,0,0,0,1021,1022,2037,ZBO,0.5205479452054794520547945206,0.3698630136986301369863013699,0.1402264339776068055294927211,0.1009630324638768999812347592
50.92237442922374429223744592,0,0.000,50.92237442922374429223744592,0.5205479452054794520547945206,0.3698630136986301369863013699,50.40182648401826484018265140,0E-28,0E-28,0,0,0,1022,1023,2037,ZBO,0.5205479452054794520547945206,0.3698630136986301369863013699,0.1388002752236191905923562977,0.09993619816100581722649653434
50.40182648401826484018265140,0,0.000,50.40182648401826484018265140,0.5205479452054794520547945206,0.3698630136986301369863013699,49.88127853881278538812785688,0E-28,0E-28,0,0,0,1023,1024,2037,ZBO,0.5205479452054794520547945206,0.3698630136986301369863013699,0.1373741164696315756552198744,0.09890936385813473447175830957
49.88127853881278538812785688,0,0.000,49.88127853881278538812785688,0.5205479452054794520547945206,0.3698630136986301369863013699,49.36073059360730593607306236,0E-28,0E-28,0,0,0,1024,1025,2037,ZBO,0.5205479452054794520547945206,0.3698630136986301369863013699,0.1359479577156439607180834510,0.09788252955526365171702008472
49.36073059360730593607306236,0,0.000,49.36073059360730593607306236,0.5205479452054794520547945206,0.3698630136986301369863013699,48.84018264840182648401826784,0E-28,0E-28,0,0,0,1025,1026,2037,ZBO,0.5205479452054794520547945206,0.3698630136986301369863013699,0.1345217989616563457809470277,0.09685569525239256896228185994
48.84018264840182648401826784,0,0.000,48.84018264840182648401826784,0.5205479452054794520547945206,0.3698630136986301369863013699,48.31963470319634703196347332,0E-28,0E-28,0,0,0,1026,1027,2037,ZBO,0.5205479452054794520547945206,0.3698630136986301369863013699,0.1330956402076687308438106043,0.09582886094952148620754363510
48.31963470319634703196347332,0,0.000,48.31963470319634703196347332,0.5205479452054794520547945206,0.3698630136986301369863013699,47.79908675799086757990867880,0E-28,0E-28,0,0,0,1027,1028,2037,ZBO,0.5205479452054794520547945206,0.3698630136986301369863013699,0.1316694814536811159066741810,0.09480202664665040345280541032
47.79908675799086757990867880,0,0.000,47.79908675799086757990867880,0.5205479452054794520547945206,0.3698630136986301369863013699,47.27853881278538812785388428,0E-28,0E-28,0,0,0,1028,1029,2037,ZBO,0.5205479452054794520547945206,0.3698630136986301369863013699,0.1302433226996935009695377577,0.09377519234377932069806718554
47.27853881278538812785388428,0,0.000,47.27853881278538812785388428,0.5205479452054794520547945206,0.3698630136986301369863013699,46.75799086757990867579908976,0E-28,0E-28,0,0,0,1029,1030,2037,ZBO,0.5205479452054794520547945206,0.3698630136986301369863013699,0.1288171639457058860324013343,0.09274835804090823794332896070
46.75799086757990867579908976,0,0.000,46.75799086757990867579908976,0.5205479452054794520547945206,0.3698630136986301369863013699,46.23744292237442922374429524,0E-28,0E-28,0,0,0,1030,1031,2037,ZBO,0.5205479452054794520547945206,0.3698630136986301369863013699,0.1273910051917182710952649110,0.09172152373803715518859073592
46.23744292237442922374429524,0,0.000,46.23744292237442922374429524,0.5205479452054794520547945206,0.3698630136986301369863013699,45.71689497716894977168950072,0E-28,0E-28,0,0,0,1031,1032,2037,ZBO,0.5205479452054794520547945206,0.3698630136986301369863013699,0.1259648464377306561581284876,0.09069468943516607243385251107
45.71689497716894977168950072,0,0.000,45.71689497716894977168950072,0.5205479452054794520547945206,0.3698630136986301369863013699,45.19634703196347031963470620,0E-28,0E-28,0,0,0,1032,1033,2037,ZBO,0.5205479452054794520547945206,0.3698630136986301369863013699,0.1245386876837430412209920643,0.08966785513229498967911428630
45.19634703196347031963470620,0,0.000,45.19634703196347031963470620,0.5205479452054794520547945206,0.3698630136986301369863013699,44.67579908675799086757991168,0E-28,0E-28,0,0,0,1033,1034,2037,ZBO,0.5205479452054794520547945206,0.3698630136986301369863013699,0.1231125289297554262838556409,0.08864102082942390692437606145
44.67579908675799086757991168,0,0.000,44.67579908675799086757991168,0.08675799086757990867579908677,0.06164383561643835616438356165,44.58904109589041095890411259,0E-29,0E-29,0,0,0,1034,6205/6,2037,ZBO,0.08675799086757990867579908677,0.06164383561643835616438356165,0.02038010049832155292842101011,0.01467367235879151810846312728
44.58904109589041095890411259,17.37747952600151590778843843,0.2085297543120181908934612612,61.75799086757990867579908976,0.4337899543378995433789954338,0.3082191780821917808219178082,61.32420091324200913242009433,0E-28,0E-28,17.37747952600151590778843843,0E-26,0,6205/6,1035,2037,ZBO,0.4337899543378995433789954338,0.3082191780821917808219178082,0.1405047851379245637080127672,0.1011634452993056858697691924
61.32420091324200913242009433,0,0.000,61.32420091324200913242009433,0.5205479452054794520547945206,0.3698630136986301369863013699,60.80365296803652968036529981,0E-28,0E-28,0,0,0,1035,1036,2037,ZBO,0.5205479452054794520547945206,0.3698630136986301369863013699,0.1672984299743541627572402659,0.1204548695815349971852129914
60.80365296803652968036529981,0,0.000,60.80365296803652968036529981,0.5205479452054794520547945206,0.3698630136986301369863013699,60.28310502283105022831050529,0E-28,0E-28,0,0,0,1036,1037,2037,ZBO,0.5205479452054794520547945206,0.3698630136986301369863013699,0.1658722712203665478201038426,0.1194280352786639144304747667
60.28310502283105022831050529,0,0.000,60.28310502283105022831050529,0.5205479452054794520547945206,0.3698630136986301369863013699,59.76255707762557077625571077,0E-28,0E-28,0,0,0,1037,1038,2037,ZBO,0.5205479452054794520547945206,0.3698630136986301369863013699,0.1644461124663789328829674193,0.1184012009757928316757365419
59.76255707762557077625571077,0,0.000,59.76255707762557077625571077,0.5205479452054794520547945206,0.3698630136986301369863013699,59.24200913242009132420091625,0E-28,0E-28,0,0,0,1038,1039,2037,ZBO,0.5205479452054794520547945206,0.3698630136986301369863013699,0.1630199537123913179458309959,0.1173743666729217489209983170
59.24200913242009132420091625,0,0.000,59.24200913242009132420091625,0.5205479452054794520547945206,0.3698630136986301369863013699,58.72146118721461187214612173,0E-28,0E-28,0,0,0,1039,1040,2037,ZBO,0.5205479452054794520547945206,0.3698630136986301369863013699,0.1615937949584037030086945726,0.1163475323700506661662600923
58.72146118721461187214612173,0,0.000,58.72146118721461187214612173,0.5205479452054794520547945206,0.3698630136986301369863013699,58.20091324200913242009132721,0E-28,0E-28,0,0,0,1040,1041,2037,ZBO,0.5205479452054794520547945206,0.3698630136986301369863013699,0.1601676362044160880715581492,0.1153206980671795834115218674
58.20091324200913242009132721,0,0.000,58.20091324200913242009132721,0.5205479452054794520547945206,0.3698630136986301369863013699,57.68036529680365296803653269,0E-28,0E-28,0,0,0,1041,1042,2037,ZBO,0.5205479452054794520547945206,0.3698630136986301369863013699,0.1587414774504284731344217259,0.1142938637643085006567836426
57.68036529680365296803653269,0,0.000,57.68036529680365296803653269,0.5205479452054794520547945206,0.3698630136986301369863013699,57.15981735159817351598173817,0E-28,0E-28,0,0,0,1042,1043,2037,ZBO,0.5205479452054794520547945206,0.3698630136986301369863013699,0.1573153186964408581972853026,0.1132670294614374179020454179
57.15981735159817351598173817,0,0.000,57.15981735159817351598173817,0.5205479452054794520547945206,0.3698630136986301369863013699,56.63926940639269406392694365,0E-28,0E-28,0,0,0,1043,1044,2037,ZBO,0.5205479452054794520547945206,0.3698630136986301369863013699,0.1558891599424532432601488792,0.1122401951585663351473071930
56.63926940639269406392694365,0,0.000,56.63926940639269406392694365,0.5205479452054794520547945206,0.3698630136986301369863013699,56.11872146118721461187214913,0E-28,0E-28,0,0,0,1044,1045,2037,ZBO,0.5205479452054794520547945206,0.3698630136986301369863013699,0.1544630011884656283230124559,0.1112133608556952523925689682
56.11872146118721461187214913,0,0.000,56.11872146118721461187214913,0.5205479452054794520547945206,0.3698630136986301369863013699,55.59817351598173515981735461,0E-28,0E-28,0,0,0,1045,1046,2037,ZBO,0.5205479452054794520547945206,0.3698630136986301369863013699,0.1530368424344780133858760325,0.1101865265528241696378307434
55.59817351598173515981735461,0,0.000,55.59817351598173515981735461,0.5205479452054794520547945206,0.3698630136986301369863013699,55.07762557077625570776256009,0E-28,0E-28,0,0,0,1046,1047,2037,ZBO,0.5205479452054794520547945206,0.3698630136986301369863013699,0.1516106836804903984487396092,0.1091596922499530868830925186
55.07762557077625570776256009,0,0.000,55.07762557077625570776256009,0.5205479452054794520547945206,0.3698630136986301369863013699,54.55707762557077625570776557,0E-28,0E-28,0,0,0,1047,1048,2037,ZBO,0.5205479452054794520547945206,0.3698630136986301369863013699,0.1501845249265027835116031859,0.1081328579470820041283542938
54.55707762557077625570776557,0,0.000,54.55707762557077625570776557,0.5205479452054794520547945206,0.3698630136986301369863013699,54.03652968036529680365297105,0E-28,0E-28,0,0,0,1048,1049,2037,ZBO,0.5205479452054794520547945206,0.3698630136986301369863013699,0.1487583661725151685744667625,0.1071060236442109213736160690
54.03652968036529680365297105,0,0.000,54.03652968036529680365297105,0.5205479452054794520547945206,0.3698630136986301369863013699,53.51598173515981735159817653,0E-28,0E-28,0,0,0,1049,1050,2037,ZBO,0.5205479452054794520547945206,0.3698630136986301369863013699,0.1473322074185275536373303392,0.1060791893413398386188778442
53.51598173515981735159817653,0,0.000,53.51598173515981735159817653,0.5205479452054794520547945206,0.3698630136986301369863013699,52.99543378995433789954338201,0E-28,0E-28,0,0,0,1050,1051,2037,ZBO,0.5205479452054794520547945206,0.3698630136986301369863013699,0.1459060486645399387001939158,0.1050523550384687558641396194
52.99543378995433789954338201,0,0.000,52.99543378995433789954338201,0.5205479452054794520547945206,0.3698630136986301369863013699,52.47488584474885844748858749,0E-28,0E-28,0,0,0,1051,1052,2037,ZBO,0.5205479452054794520547945206,0.3698630136986301369863013699,0.1444798899105523237630574925,0.1040255207355976731094013946
52.47488584474885844748858749,0,0.000,52.47488584474885844748858749,0.5205479452054794520547945206,0.3698630136986301369863013699,51.95433789954337899543379297,0E-28,0E-28,0,0,0,1052,1053,2037,ZBO,0.5205479452054794520547945206,0.3698630136986301369863013699,0.1430537311565647088259210692,0.1029986864327265903546631698
51.95433789954337899543379297,0,0.000,51.95433789954337899543379297,0.5205479452054794520547945206,0.3698630136986301369863013699,51.43378995433789954337899845,0E-28,0E-28,0,0,0,1053,1054,2037,ZBO,0.5205479452054794520547945206,0.3698630136986301369863013699,0.1416275724025770938887846458,0.1019718521298555075999249450
51.43378995433789954337899845,0,0.000,51.43378995433789954337899845,0.5205479452054794520547945206,0.3698630136986301369863013699,50.91324200913242009132420393,0E-28,0E-28,0,0,0,1054,1055,2037,ZBO,0.5205479452054794520547945206,0.3698630136986301369863013699,0.1402014136485894789516482225,0.1009450178269844248451867202
50.91324200913242009132420393,0,0.000,50.91324200913242009132420393,0.5205479452054794520547945206,0.3698630136986301369863013699,50.39269406392694063926940941,0E-28,0E-28,0,0,0,1055,1056,2037,ZBO,0.5205479452054794520547945206,0.3698630136986301369863013699,0.1387752548946018640145117991,0.09991818352411334209044849535
50.39269406392694063926940941,0,0.000,50.39269406392694063926940941,0.5205479452054794520547945206,0.3698630136986301369863013699,49.87214611872146118721461489,0E-28,0E-28,0,0,0,1056,1057,2037,ZBO,0.5205479452054794520547945206,0.3698630136986301369863013699,0.1373490961406142490773753758,0.09889134922124225933571027058
49.87214611872146118721461489,0,0.000,49.87214611872146118721461489,0.5205479452054794520547945206,0.3698630136986301369863013699,49.35159817351598173515982037,0E-28,0E-28,0,0,0,1057,1058,2037,ZBO,0.5205479452054794520547945206,0.3698630136986301369863013699,0.1359229373866266341402389524,0.09786451491837117658097204573
49.35159817351598173515982037,0,0.000,49.35159817351598173515982037,0.5205479452054794520547945206,0.3698630136986301369863013699,48.83105022831050228310502585,0E-28,0E-28,0,0,0,1058,1059,2037,ZBO,0.5205479452054794520547945206,0.3698630136986301369863013699,0.1344967786326390192031025291,0.09683768061550009382623382095
48.83105022831050228310502585,0,0.000,48.83105022831050228310502585,0.5205479452054794520547945206,0.3698630136986301369863013699,48.31050228310502283105023133,0E-28,0E-28,0,0,0,1059,1060,2037,ZBO,0.5205479452054794520547945206,0.3698630136986301369863013699,0.1330706198786514042659661057,0.09581084631262901107149559610
48.31050228310502283105023133,0,0.000,48.31050228310502283105023133,0.5205479452054794520547945206,0.3698630136986301369863013699,47.78995433789954337899543681,0E-28,0E-28,0,0,0,1060,1061,2037,ZBO,0.5205479452054794520547945206,0.3698630136986301369863013699,0.1316444611246637893288296824,0.09478401200975792831675737133
47.78995433789954337899543681,0,0.000,47.78995433789954337899543681,0.5205479452054794520547945206,0.3698630136986301369863013699,47.26940639269406392694064229,0E-28,0E-28,0,0,0,1061,1062,2037,ZBO,0.5205479452054794520547945206,0.3698630136986301369863013699,0.1302183023706761743916932591,0.09375717770688684556201914655
47.26940639269406392694064229,0,0.000,47.26940639269406392694064229,0.5205479452054794520547945206,0.3698630136986301369863013699,46.74885844748858447488584777,0E-28,0E-28,0,0,0,1062,1063,2037,ZBO,0.5205479452054794520547945206,0.3698630136986301369863013699,0.1287921436166885594545568357,0.09273034340401576280728092170
46.74885844748858447488584777,0,0.000,46.74885844748858447488584777,0.5205479452054794520547945206,0.3698630136986301369863013699,46.22831050228310502283105325,0E-28,0E-28,0,0,0,1063,1064,2037,ZBO,0.5205479452054794520547945206,0.3698630136986301369863013699,0.1273659848627009445174204124,0.09170350910114468005254269693
46.22831050228310502283105325,0,0.000,46.22831050228310502283105325,0.3036529680365296803652968036,0.2157534246575342465753424657,45.92465753424657534246575645,0E-28,0E-28,0,0,0,1064,12775/12,2037,ZBO,0.3036529680365296803652968036,0.2157534246575342465753424657,0.07363821646754654823710932281,0.05301951585663351473071871242
45.92465753424657534246575645,17.37747952600151590778843862,0.2085297543120181908934612634,63.09360730593607305936073381,0.2168949771689497716894977170,0.1541095890410958904109589042,62.87671232876712328767123609,0E-28,0E-28,17.37747952600151590778843862,0E-26,0,12775/12,1065,2037,ZBO,0.2168949771689497716894977170,0.1541095890410958904109589042,0.07190086737140593398803194632,0.05176862450741227247138300135
62.87671232876712328767123609,0,0.000,62.87671232876712328767123609,0.5205479452054794520547945206,0.3698630136986301369863013699,62.35616438356164383561644157,0E-28,0E-28,0,0,0,1065,1066,2037,ZBO,0.5205479452054794520547945206,0.3698630136986301369863013699,0.1715518859072996809908050380,0.1235173578532557703133796274
62.35616438356164383561644157,0,0.000,62.35616438356164383561644157,0.5205479452054794520547945206,0.3698630136986301369863013699,61.83561643835616438356164705,0E-28,0E-28,0,0,0,1066,1067,2037,ZBO,0.5205479452054794520547945206,0.3698630136986301369863013699,0.1701257271533120660536686145,0.1224905235503846875586414024
61.83561643835616438356164705,0,0.000,61.83561643835616438356164705,0.5205479452054794520547945206,0.3698630136986301369863013699,61.31506849315068493150685253,0E-28,0E-28,0,0,0,1067,1068,2037,ZBO,0.5205479452054794520547945206,0.3698630136986301369863013699,0.1686995683993244511165321912,0.1214636892475136048039031777
61.31506849315068493150685253,0,0.000,61.31506849315068493150685253,0.5205479452054794520547945206,0.3698630136986301369863013699,60.79452054794520547945205801,0E-28,0E-28,0,0,0,1068,1069,2037,ZBO,0.5205479452054794520547945206,0.3698630136986301369863013699,0.1672734096453368361793957678,0.1204368549446425220491649528
60.79452054794520547945205801,0,0.000,60.79452054794520547945205801,0.5205479452054794520547945206,0.3698630136986301369863013699,60.27397260273972602739726349,0E-28,0E-28,0,0,0,1069,1070,2037,ZBO,0.5205479452054794520547945206,0.3698630136986301369863013699,0.1658472508913492212422593445,0.1194100206417714392944267280
60.27397260273972602739726349,0,0.000,60.27397260273972602739726349,0.5205479452054794520547945206,0.3698630136986301369863013699,59.75342465753424657534246897,0E-28,0E-28,0,0,0,1070,1071,2037,ZBO,0.5205479452054794520547945206,0.3698630136986301369863013699,0.1644210921373616063051229212,0.1183831863389003565396885033
59.75342465753424657534246897,0,0.000,59.75342465753424657534246897,0.5205479452054794520547945206,0.3698630136986301369863013699,59.23287671232876712328767445,0E-28,0E-28,0,0,0,1071,1072,2037,ZBO,0.5205479452054794520547945206,0.3698630136986301369863013699,0.1629949333833739913679864978,0.1173563520360292737849502784
59.23287671232876712328767445,0,0.000,59.23287671232876712328767445,0.5205479452054794520547945206,0.3698630136986301369863013699,58.71232876712328767123287993,0E-28,0E-28,0,0,0,1072,1073,2037,ZBO,0.5205479452054794520547945206,0.3698630136986301369863013699,0.1615687746293863764308500745,0.1163295177331581910302120536
58.71232876712328767123287993,0,0.000,58.71232876712328767123287993,0.5205479452054794520547945206,0.3698630136986301369863013699,58.19178082191780821917808541,0E-28,0E-28,0,0,0,1073,1074,2037,ZBO,0.5205479452054794520547945206,0.3698630136986301369863013699,0.1601426158753987614937136511,0.1153026834302871082754738288
58.19178082191780821917808541,0,0.000,58.19178082191780821917808541,0.5205479452054794520547945206,0.3698630136986301369863013699,57.67123287671232876712329089,0E-28,0E-28,0,0,0,1074,1075,2037,ZBO,0.5205479452054794520547945206,0.3698630136986301369863013699,0.1587164571214111465565772278,0.1142758491274160255207356040
57.67123287671232876712329089,0,0.000,57.67123287671232876712329089,0.5205479452054794520547945206,0.3698630136986301369863013699,57.15068493150684931506849637,0E-28,0E-28,0,0,0,1075,1076,2037,ZBO,0.5205479452054794520547945206,0.3698630136986301369863013699,0.1572902983674235316194408045,0.1132490148245449427659973792
57.15068493150684931506849637,0,0.000,57.15068493150684931506849637,0.5205479452054794520547945206,0.3698630136986301369863013699,56.63013698630136986301370185,0E-28,0E-28,0,0,0,1076,1077,2037,ZBO,0.5205479452054794520547945206,0.3698630136986301369863013699,0.1558641396134359166823043811,0.1122221805216738600112591544
56.63013698630136986301370185,0,0.000,56.63013698630136986301370185,0.5205479452054794520547945206,0.3698630136986301369863013699,56.10958904109589041095890733,0E-28,0E-28,0,0,0,1077,1078,2037,ZBO,0.5205479452054794520547945206,0.3698630136986301369863013699,0.1544379808594483017451679578,0.1111953462188027772565209296
56.10958904109589041095890733,0,0.000,56.10958904109589041095890733,0.5205479452054794520547945206,0.3698630136986301369863013699,55.58904109589041095890411281,0E-28,0E-28,0,0,0,1078,1079,2037,ZBO,0.5205479452054794520547945206,0.3698630136986301369863013699,0.1530118221054606868080315344,0.1101685119159316945017827048
55.58904109589041095890411281,0,0.000,55.58904109589041095890411281,0.5205479452054794520547945206,0.3698630136986301369863013699,55.06849315068493150684931829,0E-28,0E-28,0,0,0,1079,1080,2037,ZBO,0.5205479452054794520547945206,0.3698630136986301369863013699,0.1515856633514730718708951111,0.1091416776130606117470444800
55.06849315068493150684931829,0,0.000,55.06849315068493150684931829,0.5205479452054794520547945206,0.3698630136986301369863013699,54.54794520547945205479452377,0E-28,0E-28,0,0,0,1080,1081,2037,ZBO,0.5205479452054794520547945206,0.3698630136986301369863013699,0.1501595045974854569337586878,0.1081148433101895289923062552
54.54794520547945205479452377,0,0.000,54.54794520547945205479452377,0.5205479452054794520547945206,0.3698630136986301369863013699,54.02739726027397260273972925,0E-28,0E-28,0,0,0,1081,1082,2037,ZBO,0.5205479452054794520547945206,0.3698630136986301369863013699,0.1487333458434978419966222644,0.1070880090073184462375680304
54.02739726027397260273972925,0,0.000,54.02739726027397260273972925,0.5205479452054794520547945206,0.3698630136986301369863013699,53.50684931506849315068493473,0E-28,0E-28,0,0,0,1082,1083,2037,ZBO,0.5205479452054794520547945206,0.3698630136986301369863013699,0.1473071870895102270594858411,0.1060611747044473634828298056
53.50684931506849315068493473,0,0.000,53.50684931506849315068493473,0.5205479452054794520547945206,0.3698630136986301369863013699,52.98630136986301369863014021,0E-28,0E-28,0,0,0,1083,1084,2037,ZBO,0.5205479452054794520547945206,0.3698630136986301369863013699,0.1458810283355226121223494177,0.1050343404015762807280915807
52.98630136986301369863014021,0,0.000,52.98630136986301369863014021,0.5205479452054794520547945206,0.3698630136986301369863013699,52.46575342465753424657534569,0E-28,0E-28,0,0,0,1084,1085,2037,ZBO,0.5205479452054794520547945206,0.3698630136986301369863013699,0.1444548695815349971852129944,0.1040075060987051979733533560
52.46575342465753424657534569,0,0.000,52.46575342465753424657534569,0.5205479452054794520547945206,0.3698630136986301369863013699,51.94520547945205479452055117,0E-28,0E-28,0,0,0,1085,1086,2037,ZBO,0.5205479452054794520547945206,0.3698630136986301369863013699,0.1430287108275473822480765711,0.1029806717958341152186151312
51.94520547945205479452055117,0,0.000,51.94520547945205479452055117,0.5205479452054794520547945206,0.3698630136986301369863013699,51.42465753424657534246575665,0E-28,0E-28,0,0,0,1086,1087,2037,ZBO,0.5205479452054794520547945206,0.3698630136986301369863013699,0.1416025520735597673109401477,0.1019538374929630324638769063
51.42465753424657534246575665,0,0.000,51.42465753424657534246575665,0.5205479452054794520547945206,0.3698630136986301369863013699,50.90410958904109589041096213,0E-28,0E-28,0,0,0,1087,1088,2037,ZBO,0.5205479452054794520547945206,0.3698630136986301369863013699,0.1401763933195721523738037244,0.1009270031900919497091386816
50.90410958904109589041096213,0,0.000,50.90410958904109589041096213,0.5205479452054794520547945206,0.3698630136986301369863013699,50.38356164383561643835616761,0E-28,0E-28,0,0,0,1088,1089,2037,ZBO,0.5205479452054794520547945206,0.3698630136986301369863013699,0.1387502345655845374366673010,0.09990016888722086695440045672
50.38356164383561643835616761,0,0.000,50.38356164383561643835616761,0.5205479452054794520547945206,0.3698630136986301369863013699,49.86301369863013698630137309,0E-28,0E-28,0,0,0,1089,1090,2037,ZBO,0.5205479452054794520547945206,0.3698630136986301369863013699,0.1373240758115969224995308777,0.09887333458434978419966223194
49.86301369863013698630137309,0,0.000,49.86301369863013698630137309,0.5205479452054794520547945206,0.3698630136986301369863013699,49.34246575342465753424657857,0E-28,0E-28,0,0,0,1090,1091,2037,ZBO,0.5205479452054794520547945206,0.3698630136986301369863013699,0.1358979170576093075623944543,0.09784650028147870144492400710
49.34246575342465753424657857,0,0.000,49.34246575342465753424657857,0.5205479452054794520547945206,0.3698630136986301369863013699,48.82191780821917808219178405,0E-28,0E-28,0,0,0,1091,1092,2037,ZBO,0.5205479452054794520547945206,0.3698630136986301369863013699,0.1344717583036216926252580310,0.09681966597860761869018578232
48.82191780821917808219178405,0,0.000,48.82191780821917808219178405,0.5205479452054794520547945206,0.3698630136986301369863013699,48.30136986301369863013698953,0E-28,0E-28,0,0,0,1092,1093,2037,ZBO,0.5205479452054794520547945206,0.3698630136986301369863013699,0.1330455995496340776881216077,0.09579283167573653593544755754
48.30136986301369863013698953,0,0.000,48.30136986301369863013698953,0.5205479452054794520547945206,0.3698630136986301369863013699,47.78082191780821917808219501,0E-28,0E-28,0,0,0,1093,1094,2037,ZBO,0.5205479452054794520547945206,0.3698630136986301369863013699,0.1316194407956464627509851843,0.09476599737286545318070933270
47.78082191780821917808219501,0,0.000,47.78082191780821917808219501,0.5205479452054794520547945206,0.3698630136986301369863013699,47.26027397260273972602740049,0E-28,0E-28,0,0,0,1094,1095,2037,ZBO,0.5205479452054794520547945206,0.3698630136986301369863013699,0.1301932820416588478138487610,0.09373916306999437042597110792
47.26027397260273972602740049,15.83333333333333333333333333,0.1900000000000000000000000000,62.90360730593607305936073382,0.7876712328767123287671232878,0.5356164383561643835616438357,62.11593607305936073059361053,0E-28,0E-28,15.83333333333333333333333333,0E-26,0,1095,1096,2038,ZBO,0.7876712328767123287671232878,0.5356164383561643835616438357,0.1712596484643773065615812937,0.1233069468943516607243385315
62.11593607305936073059361053,0,0.000,62.11593607305936073059361053,0.7876712328767123287671232878,0.5356164383561643835616438357,61.32826484018264840182648724,0E-28,0E-28,0,0,0,1096,1097,2038,ZBO,0.7876712328767123287671232878,0.5356164383561643835616438357,0.1691016450866328892224932847,0.1217531844623756802401951650
61.32826484018264840182648724,0,0.000,61.32826484018264840182648724,0.7876712328767123287671232878,0.5356164383561643835616438357,60.54059360730593607305936395,0E-28,0E-28,0,0,0,1097,1098,2038,ZBO,0.7876712328767123287671232878,0.5356164383561643835616438357,0.1669436417088884718834052756,0.1201994220303996997560517984
60.54059360730593607305936395,0,0.000,60.54059360730593607305936395,0.7876712328767123287671232878,0.5356164383561643835616438357,59.75292237442922374429224066,0E-28,0E-28,0,0,0,1098,1099,2038,ZBO,0.7876712328767123287671232878,0.5356164383561643835616438357,0.1647856383311440545443172666,0.1186456595984237192719084320
59.75292237442922374429224066,0,0.000,59.75292237442922374429224066,0.7876712328767123287671232878,0.5356164383561643835616438357,58.96525114155251141552511737,0E-28,0E-28,0,0,0,1099,1100,2038,ZBO,0.7876712328767123287671232878,0.5356164383561643835616438357,0.1626276349533996372052292576,0.1170918971664477387877650655
58.96525114155251141552511737,0,0.000,58.96525114155251141552511737,0.7876712328767123287671232878,0.5356164383561643835616438357,58.17757990867579908675799408,0E-28,0E-28,0,0,0,1100,1101,2038,ZBO,0.7876712328767123287671232878,0.5356164383561643835616438357,0.1604696315756552198661412485,0.1155381347344717583036216989
58.17757990867579908675799408,0,0.000,58.17757990867579908675799408,0.7876712328767123287671232878,0.5356164383561643835616438357,57.38990867579908675799087079,0E-28,0E-28,0,0,0,1101,1102,2038,ZBO,0.7876712328767123287671232878,0.5356164383561643835616438357,0.1583116281979108025270532396,0.1139843723024957778194783325
57.38990867579908675799087079,0,0.000,57.38990867579908675799087079,0.7876712328767123287671232878,0.5356164383561643835616438357,56.60223744292237442922374750,0E-28,0E-28,0,0,0,1102,1103,2038,ZBO,0.7876712328767123287671232878,0.5356164383561643835616438357,0.1561536248201663851879652306,0.1124306098705197973353349660
56.60223744292237442922374750,0,0.000,56.60223744292237442922374750,0.7876712328767123287671232878,0.5356164383561643835616438357,55.81456621004566210045662421,0E-28,0E-28,0,0,0,1103,1104,2038,ZBO,0.7876712328767123287671232878,0.5356164383561643835616438357,0.1539956214424219678488772215,0.1108768474385438168511915995
55.81456621004566210045662421,0,0.000,55.81456621004566210045662421,0.7876712328767123287671232878,0.5356164383561643835616438357,55.02689497716894977168950092,0E-28,0E-28,0,0,0,1104,1105,2038,ZBO,0.7876712328767123287671232878,0.5356164383561643835616438357,0.1518376180646775505097892125,0.1093230850065678363670482330
55.02689497716894977168950092,0,0.000,55.02689497716894977168950092,0.7876712328767123287671232878,0.5356164383561643835616438357,54.23922374429223744292237763,0E-28,0E-28,0,0,0,1105,1106,2038,ZBO,0.7876712328767123287671232878,0.5356164383561643835616438357,0.1496796146869331331707012036,0.1077693225745918558829048666
54.23922374429223744292237763,0,0.000,54.23922374429223744292237763,0.7876712328767123287671232878,0.5356164383561643835616438357,53.45155251141552511415525434,0E-28,0E-28,0,0,0,1106,1107,2038,ZBO,0.7876712328767123287671232878,0.5356164383561643835616438357,0.1475216113091887158316131945,0.1062155601426158753987615000
53.45155251141552511415525434,0,0.000,53.45155251141552511415525434,0.7876712328767123287671232878,0.5356164383561643835616438357,52.66388127853881278538813105,0E-28,0E-28,0,0,0,1107,1108,2038,ZBO,0.7876712328767123287671232878,0.5356164383561643835616438357,0.1453636079314442984925251855,0.1046617977106398949146181336
52.66388127853881278538813105,0,0.000,52.66388127853881278538813105,0.7876712328767123287671232878,0.5356164383561643835616438357,51.87621004566210045662100776,0E-28,0E-28,0,0,0,1108,1109,2038,ZBO,0.7876712328767123287671232878,0.5356164383561643835616438357,0.1432056045536998811534371765,0.1031080352786639144304747671
51.87621004566210045662100776,0,0.000,51.87621004566210045662100776,0.7876712328767123287671232878,0.5356164383561643835616438357,51.08853881278538812785388447,0E-28,0E-28,0,0,0,1109,1110,2038,ZBO,0.7876712328767123287671232878,0.5356164383561643835616438357,0.1410476011759554638143491674,0.1015542728466879339463314005
51.08853881278538812785388447,0,0.000,51.08853881278538812785388447,0.7876712328767123287671232878,0.5356164383561643835616438357,50.30086757990867579908676118,0E-28,0E-28,0,0,0,1110,1111,2038,ZBO,0.7876712328767123287671232878,0.5356164383561643835616438357,0.1388895977982110464752611584,0.1000005104147119534621880340
50.30086757990867579908676118,0,0.000,50.30086757990867579908676118,0.7876712328767123287671232878,0.5356164383561643835616438357,49.51319634703196347031963789,0E-28,0E-28,0,0,0,1111,1112,2038,ZBO,0.7876712328767123287671232878,0.5356164383561643835616438357,0.1367315944204666291361731494,0.09844674798273597297804466757
49.51319634703196347031963789,0,0.000,49.51319634703196347031963789,0.7876712328767123287671232878,0.5356164383561643835616438357,48.72552511415525114155251460,0E-28,0E-28,0,0,0,1112,1113,2038,ZBO,0.7876712328767123287671232878,0.5356164383561643835616438357,0.1345735910427222117970851404,0.09689298555075999249390130109
48.72552511415525114155251460,0,0.000,48.72552511415525114155251460,0.7876712328767123287671232878,0.5356164383561643835616438357,47.93785388127853881278539131,0E-28,0E-28,0,0,0,1113,1114,2038,ZBO,0.7876712328767123287671232878,0.5356164383561643835616438357,0.1324155876649777944579971314,0.09533922311878401200975793461
47.93785388127853881278539131,0,0.000,47.93785388127853881278539131,0.7876712328767123287671232878,0.5356164383561643835616438357,47.15018264840182648401826802,0E-28,0E-28,0,0,0,1114,1115,2038,ZBO,0.7876712328767123287671232878,0.5356164383561643835616438357,0.1302575842872333771189091224,0.09378546068680803152561456813
47.15018264840182648401826802,0,0.000,47.15018264840182648401826802,0.7876712328767123287671232878,0.5356164383561643835616438357,46.36251141552511415525114473,0E-28,0E-28,0,0,0,1115,1116,2038,ZBO,0.7876712328767123287671232878,0.5356164383561643835616438357,0.1280995809094889597798211134,0.09223169825483205104147120165
46.36251141552511415525114473,0,0.000,46.36251141552511415525114473,0.7876712328767123287671232878,0.5356164383561643835616438357,45.57484018264840182648402144,0E-28,0E-28,0,0,0,1116,1117,2038,ZBO,0.7876712328767123287671232878,0.5356164383561643835616438357,0.1259415775317445424407331043,0.09067793582285607055732783510
45.57484018264840182648402144,0,0.000,45.57484018264840182648402144,0.7876712328767123287671232878,0.5356164383561643835616438357,44.78716894977168949771689815,0E-28,0E-28,0,0,0,1117,1118,2038,ZBO,0.7876712328767123287671232878,0.5356164383561643835616438357,0.1237835741540001251016450954,0.08912417339088009007318446869
44.78716894977168949771689815,0,0.000,44.78716894977168949771689815,0.7876712328767123287671232878,0.5356164383561643835616438357,43.99949771689497716894977486,0E-28,0E-28,0,0,0,1118,1119,2038,ZBO,0.7876712328767123287671232878,0.5356164383561643835616438357,0.1216255707762557077625570863,0.08757041095890410958904110214
43.99949771689497716894977486,0,0.000,43.99949771689497716894977486,0.7876712328767123287671232878,0.5356164383561643835616438357,43.21182648401826484018265157,0E-28,0E-28,0,0,0,1119,1120,2038,ZBO,0.7876712328767123287671232878,0.5356164383561643835616438357,0.1194675673985112904234690773,0.08601664852692812910489773566
43.21182648401826484018265157,0,0.000,43.21182648401826484018265157,0.7876712328767123287671232878,0.5356164383561643835616438357,42.42415525114155251141552828,0E-28,0E-28,0,0,0,1120,1121,2038,ZBO,0.7876712328767123287671232878,0.5356164383561643835616438357,0.1173095640207668730843810683,0.08446288609495214862075436918
42.42415525114155251141552828,0,0.000,42.42415525114155251141552828,0.7876712328767123287671232878,0.5356164383561643835616438357,41.63648401826484018264840499,0E-28,0E-28,0,0,0,1121,1122,2038,ZBO,0.7876712328767123287671232878,0.5356164383561643835616438357,0.1151515606430224557452930593,0.08290912366297616813661100270
41.63648401826484018264840499,0,0.000,41.63648401826484018264840499,0.7876712328767123287671232878,0.5356164383561643835616438357,40.84881278538812785388128170,0E-28,0E-28,0,0,0,1122,1123,2038,ZBO,0.7876712328767123287671232878,0.5356164383561643835616438357,0.1129935572652780384062050503,0.08135536123100018765246763622
40.84881278538812785388128170,0,0.000,40.84881278538812785388128170,0.7876712328767123287671232878,0.5356164383561643835616438357,40.06114155251141552511415841,0E-28,0E-28,0,0,0,1123,1124,2038,ZBO,0.7876712328767123287671232878,0.5356164383561643835616438357,0.1108355538875336210671170413,0.07980159879902420716832426974
40.06114155251141552511415841,0,0.000,40.06114155251141552511415841,0.7876712328767123287671232878,0.5356164383561643835616438357,39.27347031963470319634703512,0E-28,0E-28,0,0,0,1124,1125,2038,ZBO,0.7876712328767123287671232878,0.5356164383561643835616438357,0.1086775505097892037280290322,0.07824783636704822668418090318
39.27347031963470319634703512,0,0.000,39.27347031963470319634703512,0.3281963470319634703196347033,0.2231735159817351598173515983,38.94527397260273972602740042,0E-28,0E-28,0,0,0,1125,13505/12,2038,ZBO,0.3281963470319634703196347033,0.2231735159817351598173515983,0.04464540199328621171368403857,0.03214468943516607243385250777
38.94527397260273972602740042,15.83333333333333333333333333,0.1900000000000000000000000000,54.58860730593607305936073375,0.4594748858447488584474885844,0.3124429223744292237442922374,54.12913242009132420091324517,0E-28,0E-28,15.83333333333333333333333333,0E-26,0,13505/12,1126,2038,ZBO,0.4594748858447488584474885844,0.3124429223744292237442922374,0.08687490617376618502533308815,0.06254993244511165321823982347
54.12913242009132420091324517,0,0.000,54.12913242009132420091324517,0.7876712328767123287671232878,0.5356164383561643835616438357,53.34146118721461187214612188,0E-28,0E-28,0,0,0,1126,1127,2038,ZBO,0.7876712328767123287671232878,0.5356164383561643835616438357,0.1472199912428848439356977630,0.1059983936948770876337023894
53.34146118721461187214612188,0,0.000,53.34146118721461187214612188,0.7876712328767123287671232878,0.5356164383561643835616438357,52.55378995433789954337899859,0E-28,0E-28,0,0,0,1127,1128,2038,ZBO,0.7876712328767123287671232878,0.5356164383561643835616438357,0.1450619878651404265966097541,0.1044446312629011071495590230
52.55378995433789954337899859,0,0.000,52.55378995433789954337899859,0.7876712328767123287671232878,0.5356164383561643835616438357,51.76611872146118721461187530,0E-28,0E-28,0,0,0,1128,1129,2038,ZBO,0.7876712328767123287671232878,0.5356164383561643835616438357,0.1429039844873960092575217451,0.1028908688309251266654156565
51.76611872146118721461187530,0,0.000,51.76611872146118721461187530,0.7876712328767123287671232878,0.5356164383561643835616438357,50.97844748858447488584475201,0E-28,0E-28,0,0,0,1129,1130,2038,ZBO,0.7876712328767123287671232878,0.5356164383561643835616438357,0.1407459811096515919184337360,0.1013371063989491461812722899
50.97844748858447488584475201,0,0.000,50.97844748858447488584475201,0.7876712328767123287671232878,0.5356164383561643835616438357,50.19077625570776255707762872,0E-28,0E-28,0,0,0,1130,1131,2038,ZBO,0.7876712328767123287671232878,0.5356164383561643835616438357,0.1385879777319071745793457270,0.09978334396697316569712892344
50.19077625570776255707762872,0,0.000,50.19077625570776255707762872,0.7876712328767123287671232878,0.5356164383561643835616438357,49.40310502283105022831050543,0E-28,0E-28,0,0,0,1131,1132,2038,ZBO,0.7876712328767123287671232878,0.5356164383561643835616438357,0.1364299743541627572402577180,0.09822958153499718521298555696
49.40310502283105022831050543,0,0.000,49.40310502283105022831050543,0.7876712328767123287671232878,0.5356164383561643835616438357,48.61543378995433789954338214,0E-28,0E-28,0,0,0,1132,1133,2038,ZBO,0.7876712328767123287671232878,0.5356164383561643835616438357,0.1342719709764183399011697090,0.09667581910302120472884219048
48.61543378995433789954338214,0,0.000,48.61543378995433789954338214,0.7876712328767123287671232878,0.5356164383561643835616438357,47.82776255707762557077625885,0E-28,0E-28,0,0,0,1133,1134,2038,ZBO,0.7876712328767123287671232878,0.5356164383561643835616438357,0.1321139675986739225620817000,0.09512205667104522424469882400
47.82776255707762557077625885,0,0.000,47.82776255707762557077625885,0.7876712328767123287671232878,0.5356164383561643835616438357,47.04009132420091324200913556,0E-28,0E-28,0,0,0,1134,1135,2038,ZBO,0.7876712328767123287671232878,0.5356164383561643835616438357,0.1299559642209295052229936910,0.09356829423906924376055545752
47.04009132420091324200913556,0,0.000,47.04009132420091324200913556,0.7876712328767123287671232878,0.5356164383561643835616438357,46.25242009132420091324201227,0E-28,0E-28,0,0,0,1135,1136,2038,ZBO,0.7876712328767123287671232878,0.5356164383561643835616438357,0.1277979608431850878839056820,0.09201453180709326327641209104
46.25242009132420091324201227,0,0.000,46.25242009132420091324201227,0.7876712328767123287671232878,0.5356164383561643835616438357,45.46474885844748858447488898,0E-28,0E-28,0,0,0,1136,1137,2038,ZBO,0.7876712328767123287671232878,0.5356164383561643835616438357,0.1256399574654406705448176729,0.09046076937511728279226872449
45.46474885844748858447488898,0,0.000,45.46474885844748858447488898,0.7876712328767123287671232878,0.5356164383561643835616438357,44.67707762557077625570776569,0E-28,0E-28,0,0,0,1137,1138,2038,ZBO,0.7876712328767123287671232878,0.5356164383561643835616438357,0.1234819540876962532057296640,0.08890700694314130230812535808
44.67707762557077625570776569,0,0.000,44.67707762557077625570776569,0.7876712328767123287671232878,0.5356164383561643835616438357,43.88940639269406392694064240,0E-28,0E-28,0,0,0,1138,1139,2038,ZBO,0.7876712328767123287671232878,0.5356164383561643835616438357,0.1213239507099518358666416549,0.08735324451116532182398199153
43.88940639269406392694064240,0,0.000,43.88940639269406392694064240,0.7876712328767123287671232878,0.5356164383561643835616438357,43.10173515981735159817351911,0E-28,0E-28,0,0,0,1139,1140,2038,ZBO,0.7876712328767123287671232878,0.5356164383561643835616438357,0.1191659473322074185275536459,0.08579948207918934133983862505
43.10173515981735159817351911,0,0.000,43.10173515981735159817351911,0.7876712328767123287671232878,0.5356164383561643835616438357,42.31406392694063926940639582,0E-28,0E-28,0,0,0,1140,1141,2038,ZBO,0.7876712328767123287671232878,0.5356164383561643835616438357,0.1170079439544630011884656369,0.08424571964721336085569525857
42.31406392694063926940639582,0,0.000,42.31406392694063926940639582,0.7876712328767123287671232878,0.5356164383561643835616438357,41.52639269406392694063927253,0E-28,0E-28,0,0,0,1141,1142,2038,ZBO,0.7876712328767123287671232878,0.5356164383561643835616438357,0.1148499405767185838493776279,0.08269195721523738037155189209
41.52639269406392694063927253,0,0.000,41.52639269406392694063927253,0.7876712328767123287671232878,0.5356164383561643835616438357,40.73872146118721461187214924,0E-28,0E-28,0,0,0,1142,1143,2038,ZBO,0.7876712328767123287671232878,0.5356164383561643835616438357,0.1126919371989741665102896189,0.08113819478326139988740852561
40.73872146118721461187214924,0,0.000,40.73872146118721461187214924,0.7876712328767123287671232878,0.5356164383561643835616438357,39.95105022831050228310502595,0E-28,0E-28,0,0,0,1143,1144,2038,ZBO,0.7876712328767123287671232878,0.5356164383561643835616438357,0.1105339338212297491712016099,0.07958443235128541940326515913
39.95105022831050228310502595,0,0.000,39.95105022831050228310502595,0.7876712328767123287671232878,0.5356164383561643835616438357,39.16337899543378995433790266,0E-28,0E-28,0,0,0,1144,1145,2038,ZBO,0.7876712328767123287671232878,0.5356164383561643835616438357,0.1083759304434853318321136008,0.07803066991930943891912179258
39.16337899543378995433790266,0,0.000,39.16337899543378995433790266,0.7876712328767123287671232878,0.5356164383561643835616438357,38.37570776255707762557077937,0E-28,0E-28,0,0,0,1145,1146,2038,ZBO,0.7876712328767123287671232878,0.5356164383561643835616438357,0.1062179270657409144930255918,0.07647690748733345843497842610
38.37570776255707762557077937,0,0.000,38.37570776255707762557077937,0.7876712328767123287671232878,0.5356164383561643835616438357,37.58803652968036529680365608,0E-28,0E-28,0,0,0,1146,1147,2038,ZBO,0.7876712328767123287671232878,0.5356164383561643835616438357,0.1040599236879964971539375828,0.07492314505535747795083505962
37.58803652968036529680365608,0,0.000,37.58803652968036529680365608,0.7876712328767123287671232878,0.5356164383561643835616438357,36.80036529680365296803653279,0E-28,0E-28,0,0,0,1147,1148,2038,ZBO,0.7876712328767123287671232878,0.5356164383561643835616438357,0.1019019203102520798148495738,0.07336938262338149746669169314
36.80036529680365296803653279,0,0.000,36.80036529680365296803653279,0.7876712328767123287671232878,0.5356164383561643835616438357,36.01269406392694063926940950,0E-28,0E-28,0,0,0,1148,1149,2038,ZBO,0.7876712328767123287671232878,0.5356164383561643835616438357,0.09974391693250766247576156478,0.07181562019140551698254832664
36.01269406392694063926940950,0,0.000,36.01269406392694063926940950,0.7876712328767123287671232878,0.5356164383561643835616438357,35.22502283105022831050228621,0E-28,0E-28,0,0,0,1149,1150,2038,ZBO,0.7876712328767123287671232878,0.5356164383561643835616438357,0.09758591355476324513667355579,0.07026185775942953649840496017
35.22502283105022831050228621,0,0.000,35.22502283105022831050228621,0.7876712328767123287671232878,0.5356164383561643835616438357,34.43735159817351598173516292,0E-28,0E-28,0,0,0,1150,1151,2038,ZBO,0.7876712328767123287671232878,0.5356164383561643835616438357,0.09542791017701882779758554675,0.06870809532745355601426159366
34.43735159817351598173516292,0,0.000,34.43735159817351598173516292,0.7876712328767123287671232878,0.5356164383561643835616438357,33.64968036529680365296803963,0E-28,0E-28,0,0,0,1151,1152,2038,ZBO,0.7876712328767123287671232878,0.5356164383561643835616438357,0.09326990679927441045849753776,0.06715433289547757553011822719
33.64968036529680365296803963,0,0.000,33.64968036529680365296803963,0.7876712328767123287671232878,0.5356164383561643835616438357,32.86200913242009132420091634,0E-28,0E-28,0,0,0,1152,1153,2038,ZBO,0.7876712328767123287671232878,0.5356164383561643835616438357,0.09111190342152999311940952872,0.06560057046350159504597486068
32.86200913242009132420091634,0,0.000,32.86200913242009132420091634,0.7876712328767123287671232878,0.5356164383561643835616438357,32.07433789954337899543379305,0E-28,0E-28,0,0,0,1153,1154,2038,ZBO,0.7876712328767123287671232878,0.5356164383561643835616438357,0.08895390004378557578032151973,0.06404680803152561456183149421
32.07433789954337899543379305,0,0.000,32.07433789954337899543379305,0.7876712328767123287671232878,0.5356164383561643835616438357,31.28666666666666666666666976,0E-28,0E-28,0,0,0,1154,1155,2038,ZBO,0.7876712328767123287671232878,0.5356164383561643835616438357,0.08679589666604115844123351069,0.06249304559954963407768812770
31.28666666666666666666666976,0,0.000,31.28666666666666666666666976,0.6563926940639269406392694064,0.4463470319634703196347031963,30.63027397260273972602740035,0E-28,0E-28,0,0,0,1155,6935/6,2038,ZBO,0.6563926940639269406392694064,0.4463470319634703196347031963,0.07068143908592397990033569648,0.05089063614186526552824170147
30.63027397260273972602740035,15.83333333333333333333333333,0.1900000000000000000000000000,46.27360730593607305936073368,0.1312785388127853881278538813,0.08926940639269406392694063928,46.14232876712328767123287980,0E-28,0E-29,15.83333333333333333333333333,0E-26,0,6935/6,1156,2038,ZBO,0.1312785388127853881278538813,0.08926940639269406392694063928,0.02109952878380350701611726336,0.01519166072433852505160442962
46.14232876712328767123287980,0,0.000,46.14232876712328767123287980,0.7876712328767123287671232878,0.5356164383561643835616438357,45.35465753424657534246575651,0E-28,0E-28,0,0,0,1156,1157,2038,ZBO,0.7876712328767123287671232878,0.5356164383561643835616438357,0.1253383373991367986489022415,0.09024360292737849502720961388
45.35465753424657534246575651,0,0.000,45.35465753424657534246575651,0.7876712328767123287671232878,0.5356164383561643835616438357,44.56698630136986301369863322,0E-28,0E-28,0,0,0,1157,1158,2038,ZBO,0.7876712328767123287671232878,0.5356164383561643835616438357,0.1231803340213923813098142325,0.08868984049540251454306624740
44.56698630136986301369863322,0,0.000,44.56698630136986301369863322,0.7876712328767123287671232878,0.5356164383561643835616438357,43.77931506849315068493150993,0E-28,0E-28,0,0,0,1158,1159,2038,ZBO,0.7876712328767123287671232878,0.5356164383561643835616438357,0.1210223306436479639707262235,0.08713607806342653405892288092
43.77931506849315068493150993,0,0.000,43.77931506849315068493150993,0.7876712328767123287671232878,0.5356164383561643835616438357,42.99164383561643835616438664,0E-28,0E-28,0,0,0,1159,1160,2038,ZBO,0.7876712328767123287671232878,0.5356164383561643835616438357,0.1188643272659035466316382145,0.08558231563145055357477951444
42.99164383561643835616438664,0,0.000,42.99164383561643835616438664,0.7876712328767123287671232878,0.5356164383561643835616438357,42.20397260273972602739726335,0E-28,0E-28,0,0,0,1160,1161,2038,ZBO,0.7876712328767123287671232878,0.5356164383561643835616438357,0.1167063238881591292925502055,0.08402855319947457309063614796
42.20397260273972602739726335,0,0.000,42.20397260273972602739726335,0.7876712328767123287671232878,0.5356164383561643835616438357,41.41630136986301369863014006,0E-28,0E-28,0,0,0,1161,1162,2038,ZBO,0.7876712328767123287671232878,0.5356164383561643835616438357,0.1145483205104147119534621964,0.08247479076749859260649278141
41.41630136986301369863014006,0,0.000,41.41630136986301369863014006,0.7876712328767123287671232878,0.5356164383561643835616438357,40.62863013698630136986301677,0E-28,0E-28,0,0,0,1162,1163,2038,ZBO,0.7876712328767123287671232878,0.5356164383561643835616438357,0.1123903171326702946143741875,0.08092102833552261212234941500
40.62863013698630136986301677,0,0.000,40.62863013698630136986301677,0.7876712328767123287671232878,0.5356164383561643835616438357,39.84095890410958904109589348,0E-28,0E-28,0,0,0,1163,1164,2038,ZBO,0.7876712328767123287671232878,0.5356164383561643835616438357,0.1102323137549258772752861784,0.07936726590354663163820604845
39.84095890410958904109589348,0,0.000,39.84095890410958904109589348,0.7876712328767123287671232878,0.5356164383561643835616438357,39.05328767123287671232877019,0E-28,0E-28,0,0,0,1164,1165,2038,ZBO,0.7876712328767123287671232878,0.5356164383561643835616438357,0.1080743103771814599361981694,0.07781350347157065115406268197
39.05328767123287671232877019,0,0.000,39.05328767123287671232877019,0.7876712328767123287671232878,0.5356164383561643835616438357,38.26561643835616438356164690,0E-28,0E-28,0,0,0,1165,1166,2038,ZBO,0.7876712328767123287671232878,0.5356164383561643835616438357,0.1059163069994370425971101604,0.07625974103959467066991931549
38.26561643835616438356164690,0,0.000,38.26561643835616438356164690,0.7876712328767123287671232878,0.5356164383561643835616438357,37.47794520547945205479452361,0E-28,0E-28,0,0,0,1166,1167,2038,ZBO,0.7876712328767123287671232878,0.5356164383561643835616438357,0.1037583036216926252580221514,0.07470597860761869018577594901
37.47794520547945205479452361,0,0.000,37.47794520547945205479452361,0.7876712328767123287671232878,0.5356164383561643835616438357,36.69027397260273972602740032,0E-28,0E-28,0,0,0,1167,1168,2038,ZBO,0.7876712328767123287671232878,0.5356164383561643835616438357,0.1016003002439482079189341424,0.07315221617564270970163258253
36.69027397260273972602740032,0,0.000,36.69027397260273972602740032,0.7876712328767123287671232878,0.5356164383561643835616438357,35.90260273972602739726027703,0E-28,0E-28,0,0,0,1168,1169,2038,ZBO,0.7876712328767123287671232878,0.5356164383561643835616438357,0.09944229686620379057984613338,0.07159845374366672921748921603
35.90260273972602739726027703,0,0.000,35.90260273972602739726027703,0.7876712328767123287671232878,0.5356164383561643835616438357,35.11493150684931506849315374,0E-28,0E-28,0,0,0,1169,1170,2038,ZBO,0.7876712328767123287671232878,0.5356164383561643835616438357,0.09728429348845937324075812434,0.07004469131169074873334584952
35.11493150684931506849315374,0,0.000,35.11493150684931506849315374,0.7876712328767123287671232878,0.5356164383561643835616438357,34.32726027397260273972603045,0E-28,0E-28,0,0,0,1170,1171,2038,ZBO,0.7876712328767123287671232878,0.5356164383561643835616438357,0.09512629011071495590167011535,0.06849092887971476824920248305
34.32726027397260273972603045,0,0.000,34.32726027397260273972603045,0.7876712328767123287671232878,0.5356164383561643835616438357,33.53958904109589041095890716,0E-28,0E-28,0,0,0,1171,1172,2038,ZBO,0.7876712328767123287671232878,0.5356164383561643835616438357,0.09296828673297053856258210631,0.06693716644773878776505911654
33.53958904109589041095890716,0,0.000,33.53958904109589041095890716,0.7876712328767123287671232878,0.5356164383561643835616438357,32.75191780821917808219178387,0E-28,0E-28,0,0,0,1172,1173,2038,ZBO,0.7876712328767123287671232878,0.5356164383561643835616438357,0.09081028335522612122349409732,0.06538340401576280728091575007
32.75191780821917808219178387,0,0.000,32.75191780821917808219178387,0.7876712328767123287671232878,0.5356164383561643835616438357,31.96424657534246575342466058,0E-28,0E-28,0,0,0,1173,1174,2038,ZBO,0.7876712328767123287671232878,0.5356164383561643835616438357,0.08865227997748170388440608828,0.06382964158378682679677238356
31.96424657534246575342466058,0,0.000,31.96424657534246575342466058,0.7876712328767123287671232878,0.5356164383561643835616438357,31.17657534246575342465753729,0E-28,0E-28,0,0,0,1174,1175,2038,ZBO,0.7876712328767123287671232878,0.5356164383561643835616438357,0.08649427659973728654531807930,0.06227587915181084631262901710
31.17657534246575342465753729,0,0.000,31.17657534246575342465753729,0.7876712328767123287671232878,0.5356164383561643835616438357,30.38890410958904109589041400,0E-28,0E-28,0,0,0,1175,1176,2038,ZBO,0.7876712328767123287671232878,0.5356164383561643835616438357,0.08433627322199286920623007026,0.06072211671983486582848565059
30.38890410958904109589041400,0,0.000,30.38890410958904109589041400,0.7876712328767123287671232878,0.5356164383561643835616438357,29.60123287671232876712329071,0E-28,0E-28,0,0,0,1176,1177,2038,ZBO,0.7876712328767123287671232878,0.5356164383561643835616438357,0.08217826984424845186714206127,0.05916835428785888534434228411
29.60123287671232876712329071,0,0.000,29.60123287671232876712329071,0.7876712328767123287671232878,0.5356164383561643835616438357,28.81356164383561643835616742,0E-28,0E-28,0,0,0,1177,1178,2038,ZBO,0.7876712328767123287671232878,0.5356164383561643835616438357,0.08002026646650403452805405223,0.05761459185588290486019891761
28.81356164383561643835616742,0,0.000,28.81356164383561643835616742,0.7876712328767123287671232878,0.5356164383561643835616438357,28.02589041095890410958904413,0E-28,0E-28,0,0,0,1178,1179,2038,ZBO,0.7876712328767123287671232878,0.5356164383561643835616438357,0.07786226308875961718896604324,0.05606082942390692437605555113
28.02589041095890410958904413,0,0.000,28.02589041095890410958904413,0.7876712328767123287671232878,0.5356164383561643835616438357,27.23821917808219178082192084,0E-28,0E-28,0,0,0,1179,1180,2038,ZBO,0.7876712328767123287671232878,0.5356164383561643835616438357,0.07570425971101519984987803420,0.05450706699193094389191218462
27.23821917808219178082192084,0,0.000,27.23821917808219178082192084,0.7876712328767123287671232878,0.5356164383561643835616438357,26.45054794520547945205479755,0E-28,0E-28,0,0,0,1180,1181,2038,ZBO,0.7876712328767123287671232878,0.5356164383561643835616438357,0.07354625633327078251079002521,0.05295330455995496340776881815
26.45054794520547945205479755,0,0.000,26.45054794520547945205479755,0.7876712328767123287671232878,0.5356164383561643835616438357,25.66287671232876712328767426,0E-28,0E-28,0,0,0,1181,1182,2038,ZBO,0.7876712328767123287671232878,0.5356164383561643835616438357,0.07138825295552636517170201617,0.05139954212797898292362545164
25.66287671232876712328767426,0,0.000,25.66287671232876712328767426,0.7876712328767123287671232878,0.5356164383561643835616438357,24.87520547945205479452055097,0E-28,0E-28,0,0,0,1182,1183,2038,ZBO,0.7876712328767123287671232878,0.5356164383561643835616438357,0.06923024957778194783261400719,0.04984577969600300243948208518
24.87520547945205479452055097,0,0.000,24.87520547945205479452055097,0.7876712328767123287671232878,0.5356164383561643835616438357,24.08753424657534246575342768,0E-28,0E-28,0,0,0,1183,1184,2038,ZBO,0.7876712328767123287671232878,0.5356164383561643835616438357,0.06707224620003753049352599814,0.04829201726402702195533871866
24.08753424657534246575342768,0,0.000,24.08753424657534246575342768,0.7876712328767123287671232878,0.5356164383561643835616438357,23.29986301369863013698630439,0E-28,0E-28,0,0,0,1184,1185,2038,ZBO,0.7876712328767123287671232878,0.5356164383561643835616438357,0.06491424282229311315443798916,0.04673825483205104147119535220
23.29986301369863013698630439,0,0.000,23.29986301369863013698630439,0.7876712328767123287671232878,0.5356164383561643835616438357,22.51219178082191780821918110,0E-28,0E-28,0,0,0,1185,1186,2038,ZBO,0.7876712328767123287671232878,0.5356164383561643835616438357,0.06275623944454869581534998012,0.04518449240007506098705198569
22.51219178082191780821918110,0,0.000,22.51219178082191780821918110,0.1969178082191780821917808219,0.1339041095890410958904109589,22.31527397260273972602740028,0E-28,0E-28,0,0,0,1186,4745/4,2038,ZBO,0.1969178082191780821917808219,0.1339041095890410958904109589,0.01535187183336460874460499362,0.01105334772002251829611559541
22.31527397260273972602740028,15.83333333333333333333333333,0.1900000000000000000000000000,37.95860730593607305936073361,0.5907534246575342465753424658,0.4017123287671232876712328768,37.36785388127853881278539114,0E-28,0E-28,15.83333333333333333333333333,0E-26,0,4745/4,1187,2038,ZBO,0.5907534246575342465753424658,0.4017123287671232876712328768,0.07739019984987802589604053914,0.05572094389191217864514918818
37.36785388127853881278539114,0,0.000,37.36785388127853881278539114,0.7876712328767123287671232878,0.5356164383561643835616438357,36.58018264840182648401826785,0E-28,0E-28,0,0,0,1187,1188,2038,ZBO,0.7876712328767123287671232878,0.5356164383561643835616438357,0.1012986801776443360230187110,0.07293504972790392193657347192
36.58018264840182648401826785,0,0.000,36.58018264840182648401826785,0.7876712328767123287671232878,0.5356164383561643835616438357,35.79251141552511415525114456,0E-28,0E-28,0,0,0,1188,1189,2038,ZBO,0.7876712328767123287671232878,0.5356164383561643835616438357,0.09914067679989991868393070193,0.07138128729592794145243010539
35.79251141552511415525114456,0,0.000,35.79251141552511415525114456,0.7876712328767123287671232878,0.5356164383561643835616438357,35.00484018264840182648402127,0E-28,0E-28,0,0,0,1189,1190,2038,ZBO,0.7876712328767123287671232878,0.5356164383561643835616438357,0.09698267342215550134484269294,0.06982752486395196096828673892
35.00484018264840182648402127,0,0.000,35.00484018264840182648402127,0.7876712328767123287671232878,0.5356164383561643835616438357,34.21716894977168949771689798,0E-28,0E-28,0,0,0,1190,1191,2038,ZBO,0.7876712328767123287671232878,0.5356164383561643835616438357,0.09482467004441108400575468390,0.06827376243197598048414337241
34.21716894977168949771689798,0,0.000,34.21716894977168949771689798,0.7876712328767123287671232878,0.5356164383561643835616438357,33.42949771689497716894977469,0E-28,0E-28,0,0,0,1191,1192,2038,ZBO,0.7876712328767123287671232878,0.5356164383561643835616438357,0.09266666666666666666666667491,0.06672000000000000000000000594
33.42949771689497716894977469,0,0.000,33.42949771689497716894977469,0.7876712328767123287671232878,0.5356164383561643835616438357,32.64182648401826484018265140,0E-28,0E-28,0,0,0,1192,1193,2038,ZBO,0.7876712328767123287671232878,0.5356164383561643835616438357,0.09050866328892224932757866587,0.06516623756802401951585663943
32.64182648401826484018265140,0,0.000,32.64182648401826484018265140,0.7876712328767123287671232878,0.5356164383561643835616438357,31.85415525114155251141552811,0E-28,0E-28,0,0,0,1193,1194,2038,ZBO,0.7876712328767123287671232878,0.5356164383561643835616438357,0.08835065991117783198849065689,0.06361247513604803903171327296
31.85415525114155251141552811,0,0.000,31.85415525114155251141552811,0.7876712328767123287671232878,0.5356164383561643835616438357,31.06648401826484018264840482,0E-28,0E-28,0,0,0,1194,1195,2038,ZBO,0.7876712328767123287671232878,0.5356164383561643835616438357,0.08619265653343341464940264784,0.06205871270407205854756990644
31.06648401826484018264840482,0,0.000,31.06648401826484018264840482,0.7876712328767123287671232878,0.5356164383561643835616438357,30.27881278538812785388128153,0E-28,0E-28,0,0,0,1195,1196,2038,ZBO,0.7876712328767123287671232878,0.5356164383561643835616438357,0.08403465315568899731031463886,0.06050495027209607806342653998
30.27881278538812785388128153,0,0.000,30.27881278538812785388128153,0.7876712328767123287671232878,0.5356164383561643835616438357,29.49114155251141552511415824,0E-28,0E-28,0,0,0,1196,1197,2038,ZBO,0.7876712328767123287671232878,0.5356164383561643835616438357,0.08187664977794457997122662982,0.05895118784012009757928317347
29.49114155251141552511415824,0,0.000,29.49114155251141552511415824,0.7876712328767123287671232878,0.5356164383561643835616438357,28.70347031963470319634703495,0E-28,0E-28,0,0,0,1197,1198,2038,ZBO,0.7876712328767123287671232878,0.5356164383561643835616438357,0.07971864640020016263213862083,0.05739742540814411709513980700
28.70347031963470319634703495,0,0.000,28.70347031963470319634703495,0.7876712328767123287671232878,0.5356164383561643835616438357,27.91579908675799086757991166,0E-28,0E-28,0,0,0,1198,1199,2038,ZBO,0.7876712328767123287671232878,0.5356164383561643835616438357,0.07756064302245574529305061179,0.05584366297616813661099644049
27.91579908675799086757991166,0,0.000,27.91579908675799086757991166,0.7876712328767123287671232878,0.5356164383561643835616438357,27.12812785388127853881278837,0E-28,0E-28,0,0,0,1199,1200,2038,ZBO,0.7876712328767123287671232878,0.5356164383561643835616438357,0.07540263964471132795396260280,0.05428990054419215612685307402
27.12812785388127853881278837,0,0.000,27.12812785388127853881278837,0.7876712328767123287671232878,0.5356164383561643835616438357,26.34045662100456621004566508,0E-28,0E-28,0,0,0,1200,1201,2038,ZBO,0.7876712328767123287671232878,0.5356164383561643835616438357,0.07324463626696691061487459376,0.05273613811221617564270970751
26.34045662100456621004566508,0,0.000,26.34045662100456621004566508,0.7876712328767123287671232878,0.5356164383561643835616438357,25.55278538812785388127854179,0E-28,0E-28,0,0,0,1201,1202,2038,ZBO,0.7876712328767123287671232878,0.5356164383561643835616438357,0.07108663288922249327578658477,0.05118237568024019515856634103
25.55278538812785388127854179,0,0.000,25.55278538812785388127854179,0.7876712328767123287671232878,0.5356164383561643835616438357,24.76511415525114155251141850,0E-28,0E-28,0,0,0,1202,1203,2038,ZBO,0.7876712328767123287671232878,0.5356164383561643835616438357,0.06892862951147807593669857573,0.04962861324826421467442297453
24.76511415525114155251141850,0,0.000,24.76511415525114155251141850,0.7876712328767123287671232878,0.5356164383561643835616438357,23.97744292237442922374429521,0E-28,0E-28,0,0,0,1203,1204,2038,ZBO,0.7876712328767123287671232878,0.5356164383561643835616438357,0.06677062613373365859761056675,0.04807485081628823419027960806
23.97744292237442922374429521,0,0.000,23.97744292237442922374429521,0.7876712328767123287671232878,0.5356164383561643835616438357,23.18977168949771689497717192,0E-28,0E-28,0,0,0,1204,1205,2038,ZBO,0.7876712328767123287671232878,0.5356164383561643835616438357,0.06461262275598924125852255771,0.04652108838431225370613624155
23.18977168949771689497717192,0,0.000,23.18977168949771689497717192,0.7876712328767123287671232878,0.5356164383561643835616438357,22.40210045662100456621004863,0E-28,0E-28,0,0,0,1205,1206,2038,ZBO,0.7876712328767123287671232878,0.5356164383561643835616438357,0.06245461937824482391943454872,0.04496732595233627322199287508
22.40210045662100456621004863,0,0.000,22.40210045662100456621004863,0.7876712328767123287671232878,0.5356164383561643835616438357,21.61442922374429223744292534,0E-28,0E-28,0,0,0,1206,1207,2038,ZBO,0.7876712328767123287671232878,0.5356164383561643835616438357,0.06029661600050040658034653968,0.04341356352036029273784950857
21.61442922374429223744292534,0,0.000,21.61442922374429223744292534,0.7876712328767123287671232878,0.5356164383561643835616438357,20.82675799086757990867580205,0E-28,0E-28,0,0,0,1207,1208,2038,ZBO,0.7876712328767123287671232878,0.5356164383561643835616438357,0.05813861262275598924125853069,0.04185980108838431225370614210
20.82675799086757990867580205,0,0.000,20.82675799086757990867580205,0.7876712328767123287671232878,0.5356164383561643835616438357,20.03908675799086757990867876,0E-28,0E-28,0,0,0,1208,1209,2038,ZBO,0.7876712328767123287671232878,0.5356164383561643835616438357,0.05598060924501157190217052165,0.04030603865640833176956277559
20.03908675799086757990867876,0,0.000,20.03908675799086757990867876,0.7876712328767123287671232878,0.5356164383561643835616438357,19.25141552511415525114155547,0E-28,0E-28,0,0,0,1209,1210,2038,ZBO,0.7876712328767123287671232878,0.5356164383561643835616438357,0.05382260586726715456308251266,0.03875227622443235128541940912
19.25141552511415525114155547,0,0.000,19.25141552511415525114155547,0.7876712328767123287671232878,0.5356164383561643835616438357,18.46374429223744292237443218,0E-28,0E-28,0,0,0,1210,1211,2038,ZBO,0.7876712328767123287671232878,0.5356164383561643835616438357,0.05166460248952273722399450362,0.03719851379245637080127604261
18.46374429223744292237443218,0,0.000,18.46374429223744292237443218,0.7876712328767123287671232878,0.5356164383561643835616438357,17.67607305936073059360730889,0E-28,0E-28,0,0,0,1211,1212,2038,ZBO,0.7876712328767123287671232878,0.5356164383561643835616438357,0.04950659911177831988490649464,0.03564475136048039031713267614
17.67607305936073059360730889,0,0.000,17.67607305936073059360730889,0.7876712328767123287671232878,0.5356164383561643835616438357,16.88840182648401826484018560,0E-28,0E-28,0,0,0,1212,1213,2038,ZBO,0.7876712328767123287671232878,0.5356164383561643835616438357,0.04734859573403390254581848559,0.03409098892850440983298930962
16.88840182648401826484018560,0,0.000,16.88840182648401826484018560,0.7876712328767123287671232878,0.5356164383561643835616438357,16.10073059360730593607306231,0E-28,0E-28,0,0,0,1213,1214,2038,ZBO,0.7876712328767123287671232878,0.5356164383561643835616438357,0.04519059235628948520673047661,0.03253722649652842934884594316
16.10073059360730593607306231,0,0.000,16.10073059360730593607306231,0.7876712328767123287671232878,0.5356164383561643835616438357,15.31305936073059360730593902,0E-28,0E-28,0,0,0,1214,1215,2038,ZBO,0.7876712328767123287671232878,0.5356164383561643835616438357,0.04303258897854506786764246757,0.03098346406455244886470257665
15.31305936073059360730593902,0,0.000,15.31305936073059360730593902,0.7876712328767123287671232878,0.5356164383561643835616438357,14.52538812785388127853881573,0E-28,0E-28,0,0,0,1215,1216,2038,ZBO,0.7876712328767123287671232878,0.5356164383561643835616438357,0.04087458560080065052855445858,0.02942970163257646838055921018
14.52538812785388127853881573,0,0.000,14.52538812785388127853881573,0.5251141552511415525114155253,0.3570776255707762557077625572,14.00027397260273972602740020,0E-28,0E-28,0,0,0,1216,3650/3,2038,ZBO,0.5251141552511415525114155253,0.3570776255707762557077625572,0.02605083296845353516398741181,0.01875659973728654531807093650
14.00027397260273972602740020,25.38708797811177046937681400,0.3046450557373412456325217680,39.08271689497716894977169243,0.2625570776255707762557077625,0.1785388127853881278538812785,38.82015981735159817351598467,0E-28,0E-28,25.38708797811177046937681400,0E-26,0,3650/3,1217,2038,ZBO,0.2625570776255707762557077625,0.1785388127853881278538812785,0.03557208982298117220241446443,0.02561190467254644398573841439
38.82015981735159817351598467,0,0.000,38.82015981735159817351598467,0.7876712328767123287671232878,0.5356164383561643835616438357,38.03248858447488584474886138,0E-28,0E-28,0,0,0,1217,1218,2038,ZBO,0.7876712328767123287671232878,0.5356164383561643835616438357,0.1052776005504472383811847206,0.07579987239632201163445299883
38.03248858447488584474886138,0,0.000,38.03248858447488584474886138,0.7876712328767123287671232878,0.5356164383561643835616438357,37.24481735159817351598173809,0E-28,0E-28,0,0,0,1218,1219,2038,ZBO,0.7876712328767123287671232878,0.5356164383561643835616438357,0.1031195971727028210420967116,0.07424610996434603115030963235
37.24481735159817351598173809,0,0.000,37.24481735159817351598173809,0.7876712328767123287671232878,0.5356164383561643835616438357,36.45714611872146118721461480,0E-28,0E-28,0,0,0,1219,1220,2038,ZBO,0.7876712328767123287671232878,0.5356164383561643835616438357,0.1009615937949584037030087026,0.07269234753237005066616626587
36.45714611872146118721461480,0,0.000,36.45714611872146118721461480,0.7876712328767123287671232878,0.5356164383561643835616438357,35.66947488584474885844749151,0E-28,0E-28,0,0,0,1220,1221,2038,ZBO,0.7876712328767123287671232878,0.5356164383561643835616438357,0.09880359041721398636392069360,0.07113858510039407018202289939
35.66947488584474885844749151,0,0.000,35.66947488584474885844749151,0.7876712328767123287671232878,0.5356164383561643835616438357,34.88180365296803652968036822,0E-28,0E-28,0,0,0,1221,1222,2038,ZBO,0.7876712328767123287671232878,0.5356164383561643835616438357,0.09664558703946956902483268456,0.06958482266841808969787953288
34.88180365296803652968036822,0,0.000,34.88180365296803652968036822,0.7876712328767123287671232878,0.5356164383561643835616438357,34.09413242009132420091324493,0E-28,0E-28,0,0,0,1222,1223,2038,ZBO,0.7876712328767123287671232878,0.5356164383561643835616438357,0.09448758366172515168574467557,0.06803106023644210921373616641
34.09413242009132420091324493,0,0.000,34.09413242009132420091324493,0.7876712328767123287671232878,0.5356164383561643835616438357,33.30646118721461187214612164,0E-28,0E-28,0,0,0,1223,1224,2038,ZBO,0.7876712328767123287671232878,0.5356164383561643835616438357,0.09232958028398073434665666653,0.06647729780446612872959279990
33.30646118721461187214612164,0,0.000,33.30646118721461187214612164,0.7876712328767123287671232878,0.5356164383561643835616438357,32.51878995433789954337899835,0E-28,0E-28,0,0,0,1224,1225,2038,ZBO,0.7876712328767123287671232878,0.5356164383561643835616438357,0.09017157690623631700756865754,0.06492353537249014824544943343
32.51878995433789954337899835,0,0.000,32.51878995433789954337899835,0.7876712328767123287671232878,0.5356164383561643835616438357,31.73111872146118721461187506,0E-28,0E-28,0,0,0,1225,1226,2038,ZBO,0.7876712328767123287671232878,0.5356164383561643835616438357,0.08801357352849189966848064850,0.06336977294051416776130606692
31.73111872146118721461187506,0,0.000,31.73111872146118721461187506,0.7876712328767123287671232878,0.5356164383561643835616438357,30.94344748858447488584475177,0E-28,0E-28,0,0,0,1226,1227,2038,ZBO,0.7876712328767123287671232878,0.5356164383561643835616438357,0.08585557015074748232939263952,0.06181601050853818727716270045
30.94344748858447488584475177,0,0.000,30.94344748858447488584475177,0.7876712328767123287671232878,0.5356164383561643835616438357,30.15577625570776255707762848,0E-28,0E-28,0,0,0,1227,1228,2038,ZBO,0.7876712328767123287671232878,0.5356164383561643835616438357,0.08369756677300306499030463047,0.06026224807656220679301933394
30.15577625570776255707762848,0,0.000,30.15577625570776255707762848,0.7876712328767123287671232878,0.5356164383561643835616438357,29.36810502283105022831050519,0E-28,0E-28,0,0,0,1228,1229,2038,ZBO,0.7876712328767123287671232878,0.5356164383561643835616438357,0.08153956339525864765121662149,0.05870848564458622630887596747
29.36810502283105022831050519,0,0.000,29.36810502283105022831050519,0.7876712328767123287671232878,0.5356164383561643835616438357,28.58043378995433789954338190,0E-28,0E-28,0,0,0,1229,1230,2038,ZBO,0.7876712328767123287671232878,0.5356164383561643835616438357,0.07938156001751423031212861245,0.05715472321261024582473260096
28.58043378995433789954338190,0,0.000,28.58043378995433789954338190,0.7876712328767123287671232878,0.5356164383561643835616438357,27.79276255707762557077625861,0E-28,0E-28,0,0,0,1230,1231,2038,ZBO,0.7876712328767123287671232878,0.5356164383561643835616438357,0.07722355663976981297304060346,0.05560096078063426534058923449
27.79276255707762557077625861,0,0.000,27.79276255707762557077625861,0.7876712328767123287671232878,0.5356164383561643835616438357,27.00509132420091324200913532,0E-28,0E-28,0,0,0,1231,1232,2038,ZBO,0.7876712328767123287671232878,0.5356164383561643835616438357,0.07506555326202539563395259442,0.05404719834865828485644586798
27.00509132420091324200913532,0,0.000,27.00509132420091324200913532,0.7876712328767123287671232878,0.5356164383561643835616438357,26.21742009132420091324201203,0E-28,0E-28,0,0,0,1232,1233,2038,ZBO,0.7876712328767123287671232878,0.5356164383561643835616438357,0.07290754988428097829486458543,0.05249343591668230437230250151
26.21742009132420091324201203,0,0.000,26.21742009132420091324201203,0.7876712328767123287671232878,0.5356164383561643835616438357,25.42974885844748858447488874,0E-28,0E-28,0,0,0,1233,1234,2038,ZBO,0.7876712328767123287671232878,0.5356164383561643835616438357,0.07074954650653656095577657639,0.05093967348470632388815913500
25.42974885844748858447488874,0,0.000,25.42974885844748858447488874,0.7876712328767123287671232878,0.5356164383561643835616438357,24.64207762557077625570776545,0E-28,0E-28,0,0,0,1234,1235,2038,ZBO,0.7876712328767123287671232878,0.5356164383561643835616438357,0.06859154312879214361668856740,0.04938591105273034340401576853
24.64207762557077625570776545,0,0.000,24.64207762557077625570776545,0.7876712328767123287671232878,0.5356164383561643835616438357,23.85440639269406392694064216,0E-28,0E-28,0,0,0,1235,1236,2038,ZBO,0.7876712328767123287671232878,0.5356164383561643835616438357,0.06643353975104772627760055836,0.04783214862075436291987240202
23.85440639269406392694064216,0,0.000,23.85440639269406392694064216,0.7876712328767123287671232878,0.5356164383561643835616438357,23.06673515981735159817351887,0E-28,0E-28,0,0,0,1236,1237,2038,ZBO,0.7876712328767123287671232878,0.5356164383561643835616438357,0.06427553637330330893851254938,0.04627838618877838243572903555
23.06673515981735159817351887,0,0.000,23.06673515981735159817351887,0.7876712328767123287671232878,0.5356164383561643835616438357,22.27906392694063926940639558,0E-28,0E-28,0,0,0,1237,1238,2038,ZBO,0.7876712328767123287671232878,0.5356164383561643835616438357,0.06211753299555889159942454033,0.04472462375680240195158566904
22.27906392694063926940639558,0,0.000,22.27906392694063926940639558,0.7876712328767123287671232878,0.5356164383561643835616438357,21.49139269406392694063927229,0E-28,0E-28,0,0,0,1238,1239,2038,ZBO,0.7876712328767123287671232878,0.5356164383561643835616438357,0.05995952961781447426033653135,0.04317086132482642146744230257
21.49139269406392694063927229,0,0.000,21.49139269406392694063927229,0.7876712328767123287671232878,0.5356164383561643835616438357,20.70372146118721461187214900,0E-28,0E-28,0,0,0,1239,1240,2038,ZBO,0.7876712328767123287671232878,0.5356164383561643835616438357,0.05780152624007005692124852231,0.04161709889285044098329893606
20.70372146118721461187214900,0,0.000,20.70372146118721461187214900,0.7876712328767123287671232878,0.5356164383561643835616438357,19.91605022831050228310502571,0E-28,0E-28,0,0,0,1240,1241,2038,ZBO,0.7876712328767123287671232878,0.5356164383561643835616438357,0.05564352286232563958216051332,0.04006333646087446049915556959
19.91605022831050228310502571,0,0.000,19.91605022831050228310502571,0.7876712328767123287671232878,0.5356164383561643835616438357,19.12837899543378995433790242,0E-28,0E-28,0,0,0,1241,1242,2038,ZBO,0.7876712328767123287671232878,0.5356164383561643835616438357,0.05348551948458122224307250428,0.03850957402889848001501220308
19.12837899543378995433790242,0,0.000,19.12837899543378995433790242,0.7876712328767123287671232878,0.5356164383561643835616438357,18.34070776255707762557077913,0E-28,0E-28,0,0,0,1242,1243,2038,ZBO,0.7876712328767123287671232878,0.5356164383561643835616438357,0.05132751610683680490398449529,0.03695581159692249953086883661
18.34070776255707762557077913,0,0.000,18.34070776255707762557077913,0.7876712328767123287671232878,0.5356164383561643835616438357,17.55303652968036529680365584,0E-28,0E-28,0,0,0,1243,1244,2038,ZBO,0.7876712328767123287671232878,0.5356164383561643835616438357,0.04916951272909238756489648625,0.03540204916494651904672547010
17.55303652968036529680365584,0,0.000,17.55303652968036529680365584,0.7876712328767123287671232878,0.5356164383561643835616438357,16.76536529680365296803653255,0E-28,0E-28,0,0,0,1244,1245,2038,ZBO,0.7876712328767123287671232878,0.5356164383561643835616438357,0.04701150935134797022580847726,0.03384828673297053856258210363
16.76536529680365296803653255,0,0.000,16.76536529680365296803653255,0.7876712328767123287671232878,0.5356164383561643835616438357,15.97769406392694063926940926,0E-28,0E-28,0,0,0,1245,1246,2038,ZBO,0.7876712328767123287671232878,0.5356164383561643835616438357,0.04485350597360355288672046822,0.03229452430099455807843873712
15.97769406392694063926940926,0,0.000,15.97769406392694063926940926,0.7876712328767123287671232878,0.5356164383561643835616438357,15.19002283105022831050228597,0E-28,0E-28,0,0,0,1246,1247,2038,ZBO,0.7876712328767123287671232878,0.5356164383561643835616438357,0.04269550259585913554763245924,0.03074076186901857759429537065
15.19002283105022831050228597,0,0.000,15.19002283105022831050228597,0.06563926940639269406392694064,0.04463470319634703196347031963,15.12438356164383561643835903,0E-29,0E-29,0,0,0,1247,14965/12,2038,ZBO,0.06563926940639269406392694064,0.04463470319634703196347031963,0.003460548674965075790746648972,0.002491595045974854569337587260
15.12438356164383561643835903,25.38708797811177046937681400,0.3046450557373412456325217680,40.20682648401826484018265126,0.7220319634703196347031963472,0.4909817351598173515981735161,39.48479452054794520547945491,0E-28,0E-28,25.38708797811177046937681400,0E-26,0,14965/12,1248,2038,ZBO,0.7220319634703196347031963472,0.4909817351598173515981735161,0.1000693871061904464043702247,0.07204995871645712141114656178
39.48479452054794520547945491,0,0.000,39.48479452054794520547945491,0.7876712328767123287671232878,0.5356164383561643835616438357,38.69712328767123287671233162,0E-28,0E-28,0,0,0,1248,1249,2038,ZBO,0.7876712328767123287671232878,0.5356164383561643835616438357,0.1070985175455057234002627213,0.07711093263276412084818915934
38.69712328767123287671233162,0,0.000,38.69712328767123287671233162,0.7876712328767123287671232878,0.5356164383561643835616438357,37.90945205479452054794520833,0E-28,0E-28,0,0,0,1249,1250,2038,ZBO,0.7876712328767123287671232878,0.5356164383561643835616438357,0.1049405141677613060611747123,0.07555717020078814036404579286
37.90945205479452054794520833,0,0.000,37.90945205479452054794520833,0.7876712328767123287671232878,0.5356164383561643835616438357,37.12178082191780821917808504,0E-28,0E-28,0,0,0,1250,1251,2038,ZBO,0.7876712328767123287671232878,0.5356164383561643835616438357,0.1027825107900168887220867032,0.07400340776881215987990242630
37.12178082191780821917808504,0,0.000,37.12178082191780821917808504,0.7876712328767123287671232878,0.5356164383561643835616438357,36.33410958904109589041096175,0E-28,0E-28,0,0,0,1251,1252,2038,ZBO,0.7876712328767123287671232878,0.5356164383561643835616438357,0.1006245074122724713829986943,0.07244964533683617939575905990
36.33410958904109589041096175,0,0.000,36.33410958904109589041096175,0.7876712328767123287671232878,0.5356164383561643835616438357,35.54643835616438356164383846,0E-28,0E-28,0,0,0,1252,1253,2038,ZBO,0.7876712328767123287671232878,0.5356164383561643835616438357,0.09846650403452805404391068522,0.07089588290486019891161569336
35.54643835616438356164383846,0,0.000,35.54643835616438356164383846,0.7876712328767123287671232878,0.5356164383561643835616438357,34.75876712328767123287671517,0E-28,0E-28,0,0,0,1253,1254,2038,ZBO,0.7876712328767123287671232878,0.5356164383561643835616438357,0.09630850065678363670482267623,0.06934212047288421842747232689
34.75876712328767123287671517,0,0.000,34.75876712328767123287671517,0.7876712328767123287671232878,0.5356164383561643835616438357,33.97109589041095890410959188,0E-28,0E-28,0,0,0,1254,1255,2038,ZBO,0.7876712328767123287671232878,0.5356164383561643835616438357,0.09415049727903921936573466719,0.06778835804090823794332896038
33.97109589041095890410959188,0,0.000,33.97109589041095890410959188,0.7876712328767123287671232878,0.5356164383561643835616438357,33.18342465753424657534246859,0E-28,0E-28,0,0,0,1255,1256,2038,ZBO,0.7876712328767123287671232878,0.5356164383561643835616438357,0.09199249390129480202664665820,0.06623459560893225745918559390
33.18342465753424657534246859,0,0.000,33.18342465753424657534246859,0.7876712328767123287671232878,0.5356164383561643835616438357,32.39575342465753424657534530,0E-28,0E-28,0,0,0,1256,1257,2038,ZBO,0.7876712328767123287671232878,0.5356164383561643835616438357,0.08983449052355038468755864916,0.06468083317695627697504222740
32.39575342465753424657534530,0,0.000,32.39575342465753424657534530,0.7876712328767123287671232878,0.5356164383561643835616438357,31.60808219178082191780822201,0E-28,0E-28,0,0,0,1257,1258,2038,ZBO,0.7876712328767123287671232878,0.5356164383561643835616438357,0.08767648714580596734847064017,0.06312707074498029649089886092
31.60808219178082191780822201,0,0.000,31.60808219178082191780822201,0.7876712328767123287671232878,0.5356164383561643835616438357,30.82041095890410958904109872,0E-28,0E-28,0,0,0,1258,1259,2038,ZBO,0.7876712328767123287671232878,0.5356164383561643835616438357,0.08551848376806155000938263113,0.06157330831300431600675549441
30.82041095890410958904109872,0,0.000,30.82041095890410958904109872,0.7876712328767123287671232878,0.5356164383561643835616438357,30.03273972602739726027397543,0E-28,0E-28,0,0,0,1259,1260,2038,ZBO,0.7876712328767123287671232878,0.5356164383561643835616438357,0.08336048039031713267029462215,0.06001954588102833552261212795
30.03273972602739726027397543,0,0.000,30.03273972602739726027397543,0.7876712328767123287671232878,0.5356164383561643835616438357,29.24506849315068493150685214,0E-28,0E-28,0,0,0,1260,1261,2038,ZBO,0.7876712328767123287671232878,0.5356164383561643835616438357,0.08120247701257271533120661310,0.05846578344905235503846876143
29.24506849315068493150685214,0,0.000,29.24506849315068493150685214,0.7876712328767123287671232878,0.5356164383561643835616438357,28.45739726027397260273972885,0E-28,0E-28,0,0,0,1261,1262,2038,ZBO,0.7876712328767123287671232878,0.5356164383561643835616438357,0.07904447363482829799211860412,0.05691202101707637455432539497
28.45739726027397260273972885,0,0.000,28.45739726027397260273972885,0.7876712328767123287671232878,0.5356164383561643835616438357,27.66972602739726027397260556,0E-28,0E-28,0,0,0,1262,1263,2038,ZBO,0.7876712328767123287671232878,0.5356164383561643835616438357,0.07688647025708388065303059508,0.05535825858510039407018202846
27.66972602739726027397260556,0,0.000,27.66972602739726027397260556,0.7876712328767123287671232878,0.5356164383561643835616438357,26.88205479452054794520548227,0E-28,0E-28,0,0,0,1263,1264,2038,ZBO,0.7876712328767123287671232878,0.5356164383561643835616438357,0.07472846687933946331394258609,0.05380449615312441358603866198
26.88205479452054794520548227,0,0.000,26.88205479452054794520548227,0.7876712328767123287671232878,0.5356164383561643835616438357,26.09438356164383561643835898,0E-28,0E-28,0,0,0,1264,1265,2038,ZBO,0.7876712328767123287671232878,0.5356164383561643835616438357,0.07257046350159504597485457705,0.05225073372114843310189529548
26.09438356164383561643835898,0,0.000,26.09438356164383561643835898,0.7876712328767123287671232878,0.5356164383561643835616438357,25.30671232876712328767123569,0E-28,0E-28,0,0,0,1265,1266,2038,ZBO,0.7876712328767123287671232878,0.5356164383561643835616438357,0.07041246012385062863576656806,0.05069697128917245261775192900
25.30671232876712328767123569,0,0.000,25.30671232876712328767123569,0.7876712328767123287671232878,0.5356164383561643835616438357,24.51904109589041095890411240,0E-28,0E-28,0,0,0,1266,1267,2038,ZBO,0.7876712328767123287671232878,0.5356164383561643835616438357,0.06825445674610621129667855902,0.04914320885719647213360856249
24.51904109589041095890411240,0,0.000,24.51904109589041095890411240,0.7876712328767123287671232878,0.5356164383561643835616438357,23.73136986301369863013698911,0E-28,0E-28,0,0,0,1267,1268,2038,ZBO,0.7876712328767123287671232878,0.5356164383561643835616438357,0.06609645336836179395759055003,0.04758944642522049164946519602
23.73136986301369863013698911,0,0.000,23.73136986301369863013698911,0.7876712328767123287671232878,0.5356164383561643835616438357,22.94369863013698630136986582,0E-28,0E-28,0,0,0,1268,1269,2038,ZBO,0.7876712328767123287671232878,0.5356164383561643835616438357,0.06393844999061737661850254099,0.04603568399324451116532182951
22.94369863013698630136986582,0,0.000,22.94369863013698630136986582,0.7876712328767123287671232878,0.5356164383561643835616438357,22.15602739726027397260274253,0E-28,0E-28,0,0,0,1269,1270,2038,ZBO,0.7876712328767123287671232878,0.5356164383561643835616438357,0.06178044661287295927941453201,0.04448192156126853068117846305
22.15602739726027397260274253,0,0.000,22.15602739726027397260274253,0.7876712328767123287671232878,0.5356164383561643835616438357,21.36835616438356164383561924,0E-28,0E-28,0,0,0,1270,1271,2038,ZBO,0.7876712328767123287671232878,0.5356164383561643835616438357,0.05962244323512854194032652296,0.04292815912929255019703509653
21.36835616438356164383561924,0,0.000,21.36835616438356164383561924,0.7876712328767123287671232878,0.5356164383561643835616438357,20.58068493150684931506849595,0E-28,0E-28,0,0,0,1271,1272,2038,ZBO,0.7876712328767123287671232878,0.5356164383561643835616438357,0.05746443985738412460123851398,0.04137439669731656971289173007
20.58068493150684931506849595,0,0.000,20.58068493150684931506849595,0.7876712328767123287671232878,0.5356164383561643835616438357,19.79301369863013698630137266,0E-28,0E-28,0,0,0,1272,1273,2038,ZBO,0.7876712328767123287671232878,0.5356164383561643835616438357,0.05530643647963970726215050494,0.03982063426534058922874836356
19.79301369863013698630137266,0,0.000,19.79301369863013698630137266,0.7876712328767123287671232878,0.5356164383561643835616438357,19.00534246575342465753424937,0E-28,0E-28,0,0,0,1273,1274,2038,ZBO,0.7876712328767123287671232878,0.5356164383561643835616438357,0.05314843310189528992306249595,0.03826687183336460874460499708
19.00534246575342465753424937,0,0.000,19.00534246575342465753424937,0.7876712328767123287671232878,0.5356164383561643835616438357,18.21767123287671232876712608,0E-28,0E-28,0,0,0,1274,1275,2038,ZBO,0.7876712328767123287671232878,0.5356164383561643835616438357,0.05099042972415087258397448691,0.03671310940138862826046163058
18.21767123287671232876712608,0,0.000,18.21767123287671232876712608,0.7876712328767123287671232878,0.5356164383561643835616438357,17.43000000000000000000000279,0E-28,0E-28,0,0,0,1275,1276,2038,ZBO,0.7876712328767123287671232878,0.5356164383561643835616438357,0.04883242634640645524488647792,0.03515934696941264777631826410
17.43000000000000000000000279,0,0.000,17.43000000000000000000000279,0.7876712328767123287671232878,0.5356164383561643835616438357,16.64232876712328767123287950,0E-28,0E-28,0,0,0,1276,1277,2038,ZBO,0.7876712328767123287671232878,0.5356164383561643835616438357,0.04667442296866203790579846888,0.03360558453743666729217489759
16.64232876712328767123287950,0,0.000,16.64232876712328767123287950,0.3938356164383561643835616439,0.2678082191780821917808219178,16.24849315068493150684931786,0E-28,0E-28,0,0,0,1277,2555/2,2038,ZBO,0.3938356164383561643835616439,0.2678082191780821917808219178,0.02252796021767686245074123107,0.01622013135672734096453368637
16.24849315068493150684931786,25.38708797811177046937681400,0.3046450557373412456325217680,41.33093607305936073059361009,0.3938356164383561643835616439,0.2678082191780821917808219178,40.93710045662100456621004845,0E-28,0E-28,25.38708797811177046937681400,0E-26,0,2555/2,1278,2038,ZBO,0.3938356164383561643835616439,0.2678082191780821917808219178,0.05634797022580846938137236887,0.04057053856258209795458810559
40.93710045662100456621004845,0,0.000,40.93710045662100456621004845,0.7876712328767123287671232878,0.5356164383561643835616438357,40.14942922374429223744292516,0E-28,0E-28,0,0,0,1278,1279,2038,ZBO,0.7876712328767123287671232878,0.5356164383561643835616438357,0.1110774379183086257584287310,0.07997575530118221054606868632
40.14942922374429223744292516,0,0.000,40.14942922374429223744292516,0.7876712328767123287671232878,0.5356164383561643835616438357,39.36175799086757990867580187,0E-28,0E-28,0,0,0,1279,1280,2038,ZBO,0.7876712328767123287671232878,0.5356164383561643835616438357,0.1089194345405642084193407220,0.07842199286920623006192531984
39.36175799086757990867580187,0,0.000,39.36175799086757990867580187,0.7876712328767123287671232878,0.5356164383561643835616438357,38.57408675799086757990867858,0E-28,0E-28,0,0,0,1280,1281,2038,ZBO,0.7876712328767123287671232878,0.5356164383561643835616438357,0.1067614311628197910802527129,0.07686823043723024957778195329
38.57408675799086757990867858,0,0.000,38.57408675799086757990867858,0.7876712328767123287671232878,0.5356164383561643835616438357,37.78641552511415525114155529,0E-28,0E-28,0,0,0,1281,1282,2038,ZBO,0.7876712328767123287671232878,0.5356164383561643835616438357,0.1046034277850753737411647040,0.07531446800525426909363858688
37.78641552511415525114155529,0,0.000,37.78641552511415525114155529,0.7876712328767123287671232878,0.5356164383561643835616438357,36.99874429223744292237443200,0E-28,0E-28,0,0,0,1282,1283,2038,ZBO,0.7876712328767123287671232878,0.5356164383561643835616438357,0.1024454244073309564020766949,0.07376070557327828860949522033
36.99874429223744292237443200,0,0.000,36.99874429223744292237443200,0.7876712328767123287671232878,0.5356164383561643835616438357,36.21107305936073059360730871,0E-28,0E-28,0,0,0,1283,1284,2038,ZBO,0.7876712328767123287671232878,0.5356164383561643835616438357,0.1002874210295865390629886859,0.07220694314130230812535185385
36.21107305936073059360730871,0,0.000,36.21107305936073059360730871,0.7876712328767123287671232878,0.5356164383561643835616438357,35.42340182648401826484018542,0E-28,0E-28,0,0,0,1284,1285,2038,ZBO,0.7876712328767123287671232878,0.5356164383561643835616438357,0.09812941765184212172390067689,0.07065318070932632764120848736
35.42340182648401826484018542,0,0.000,35.42340182648401826484018542,0.7876712328767123287671232878,0.5356164383561643835616438357,34.63573059360730593607306213,0E-28,0E-28,0,0,0,1285,1286,2038,ZBO,0.7876712328767123287671232878,0.5356164383561643835616438357,0.09597141427409770438481266790,0.06909941827735034715706512089
34.63573059360730593607306213,0,0.000,34.63573059360730593607306213,0.7876712328767123287671232878,0.5356164383561643835616438357,33.84805936073059360730593884,0E-28,0E-28,0,0,0,1286,1287,2038,ZBO,0.7876712328767123287671232878,0.5356164383561643835616438357,0.09381341089635328704572465886,0.06754565584537436667292175438
33.84805936073059360730593884,0,0.000,33.84805936073059360730593884,0.7876712328767123287671232878,0.5356164383561643835616438357,33.06038812785388127853881555,0E-28,0E-28,0,0,0,1287,1288,2038,ZBO,0.7876712328767123287671232878,0.5356164383561643835616438357,0.09165540751860886970663664987,0.06599189341339838618877838791
33.06038812785388127853881555,0,0.000,33.06038812785388127853881555,0.7876712328767123287671232878,0.5356164383561643835616438357,32.27271689497716894977169226,0E-28,0E-28,0,0,0,1288,1289,2038,ZBO,0.7876712328767123287671232878,0.5356164383561643835616438357,0.08949740414086445236754864083,0.06443813098142240570463502140
32.27271689497716894977169226,0,0.000,32.27271689497716894977169226,0.7876712328767123287671232878,0.5356164383561643835616438357,31.48504566210045662100456897,0E-28,0E-28,0,0,0,1289,1290,2038,ZBO,0.7876712328767123287671232878,0.5356164383561643835616438357,0.08733940076312003502846063184,0.06288436854944642522049165492
31.48504566210045662100456897,0,0.000,31.48504566210045662100456897,0.7876712328767123287671232878,0.5356164383561643835616438357,30.69737442922374429223744568,0E-28,0E-28,0,0,0,1290,1291,2038,ZBO,0.7876712328767123287671232878,0.5356164383561643835616438357,0.08518139738537561768937262280,0.06133060611747044473634828842
30.69737442922374429223744568,0,0.000,30.69737442922374429223744568,0.7876712328767123287671232878,0.5356164383561643835616438357,29.90970319634703196347032239,0E-28,0E-28,0,0,0,1291,1292,2038,ZBO,0.7876712328767123287671232878,0.5356164383561643835616438357,0.08302339400763120035028461382,0.05977684368549446425220492195
29.90970319634703196347032239,0,0.000,29.90970319634703196347032239,0.7876712328767123287671232878,0.5356164383561643835616438357,29.12203196347031963470319910,0E-28,0E-28,0,0,0,1292,1293,2038,ZBO,0.7876712328767123287671232878,0.5356164383561643835616438357,0.08086539062988678301119660478,0.05822308125351848376806155544
29.12203196347031963470319910,0,0.000,29.12203196347031963470319910,0.7876712328767123287671232878,0.5356164383561643835616438357,28.33436073059360730593607581,0E-28,0E-28,0,0,0,1293,1294,2038,ZBO,0.7876712328767123287671232878,0.5356164383561643835616438357,0.07870738725214236567210859579,0.05666931882154250328391818897
28.33436073059360730593607581,0,0.000,28.33436073059360730593607581,0.7876712328767123287671232878,0.5356164383561643835616438357,27.54668949771689497716895252,0E-28,0E-28,0,0,0,1294,1295,2038,ZBO,0.7876712328767123287671232878,0.5356164383561643835616438357,0.07654938387439794833302058675,0.05511555638956652279977482246
27.54668949771689497716895252,0,0.000,27.54668949771689497716895252,0.7876712328767123287671232878,0.5356164383561643835616438357,26.75901826484018264840182923,0E-28,0E-28,0,0,0,1295,1296,2038,ZBO,0.7876712328767123287671232878,0.5356164383561643835616438357,0.07439138049665353099393257776,0.05356179395759054231563145599
26.75901826484018264840182923,0,0.000,26.75901826484018264840182923,0.7876712328767123287671232878,0.5356164383561643835616438357,25.97134703196347031963470594,0E-28,0E-28,0,0,0,1296,1297,2038,ZBO,0.7876712328767123287671232878,0.5356164383561643835616438357,0.07223337711890911365484456872,0.05200803152561456183148808948
25.97134703196347031963470594,0,0.000,25.97134703196347031963470594,0.7876712328767123287671232878,0.5356164383561643835616438357,25.18367579908675799086758265,0E-28,0E-28,0,0,0,1297,1298,2038,ZBO,0.7876712328767123287671232878,0.5356164383561643835616438357,0.07007537374116469631575655973,0.05045426909363858134734472301
25.18367579908675799086758265,0,0.000,25.18367579908675799086758265,0.7876712328767123287671232878,0.5356164383561643835616438357,24.39600456621004566210045936,0E-28,0E-28,0,0,0,1298,1299,2038,ZBO,0.7876712328767123287671232878,0.5356164383561643835616438357,0.06791737036342027897666855069,0.04890050666166260086320135650
24.39600456621004566210045936,0,0.000,24.39600456621004566210045936,0.7876712328767123287671232878,0.5356164383561643835616438357,23.60833333333333333333333607,0E-28,0E-28,0,0,0,1299,1300,2038,ZBO,0.7876712328767123287671232878,0.5356164383561643835616438357,0.06575936698567586163758054171,0.04734674422968662037905799003
23.60833333333333333333333607,0,0.000,23.60833333333333333333333607,0.7876712328767123287671232878,0.5356164383561643835616438357,22.82066210045662100456621278,0E-28,0E-28,0,0,0,1300,1301,2038,ZBO,0.7876712328767123287671232878,0.5356164383561643835616438357,0.06360136360793144429849253266,0.04579298179771063989491462352
22.82066210045662100456621278,0,0.000,22.82066210045662100456621278,0.7876712328767123287671232878,0.5356164383561643835616438357,22.03299086757990867579908949,0E-28,0E-28,0,0,0,1301,1302,2038,ZBO,0.7876712328767123287671232878,0.5356164383561643835616438357,0.06144336023018702695940452368,0.04423921936573465941077125705
22.03299086757990867579908949,0,0.000,22.03299086757990867579908949,0.7876712328767123287671232878,0.5356164383561643835616438357,21.24531963470319634703196620,0E-28,0E-28,0,0,0,1302,1303,2038,ZBO,0.7876712328767123287671232878,0.5356164383561643835616438357,0.05928535685244260962031651464,0.04268545693375867892662789054
21.24531963470319634703196620,0,0.000,21.24531963470319634703196620,0.7876712328767123287671232878,0.5356164383561643835616438357,20.45764840182648401826484291,0E-28,0E-28,0,0,0,1303,1304,2038,ZBO,0.7876712328767123287671232878,0.5356164383561643835616438357,0.05712735347469819228122850565,0.04113169450178269844248452407
20.45764840182648401826484291,0,0.000,20.45764840182648401826484291,0.7876712328767123287671232878,0.5356164383561643835616438357,19.66997716894977168949771962,0E-28,0E-28,0,0,0,1304,1305,2038,ZBO,0.7876712328767123287671232878,0.5356164383561643835616438357,0.05496935009695377494214049661,0.03957793206980671795834115756
19.66997716894977168949771962,0,0.000,19.66997716894977168949771962,0.7876712328767123287671232878,0.5356164383561643835616438357,18.88230593607305936073059633,0E-28,0E-28,0,0,0,1305,1306,2038,ZBO,0.7876712328767123287671232878,0.5356164383561643835616438357,0.05281134671920935760305248762,0.03802416963783073747419779109
18.88230593607305936073059633,0,0.000,18.88230593607305936073059633,0.7876712328767123287671232878,0.5356164383561643835616438357,18.09463470319634703196347304,0E-28,0E-28,0,0,0,1306,1307,2038,ZBO,0.7876712328767123287671232878,0.5356164383561643835616438357,0.05065334334146494026396447858,0.03647040720585475699005442458
18.09463470319634703196347304,0,0.000,18.09463470319634703196347304,0.7220319634703196347031963472,0.4909817351598173515981735161,17.37260273972602739726027669,0E-28,0E-28,0,0,0,1307,15695/12,2038,ZBO,0.7220319634703196347031963472,0.4909817351598173515981735161,0.04453648537353266195450470856,0.03206626946894351660724339016
17.37260273972602739726027669,25.38708797811177046937681400,0.3046450557373412456325217680,42.45504566210045662100456892,0.06563926940639269406392694064,0.04463470319634703196347031963,42.38940639269406392694064198,0E-29,0E-29,25.38708797811177046937681400,0E-26,0,15695/12,1308,2038,ZBO,0.06563926940639269406392694064,0.04463470319634703196347031963,0.009685439732282479514605617682,0.006973516607243385250516044731
42.38940639269406392694064198,0,0.000,42.38940639269406392694064198,0.7876712328767123287671232878,0.5356164383561643835616438357,41.60173515981735159817351869,0E-28,0E-28,0,0,0,1308,1309,2038,ZBO,0.7876712328767123287671232878,0.5356164383561643835616438357,0.1150563582911115281165947407,0.08284057796960030024394821330
41.60173515981735159817351869,0,0.000,41.60173515981735159817351869,0.7876712328767123287671232878,0.5356164383561643835616438357,40.81406392694063926940639540,0E-28,0E-28,0,0,0,1309,1310,2038,ZBO,0.7876712328767123287671232878,0.5356164383561643835616438357,0.1128983549133671107775067316,0.08128681553762431975980484675
40.81406392694063926940639540,0,0.000,40.81406392694063926940639540,0.7876712328767123287671232878,0.5356164383561643835616438357,40.02639269406392694063927211,0E-28,0E-28,0,0,0,1310,1311,2038,ZBO,0.7876712328767123287671232878,0.5356164383561643835616438357,0.1107403515356226934384187226,0.07973305310564833927566148027
40.02639269406392694063927211,0,0.000,40.02639269406392694063927211,0.7876712328767123287671232878,0.5356164383561643835616438357,39.23872146118721461187214882,0E-28,0E-28,0,0,0,1311,1312,2038,ZBO,0.7876712328767123287671232878,0.5356164383561643835616438357,0.1085823481578782760993307136,0.07817929067367235879151811379
39.23872146118721461187214882,0,0.000,39.23872146118721461187214882,0.7876712328767123287671232878,0.5356164383561643835616438357,38.45105022831050228310502553,0E-28,0E-28,0,0,0,1312,1313,2038,ZBO,0.7876712328767123287671232878,0.5356164383561643835616438357,0.1064243447801338587602427046,0.07662552824169637830737474731
38.45105022831050228310502553,0,0.000,38.45105022831050228310502553,0.7876712328767123287671232878,0.5356164383561643835616438357,37.66337899543378995433790224,0E-28,0E-28,0,0,0,1313,1314,2038,ZBO,0.7876712328767123287671232878,0.5356164383561643835616438357,0.1042663414023894414211546956,0.07507176580972039782323138083
37.66337899543378995433790224,0,0.000,37.66337899543378995433790224,0.7876712328767123287671232878,0.5356164383561643835616438357,36.87570776255707762557077895,0E-28,0E-28,0,0,0,1314,1315,2038,ZBO,0.7876712328767123287671232878,0.5356164383561643835616438357,0.1021083380246450240820666866,0.07351800337774441733908801435
36.87570776255707762557077895,0,0.000,36.87570776255707762557077895,0.7876712328767123287671232878,0.5356164383561643835616438357,36.08803652968036529680365566,0E-28,0E-28,0,0,0,1315,1316,2038,ZBO,0.7876712328767123287671232878,0.5356164383561643835616438357,0.09995033464690060674297867754,0.07196424094576843685494464783
36.08803652968036529680365566,0,0.000,36.08803652968036529680365566,0.7876712328767123287671232878,0.5356164383561643835616438357,35.30036529680365296803653237,0E-28,0E-28,0,0,0,1316,1317,2038,ZBO,0.7876712328767123287671232878,0.5356164383561643835616438357,0.09779233126915618940389066856,0.07041047851379245637080128136
35.30036529680365296803653237,0,0.000,35.30036529680365296803653237,0.7876712328767123287671232878,0.5356164383561643835616438357,34.51269406392694063926940908,0E-28,0E-28,0,0,0,1317,1318,2038,ZBO,0.7876712328767123287671232878,0.5356164383561643835616438357,0.09563432789141177206480265952,0.06885671608181647588665791485
34.51269406392694063926940908,0,0.000,34.51269406392694063926940908,0.7876712328767123287671232878,0.5356164383561643835616438357,33.72502283105022831050228579,0E-28,0E-28,0,0,0,1318,1319,2038,ZBO,0.7876712328767123287671232878,0.5356164383561643835616438357,0.09347632451366735472571465053,0.06730295364984049540251454838
33.72502283105022831050228579,0,0.000,33.72502283105022831050228579,0.7876712328767123287671232878,0.5356164383561643835616438357,32.93735159817351598173516250,0E-28,0E-28,0,0,0,1319,1320,2038,ZBO,0.7876712328767123287671232878,0.5356164383561643835616438357,0.09131832113592293738662664149,0.06574919121786451491837118187
32.93735159817351598173516250,0,0.000,32.93735159817351598173516250,0.7876712328767123287671232878,0.5356164383561643835616438357,32.14968036529680365296803921,0E-28,0E-28,0,0,0,1320,1321,2038,ZBO,0.7876712328767123287671232878,0.5356164383561643835616438357,0.08916031775817852004753863250,0.06419542878588853443422781540
32.14968036529680365296803921,0,0.000,32.14968036529680365296803921,0.7876712328767123287671232878,0.5356164383561643835616438357,31.36200913242009132420091592,0E-28,0E-28,0,0,0,1321,1322,2038,ZBO,0.7876712328767123287671232878,0.5356164383561643835616438357,0.08700231438043410270845062346,0.06264166635391255395008444889
31.36200913242009132420091592,0,0.000,31.36200913242009132420091592,0.7876712328767123287671232878,0.5356164383561643835616438357,30.57433789954337899543379263,0E-28,0E-28,0,0,0,1322,1323,2038,ZBO,0.7876712328767123287671232878,0.5356164383561643835616438357,0.08484431100268968536936261447,0.06108790392193657346594108242
30.57433789954337899543379263,0,0.000,30.57433789954337899543379263,0.7876712328767123287671232878,0.5356164383561643835616438357,29.78666666666666666666666934,0E-28,0E-28,0,0,0,1323,1324,2038,ZBO,0.7876712328767123287671232878,0.5356164383561643835616438357,0.08268630762494526803027460543,0.05953414148996059298179771591
29.78666666666666666666666934,0,0.000,29.78666666666666666666666934,0.7876712328767123287671232878,0.5356164383561643835616438357,28.99899543378995433789954605,0E-28,0E-28,0,0,0,1324,1325,2038,ZBO,0.7876712328767123287671232878,0.5356164383561643835616438357,0.08052830424720085069118659645,0.05798037905798461249765434944
28.99899543378995433789954605,0,0.000,28.99899543378995433789954605,0.7876712328767123287671232878,0.5356164383561643835616438357,28.21132420091324200913242276,0E-28,0E-28,0,0,0,1325,1326,2038,ZBO,0.7876712328767123287671232878,0.5356164383561643835616438357,0.07837030086945643335209858741,0.05642661662600863201351098294
28.21132420091324200913242276,0,0.000,28.21132420091324200913242276,0.7876712328767123287671232878,0.5356164383561643835616438357,27.42365296803652968036529947,0E-28,0E-28,0,0,0,1326,1327,2038,ZBO,0.7876712328767123287671232878,0.5356164383561643835616438357,0.07621229749171201601301057842,0.05487285419403265152936761646
27.42365296803652968036529947,0,0.000,27.42365296803652968036529947,0.7876712328767123287671232878,0.5356164383561643835616438357,26.63598173515981735159817618,0E-28,0E-28,0,0,0,1327,1328,2038,ZBO,0.7876712328767123287671232878,0.5356164383561643835616438357,0.07405429411396759867392256938,0.05331909176205667104522424995
26.63598173515981735159817618,0,0.000,26.63598173515981735159817618,0.7876712328767123287671232878,0.5356164383561643835616438357,25.84831050228310502283105289,0E-28,0E-28,0,0,0,1328,1329,2038,ZBO,0.7876712328767123287671232878,0.5356164383561643835616438357,0.07189629073622318133483456039,0.05176532933008069056108088348
25.84831050228310502283105289,0,0.000,25.84831050228310502283105289,0.7876712328767123287671232878,0.5356164383561643835616438357,25.06063926940639269406392960,0E-28,0E-28,0,0,0,1329,1330,2038,ZBO,0.7876712328767123287671232878,0.5356164383561643835616438357,0.06973828735847876399574655135,0.05021156689810471007693751697
25.06063926940639269406392960,0,0.000,25.06063926940639269406392960,0.7876712328767123287671232878,0.5356164383561643835616438357,24.27296803652968036529680631,0E-28,0E-28,0,0,0,1330,1331,2038,ZBO,0.7876712328767123287671232878,0.5356164383561643835616438357,0.06758028398073434665665854236,0.04865780446612872959279415050
24.27296803652968036529680631,0,0.000,24.27296803652968036529680631,0.7876712328767123287671232878,0.5356164383561643835616438357,23.48529680365296803652968302,0E-28,0E-28,0,0,0,1331,1332,2038,ZBO,0.7876712328767123287671232878,0.5356164383561643835616438357,0.06542228060298992931757053332,0.04710404203415274910865078399
23.48529680365296803652968302,0,0.000,23.48529680365296803652968302,0.7876712328767123287671232878,0.5356164383561643835616438357,22.69762557077625570776255973,0E-28,0E-28,0,0,0,1332,1333,2038,ZBO,0.7876712328767123287671232878,0.5356164383561643835616438357,0.06326427722524551197848252434,0.04555027960217676862450741752
22.69762557077625570776255973,0,0.000,22.69762557077625570776255973,0.7876712328767123287671232878,0.5356164383561643835616438357,21.90995433789954337899543644,0E-28,0E-28,0,0,0,1333,1334,2038,ZBO,0.7876712328767123287671232878,0.5356164383561643835616438357,0.06110627384750109463939451529,0.04399651717020078814036405101
21.90995433789954337899543644,0,0.000,21.90995433789954337899543644,0.7876712328767123287671232878,0.5356164383561643835616438357,21.12228310502283105022831315,0E-28,0E-28,0,0,0,1334,1335,2038,ZBO,0.7876712328767123287671232878,0.5356164383561643835616438357,0.05894827046975667730030650631,0.04244275473822480765622068454
21.12228310502283105022831315,0,0.000,21.12228310502283105022831315,0.7876712328767123287671232878,0.5356164383561643835616438357,20.33461187214611872146118986,0E-28,0E-28,0,0,0,1335,1336,2038,ZBO,0.7876712328767123287671232878,0.5356164383561643835616438357,0.05679026709201225996121849727,0.04088899230624882717207731803
20.33461187214611872146118986,0,0.000,20.33461187214611872146118986,0.7876712328767123287671232878,0.5356164383561643835616438357,19.54694063926940639269406657,0E-28,0E-28,0,0,0,1336,1337,2038,ZBO,0.7876712328767123287671232878,0.5356164383561643835616438357,0.05463226371426784262213048828,0.03933522987427284668793395156
19.54694063926940639269406657,0,0.000,19.54694063926940639269406657,0.7876712328767123287671232878,0.5356164383561643835616438357,18.75926940639269406392694328,0E-28,0E-28,0,0,0,1337,1338,2038,ZBO,0.7876712328767123287671232878,0.5356164383561643835616438357,0.05247426033652342528304247924,0.03778146744229686620379058505
18.75926940639269406392694328,0,0.000,18.75926940639269406392694328,0.2625570776255707762557077625,0.1785388127853881278538812785,18.49671232876712328767123552,0E-28,0E-28,0,0,0,1338,4015/3,2038,ZBO,0.2625570776255707762557077625,0.1785388127853881278538812785,0.01701186380600904901899460219,0.01224854194032651529367611358
18.49671232876712328767123552,25.38708797811177046937681400,0.3046450557373412456325217680,43.57915525114155251141552775,0.5251141552511415525114155253,0.3570776255707762557077625572,43.05404109589041095890411222,0E-28,0E-28,25.38708797811177046937681400,0E-26,0,4015/3,1339,2038,ZBO,0.5251141552511415525114155253,0.3570776255707762557077625572,0.07911707428952690727883072145,0.05696429348845937324075811944
43.05404109589041095890411222,0,0.000,43.05404109589041095890411222,0.7876712328767123287671232878,0.5356164383561643835616438357,42.26636986301369863013698893,0E-28,0E-28,0,0,0,1339,1340,2038,ZBO,0.7876712328767123287671232878,0.5356164383561643835616438357,0.1168772752861700131356727413,0.08415163820604240945768437374
42.26636986301369863013698893,0,0.000,42.26636986301369863013698893,0.7876712328767123287671232878,0.5356164383561643835616438357,41.47869863013698630136986564,0E-28,0E-28,0,0,0,1340,1341,2038,ZBO,0.7876712328767123287671232878,0.5356164383561643835616438357,0.1147192719084255957965847323,0.08259787577406642897354100726
41.47869863013698630136986564,0,0.000,41.47869863013698630136986564,0.7876712328767123287671232878,0.5356164383561643835616438357,40.69102739726027397260274235,0E-28,0E-28,0,0,0,1341,1342,2038,ZBO,0.7876712328767123287671232878,0.5356164383561643835616438357,0.1125612685306811784574967233,0.08104411334209044848939764078
40.69102739726027397260274235,0,0.000,40.69102739726027397260274235,0.7876712328767123287671232878,0.5356164383561643835616438357,39.90335616438356164383561906,0E-28,0E-28,0,0,0,1342,1343,2038,ZBO,0.7876712328767123287671232878,0.5356164383561643835616438357,0.1104032651529367611184087143,0.07949035091011446800525427430
39.90335616438356164383561906,0,0.000,39.90335616438356164383561906,0.7876712328767123287671232878,0.5356164383561643835616438357,39.11568493150684931506849577,0E-28,0E-28,0,0,0,1343,1344,2038,ZBO,0.7876712328767123287671232878,0.5356164383561643835616438357,0.1082452617751923437793207053,0.07793658847813848752111090782
39.11568493150684931506849577,0,0.000,39.11568493150684931506849577,0.7876712328767123287671232878,0.5356164383561643835616438357,38.32801369863013698630137248,0E-28,0E-28,0,0,0,1344,1345,2038,ZBO,0.7876712328767123287671232878,0.5356164383561643835616438357,0.1060872583974479264402326962,0.07638282604616250703696754126
38.32801369863013698630137248,0,0.000,38.32801369863013698630137248,0.7876712328767123287671232878,0.5356164383561643835616438357,37.54034246575342465753424919,0E-28,0E-28,0,0,0,1345,1346,2038,ZBO,0.7876712328767123287671232878,0.5356164383561643835616438357,0.1039292550197035091011446872,0.07482906361418652655282417478
37.54034246575342465753424919,0,0.000,37.54034246575342465753424919,0.7876712328767123287671232878,0.5356164383561643835616438357,36.75267123287671232876712590,0E-28,0E-28,0,0,0,1346,1347,2038,ZBO,0.7876712328767123287671232878,0.5356164383561643835616438357,0.1017712516419590917620566782,0.07327530118221054606868080830
36.75267123287671232876712590,0,0.000,36.75267123287671232876712590,0.7876712328767123287671232878,0.5356164383561643835616438357,35.96500000000000000000000261,0E-28,0E-28,0,0,0,1347,1348,2038,ZBO,0.7876712328767123287671232878,0.5356164383561643835616438357,0.09961324826421467442296866922,0.07172153875023456558453744184
35.96500000000000000000000261,0,0.000,35.96500000000000000000000261,0.7876712328767123287671232878,0.5356164383561643835616438357,35.17732876712328767123287932,0E-28,0E-28,0,0,0,1348,1349,2038,ZBO,0.7876712328767123287671232878,0.5356164383561643835616438357,0.09745524488647025708388066017,0.07016777631825858510039407532
35.17732876712328767123287932,0,0.000,35.17732876712328767123287932,0.7876712328767123287671232878,0.5356164383561643835616438357,34.38965753424657534246575603,0E-28,0E-28,0,0,0,1349,1350,2038,ZBO,0.7876712328767123287671232878,0.5356164383561643835616438357,0.09529724150872583974479265119,0.06861401388628260461625070886
34.38965753424657534246575603,0,0.000,34.38965753424657534246575603,0.7876712328767123287671232878,0.5356164383561643835616438357,33.60198630136986301369863274,0E-28,0E-28,0,0,0,1350,1351,2038,ZBO,0.7876712328767123287671232878,0.5356164383561643835616438357,0.09313923813098142240570464215,0.06706025145430662413210734235
33.60198630136986301369863274,0,0.000,33.60198630136986301369863274,0.7876712328767123287671232878,0.5356164383561643835616438357,32.81431506849315068493150945,0E-28,0E-28,0,0,0,1351,1352,2038,ZBO,0.7876712328767123287671232878,0.5356164383561643835616438357,0.09098123475323700506661663316,0.06550648902233064364796397588
32.81431506849315068493150945,0,0.000,32.81431506849315068493150945,0.7876712328767123287671232878,0.5356164383561643835616438357,32.02664383561643835616438616,0E-28,0E-28,0,0,0,1352,1353,2038,ZBO,0.7876712328767123287671232878,0.5356164383561643835616438357,0.08882323137549258772752862412,0.06395272659035466316382060937
32.02664383561643835616438616,0,0.000,32.02664383561643835616438616,0.7876712328767123287671232878,0.5356164383561643835616438357,31.23897260273972602739726287,0E-28,0E-28,0,0,0,1353,1354,2038,ZBO,0.7876712328767123287671232878,0.5356164383561643835616438357,0.08666522799774817038844061513,0.06239896415837868267967724289
31.23897260273972602739726287,0,0.000,31.23897260273972602739726287,0.7876712328767123287671232878,0.5356164383561643835616438357,30.45130136986301369863013958,0E-28,0E-28,0,0,0,1354,1355,2038,ZBO,0.7876712328767123287671232878,0.5356164383561643835616438357,0.08450722462000375304935260609,0.06084520172640270219553387638
30.45130136986301369863013958,0,0.000,30.45130136986301369863013958,0.7876712328767123287671232878,0.5356164383561643835616438357,29.66363013698630136986301629,0E-28,0E-28,0,0,0,1355,1356,2038,ZBO,0.7876712328767123287671232878,0.5356164383561643835616438357,0.08234922124225933571026459710,0.05929143929442672171139050991
29.66363013698630136986301629,0,0.000,29.66363013698630136986301629,0.7876712328767123287671232878,0.5356164383561643835616438357,28.87595890410958904109589300,0E-28,0E-28,0,0,0,1356,1357,2038,ZBO,0.7876712328767123287671232878,0.5356164383561643835616438357,0.08019121786451491837117658806,0.05773767686245074122724714340
28.87595890410958904109589300,0,0.000,28.87595890410958904109589300,0.7876712328767123287671232878,0.5356164383561643835616438357,28.08828767123287671232876971,0E-28,0E-28,0,0,0,1357,1358,2038,ZBO,0.7876712328767123287671232878,0.5356164383561643835616438357,0.07803321448677050103208857908,0.05618391443047476074310377694
28.08828767123287671232876971,0,0.000,28.08828767123287671232876971,0.7876712328767123287671232878,0.5356164383561643835616438357,27.30061643835616438356164642,0E-28,0E-28,0,0,0,1358,1359,2038,ZBO,0.7876712328767123287671232878,0.5356164383561643835616438357,0.07587521110902608369300057003,0.05463015199849878025896041042
27.30061643835616438356164642,0,0.000,27.30061643835616438356164642,0.7876712328767123287671232878,0.5356164383561643835616438357,26.51294520547945205479452313,0E-28,0E-28,0,0,0,1359,1360,2038,ZBO,0.7876712328767123287671232878,0.5356164383561643835616438357,0.07371720773128166635391256105,0.05307638956652279977481704396
26.51294520547945205479452313,0,0.000,26.51294520547945205479452313,0.7876712328767123287671232878,0.5356164383561643835616438357,25.72527397260273972602739984,0E-28,0E-28,0,0,0,1360,1361,2038,ZBO,0.7876712328767123287671232878,0.5356164383561643835616438357,0.07155920435353724901482455201,0.05152262713454681929067367745
25.72527397260273972602739984,0,0.000,25.72527397260273972602739984,0.7876712328767123287671232878,0.5356164383561643835616438357,24.93760273972602739726027655,0E-28,0E-28,0,0,0,1361,1362,2038,ZBO,0.7876712328767123287671232878,0.5356164383561643835616438357,0.06940120097579283167573654302,0.04996886470257083880653031097
24.93760273972602739726027655,0,0.000,24.93760273972602739726027655,0.7876712328767123287671232878,0.5356164383561643835616438357,24.14993150684931506849315326,0E-28,0E-28,0,0,0,1362,1363,2038,ZBO,0.7876712328767123287671232878,0.5356164383561643835616438357,0.06724319759804841433664853398,0.04841510227059485832238694447
24.14993150684931506849315326,0,0.000,24.14993150684931506849315326,0.7876712328767123287671232878,0.5356164383561643835616438357,23.36226027397260273972602997,0E-28,0E-28,0,0,0,1363,1364,2038,ZBO,0.7876712328767123287671232878,0.5356164383561643835616438357,0.06508519422030399699756052499,0.04686133983861887783824357799
23.36226027397260273972602997,0,0.000,23.36226027397260273972602997,0.7876712328767123287671232878,0.5356164383561643835616438357,22.57458904109589041095890668,0E-28,0E-28,0,0,0,1364,1365,2038,ZBO,0.7876712328767123287671232878,0.5356164383561643835616438357,0.06292719084255957965847251595,0.04530757740664289735410021148
22.57458904109589041095890668,0,0.000,22.57458904109589041095890668,0.7876712328767123287671232878,0.5356164383561643835616438357,21.78691780821917808219178339,0E-28,0E-28,0,0,0,1365,1366,2038,ZBO,0.7876712328767123287671232878,0.5356164383561643835616438357,0.06076918746481516231938450696,0.04375381497466691686995684501
21.78691780821917808219178339,0,0.000,21.78691780821917808219178339,0.7876712328767123287671232878,0.5356164383561643835616438357,20.99924657534246575342466010,0E-28,0E-28,0,0,0,1366,1367,2038,ZBO,0.7876712328767123287671232878,0.5356164383561643835616438357,0.05861118408707074498029649792,0.04220005254269093638581347850
20.99924657534246575342466010,0,0.000,20.99924657534246575342466010,0.7876712328767123287671232878,0.5356164383561643835616438357,20.21157534246575342465753681,0E-28,0E-28,0,0,0,1367,1368,2038,ZBO,0.7876712328767123287671232878,0.5356164383561643835616438357,0.05645318070932632764120848894,0.04064629011071495590167011204
20.21157534246575342465753681,0,0.000,20.21157534246575342465753681,0.5907534246575342465753424658,0.4017123287671232876712328768,19.62082191780821917808219434,0E-28,0E-28,0,0,0,1368,5475/4,2038,ZBO,0.5907534246575342465753424658,0.4017123287671232876712328768,0.04092369581534997185212986078,0.02946506098705197973353349976
19.62082191780821917808219434,25.38708797811177046937681400,0.3046450557373412456325217680,44.70326484018264840182648657,0.1969178082191780821917808219,0.1339041095890410958904109589,44.50634703196347031963470575,0E-28,0E-28,25.38708797811177046937681400,0E-26,0,5475/4,1369,2038,ZBO,0.1969178082191780821917808219,0.1339041095890410958904109589,0.03055123694251579408269218915,0.02199689059861137173953837619
44.50634703196347031963470575,0,0.000,44.50634703196347031963470575,0.7876712328767123287671232878,0.5356164383561643835616438357,43.71867579908675799086758246,0E-28,0E-28,0,0,0,1369,1370,2038,ZBO,0.7876712328767123287671232878,0.5356164383561643835616438357,0.1208561956589729154938387510,0.08701646087446049915556390072
43.71867579908675799086758246,0,0.000,43.71867579908675799086758246,0.7876712328767123287671232878,0.5356164383561643835616438357,42.93100456621004566210045917,0E-28,0E-28,0,0,0,1370,1371,2038,ZBO,0.7876712328767123287671232878,0.5356164383561643835616438357,0.1186981922812284981547507420,0.08546269844248451867142053424
42.93100456621004566210045917,0,0.000,42.93100456621004566210045917,0.7876712328767123287671232878,0.5356164383561643835616438357,42.14333333333333333333333588,0E-28,0E-28,0,0,0,1371,1372,2038,ZBO,0.7876712328767123287671232878,0.5356164383561643835616438357,0.1165401889034840808156627329,0.08390893601050853818727716769
42.14333333333333333333333588,0,0.000,42.14333333333333333333333588,0.7876712328767123287671232878,0.5356164383561643835616438357,41.35566210045662100456621259,0E-28,0E-28,0,0,0,1372,1373,2038,ZBO,0.7876712328767123287671232878,0.5356164383561643835616438357,0.1143821855257396634765747240,0.08235517357853255770313380128
41.35566210045662100456621259,0,0.000,41.35566210045662100456621259,0.7876712328767123287671232878,0.5356164383561643835616438357,40.56799086757990867579908930,0E-28,0E-28,0,0,0,1373,1374,2038,ZBO,0.7876712328767123287671232878,0.5356164383561643835616438357,0.1122241821479952461374867149,0.08080141114655657721899043473
40.56799086757990867579908930,0,0.000,40.56799086757990867579908930,0.7876712328767123287671232878,0.5356164383561643835616438357,39.78031963470319634703196601,0E-28,0E-28,0,0,0,1374,1375,2038,ZBO,0.7876712328767123287671232878,0.5356164383561643835616438357,0.1100661787702508287983987059,0.07924764871458059673484706825
39.78031963470319634703196601,0,0.000,39.78031963470319634703196601,0.7876712328767123287671232878,0.5356164383561643835616438357,38.99264840182648401826484272,0E-28,0E-28,0,0,0,1375,1376,2038,ZBO,0.7876712328767123287671232878,0.5356164383561643835616438357,0.1079081753925064114593106969,0.07769388628260461625070370177
38.99264840182648401826484272,0,0.000,38.99264840182648401826484272,0.7876712328767123287671232878,0.5356164383561643835616438357,38.20497716894977168949771943,0E-28,0E-28,0,0,0,1376,1377,2038,ZBO,0.7876712328767123287671232878,0.5356164383561643835616438357,0.1057501720147619941202226879,0.07614012385062863576656033529
38.20497716894977168949771943,0,0.000,38.20497716894977168949771943,0.7876712328767123287671232878,0.5356164383561643835616438357,37.41730593607305936073059614,0E-28,0E-28,0,0,0,1377,1378,2038,ZBO,0.7876712328767123287671232878,0.5356164383561643835616438357,0.1035921686370175767811346789,0.07458636141865265528241696881
37.41730593607305936073059614,0,0.000,37.41730593607305936073059614,0.7876712328767123287671232878,0.5356164383561643835616438357,36.62963470319634703196347285,0E-28,0E-28,0,0,0,1378,1379,2038,ZBO,0.7876712328767123287671232878,0.5356164383561643835616438357,0.1014341652592731594420466699,0.07303259898667667479827360233
36.62963470319634703196347285,0,0.000,36.62963470319634703196347285,0.7876712328767123287671232878,0.5356164383561643835616438357,35.84196347031963470319634956,0E-28,0E-28,0,0,0,1379,1380,2038,ZBO,0.7876712328767123287671232878,0.5356164383561643835616438357,0.09927616188152874210295866083,0.07147883655470069431413023580
35.84196347031963470319634956,0,0.000,35.84196347031963470319634956,0.7876712328767123287671232878,0.5356164383561643835616438357,35.05429223744292237442922627,0E-28,0E-28,0,0,0,1380,1381,2038,ZBO,0.7876712328767123287671232878,0.5356164383561643835616438357,0.09711815850378432476387065185,0.06992507412272471382998686933
35.05429223744292237442922627,0,0.000,35.05429223744292237442922627,0.7876712328767123287671232878,0.5356164383561643835616438357,34.26662100456621004566210298,0E-28,0E-28,0,0,0,1381,1382,2038,ZBO,0.7876712328767123287671232878,0.5356164383561643835616438357,0.09496015512603990742478264280,0.06837131169074873334584350282
34.26662100456621004566210298,0,0.000,34.26662100456621004566210298,0.7876712328767123287671232878,0.5356164383561643835616438357,33.47894977168949771689497969,0E-28,0E-28,0,0,0,1382,1383,2038,ZBO,0.7876712328767123287671232878,0.5356164383561643835616438357,0.09280215174829549008569463382,0.06681754925877275286170013635
33.47894977168949771689497969,0,0.000,33.47894977168949771689497969,0.7876712328767123287671232878,0.5356164383561643835616438357,32.69127853881278538812785640,0E-28,0E-28,0,0,0,1383,1384,2038,ZBO,0.7876712328767123287671232878,0.5356164383561643835616438357,0.09064414837055107274660662478,0.06526378682679677237755676984
32.69127853881278538812785640,0,0.000,32.69127853881278538812785640,0.7876712328767123287671232878,0.5356164383561643835616438357,31.90360730593607305936073311,0E-28,0E-28,0,0,0,1384,1385,2038,ZBO,0.7876712328767123287671232878,0.5356164383561643835616438357,0.08848614499280665540751861579,0.06371002439482079189341340337
31.90360730593607305936073311,0,0.000,31.90360730593607305936073311,0.7876712328767123287671232878,0.5356164383561643835616438357,31.11593607305936073059360982,0E-28,0E-28,0,0,0,1385,1386,2038,ZBO,0.7876712328767123287671232878,0.5356164383561643835616438357,0.08632814161506223806843060675,0.06215626196284481140927003686
31.11593607305936073059360982,0,0.000,31.11593607305936073059360982,0.7876712328767123287671232878,0.5356164383561643835616438357,30.32826484018264840182648653,0E-28,0E-28,0,0,0,1386,1387,2038,ZBO,0.7876712328767123287671232878,0.5356164383561643835616438357,0.08417013823731782072934259776,0.06060249953086883092512667039
30.32826484018264840182648653,0,0.000,30.32826484018264840182648653,0.7876712328767123287671232878,0.5356164383561643835616438357,29.54059360730593607305936324,0E-28,0E-28,0,0,0,1387,1388,2038,ZBO,0.7876712328767123287671232878,0.5356164383561643835616438357,0.08201213485957340339025458872,0.05904873709889285044098330388
29.54059360730593607305936324,0,0.000,29.54059360730593607305936324,0.7876712328767123287671232878,0.5356164383561643835616438357,28.75292237442922374429223995,0E-28,0E-28,0,0,0,1388,1389,2038,ZBO,0.7876712328767123287671232878,0.5356164383561643835616438357,0.07985413148182898605116657973,0.05749497466691686995683993741
28.75292237442922374429223995,0,0.000,28.75292237442922374429223995,0.7876712328767123287671232878,0.5356164383561643835616438357,27.96525114155251141552511666,0E-28,0E-28,0,0,0,1389,1390,2038,ZBO,0.7876712328767123287671232878,0.5356164383561643835616438357,0.07769612810408456871207857069,0.05594121223494088947269657090
27.96525114155251141552511666,0,0.000,27.96525114155251141552511666,0.7876712328767123287671232878,0.5356164383561643835616438357,27.17757990867579908675799337,0E-28,0E-28,0,0,0,1390,1391,2038,ZBO,0.7876712328767123287671232878,0.5356164383561643835616438357,0.07553812472634015137299056171,0.05438744980296490898855320443
27.17757990867579908675799337,0,0.000,27.17757990867579908675799337,0.7876712328767123287671232878,0.5356164383561643835616438357,26.38990867579908675799087008,0E-28,0E-28,0,0,0,1391,1392,2038,ZBO,0.7876712328767123287671232878,0.5356164383561643835616438357,0.07338012134859573403390255266,0.05283368737098892850440983792
26.38990867579908675799087008,0,0.000,26.38990867579908675799087008,0.7876712328767123287671232878,0.5356164383561643835616438357,25.60223744292237442922374679,0E-28,0E-28,0,0,0,1392,1393,2038,ZBO,0.7876712328767123287671232878,0.5356164383561643835616438357,0.07122211797085131669481454368,0.05127992493901294802026647145
25.60223744292237442922374679,0,0.000,25.60223744292237442922374679,0.7876712328767123287671232878,0.5356164383561643835616438357,24.81456621004566210045662350,0E-28,0E-28,0,0,0,1393,1394,2038,ZBO,0.7876712328767123287671232878,0.5356164383561643835616438357,0.06906411459310689935572653464,0.04972616250703696753612310494
24.81456621004566210045662350,0,0.000,24.81456621004566210045662350,0.7876712328767123287671232878,0.5356164383561643835616438357,24.02689497716894977168950021,0E-28,0E-28,0,0,0,1394,1395,2038,ZBO,0.7876712328767123287671232878,0.5356164383561643835616438357,0.06690611121536248201663852565,0.04817240007506098705197973847
24.02689497716894977168950021,0,0.000,24.02689497716894977168950021,0.7876712328767123287671232878,0.5356164383561643835616438357,23.23922374429223744292237692,0E-28,0E-28,0,0,0,1395,1396,2038,ZBO,0.7876712328767123287671232878,0.5356164383561643835616438357,0.06474810783761806467755051661,0.04661863764308500656783637196
23.23922374429223744292237692,0,0.000,23.23922374429223744292237692,0.7876712328767123287671232878,0.5356164383561643835616438357,22.45155251141552511415525363,0E-28,0E-28,0,0,0,1396,1397,2038,ZBO,0.7876712328767123287671232878,0.5356164383561643835616438357,0.06259010445987364733846250762,0.04506487521110902608369300549
22.45155251141552511415525363,0,0.000,22.45155251141552511415525363,0.7876712328767123287671232878,0.5356164383561643835616438357,21.66388127853881278538813034,0E-28,0E-28,0,0,0,1397,1398,2038,ZBO,0.7876712328767123287671232878,0.5356164383561643835616438357,0.06043210108212922999937449858,0.04351111277913304559954963898
21.66388127853881278538813034,0,0.000,21.66388127853881278538813034,0.7876712328767123287671232878,0.5356164383561643835616438357,20.87621004566210045662100705,0E-28,0E-28,0,0,0,1398,1399,2038,ZBO,0.7876712328767123287671232878,0.5356164383561643835616438357,0.05827409770438481266028648959,0.04195735034715706511540627250
20.87621004566210045662100705,0,0.000,20.87621004566210045662100705,0.1312785388127853881278538813,0.08926940639269406392694063928,20.74493150684931506849315317,0E-28,0E-29,0,0,0,1399,8395/6,2038,ZBO,0.1312785388127853881278538813,0.08926940639269406392694063928,0.009502543733450094868747525166,0.006841831488084068305498218120
20.74493150684931506849315317,25.38708797811177046937681400,0.3046450557373412456325217680,45.82737442922374429223744540,0.6563926940639269406392694064,0.4463470319634703196347031963,45.17098173515981735159817599,0E-28,0E-28,25.38708797811177046937681400,0E-26,0,8395/6,1400,2038,ZBO,0.6563926940639269406392694064,0.4463470319634703196347031963,0.1038794020141364858947895221,0.07479316945017826984424845591
45.17098173515981735159817599,0,0.000,45.17098173515981735159817599,0.7876712328767123287671232878,0.5356164383561643835616438357,44.38331050228310502283105270,0E-28,0E-28,0,0,0,1400,1401,2038,ZBO,0.7876712328767123287671232878,0.5356164383561643835616438357,0.1226771126540314005129167516,0.08832752111090260836930006115
44.38331050228310502283105270,0,0.000,44.38331050228310502283105270,0.7876712328767123287671232878,0.5356164383561643835616438357,43.59563926940639269406392941,0E-28,0E-28,0,0,0,1401,1402,2038,ZBO,0.7876712328767123287671232878,0.5356164383561643835616438357,0.1205191092762869831738287426,0.08677375867892662788515669467
43.59563926940639269406392941,0,0.000,43.59563926940639269406392941,0.7876712328767123287671232878,0.5356164383561643835616438357,42.80796803652968036529680612,0E-28,0E-28,0,0,0,1402,1403,2038,ZBO,0.7876712328767123287671232878,0.5356164383561643835616438357,0.1183611058985425658347407336,0.08521999624695064740101332819
42.80796803652968036529680612,0,0.000,42.80796803652968036529680612,0.7876712328767123287671232878,0.5356164383561643835616438357,42.02029680365296803652968283,0E-28,0E-28,0,0,0,1403,1404,2038,ZBO,0.7876712328767123287671232878,0.5356164383561643835616438357,0.1162031025207981484956527246,0.08366623381497466691686996171
42.02029680365296803652968283,0,0.000,42.02029680365296803652968283,0.7876712328767123287671232878,0.5356164383561643835616438357,41.23262557077625570776255954,0E-28,0E-28,0,0,0,1404,1405,2038,ZBO,0.7876712328767123287671232878,0.5356164383561643835616438357,0.1140450991430537311565647156,0.08211247138299868643272659523
41.23262557077625570776255954,0,0.000,41.23262557077625570776255954,0.7876712328767123287671232878,0.5356164383561643835616438357,40.44495433789954337899543625,0E-28,0E-28,0,0,0,1405,1406,2038,ZBO,0.7876712328767123287671232878,0.5356164383561643835616438357,0.1118870957653093138174767066,0.08055870895102270594858322875
40.44495433789954337899543625,0,0.000,40.44495433789954337899543625,0.7876712328767123287671232878,0.5356164383561643835616438357,39.65728310502283105022831296,0E-28,0E-28,0,0,0,1406,1407,2038,ZBO,0.7876712328767123287671232878,0.5356164383561643835616438357,0.1097290923875648964783886975,0.07900494651904672546443986220
39.65728310502283105022831296,0,0.000,39.65728310502283105022831296,0.7876712328767123287671232878,0.5356164383561643835616438357,38.86961187214611872146118967,0E-28,0E-28,0,0,0,1407,1408,2038,ZBO,0.7876712328767123287671232878,0.5356164383561643835616438357,0.1075710890098204791393006886,0.07745118408707074498029649579
38.86961187214611872146118967,0,0.000,38.86961187214611872146118967,0.7876712328767123287671232878,0.5356164383561643835616438357,38.08194063926940639269406638,0E-28,0E-28,0,0,0,1408,1409,2038,ZBO,0.7876712328767123287671232878,0.5356164383561643835616438357,0.1054130856320760618002126795,0.07589742165509476449615312924
38.08194063926940639269406638,0,0.000,38.08194063926940639269406638,0.7876712328767123287671232878,0.5356164383561643835616438357,37.29426940639269406392694309,0E-28,0E-28,0,0,0,1409,1410,2038,ZBO,0.7876712328767123287671232878,0.5356164383561643835616438357,0.1032550822543316444611246705,0.07434365922311878401200976276
37.29426940639269406392694309,0,0.000,37.29426940639269406392694309,0.7876712328767123287671232878,0.5356164383561643835616438357,36.50659817351598173515981980,0E-28,0E-28,0,0,0,1410,1411,2038,ZBO,0.7876712328767123287671232878,0.5356164383561643835616438357,0.1010970788765872271220366615,0.07278989679114280352786639628
36.50659817351598173515981980,0,0.000,36.50659817351598173515981980,0.7876712328767123287671232878,0.5356164383561643835616438357,35.71892694063926940639269651,0E-28,0E-28,0,0,0,1411,1412,2038,ZBO,0.7876712328767123287671232878,0.5356164383561643835616438357,0.09893907549884280978294865250,0.07123613435916682304372302980
35.71892694063926940639269651,0,0.000,35.71892694063926940639269651,0.7876712328767123287671232878,0.5356164383561643835616438357,34.93125570776255707762557322,0E-28,0E-28,0,0,0,1412,1413,2038,ZBO,0.7876712328767123287671232878,0.5356164383561643835616438357,0.09678107212109839244386064346,0.06968237192719084255957966329
34.93125570776255707762557322,0,0.000,34.93125570776255707762557322,0.7876712328767123287671232878,0.5356164383561643835616438357,34.14358447488584474885844993,0E-28,0E-28,0,0,0,1413,1414,2038,ZBO,0.7876712328767123287671232878,0.5356164383561643835616438357,0.09462306874335397510477263448,0.06812860949521486207543629683
34.14358447488584474885844993,0,0.000,34.14358447488584474885844993,0.7876712328767123287671232878,0.5356164383561643835616438357,33.35591324200913242009132664,0E-28,0E-28,0,0,0,1414,1415,2038,ZBO,0.7876712328767123287671232878,0.5356164383561643835616438357,0.09246506536560955776568462543,0.06657484706323888159129293031
33.35591324200913242009132664,0,0.000,33.35591324200913242009132664,0.7876712328767123287671232878,0.5356164383561643835616438357,32.56824200913242009132420335,0E-28,0E-28,0,0,0,1415,1416,2038,ZBO,0.7876712328767123287671232878,0.5356164383561643835616438357,0.09030706198786514042659661645,0.06502108463126290110714956384
32.56824200913242009132420335,0,0.000,32.56824200913242009132420335,0.7876712328767123287671232878,0.5356164383561643835616438357,31.78057077625570776255708006,0E-28,0E-28,0,0,0,1416,1417,2038,ZBO,0.7876712328767123287671232878,0.5356164383561643835616438357,0.08814905861012072308750860741,0.06346732219928692062300619734
31.78057077625570776255708006,0,0.000,31.78057077625570776255708006,0.7876712328767123287671232878,0.5356164383561643835616438357,30.99289954337899543378995677,0E-28,0E-28,0,0,0,1417,1418,2038,ZBO,0.7876712328767123287671232878,0.5356164383561643835616438357,0.08599105523237630574842059842,0.06191355976731094013886283086
30.99289954337899543378995677,0,0.000,30.99289954337899543378995677,0.7876712328767123287671232878,0.5356164383561643835616438357,30.20522831050228310502283348,0E-28,0E-28,0,0,0,1418,1419,2038,ZBO,0.7876712328767123287671232878,0.5356164383561643835616438357,0.08383305185463188840933258938,0.06035979733533495965471946435
30.20522831050228310502283348,0,0.000,30.20522831050228310502283348,0.7876712328767123287671232878,0.5356164383561643835616438357,29.41755707762557077625571019,0E-28,0E-28,0,0,0,1419,1420,2038,ZBO,0.7876712328767123287671232878,0.5356164383561643835616438357,0.08167504847688747107024458039,0.05880603490335897917057609788
29.41755707762557077625571019,0,0.000,29.41755707762557077625571019,0.7876712328767123287671232878,0.5356164383561643835616438357,28.62988584474885844748858690,0E-28,0E-28,0,0,0,1420,1421,2038,ZBO,0.7876712328767123287671232878,0.5356164383561643835616438357,0.07951704509914305373115657135,0.05725227247138299868643273137
28.62988584474885844748858690,0,0.000,28.62988584474885844748858690,0.7876712328767123287671232878,0.5356164383561643835616438357,27.84221461187214611872146361,0E-28,0E-28,0,0,0,1421,1422,2038,ZBO,0.7876712328767123287671232878,0.5356164383561643835616438357,0.07735904172139863639206856236,0.05569851003940701820228936490
27.84221461187214611872146361,0,0.000,27.84221461187214611872146361,0.7876712328767123287671232878,0.5356164383561643835616438357,27.05454337899543378995434032,0E-28,0E-28,0,0,0,1422,1423,2038,ZBO,0.7876712328767123287671232878,0.5356164383561643835616438357,0.07520103834365421905298055332,0.05414474760743103771814599839
27.05454337899543378995434032,0,0.000,27.05454337899543378995434032,0.7876712328767123287671232878,0.5356164383561643835616438357,26.26687214611872146118721703,0E-28,0E-28,0,0,0,1423,1424,2038,ZBO,0.7876712328767123287671232878,0.5356164383561643835616438357,0.07304303496590980171389254434,0.05259098517545505723400263192
26.26687214611872146118721703,0,0.000,26.26687214611872146118721703,0.7876712328767123287671232878,0.5356164383561643835616438357,25.47920091324200913242009374,0E-28,0E-28,0,0,0,1424,1425,2038,ZBO,0.7876712328767123287671232878,0.5356164383561643835616438357,0.07088503158816538437480453529,0.05103722274347907674985926541
25.47920091324200913242009374,0,0.000,25.47920091324200913242009374,0.7876712328767123287671232878,0.5356164383561643835616438357,24.69152968036529680365297045,0E-28,0E-28,0,0,0,1425,1426,2038,ZBO,0.7876712328767123287671232878,0.5356164383561643835616438357,0.06872702821042096703571652631,0.04948346031150309626571589894
24.69152968036529680365297045,0,0.000,24.69152968036529680365297045,0.7876712328767123287671232878,0.5356164383561643835616438357,23.90385844748858447488584716,0E-28,0E-28,0,0,0,1426,1427,2038,ZBO,0.7876712328767123287671232878,0.5356164383561643835616438357,0.06656902483267654969662851727,0.04792969787952711578157253243
23.90385844748858447488584716,0,0.000,23.90385844748858447488584716,0.7876712328767123287671232878,0.5356164383561643835616438357,23.11618721461187214611872387,0E-28,0E-28,0,0,0,1427,1428,2038,ZBO,0.7876712328767123287671232878,0.5356164383561643835616438357,0.06441102145493213235754050828,0.04637593544755113529742916596
23.11618721461187214611872387,0,0.000,23.11618721461187214611872387,0.7876712328767123287671232878,0.5356164383561643835616438357,22.32851598173515981735160058,0E-28,0E-28,0,0,0,1428,1429,2038,ZBO,0.7876712328767123287671232878,0.5356164383561643835616438357,0.06225301807718771501845249924,0.04482217301557515481328579945
22.32851598173515981735160058,0,0.000,22.32851598173515981735160058,0.4594748858447488584474885844,0.3124429223744292237442922374,21.86904109589041095890411200,0E-28,0E-28,0,0,0,1429,17155/12,2038,ZBO,0.4594748858447488584474885844,0.3124429223744292237442922374,0.03531768259627614103125456484,0.02542873146931882154250328668
21.86904109589041095890411200,25.38708797811177046937681415,0.3046450557373412456325217698,46.95148401826484018264840438,0.3281963470319634703196347033,0.2231735159817351598173515983,46.62328767123287671232876968,0E-28,0E-28,25.38708797811177046937681415,0E-26,0,17155/12,1430,2038,ZBO,0.3281963470319634703196347033,0.2231735159817351598173515983,0.05341025781364024936927920896,0.03845538562582097954588103045
46.62328767123287671232876968,0,0.000,46.62328767123287671232876968,0.7876712328767123287671232878,0.5356164383561643835616438357,45.83561643835616438356164639,0E-28,0E-28,0,0,0,1430,1431,2038,ZBO,0.7876712328767123287671232878,0.5356164383561643835616438357,0.1266560330268343028710827618,0.09119234377932069806717958850
45.83561643835616438356164639,0,0.000,45.83561643835616438356164639,0.7876712328767123287671232878,0.5356164383561643835616438357,45.04794520547945205479452310,0E-28,0E-28,0,0,0,1431,1432,2038,ZBO,0.7876712328767123287671232878,0.5356164383561643835616438357,0.1244980296490898855319947527,0.08963858134734471758303622194
45.04794520547945205479452310,0,0.000,45.04794520547945205479452310,0.7876712328767123287671232878,0.5356164383561643835616438357,44.26027397260273972602739981,0E-28,0E-28,0,0,0,1432,1433,2038,ZBO,0.7876712328767123287671232878,0.5356164383561643835616438357,0.1223400262713454681929067437,0.08808481891536873709889285546
44.26027397260273972602739981,0,0.000,44.26027397260273972602739981,0.7876712328767123287671232878,0.5356164383561643835616438357,43.47260273972602739726027652,0E-28,0E-28,0,0,0,1433,1434,2038,ZBO,0.7876712328767123287671232878,0.5356164383561643835616438357,0.1201820228936010508538187347,0.08653105648339275661474948898
43.47260273972602739726027652,0,0.000,43.47260273972602739726027652,0.7876712328767123287671232878,0.5356164383561643835616438357,42.68493150684931506849315323,0E-28,0E-28,0,0,0,1434,1435,2038,ZBO,0.7876712328767123287671232878,0.5356164383561643835616438357,0.1180240195158566335147307257,0.08497729405141677613060612250
42.68493150684931506849315323,0,0.000,42.68493150684931506849315323,0.7876712328767123287671232878,0.5356164383561643835616438357,41.89726027397260273972602994,0E-28,0E-28,0,0,0,1435,1436,2038,ZBO,0.7876712328767123287671232878,0.5356164383561643835616438357,0.1158660161381122161756427167,0.08342353161944079564646275602
41.89726027397260273972602994,0,0.000,41.89726027397260273972602994,0.7876712328767123287671232878,0.5356164383561643835616438357,41.10958904109589041095890665,0E-28,0E-28,0,0,0,1436,1437,2038,ZBO,0.7876712328767123287671232878,0.5356164383561643835616438357,0.1137080127603677988365547077,0.08186976918746481516231938954
41.10958904109589041095890665,0,0.000,41.10958904109589041095890665,0.7876712328767123287671232878,0.5356164383561643835616438357,40.32191780821917808219178336,0E-28,0E-28,0,0,0,1437,1438,2038,ZBO,0.7876712328767123287671232878,0.5356164383561643835616438357,0.1115500093826233814974666986,0.08031600675548883467817602299
40.32191780821917808219178336,0,0.000,40.32191780821917808219178336,0.7876712328767123287671232878,0.5356164383561643835616438357,39.53424657534246575342466007,0E-28,0E-28,0,0,0,1438,1439,2038,ZBO,0.7876712328767123287671232878,0.5356164383561643835616438357,0.1093920060048789641583786897,0.07876224432351285419403265658
39.53424657534246575342466007,0,0.000,39.53424657534246575342466007,0.7876712328767123287671232878,0.5356164383561643835616438357,38.74657534246575342465753678,0E-28,0E-28,0,0,0,1439,1440,2038,ZBO,0.7876712328767123287671232878,0.5356164383561643835616438357,0.1072340026271345468192906806,0.07720848189153687370988929003
38.74657534246575342465753678,0,0.000,38.74657534246575342465753678,0.7876712328767123287671232878,0.5356164383561643835616438357,37.95890410958904109589041349,0E-28,0E-28,0,0,0,1440,1441,2038,ZBO,0.7876712328767123287671232878,0.5356164383561643835616438357,0.1050759992493901294802026716,0.07565471945956089322574592355
37.95890410958904109589041349,0,0.000,37.95890410958904109589041349,0.7876712328767123287671232878,0.5356164383561643835616438357,37.17123287671232876712329020,0E-28,0E-28,0,0,0,1441,1442,2038,ZBO,0.7876712328767123287671232878,0.5356164383561643835616438357,0.1029179958716457121411146626,0.07410095702758491274160255707
37.17123287671232876712329020,0,0.000,37.17123287671232876712329020,0.7876712328767123287671232878,0.5356164383561643835616438357,36.38356164383561643835616691,0E-28,0E-28,0,0,0,1442,1443,2038,ZBO,0.7876712328767123287671232878,0.5356164383561643835616438357,0.1007599924939012948020266536,0.07254719459560893225745919059
36.38356164383561643835616691,0,0.000,36.38356164383561643835616691,0.7876712328767123287671232878,0.5356164383561643835616438357,35.59589041095890410958904362,0E-28,0E-28,0,0,0,1443,1444,2038,ZBO,0.7876712328767123287671232878,0.5356164383561643835616438357,0.09860198911615687746293864456,0.07099343216363295177331582408
35.59589041095890410958904362,0,0.000,35.59589041095890410958904362,0.7876712328767123287671232878,0.5356164383561643835616438357,34.80821917808219178082192033,0E-28,0E-28,0,0,0,1444,1445,2038,ZBO,0.7876712328767123287671232878,0.5356164383561643835616438357,0.09644398573841246012385063557,0.06943966973165697128917245761
34.80821917808219178082192033,0,0.000,34.80821917808219178082192033,0.7876712328767123287671232878,0.5356164383561643835616438357,34.02054794520547945205479704,0E-28,0E-28,0,0,0,1445,1446,2038,ZBO,0.7876712328767123287671232878,0.5356164383561643835616438357,0.09428598236066804278476262653,0.06788590729968099080502909110
34.02054794520547945205479704,0,0.000,34.02054794520547945205479704,0.7876712328767123287671232878,0.5356164383561643835616438357,33.23287671232876712328767375,0E-28,0E-28,0,0,0,1446,1447,2038,ZBO,0.7876712328767123287671232878,0.5356164383561643835616438357,0.09212797898292362544567461754,0.06633214486770501032088572463
33.23287671232876712328767375,0,0.000,33.23287671232876712328767375,0.7876712328767123287671232878,0.5356164383561643835616438357,32.44520547945205479452055046,0E-28,0E-28,0,0,0,1447,1448,2038,ZBO,0.7876712328767123287671232878,0.5356164383561643835616438357,0.08996997560517920810658660850,0.06477838243572902983674235812
32.44520547945205479452055046,0,0.000,32.44520547945205479452055046,0.7876712328767123287671232878,0.5356164383561643835616438357,31.65753424657534246575342717,0E-28,0E-28,0,0,0,1448,1449,2038,ZBO,0.7876712328767123287671232878,0.5356164383561643835616438357,0.08781197222743479076749859952,0.06322462000375304935259899165
31.65753424657534246575342717,0,0.000,31.65753424657534246575342717,0.7876712328767123287671232878,0.5356164383561643835616438357,30.86986301369863013698630388,0E-28,0E-28,0,0,0,1449,1450,2038,ZBO,0.7876712328767123287671232878,0.5356164383561643835616438357,0.08565396884969037342841059047,0.06167085757177706886845562514
30.86986301369863013698630388,0,0.000,30.86986301369863013698630388,0.7876712328767123287671232878,0.5356164383561643835616438357,30.08219178082191780821918059,0E-28,0E-28,0,0,0,1450,1451,2038,ZBO,0.7876712328767123287671232878,0.5356164383561643835616438357,0.08349596547194595608932258149,0.06011709513980108838431225867
30.08219178082191780821918059,0,0.000,30.08219178082191780821918059,0.7876712328767123287671232878,0.5356164383561643835616438357,29.29452054794520547945205730,0E-28,0E-28,0,0,0,1451,1452,2038,ZBO,0.7876712328767123287671232878,0.5356164383561643835616438357,0.08133796209420153875023457245,0.05856333270782510790016889216
29.29452054794520547945205730,0,0.000,29.29452054794520547945205730,0.7876712328767123287671232878,0.5356164383561643835616438357,28.50684931506849315068493401,0E-28,0E-28,0,0,0,1452,1453,2038,ZBO,0.7876712328767123287671232878,0.5356164383561643835616438357,0.07917995871645712141114656346,0.05700957027584912741602552569
28.50684931506849315068493401,0,0.000,28.50684931506849315068493401,0.7876712328767123287671232878,0.5356164383561643835616438357,27.71917808219178082191781072,0E-28,0E-28,0,0,0,1453,1454,2038,ZBO,0.7876712328767123287671232878,0.5356164383561643835616438357,0.07702195533871270407205855442,0.05545580784387314693188215918
27.71917808219178082191781072,0,0.000,27.71917808219178082191781072,0.7876712328767123287671232878,0.5356164383561643835616438357,26.93150684931506849315068743,0E-28,0E-28,0,0,0,1454,1455,2038,ZBO,0.7876712328767123287671232878,0.5356164383561643835616438357,0.07486395196096828673297054543,0.05390204541189716644773879271
26.93150684931506849315068743,0,0.000,26.93150684931506849315068743,0.7876712328767123287671232878,0.5356164383561643835616438357,26.14383561643835616438356414,0E-28,0E-28,0,0,0,1455,1456,2038,ZBO,0.7876712328767123287671232878,0.5356164383561643835616438357,0.07270594858322386939388253639,0.05234828297992118596359542620
26.14383561643835616438356414,0,0.000,26.14383561643835616438356414,0.7876712328767123287671232878,0.5356164383561643835616438357,25.35616438356164383561644085,0E-28,0E-28,0,0,0,1456,1457,2038,ZBO,0.7876712328767123287671232878,0.5356164383561643835616438357,0.07054794520547945205479452740,0.05079452054794520547945205973
25.35616438356164383561644085,0,0.000,25.35616438356164383561644085,0.7876712328767123287671232878,0.5356164383561643835616438357,24.56849315068493150684931756,0E-28,0E-28,0,0,0,1457,1458,2038,ZBO,0.7876712328767123287671232878,0.5356164383561643835616438357,0.06838994182773503471570651836,0.04924075811596922499530869322
24.56849315068493150684931756,0,0.000,24.56849315068493150684931756,0.7876712328767123287671232878,0.5356164383561643835616438357,23.78082191780821917808219427,0E-28,0E-28,0,0,0,1458,1459,2038,ZBO,0.7876712328767123287671232878,0.5356164383561643835616438357,0.06623193844999061737661850938,0.04768699568399324451116532675
23.78082191780821917808219427,0,0.000,23.78082191780821917808219427,0.7876712328767123287671232878,0.5356164383561643835616438357,22.99315068493150684931507098,0E-28,0E-28,0,0,0,1459,1460,2038,ZBO,0.7876712328767123287671232878,0.5356164383561643835616438357,0.06407393507224620003753050034,0.04613323325201726402702196024
22.99315068493150684931507098,28.10668663228144122159983731,0.3372802395873772946591980477,50.76255707762557077625571024,1.008219178082191780821917808,0.6616438356164383561643835617,49.75433789954337899543379243,0E-27,0E-28,28.10668663228144122159983731,0E-26,0,1460,1461,2039,ZBO,1.008219178082191780821917808,0.6616438356164383561643835617,0.1376943766810533558516294558,0.09913995121035841621317320818
49.75433789954337899543379243,0,0.000,49.75433789954337899543379243,1.008219178082191780821917808,0.6616438356164383561643835617,48.74611872146118721461187462,0E-27,0E-28,0,0,0,1461,1462,2039,ZBO,1.008219178082191780821917808,0.6616438356164383561643835617,0.1349321323575405016575968042,0.09715113529742916119346969902
48.74611872146118721461187462,0,0.000,48.74611872146118721461187462,1.008219178082191780821917808,0.6616438356164383561643835617,47.73789954337899543378995681,0E-27,0E-28,0,0,0,1462,1463,2039,ZBO,1.008219178082191780821917808,0.6616438356164383561643835617,0.1321698880340276474635641527,0.09516231938449990617376618994
47.73789954337899543378995681,0,0.000,47.73789954337899543378995681,1.008219178082191780821917808,0.6616438356164383561643835617,46.72968036529680365296803900,0E-27,0E-28,0,0,0,1463,1464,2039,ZBO,1.008219178082191780821917808,0.6616438356164383561643835617,0.1294076437105147932695315011,0.09317350347157065115406268079
46.72968036529680365296803900,0,0.000,46.72968036529680365296803900,1.008219178082191780821917808,0.6616438356164383561643835617,45.72146118721461187214612119,0E-27,0E-28,0,0,0,1464,1465,2039,ZBO,1.008219178082191780821917808,0.6616438356164383561643835617,0.1266453993870019390754988496,0.09118468755864139613435917171
45.72146118721461187214612119,0,0.000,45.72146118721461187214612119,1.008219178082191780821917808,0.6616438356164383561643835617,44.71324200913242009132420338,0E-27,0E-28,0,0,0,1465,1466,2039,ZBO,1.008219178082191780821917808,0.6616438356164383561643835617,0.1238831550634890848814661980,0.08919587164571214111465566256
44.71324200913242009132420338,0,0.000,44.71324200913242009132420338,1.008219178082191780821917808,0.6616438356164383561643835617,43.70502283105022831050228557,0E-27,0E-28,0,0,0,1466,1467,2039,ZBO,1.008219178082191780821917808,0.6616438356164383561643835617,0.1211209107399762306874335465,0.08720705573278288609495215348
43.70502283105022831050228557,0,0.000,43.70502283105022831050228557,1.008219178082191780821917808,0.6616438356164383561643835617,42.69680365296803652968036776,0E-27,0E-28,0,0,0,1467,1468,2039,ZBO,1.008219178082191780821917808,0.6616438356164383561643835617,0.1183586664164633764934008950,0.08521823981985363107524864440
42.69680365296803652968036776,0,0.000,42.69680365296803652968036776,1.008219178082191780821917808,0.6616438356164383561643835617,41.68858447488584474885844995,0E-27,0E-28,0,0,0,1468,1469,2039,ZBO,1.008219178082191780821917808,0.6616438356164383561643835617,0.1155964220929505222993682435,0.08322942390692437605554513532
41.68858447488584474885844995,0,0.000,41.68858447488584474885844995,1.008219178082191780821917808,0.6616438356164383561643835617,40.68036529680365296803653214,0E-27,0E-28,0,0,0,1469,1470,2039,ZBO,1.008219178082191780821917808,0.6616438356164383561643835617,0.1128341777694376681053355919,0.08124060799399512103584162617
40.68036529680365296803653214,0,0.000,40.68036529680365296803653214,1.008219178082191780821917808,0.6616438356164383561643835617,39.67214611872146118721461433,0E-27,0E-28,0,0,0,1470,1471,2039,ZBO,1.008219178082191780821917808,0.6616438356164383561643835617,0.1100719334459248139113029404,0.07925179208106586601613811709
39.67214611872146118721461433,0,0.000,39.67214611872146118721461433,1.008219178082191780821917808,0.6616438356164383561643835617,38.66392694063926940639269652,0E-27,0E-28,0,0,0,1471,1472,2039,ZBO,1.008219178082191780821917808,0.6616438356164383561643835617,0.1073096891224119597172702888,0.07726297616813661099643460794
38.66392694063926940639269652,0,0.000,38.66392694063926940639269652,1.008219178082191780821917808,0.6616438356164383561643835617,37.65570776255707762557077871,0E-27,0E-28,0,0,0,1472,1473,2039,ZBO,1.008219178082191780821917808,0.6616438356164383561643835617,0.1045474447988991055232376373,0.07527416025520735597673109886
37.65570776255707762557077871,0,0.000,37.65570776255707762557077871,1.008219178082191780821917808,0.6616438356164383561643835617,36.64748858447488584474886090,0E-27,0E-28,0,0,0,1473,1474,2039,ZBO,1.008219178082191780821917808,0.6616438356164383561643835617,0.1017852004753862513292049858,0.07328534434227810095702758978
36.64748858447488584474886090,0,0.000,36.64748858447488584474886090,1.008219178082191780821917808,0.6616438356164383561643835617,35.63926940639269406392694309,0E-27,0E-28,0,0,0,1474,1475,2039,ZBO,1.008219178082191780821917808,0.6616438356164383561643835617,0.09902295615187339713517233426,0.07129652842934884593732408067
35.63926940639269406392694309,0,0.000,35.63926940639269406392694309,1.008219178082191780821917808,0.6616438356164383561643835617,34.63105022831050228310502528,0E-27,0E-28,0,0,0,1475,1476,2039,ZBO,1.008219178082191780821917808,0.6616438356164383561643835617,0.09626071182836054294113968269,0.06930771251641959091762057154
34.63105022831050228310502528,0,0.000,34.63105022831050228310502528,1.008219178082191780821917808,0.6616438356164383561643835617,33.62283105022831050228310747,0E-27,0E-28,0,0,0,1476,1477,2039,ZBO,1.008219178082191780821917808,0.6616438356164383561643835617,0.09349846750484768874710703119,0.06731889660349033589791706246
33.62283105022831050228310747,0,0.000,33.62283105022831050228310747,1.008219178082191780821917808,0.6616438356164383561643835617,32.61461187214611872146118966,0E-27,0E-28,0,0,0,1477,1478,2039,ZBO,1.008219178082191780821917808,0.6616438356164383561643835617,0.09073622318133483455307437963,0.06533008069056108087821355333
32.61461187214611872146118966,0,0.000,32.61461187214611872146118966,1.008219178082191780821917808,0.6616438356164383561643835617,31.60639269406392694063927185,0E-27,0E-28,0,0,0,1478,1479,2039,ZBO,1.008219178082191780821917808,0.6616438356164383561643835617,0.08797397885782198035904172812,0.06334126477763182585851004425
31.60639269406392694063927185,0,0.000,31.60639269406392694063927185,1.008219178082191780821917808,0.6616438356164383561643835617,30.59817351598173515981735404,0E-27,0E-28,0,0,0,1479,1480,2039,ZBO,1.008219178082191780821917808,0.6616438356164383561643835617,0.08521173453430912616500907656,0.06135244886470257083880653512
30.59817351598173515981735404,0,0.000,30.59817351598173515981735404,1.008219178082191780821917808,0.6616438356164383561643835617,29.58995433789954337899543623,0E-27,0E-28,0,0,0,1480,1481,2039,ZBO,1.008219178082191780821917808,0.6616438356164383561643835617,0.08244949021079627197097642505,0.05936363295177331581910302604
29.58995433789954337899543623,0,0.000,29.58995433789954337899543623,1.008219178082191780821917808,0.6616438356164383561643835617,28.58173515981735159817351842,0E-27,0E-28,0,0,0,1481,1482,2039,ZBO,1.008219178082191780821917808,0.6616438356164383561643835617,0.07968724588728341777694377349,0.05737481703884406079939951691
28.58173515981735159817351842,0,0.000,28.58173515981735159817351842,1.008219178082191780821917808,0.6616438356164383561643835617,27.57351598173515981735160061,0E-27,0E-28,0,0,0,1482,1483,2039,ZBO,1.008219178082191780821917808,0.6616438356164383561643835617,0.07692500156377056358291112198,0.05538600112591480577969600783
27.57351598173515981735160061,0,0.000,27.57351598173515981735160061,1.008219178082191780821917808,0.6616438356164383561643835617,26.56529680365296803652968280,0E-27,0E-28,0,0,0,1483,1484,2039,ZBO,1.008219178082191780821917808,0.6616438356164383561643835617,0.07416275724025770938887847042,0.05339718521298555075999249870
26.56529680365296803652968280,0,0.000,26.56529680365296803652968280,1.008219178082191780821917808,0.6616438356164383561643835617,25.55707762557077625570776499,0E-27,0E-28,0,0,0,1484,1485,2039,ZBO,1.008219178082191780821917808,0.6616438356164383561643835617,0.07140051291674485519484581891,0.05140836930005629574028898962
25.55707762557077625570776499,0,0.000,25.55707762557077625570776499,1.008219178082191780821917808,0.6616438356164383561643835617,24.54885844748858447488584718,0E-27,0E-28,0,0,0,1485,1486,2039,ZBO,1.008219178082191780821917808,0.6616438356164383561643835617,0.06863826859323200100081316735,0.04941955338712704072058548049
24.54885844748858447488584718,0,0.000,24.54885844748858447488584718,1.008219178082191780821917808,0.6616438356164383561643835617,23.54063926940639269406392937,0E-27,0E-28,0,0,0,1486,1487,2039,ZBO,1.008219178082191780821917808,0.6616438356164383561643835617,0.06587602426971914680678051584,0.04743073747419778570088197140
23.54063926940639269406392937,0,0.000,23.54063926940639269406392937,1.008219178082191780821917808,0.6616438356164383561643835617,22.53242009132420091324201156,0E-27,0E-28,0,0,0,1487,1488,2039,ZBO,1.008219178082191780821917808,0.6616438356164383561643835617,0.06311377994620629261274786428,0.04544192156126853068117846228
22.53242009132420091324201156,0,0.000,22.53242009132420091324201156,1.008219178082191780821917808,0.6616438356164383561643835617,21.52420091324200913242009375,0E-27,0E-28,0,0,0,1488,1489,2039,ZBO,1.008219178082191780821917808,0.6616438356164383561643835617,0.06035153562269343841871521277,0.04345310564833927566147495319
21.52420091324200913242009375,0,0.000,21.52420091324200913242009375,1.008219178082191780821917808,0.6616438356164383561643835617,20.51598173515981735159817594,0E-27,0E-28,0,0,0,1489,1490,2039,ZBO,1.008219178082191780821917808,0.6616438356164383561643835617,0.05758929129918058422468256121,0.04146428973541002064177144407
20.51598173515981735159817594,0,0.000,20.51598173515981735159817594,0.4200913242009132420091324203,0.2756849315068493150684931508,20.09589041095890410958904352,0E-28,0E-28,0,0,0,1490,17885/12,2039,ZBO,0.4200913242009132420091324203,0.2756849315068493150684931508,0.02318029232084401909885115267,0.01668981047100769375117282992
20.09589041095890410958904352,28.10668663228144122159983731,0.3372802395873772946591980477,47.86529680365296803652968278,0.5881278538812785388127853881,0.3859589041095890410958904109,47.27716894977168949771689739,0E-28,0E-28,28.10668663228144122159983731,0E-26,0,17885/12,1491,2039,ZBO,0.5881278538812785388127853881,0.3859589041095890410958904109,0.07602708450616125602051667364,0.05473950084443610433477200502
47.27716894977168949771689739,0,0.000,47.27716894977168949771689739,1.008219178082191780821917808,0.6616438356164383561643835617,46.26894977168949771689497958,0E-27,0E-28,0,0,0,1491,1492,2039,ZBO,1.008219178082191780821917808,0.6616438356164383561643835617,0.1281453681115906674172765438,0.09226466504034528054043911154
46.26894977168949771689497958,0,0.000,46.26894977168949771689497958,1.008219178082191780821917808,0.6616438356164383561643835617,45.26073059360730593607306177,0E-27,0E-28,0,0,0,1492,1493,2039,ZBO,1.008219178082191780821917808,0.6616438356164383561643835617,0.1253831237880778132232438923,0.09027584912741602552073560246
45.26073059360730593607306177,0,0.000,45.26073059360730593607306177,1.008219178082191780821917808,0.6616438356164383561643835617,44.25251141552511415525114396,0E-27,0E-28,0,0,0,1493,1494,2039,ZBO,1.008219178082191780821917808,0.6616438356164383561643835617,0.1226208794645649590292112407,0.08828703321448677050103209330
44.25251141552511415525114396,0,0.000,44.25251141552511415525114396,1.008219178082191780821917808,0.6616438356164383561643835617,43.24429223744292237442922615,0E-27,0E-28,0,0,0,1494,1495,2039,ZBO,1.008219178082191780821917808,0.6616438356164383561643835617,0.1198586351410521048351785892,0.08629821730155751548132858422
43.24429223744292237442922615,0,0.000,43.24429223744292237442922615,1.008219178082191780821917808,0.6616438356164383561643835617,42.23607305936073059360730834,0E-27,0E-28,0,0,0,1495,1496,2039,ZBO,1.008219178082191780821917808,0.6616438356164383561643835617,0.1170963908175392506411459377,0.08430940138862826046162507514
42.23607305936073059360730834,0,0.000,42.23607305936073059360730834,1.008219178082191780821917808,0.6616438356164383561643835617,41.22785388127853881278539053,0E-27,0E-28,0,0,0,1496,1497,2039,ZBO,1.008219178082191780821917808,0.6616438356164383561643835617,0.1143341464940263964471132861,0.08232058547569900544192156599
41.22785388127853881278539053,0,0.000,41.22785388127853881278539053,1.008219178082191780821917808,0.6616438356164383561643835617,40.21963470319634703196347272,0E-27,0E-28,0,0,0,1497,1498,2039,ZBO,1.008219178082191780821917808,0.6616438356164383561643835617,0.1115719021705135422530806346,0.08033176956276975042221805691
40.21963470319634703196347272,0,0.000,40.21963470319634703196347272,1.008219178082191780821917808,0.6616438356164383561643835617,39.21141552511415525114155491,0E-27,0E-28,0,0,0,1498,1499,2039,ZBO,1.008219178082191780821917808,0.6616438356164383561643835617,0.1088096578470006880590479831,0.07834295364984049540251454783
39.21141552511415525114155491,0,0.000,39.21141552511415525114155491,1.008219178082191780821917808,0.6616438356164383561643835617,38.20319634703196347031963710,0E-27,0E-28,0,0,0,1499,1500,2039,ZBO,1.008219178082191780821917808,0.6616438356164383561643835617,0.1060474135234878338650153315,0.07635413773691124038281103868
38.20319634703196347031963710,0,0.000,38.20319634703196347031963710,1.008219178082191780821917808,0.6616438356164383561643835617,37.19497716894977168949771929,0E-27,0E-28,0,0,0,1500,1501,2039,ZBO,1.008219178082191780821917808,0.6616438356164383561643835617,0.1032851691999749796709826800,0.07436532182398198536310752960
37.19497716894977168949771929,0,0.000,37.19497716894977168949771929,1.008219178082191780821917808,0.6616438356164383561643835617,36.18675799086757990867580148,0E-27,0E-28,0,0,0,1501,1502,2039,ZBO,1.008219178082191780821917808,0.6616438356164383561643835617,0.1005229248764621254769500284,0.07237650591105273034340402045
36.18675799086757990867580148,0,0.000,36.18675799086757990867580148,1.008219178082191780821917808,0.6616438356164383561643835617,35.17853881278538812785388367,0E-27,0E-28,0,0,0,1502,1503,2039,ZBO,1.008219178082191780821917808,0.6616438356164383561643835617,0.09776068055294927128291737694,0.07038768999812347532370051140
35.17853881278538812785388367,0,0.000,35.17853881278538812785388367,1.008219178082191780821917808,0.6616438356164383561643835617,34.17031963470319634703196586,0E-27,0E-28,0,0,0,1503,1504,2039,ZBO,1.008219178082191780821917808,0.6616438356164383561643835617,0.09499843622943641708888472538,0.06839887408519422030399700227
34.17031963470319634703196586,0,0.000,34.17031963470319634703196586,1.008219178082191780821917808,0.6616438356164383561643835617,33.16210045662100456621004805,0E-27,0E-28,0,0,0,1504,1505,2039,ZBO,1.008219178082191780821917808,0.6616438356164383561643835617,0.09223619190592356289485207387,0.06641005817226496528429349319
33.16210045662100456621004805,0,0.000,33.16210045662100456621004805,1.008219178082191780821917808,0.6616438356164383561643835617,32.15388127853881278538813024,0E-27,0E-28,0,0,0,1505,1506,2039,ZBO,1.008219178082191780821917808,0.6616438356164383561643835617,0.08947394758241070870081942231,0.06442124225933571026458998406
32.15388127853881278538813024,0,0.000,32.15388127853881278538813024,1.008219178082191780821917808,0.6616438356164383561643835617,31.14566210045662100456621243,0E-27,0E-28,0,0,0,1506,1507,2039,ZBO,1.008219178082191780821917808,0.6616438356164383561643835617,0.08671170325889785450678677080,0.06243242634640645524488647498
31.14566210045662100456621243,0,0.000,31.14566210045662100456621243,1.008219178082191780821917808,0.6616438356164383561643835617,30.13744292237442922374429462,0E-27,0E-28,0,0,0,1507,1508,2039,ZBO,1.008219178082191780821917808,0.6616438356164383561643835617,0.08394945893538500031275411924,0.06044361043347720022518296585
30.13744292237442922374429462,0,0.000,30.13744292237442922374429462,1.008219178082191780821917808,0.6616438356164383561643835617,29.12922374429223744292237681,0E-27,0E-28,0,0,0,1508,1509,2039,ZBO,1.008219178082191780821917808,0.6616438356164383561643835617,0.08118721461187214611872146773,0.05845479452054794520547945677
29.12922374429223744292237681,0,0.000,29.12922374429223744292237681,1.008219178082191780821917808,0.6616438356164383561643835617,28.12100456621004566210045900,0E-27,0E-28,0,0,0,1509,1510,2039,ZBO,1.008219178082191780821917808,0.6616438356164383561643835617,0.07842497028835929192468881617,0.05646597860761869018577594764
28.12100456621004566210045900,0,0.000,28.12100456621004566210045900,1.008219178082191780821917808,0.6616438356164383561643835617,27.11278538812785388127854119,0E-27,0E-28,0,0,0,1510,1511,2039,ZBO,1.008219178082191780821917808,0.6616438356164383561643835617,0.07566272596484643773065616467,0.05447716269468943516607243856
27.11278538812785388127854119,0,0.000,27.11278538812785388127854119,1.008219178082191780821917808,0.6616438356164383561643835617,26.10456621004566210045662338,0E-27,0E-28,0,0,0,1511,1512,2039,ZBO,1.008219178082191780821917808,0.6616438356164383561643835617,0.07290048164133358353662351310,0.05248834678176018014636892943
26.10456621004566210045662338,0,0.000,26.10456621004566210045662338,1.008219178082191780821917808,0.6616438356164383561643835617,25.09634703196347031963470557,0E-27,0E-28,0,0,0,1512,1513,2039,ZBO,1.008219178082191780821917808,0.6616438356164383561643835617,0.07013823731782072934259086160,0.05049953086883092512666542035
25.09634703196347031963470557,0,0.000,25.09634703196347031963470557,1.008219178082191780821917808,0.6616438356164383561643835617,24.08812785388127853881278776,0E-27,0E-28,0,0,0,1513,1514,2039,ZBO,1.008219178082191780821917808,0.6616438356164383561643835617,0.06737599299430787514855821003,0.04851071495590167010696191122
24.08812785388127853881278776,0,0.000,24.08812785388127853881278776,1.008219178082191780821917808,0.6616438356164383561643835617,23.07990867579908675799086995,0E-27,0E-28,0,0,0,1514,1515,2039,ZBO,1.008219178082191780821917808,0.6616438356164383561643835617,0.06461374867079502095452555853,0.04652189904297241508725840214
23.07990867579908675799086995,0,0.000,23.07990867579908675799086995,1.008219178082191780821917808,0.6616438356164383561643835617,22.07168949771689497716895214,0E-27,0E-28,0,0,0,1515,1516,2039,ZBO,1.008219178082191780821917808,0.6616438356164383561643835617,0.06185150434728216676049290697,0.04453308313004316006755489302
22.07168949771689497716895214,0,0.000,22.07168949771689497716895214,1.008219178082191780821917808,0.6616438356164383561643835617,21.06347031963470319634703433,0E-27,0E-28,0,0,0,1516,1517,2039,ZBO,1.008219178082191780821917808,0.6616438356164383561643835617,0.05908926002376931256646025546,0.04254426721711390504785138393
21.06347031963470319634703433,0,0.000,21.06347031963470319634703433,1.008219178082191780821917808,0.6616438356164383561643835617,20.05525114155251141552511652,0E-27,0E-28,0,0,0,1517,1518,2039,ZBO,1.008219178082191780821917808,0.6616438356164383561643835617,0.05632701570025645837242760390,0.04055545130418465002814787481
20.05525114155251141552511652,0,0.000,20.05525114155251141552511652,1.008219178082191780821917808,0.6616438356164383561643835617,19.04703196347031963470319871,0E-27,0E-28,0,0,0,1518,1519,2039,ZBO,1.008219178082191780821917808,0.6616438356164383561643835617,0.05356477137674360417839495239,0.03856663539125539500844436572
19.04703196347031963470319871,0,0.000,19.04703196347031963470319871,1.008219178082191780821917808,0.6616438356164383561643835617,18.03881278538812785388128090,0E-27,0E-28,0,0,0,1519,1520,2039,ZBO,1.008219178082191780821917808,0.6616438356164383561643835617,0.05080252705323074998436230083,0.03657781947832613998874085660
18.03881278538812785388128090,0,0.000,18.03881278538812785388128090,0.8401826484018264840182648401,0.5513698630136986301369863013,17.19863013698630136986301606,0E-28,0E-28,0,0,0,1520,9125/6,2039,ZBO,0.8401826484018264840182648401,0.5513698630136986301369863013,0.04022539146389775025541586411,0.02896228185400638018389942216
17.19863013698630136986301606,28.10668663228144122159983731,0.3372802395873772946591980477,44.96803652968036529680365532,0.1680365296803652968036529681,0.1102739726027397260273972603,44.80000000000000000000000235,0E-28,0E-28,28.10668663228144122159983731,0E-26,0,9125/6,1521,2039,ZBO,0.1680365296803652968036529681,0.1102739726027397260273972603,0.02049498550905944413169033281,0.01475638956652279977481703962
44.80000000000000000000000235,0,0.000,44.80000000000000000000000235,1.008219178082191780821917808,0.6616438356164383561643835617,43.79178082191780821917808454,0E-27,0E-28,0,0,0,1521,1522,2039,ZBO,1.008219178082191780821917808,0.6616438356164383561643835617,0.1213586038656408331769562834,0.08737819478326139988740852405
43.79178082191780821917808454,0,0.000,43.79178082191780821917808454,1.008219178082191780821917808,0.6616438356164383561643835617,42.78356164383561643835616673,0E-27,0E-28,0,0,0,1522,1523,2039,ZBO,1.008219178082191780821917808,0.6616438356164383561643835617,0.1185963595421279789829236319,0.08538937887033214486770501497
42.78356164383561643835616673,0,0.000,42.78356164383561643835616673,1.008219178082191780821917808,0.6616438356164383561643835617,41.77534246575342465753424892,0E-27,0E-28,0,0,0,1523,1524,2039,ZBO,1.008219178082191780821917808,0.6616438356164383561643835617,0.1158341152186151247888909803,0.08340056295740288984800150582
41.77534246575342465753424892,0,0.000,41.77534246575342465753424892,1.008219178082191780821917808,0.6616438356164383561643835617,40.76712328767123287671233111,0E-27,0E-28,0,0,0,1524,1525,2039,ZBO,1.008219178082191780821917808,0.6616438356164383561643835617,0.1130718708951022705948583288,0.08141174704447363482829799674
40.76712328767123287671233111,0,0.000,40.76712328767123287671233111,1.008219178082191780821917808,0.6616438356164383561643835617,39.75890410958904109589041330,0E-27,0E-28,0,0,0,1525,1526,2039,ZBO,1.008219178082191780821917808,0.6616438356164383561643835617,0.1103096265715894164008256773,0.07942293113154437980859448766
39.75890410958904109589041330,0,0.000,39.75890410958904109589041330,1.008219178082191780821917808,0.6616438356164383561643835617,38.75068493150684931506849549,0E-27,0E-28,0,0,0,1526,1527,2039,ZBO,1.008219178082191780821917808,0.6616438356164383561643835617,0.1075473822480765622067930258,0.07743411521861512478889097858
38.75068493150684931506849549,0,0.000,38.75068493150684931506849549,1.008219178082191780821917808,0.6616438356164383561643835617,37.74246575342465753424657768,0E-27,0E-28,0,0,0,1527,1528,2039,ZBO,1.008219178082191780821917808,0.6616438356164383561643835617,0.1047851379245637080127603742,0.07544529930568586976918746942
37.74246575342465753424657768,0,0.000,37.74246575342465753424657768,1.008219178082191780821917808,0.6616438356164383561643835617,36.73424657534246575342465987,0E-27,0E-28,0,0,0,1528,1529,2039,ZBO,1.008219178082191780821917808,0.6616438356164383561643835617,0.1020228936010508538187277227,0.07345648339275661474948396034
36.73424657534246575342465987,0,0.000,36.73424657534246575342465987,1.008219178082191780821917808,0.6616438356164383561643835617,35.72602739726027397260274206,0E-27,0E-28,0,0,0,1529,1530,2039,ZBO,1.008219178082191780821917808,0.6616438356164383561643835617,0.09926064927753799962469507113,0.07146766747982735972978045121
35.72602739726027397260274206,0,0.000,35.72602739726027397260274206,1.008219178082191780821917808,0.6616438356164383561643835617,34.71780821917808219178082425,0E-27,0E-28,0,0,0,1530,1531,2039,ZBO,1.008219178082191780821917808,0.6616438356164383561643835617,0.09649840495402514543066241963,0.06947885156689810471007694213
34.71780821917808219178082425,0,0.000,34.71780821917808219178082425,1.008219178082191780821917808,0.6616438356164383561643835617,33.70958904109589041095890644,0E-27,0E-28,0,0,0,1531,1532,2039,ZBO,1.008219178082191780821917808,0.6616438356164383561643835617,0.09373616063051229123662976806,0.06749003565396884969037343300
33.70958904109589041095890644,0,0.000,33.70958904109589041095890644,1.008219178082191780821917808,0.6616438356164383561643835617,32.70136986301369863013698863,0E-27,0E-28,0,0,0,1532,1533,2039,ZBO,1.008219178082191780821917808,0.6616438356164383561643835617,0.09097391630699943704259711656,0.06550121974103959467066992392
32.70136986301369863013698863,0,0.000,32.70136986301369863013698863,1.008219178082191780821917808,0.6616438356164383561643835617,31.69315068493150684931507082,0E-27,0E-28,0,0,0,1533,1534,2039,ZBO,1.008219178082191780821917808,0.6616438356164383561643835617,0.08821167198348658284856446500,0.06351240382811033965096641480
31.69315068493150684931507082,0,0.000,31.69315068493150684931507082,1.008219178082191780821917808,0.6616438356164383561643835617,30.68493150684931506849315301,0E-27,0E-28,0,0,0,1534,1535,2039,ZBO,1.008219178082191780821917808,0.6616438356164383561643835617,0.08544942765997372865453181349,0.06152358791518108463126290571
30.68493150684931506849315301,0,0.000,30.68493150684931506849315301,1.008219178082191780821917808,0.6616438356164383561643835617,29.67671232876712328767123520,0E-27,0E-28,0,0,0,1535,1536,2039,ZBO,1.008219178082191780821917808,0.6616438356164383561643835617,0.08268718333646087446049916193,0.05953477200225182961155939659
29.67671232876712328767123520,0,0.000,29.67671232876712328767123520,1.008219178082191780821917808,0.6616438356164383561643835617,28.66849315068493150684931739,0E-27,0E-28,0,0,0,1536,1537,2039,ZBO,1.008219178082191780821917808,0.6616438356164383561643835617,0.07992493901294802026646651042,0.05754595608932257459185588750
28.66849315068493150684931739,0,0.000,28.66849315068493150684931739,1.008219178082191780821917808,0.6616438356164383561643835617,27.66027397260273972602739958,0E-27,0E-28,0,0,0,1537,1538,2039,ZBO,1.008219178082191780821917808,0.6616438356164383561643835617,0.07716269468943516607243385886,0.05555714017639331957215237838
27.66027397260273972602739958,0,0.000,27.66027397260273972602739958,1.008219178082191780821917808,0.6616438356164383561643835617,26.65205479452054794520548177,0E-27,0E-28,0,0,0,1538,1539,2039,ZBO,1.008219178082191780821917808,0.6616438356164383561643835617,0.07440045036592231187840120735,0.05356832426346406455244886929
26.65205479452054794520548177,0,0.000,26.65205479452054794520548177,1.008219178082191780821917808,0.6616438356164383561643835617,25.64383561643835616438356396,0E-27,0E-28,0,0,0,1539,1540,2039,ZBO,1.008219178082191780821917808,0.6616438356164383561643835617,0.07163820604240945768436855579,0.05157950835053480953274536017
25.64383561643835616438356396,0,0.000,25.64383561643835616438356396,1.008219178082191780821917808,0.6616438356164383561643835617,24.63561643835616438356164615,0E-27,0E-28,0,0,0,1540,1541,2039,ZBO,1.008219178082191780821917808,0.6616438356164383561643835617,0.06887596171889660349033590428,0.04959069243760555451304185108
24.63561643835616438356164615,0,0.000,24.63561643835616438356164615,1.008219178082191780821917808,0.6616438356164383561643835617,23.62739726027397260273972834,0E-27,0E-28,0,0,0,1541,1542,2039,ZBO,1.008219178082191780821917808,0.6616438356164383561643835617,0.06611371739538374929630325272,0.04760187652467629949333834196
23.62739726027397260273972834,0,0.000,23.62739726027397260273972834,1.008219178082191780821917808,0.6616438356164383561643835617,22.61917808219178082191781053,0E-27,0E-28,0,0,0,1542,1543,2039,ZBO,1.008219178082191780821917808,0.6616438356164383561643835617,0.06335147307187089510227060121,0.04561306061174704447363483287
22.61917808219178082191781053,0,0.000,22.61917808219178082191781053,1.008219178082191780821917808,0.6616438356164383561643835617,21.61095890410958904109589272,0E-27,0E-28,0,0,0,1543,1544,2039,ZBO,1.008219178082191780821917808,0.6616438356164383561643835617,0.06058922874835804090823794965,0.04362424469881778945393132375
21.61095890410958904109589272,0,0.000,21.61095890410958904109589272,1.008219178082191780821917808,0.6616438356164383561643835617,20.60273972602739726027397491,0E-27,0E-28,0,0,0,1544,1545,2039,ZBO,1.008219178082191780821917808,0.6616438356164383561643835617,0.05782698442484518671420529814,0.04163542878588853443422781466
20.60273972602739726027397491,0,0.000,20.60273972602739726027397491,1.008219178082191780821917808,0.6616438356164383561643835617,19.59452054794520547945205710,0E-27,0E-28,0,0,0,1545,1546,2039,ZBO,1.008219178082191780821917808,0.6616438356164383561643835617,0.05506474010133233252017264658,0.03964661287295927941452430554
19.59452054794520547945205710,0,0.000,19.59452054794520547945205710,1.008219178082191780821917808,0.6616438356164383561643835617,18.58630136986301369863013929,0E-27,0E-28,0,0,0,1546,1547,2039,ZBO,1.008219178082191780821917808,0.6616438356164383561643835617,0.05230249577781947832613999507,0.03765779696003002439482079645
18.58630136986301369863013929,0,0.000,18.58630136986301369863013929,1.008219178082191780821917808,0.6616438356164383561643835617,17.57808219178082191780822148,0E-27,0E-28,0,0,0,1547,1548,2039,ZBO,1.008219178082191780821917808,0.6616438356164383561643835617,0.04954025145430662413210734351,0.03566898104710076937511728733
17.57808219178082191780822148,0,0.000,17.57808219178082191780822148,1.008219178082191780821917808,0.6616438356164383561643835617,16.56986301369863013698630367,0E-27,0E-28,0,0,0,1548,1549,2039,ZBO,1.008219178082191780821917808,0.6616438356164383561643835617,0.04677800713079376993807469200,0.03368016513417151435541377824
16.56986301369863013698630367,0,0.000,16.56986301369863013698630367,1.008219178082191780821917808,0.6616438356164383561643835617,15.56164383561643835616438586,0E-27,0E-28,0,0,0,1549,1550,2039,ZBO,1.008219178082191780821917808,0.6616438356164383561643835617,0.04401576280728091574404204044,0.03169134922124225933571026912
15.56164383561643835616438586,0,0.000,15.56164383561643835616438586,1.008219178082191780821917808,0.6616438356164383561643835617,14.55342465753424657534246805,0E-27,0E-28,0,0,0,1550,1551,2039,ZBO,1.008219178082191780821917808,0.6616438356164383561643835617,0.04125351848376806155000938894,0.02970253330831300431600676004
14.55342465753424657534246805,0,0.000,14.55342465753424657534246805,0.2520547945205479452054794520,0.1654109589041095890410958904,14.30136986301369863013698860,0E-28,0E-28,0,0,0,1551,6205/4,2039,ZBO,0.2520547945205479452054794520,0.1654109589041095890410958904,0.009881778945393131919684745424,0.007114880840683054982173016705
14.30136986301369863013698860,28.10668663228144122159983731,0.3372802395873772946591980477,42.07077625570776255707762786,0.7561643835616438356164383562,0.4962328767123287671232876713,41.31461187214611872146118950,0E-28,0E-28,28.10668663228144122159983731,0E-26,0,6205/4,1552,2039,ZBO,0.7561643835616438356164383562,0.4962328767123287671232876713,0.08566991930943891912178645620,0.06168234190279602176768624846
41.31461187214611872146118950,0,0.000,41.31461187214611872146118950,1.008219178082191780821917808,0.6616438356164383561643835617,40.30639269406392694063927169,0E-27,0E-28,0,0,0,1552,1553,2039,ZBO,1.008219178082191780821917808,0.6616438356164383561643835617,0.1118095952961781447426033715,0.08050290861324826421467442748
40.30639269406392694063927169,0,0.000,40.30639269406392694063927169,1.008219178082191780821917808,0.6616438356164383561643835617,39.29817351598173515981735388,0E-27,0E-28,0,0,0,1553,1554,2039,ZBO,1.008219178082191780821917808,0.6616438356164383561643835617,0.1090473509726652905485707200,0.07851409270031900919497091840
39.29817351598173515981735388,0,0.000,39.29817351598173515981735388,1.008219178082191780821917808,0.6616438356164383561643835617,38.28995433789954337899543607,0E-27,0E-28,0,0,0,1554,1555,2039,ZBO,1.008219178082191780821917808,0.6616438356164383561643835617,0.1062851066491524363545380684,0.07652527678738975417526740925
38.28995433789954337899543607,0,0.000,38.28995433789954337899543607,1.008219178082191780821917808,0.6616438356164383561643835617,37.28173515981735159817351826,0E-27,0E-28,0,0,0,1555,1556,2039,ZBO,1.008219178082191780821917808,0.6616438356164383561643835617,0.1035228623256395821605054169,0.07453646087446049915556390017
37.28173515981735159817351826,0,0.000,37.28173515981735159817351826,1.008219178082191780821917808,0.6616438356164383561643835617,36.27351598173515981735160045,0E-27,0E-28,0,0,0,1556,1557,2039,ZBO,1.008219178082191780821917808,0.6616438356164383561643835617,0.1007606180021267279664727654,0.07254764496153124413586039109
36.27351598173515981735160045,0,0.000,36.27351598173515981735160045,1.008219178082191780821917808,0.6616438356164383561643835617,35.26529680365296803652968264,0E-27,0E-28,0,0,0,1557,1558,2039,ZBO,1.008219178082191780821917808,0.6616438356164383561643835617,0.09799837367861387377244011382,0.07055882904860198911615688195
35.26529680365296803652968264,0,0.000,35.26529680365296803652968264,1.008219178082191780821917808,0.6616438356164383561643835617,34.25707762557077625570776483,0E-27,0E-28,0,0,0,1558,1559,2039,ZBO,1.008219178082191780821917808,0.6616438356164383561643835617,0.09523612935510101957840746231,0.06857001313567273409645337286
34.25707762557077625570776483,0,0.000,34.25707762557077625570776483,1.008219178082191780821917808,0.6616438356164383561643835617,33.24885844748858447488584702,0E-27,0E-28,0,0,0,1559,1560,2039,ZBO,1.008219178082191780821917808,0.6616438356164383561643835617,0.09247388503158816538437481075,0.06658119722274347907674986374
33.24885844748858447488584702,0,0.000,33.24885844748858447488584702,1.008219178082191780821917808,0.6616438356164383561643835617,32.24063926940639269406392921,0E-27,0E-28,0,0,0,1560,1561,2039,ZBO,1.008219178082191780821917808,0.6616438356164383561643835617,0.08971164070807531119034215924,0.06459238130981422405704635465
32.24063926940639269406392921,0,0.000,32.24063926940639269406392921,1.008219178082191780821917808,0.6616438356164383561643835617,31.23242009132420091324201140,0E-27,0E-28,0,0,0,1561,1562,2039,ZBO,1.008219178082191780821917808,0.6616438356164383561643835617,0.08694939638456245699630950768,0.06260356539688496903734284553
31.23242009132420091324201140,0,0.000,31.23242009132420091324201140,1.008219178082191780821917808,0.6616438356164383561643835617,30.22420091324200913242009359,0E-27,0E-28,0,0,0,1562,1563,2039,ZBO,1.008219178082191780821917808,0.6616438356164383561643835617,0.08418715206104960280227685617,0.06061474948395571401763933644
30.22420091324200913242009359,0,0.000,30.22420091324200913242009359,1.008219178082191780821917808,0.6616438356164383561643835617,29.21598173515981735159817578,0E-27,0E-28,0,0,0,1563,1564,2039,ZBO,1.008219178082191780821917808,0.6616438356164383561643835617,0.08142490773753674860824420461,0.05862593357102645899793582732
29.21598173515981735159817578,0,0.000,29.21598173515981735159817578,1.008219178082191780821917808,0.6616438356164383561643835617,28.20776255707762557077625797,0E-27,0E-28,0,0,0,1564,1565,2039,ZBO,1.008219178082191780821917808,0.6616438356164383561643835617,0.07866266341402389441421155310,0.05663711765809720397823231823
28.20776255707762557077625797,0,0.000,28.20776255707762557077625797,1.008219178082191780821917808,0.6616438356164383561643835617,27.19954337899543378995434016,0E-27,0E-28,0,0,0,1565,1566,2039,ZBO,1.008219178082191780821917808,0.6616438356164383561643835617,0.07590041909051104022017890154,0.05464830174516794895852880911
27.19954337899543378995434016,0,0.000,27.19954337899543378995434016,1.008219178082191780821917808,0.6616438356164383561643835617,26.19132420091324200913242235,0E-27,0E-28,0,0,0,1566,1567,2039,ZBO,1.008219178082191780821917808,0.6616438356164383561643835617,0.07313817476699818602614625003,0.05265948583223869393882530002
26.19132420091324200913242235,0,0.000,26.19132420091324200913242235,1.008219178082191780821917808,0.6616438356164383561643835617,25.18310502283105022831050454,0E-27,0E-28,0,0,0,1567,1568,2039,ZBO,1.008219178082191780821917808,0.6616438356164383561643835617,0.07037593044348533183211359847,0.05067066991930943891912179090
25.18310502283105022831050454,0,0.000,25.18310502283105022831050454,1.008219178082191780821917808,0.6616438356164383561643835617,24.17488584474885844748858673,0E-27,0E-28,0,0,0,1568,1569,2039,ZBO,1.008219178082191780821917808,0.6616438356164383561643835617,0.06761368611997247763808094697,0.04868185400638018389941828182
24.17488584474885844748858673,0,0.000,24.17488584474885844748858673,1.008219178082191780821917808,0.6616438356164383561643835617,23.16666666666666666666666892,0E-27,0E-28,0,0,0,1569,1570,2039,ZBO,1.008219178082191780821917808,0.6616438356164383561643835617,0.06485144179645962344404829540,0.04669303809345092887971477269
23.16666666666666666666666892,0,0.000,23.16666666666666666666666892,1.008219178082191780821917808,0.6616438356164383561643835617,22.15844748858447488584475111,0E-27,0E-28,0,0,0,1570,1571,2039,ZBO,1.008219178082191780821917808,0.6616438356164383561643835617,0.06208919747294676925001564390,0.04470422218052167386001126361
22.15844748858447488584475111,0,0.000,22.15844748858447488584475111,1.008219178082191780821917808,0.6616438356164383561643835617,21.15022831050228310502283330,0E-27,0E-28,0,0,0,1571,1572,2039,ZBO,1.008219178082191780821917808,0.6616438356164383561643835617,0.05932695314943391505598299233,0.04271540626759241884030775448
21.15022831050228310502283330,0,0.000,21.15022831050228310502283330,1.008219178082191780821917808,0.6616438356164383561643835617,20.14200913242009132420091549,0E-27,0E-28,0,0,0,1572,1573,2039,ZBO,1.008219178082191780821917808,0.6616438356164383561643835617,0.05656470882592106086195034083,0.04072659035466316382060424540
20.14200913242009132420091549,0,0.000,20.14200913242009132420091549,1.008219178082191780821917808,0.6616438356164383561643835617,19.13378995433789954337899768,0E-27,0E-28,0,0,0,1573,1574,2039,ZBO,1.008219178082191780821917808,0.6616438356164383561643835617,0.05380246450240820666791768927,0.03873777444173390880090073627
19.13378995433789954337899768,0,0.000,19.13378995433789954337899768,1.008219178082191780821917808,0.6616438356164383561643835617,18.12557077625570776255707987,0E-27,0E-28,0,0,0,1574,1575,2039,ZBO,1.008219178082191780821917808,0.6616438356164383561643835617,0.05104022017889535247388503776,0.03674895852880465378119722719
18.12557077625570776255707987,0,0.000,18.12557077625570776255707987,1.008219178082191780821917808,0.6616438356164383561643835617,17.11735159817351598173516206,0E-27,0E-28,0,0,0,1575,1576,2039,ZBO,1.008219178082191780821917808,0.6616438356164383561643835617,0.04827797585538249827985238620,0.03476014261587539876149371806
17.11735159817351598173516206,0,0.000,17.11735159817351598173516206,1.008219178082191780821917808,0.6616438356164383561643835617,16.10913242009132420091324425,0E-27,0E-28,0,0,0,1576,1577,2039,ZBO,1.008219178082191780821917808,0.6616438356164383561643835617,0.04551573153186964408581973469,0.03277132670294614374179020898
16.10913242009132420091324425,0,0.000,16.10913242009132420091324425,1.008219178082191780821917808,0.6616438356164383561643835617,15.10091324200913242009132644,0E-27,0E-28,0,0,0,1577,1578,2039,ZBO,1.008219178082191780821917808,0.6616438356164383561643835617,0.04275348720835678989178708313,0.03078251079001688872208669985
15.10091324200913242009132644,0,0.000,15.10091324200913242009132644,1.008219178082191780821917808,0.6616438356164383561643835617,14.09269406392694063926940863,0E-27,0E-28,0,0,0,1578,1579,2039,ZBO,1.008219178082191780821917808,0.6616438356164383561643835617,0.03999124288484393569775443162,0.02879369487708763370238319077
14.09269406392694063926940863,0,0.000,14.09269406392694063926940863,1.008219178082191780821917808,0.6616438356164383561643835617,13.08447488584474885844749082,0E-27,0E-28,0,0,0,1579,1580,2039,ZBO,1.008219178082191780821917808,0.6616438356164383561643835617,0.03722899856133108150372178006,0.02680487896415837868267968164
13.08447488584474885844749082,0,0.000,13.08447488584474885844749082,1.008219178082191780821917808,0.6616438356164383561643835617,12.07625570776255707762557301,0E-27,0E-28,0,0,0,1580,1581,2039,ZBO,1.008219178082191780821917808,0.6616438356164383561643835617,0.03446675423781822730968912855,0.02481606305122912366297617256
12.07625570776255707762557301,0,0.000,12.07625570776255707762557301,0.6721461187214611872146118723,0.4410958904109589041095890412,11.40410958904109589041096114,0E-28,0E-28,0,0,0,1581,4745/3,2039,ZBO,0.6721461187214611872146118723,0.4410958904109589041095890412,0.02144325597881612143199683486,0.01543914430474760743103772110
11.40410958904109589041096114,28.10668663228144122159983731,0.3372802395873772946591980477,39.17351598173515981735160040,0.3360730593607305936073059361,0.2205479452054794520547945205,38.83744292237442922374429446,0E-28,0E-28,28.10668663228144122159983731,0E-26,0,4745/3,1582,2039,ZBO,0.3360730593607305936073059361,0.2205479452054794520547945205,0.03562144242196784887721273738,0.02564743854381685119159317091
38.83744292237442922374429446,0,0.000,38.83744292237442922374429446,1.008219178082191780821917808,0.6616438356164383561643835617,37.82922374429223744292237665,0E-27,0E-28,0,0,0,1582,1583,2039,ZBO,1.008219178082191780821917808,0.6616438356164383561643835617,0.1050228310502283105022831111,0.07561643835616438356164383999
37.82922374429223744292237665,0,0.000,37.82922374429223744292237665,1.008219178082191780821917808,0.6616438356164383561643835617,36.82100456621004566210045884,0E-27,0E-28,0,0,0,1583,1584,2039,ZBO,1.008219178082191780821917808,0.6616438356164383561643835617,0.1022605867267154563082504596,0.07362762244323512854194033091
36.82100456621004566210045884,0,0.000,36.82100456621004566210045884,1.008219178082191780821917808,0.6616438356164383561643835617,35.81278538812785388127854103,0E-27,0E-28,0,0,0,1584,1585,2039,ZBO,1.008219178082191780821917808,0.6616438356164383561643835617,0.09949834240320260211421780806,0.07163880653030587352223682180
35.81278538812785388127854103,0,0.000,35.81278538812785388127854103,1.008219178082191780821917808,0.6616438356164383561643835617,34.80456621004566210045662322,0E-27,0E-28,0,0,0,1585,1586,2039,ZBO,1.008219178082191780821917808,0.6616438356164383561643835617,0.09673609807968974792018515650,0.06964999061737661850253331268
34.80456621004566210045662322,0,0.000,34.80456621004566210045662322,1.008219178082191780821917808,0.6616438356164383561643835617,33.79634703196347031963470541,0E-27,0E-28,0,0,0,1586,1587,2039,ZBO,1.008219178082191780821917808,0.6616438356164383561643835617,0.09397385375617689372615250500,0.06766117470444736348282980360
33.79634703196347031963470541,0,0.000,33.79634703196347031963470541,1.008219178082191780821917808,0.6616438356164383561643835617,32.78812785388127853881278760,0E-27,0E-28,0,0,0,1587,1588,2039,ZBO,1.008219178082191780821917808,0.6616438356164383561643835617,0.09121160943266403953211985343,0.06567235879151810846312629447
32.78812785388127853881278760,0,0.000,32.78812785388127853881278760,1.008219178082191780821917808,0.6616438356164383561643835617,31.77990867579908675799086979,0E-27,0E-28,0,0,0,1588,1589,2039,ZBO,1.008219178082191780821917808,0.6616438356164383561643835617,0.08844936510915118533808720193,0.06368354287858885344342278539
31.77990867579908675799086979,0,0.000,31.77990867579908675799086979,1.008219178082191780821917808,0.6616438356164383561643835617,30.77168949771689497716895198,0E-27,0E-28,0,0,0,1589,1590,2039,ZBO,1.008219178082191780821917808,0.6616438356164383561643835617,0.08568712078563833114405455036,0.06169472696565959842371927626
30.77168949771689497716895198,0,0.000,30.77168949771689497716895198,1.008219178082191780821917808,0.6616438356164383561643835617,29.76347031963470319634703417,0E-27,0E-28,0,0,0,1590,1591,2039,ZBO,1.008219178082191780821917808,0.6616438356164383561643835617,0.08292487646212547695002189886,0.05970591105273034340401576718
29.76347031963470319634703417,0,0.000,29.76347031963470319634703417,1.008219178082191780821917808,0.6616438356164383561643835617,28.75525114155251141552511636,0E-27,0E-28,0,0,0,1591,1592,2039,ZBO,1.008219178082191780821917808,0.6616438356164383561643835617,0.08016263213861262275598924730,0.05771709513980108838431225806
28.75525114155251141552511636,0,0.000,28.75525114155251141552511636,1.008219178082191780821917808,0.6616438356164383561643835617,27.74703196347031963470319855,0E-27,0E-28,0,0,0,1592,1593,2039,ZBO,1.008219178082191780821917808,0.6616438356164383561643835617,0.07740038781509976856195659579,0.05572827922687183336460874897
27.74703196347031963470319855,0,0.000,27.74703196347031963470319855,1.008219178082191780821917808,0.6616438356164383561643835617,26.73881278538812785388128074,0E-27,0E-28,0,0,0,1593,1594,2039,ZBO,1.008219178082191780821917808,0.6616438356164383561643835617,0.07463814349158691436792394423,0.05373946331394257834490523985
26.73881278538812785388128074,0,0.000,26.73881278538812785388128074,1.008219178082191780821917808,0.6616438356164383561643835617,25.73059360730593607305936293,0E-27,0E-28,0,0,0,1594,1595,2039,ZBO,1.008219178082191780821917808,0.6616438356164383561643835617,0.07187589916807406017389129272,0.05175064740101332332520173076
25.73059360730593607305936293,0,0.000,25.73059360730593607305936293,1.008219178082191780821917808,0.6616438356164383561643835617,24.72237442922374429223744512,0E-27,0E-28,0,0,0,1595,1596,2039,ZBO,1.008219178082191780821917808,0.6616438356164383561643835617,0.06911365484456120597985864116,0.04976183148808406830549822164
24.72237442922374429223744512,0,0.000,24.72237442922374429223744512,1.008219178082191780821917808,0.6616438356164383561643835617,23.71415525114155251141552731,0E-27,0E-28,0,0,0,1596,1597,2039,ZBO,1.008219178082191780821917808,0.6616438356164383561643835617,0.06635141052104835178582598965,0.04777301557515481328579471255
23.71415525114155251141552731,0,0.000,23.71415525114155251141552731,1.008219178082191780821917808,0.6616438356164383561643835617,22.70593607305936073059360950,0E-27,0E-28,0,0,0,1597,1598,2039,ZBO,1.008219178082191780821917808,0.6616438356164383561643835617,0.06358916619753549759179333809,0.04578419966222555826609120342
22.70593607305936073059360950,0,0.000,22.70593607305936073059360950,1.008219178082191780821917808,0.6616438356164383561643835617,21.69771689497716894977169169,0E-27,0E-28,0,0,0,1598,1599,2039,ZBO,1.008219178082191780821917808,0.6616438356164383561643835617,0.06082692187402264339776068658,0.04379538374929630324638769434
21.69771689497716894977169169,0,0.000,21.69771689497716894977169169,1.008219178082191780821917808,0.6616438356164383561643835617,20.68949771689497716894977388,0E-27,0E-28,0,0,0,1599,1600,2039,ZBO,1.008219178082191780821917808,0.6616438356164383561643835617,0.05806467755050978920372803502,0.04180656783636704822668418521
20.68949771689497716894977388,0,0.000,20.68949771689497716894977388,1.008219178082191780821917808,0.6616438356164383561643835617,19.68127853881278538812785607,0E-27,0E-28,0,0,0,1600,1601,2039,ZBO,1.008219178082191780821917808,0.6616438356164383561643835617,0.05530243322699693500969538351,0.03981775192343779320698067613
19.68127853881278538812785607,0,0.000,19.68127853881278538812785607,1.008219178082191780821917808,0.6616438356164383561643835617,18.67305936073059360730593826,0E-27,0E-28,0,0,0,1601,1602,2039,ZBO,1.008219178082191780821917808,0.6616438356164383561643835617,0.05254018890348408081566273195,0.03782893601050853818727716700
18.67305936073059360730593826,0,0.000,18.67305936073059360730593826,1.008219178082191780821917808,0.6616438356164383561643835617,17.66484018264840182648402045,0E-27,0E-28,0,0,0,1602,1603,2039,ZBO,1.008219178082191780821917808,0.6616438356164383561643835617,0.04977794457997122662163008044,0.03584012009757928316757365792
17.66484018264840182648402045,0,0.000,17.66484018264840182648402045,1.008219178082191780821917808,0.6616438356164383561643835617,16.65662100456621004566210264,0E-27,0E-28,0,0,0,1603,1604,2039,ZBO,1.008219178082191780821917808,0.6616438356164383561643835617,0.04701570025645837242759742888,0.03385130418465002814787014879
16.65662100456621004566210264,0,0.000,16.65662100456621004566210264,1.008219178082191780821917808,0.6616438356164383561643835617,15.64840182648401826484018483,0E-27,0E-28,0,0,0,1604,1605,2039,ZBO,1.008219178082191780821917808,0.6616438356164383561643835617,0.04425345593294551823356477737,0.03186248827172077312816663971
15.64840182648401826484018483,0,0.000,15.64840182648401826484018483,1.008219178082191780821917808,0.6616438356164383561643835617,14.64018264840182648401826702,0E-27,0E-28,0,0,0,1605,1606,2039,ZBO,1.008219178082191780821917808,0.6616438356164383561643835617,0.04149121160943266403953212581,0.02987367235879151810846313058
14.64018264840182648401826702,0,0.000,14.64018264840182648401826702,1.008219178082191780821917808,0.6616438356164383561643835617,13.63196347031963470319634921,0E-27,0E-28,0,0,0,1606,1607,2039,ZBO,1.008219178082191780821917808,0.6616438356164383561643835617,0.03872896728591980984549947431,0.02788485644586226308875962150
13.63196347031963470319634921,0,0.000,13.63196347031963470319634921,1.008219178082191780821917808,0.6616438356164383561643835617,12.62374429223744292237443140,0E-27,0E-28,0,0,0,1607,1608,2039,ZBO,1.008219178082191780821917808,0.6616438356164383561643835617,0.03596672296240695565146682274,0.02589604053293300806905611237
12.62374429223744292237443140,0,0.000,12.62374429223744292237443140,1.008219178082191780821917808,0.6616438356164383561643835617,11.61552511415525114155251359,0E-27,0E-28,0,0,0,1608,1609,2039,ZBO,1.008219178082191780821917808,0.6616438356164383561643835617,0.03320447863889410145743417124,0.02390722462000375304935260329
11.61552511415525114155251359,0,0.000,11.61552511415525114155251359,1.008219178082191780821917808,0.6616438356164383561643835617,10.60730593607305936073059578,0E-27,0E-28,0,0,0,1609,1610,2039,ZBO,1.008219178082191780821917808,0.6616438356164383561643835617,0.03044223431538124726340151967,0.02191840870707449802964909416
10.60730593607305936073059578,0,0.000,10.60730593607305936073059578,1.008219178082191780821917808,0.6616438356164383561643835617,9.599086757990867579908677972,0E-27,0E-28,0,0,0,1610,1611,2039,ZBO,1.008219178082191780821917808,0.6616438356164383561643835617,0.02767998999186839306936886817,0.01992959279414524300994558508
9.599086757990867579908677972,0,0.000,9.599086757990867579908677972,1.008219178082191780821917808,0.6616438356164383561643835617,8.590867579908675799086760164,0E-27,0E-28,0,0,0,1611,1612,2039,ZBO,1.008219178082191780821917808,0.6616438356164383561643835617,0.02491774566835553887533621663,0.01794077688121598799024207597
8.590867579908675799086760164,0,0.000,8.590867579908675799086760164,0.08401826484018264840182648401,0.05513698630136986301369863013,8.506849315068493150684933680,0E-29,0E-29,0,0,0,1612,19345/12,2039,ZBO,0.08401826484018264840182648401,0.05513698630136986301369863013,0.001951794166093284126686266420,0.001405291799587164571214111822
8.506849315068493150684933680,28.10668663228144122159983731,0.3372802395873772946591980477,36.27625570776255707762557294,0.9242009132420091324200913244,0.6065068493150684931506849316,35.35205479452054794520548162,0E-28,0E-28,28.10668663228144122159983731,0E-26,0,19345/12,1613,2039,ZBO,0.9242009132420091324200913244,0.6065068493150684931506849316,0.08994422551656554283688831054,0.06475984237192719084255958359
35.35205479452054794520548162,0,0.000,35.35205479452054794520548162,1.008219178082191780821917808,0.6616438356164383561643835617,34.34383561643835616438356381,0E-27,0E-28,0,0,0,1613,1614,2039,ZBO,1.008219178082191780821917808,0.6616438356164383561643835617,0.09547382248076562206793019924,0.06874115218615124788890974345
34.34383561643835616438356381,0,0.000,34.34383561643835616438356381,1.008219178082191780821917808,0.6616438356164383561643835617,33.33561643835616438356164600,0E-27,0E-28,0,0,0,1614,1615,2039,ZBO,1.008219178082191780821917808,0.6616438356164383561643835617,0.09271157815725276787389754768,0.06675233627322199286920623433
33.33561643835616438356164600,0,0.000,33.33561643835616438356164600,1.008219178082191780821917808,0.6616438356164383561643835617,32.32739726027397260273972819,0E-27,0E-28,0,0,0,1615,1616,2039,ZBO,1.008219178082191780821917808,0.6616438356164383561643835617,0.08994933383373991367986489617,0.06476352036029273784950272524
32.32739726027397260273972819,0,0.000,32.32739726027397260273972819,1.008219178082191780821917808,0.6616438356164383561643835617,31.31917808219178082191781038,0E-27,0E-28,0,0,0,1616,1617,2039,ZBO,1.008219178082191780821917808,0.6616438356164383561643835617,0.08718708951022705948583224461,0.06277470444736348282979921612
31.31917808219178082191781038,0,0.000,31.31917808219178082191781038,1.008219178082191780821917808,0.6616438356164383561643835617,30.31095890410958904109589257,0E-27,0E-28,0,0,0,1617,1618,2039,ZBO,1.008219178082191780821917808,0.6616438356164383561643835617,0.08442484518671420529179959310,0.06078588853443422781009570703
30.31095890410958904109589257,0,0.000,30.31095890410958904109589257,1.008219178082191780821917808,0.6616438356164383561643835617,29.30273972602739726027397476,0E-27,0E-28,0,0,0,1618,1619,2039,ZBO,1.008219178082191780821917808,0.6616438356164383561643835617,0.08166260086320135109776694154,0.05879707262150497279039219791
29.30273972602739726027397476,0,0.000,29.30273972602739726027397476,1.008219178082191780821917808,0.6616438356164383561643835617,28.29452054794520547945205695,0E-27,0E-28,0,0,0,1619,1620,2039,ZBO,1.008219178082191780821917808,0.6616438356164383561643835617,0.07890035653968849690373429004,0.05680825670857571777068868883
28.29452054794520547945205695,0,0.000,28.29452054794520547945205695,1.008219178082191780821917808,0.6616438356164383561643835617,27.28630136986301369863013914,0E-27,0E-28,0,0,0,1620,1621,2039,ZBO,1.008219178082191780821917808,0.6616438356164383561643835617,0.07613811221617564270970163847,0.05481944079564646275098517970
27.28630136986301369863013914,0,0.000,27.28630136986301369863013914,1.008219178082191780821917808,0.6616438356164383561643835617,26.27808219178082191780822133,0E-27,0E-28,0,0,0,1621,1622,2039,ZBO,1.008219178082191780821917808,0.6616438356164383561643835617,0.07337586789266278851566898697,0.05283062488271720773128167062
26.27808219178082191780822133,0,0.000,26.27808219178082191780822133,1.008219178082191780821917808,0.6616438356164383561643835617,25.26986301369863013698630352,0E-27,0E-28,0,0,0,1622,1623,2039,ZBO,1.008219178082191780821917808,0.6616438356164383561643835617,0.07061362356914993432163633540,0.05084180896978795271157816149
25.26986301369863013698630352,0,0.000,25.26986301369863013698630352,1.008219178082191780821917808,0.6616438356164383561643835617,24.26164383561643835616438571,0E-27,0E-28,0,0,0,1623,1624,2039,ZBO,1.008219178082191780821917808,0.6616438356164383561643835617,0.06785137924563708012760368390,0.04885299305685869769187465241
24.26164383561643835616438571,0,0.000,24.26164383561643835616438571,1.008219178082191780821917808,0.6616438356164383561643835617,23.25342465753424657534246790,0E-27,0E-28,0,0,0,1624,1625,2039,ZBO,1.008219178082191780821917808,0.6616438356164383561643835617,0.06508913492212422593357103234,0.04686417714392944267217114328
23.25342465753424657534246790,0,0.000,23.25342465753424657534246790,1.008219178082191780821917808,0.6616438356164383561643835617,22.24520547945205479452055009,0E-27,0E-28,0,0,0,1625,1626,2039,ZBO,1.008219178082191780821917808,0.6616438356164383561643835617,0.06232689059861137173953838083,0.04487536123100018765246763420
22.24520547945205479452055009,0,0.000,22.24520547945205479452055009,1.008219178082191780821917808,0.6616438356164383561643835617,21.23698630136986301369863228,0E-27,0E-28,0,0,0,1626,1627,2039,ZBO,1.008219178082191780821917808,0.6616438356164383561643835617,0.05956464627509851754550572927,0.04288654531807093263276412507
21.23698630136986301369863228,0,0.000,21.23698630136986301369863228,1.008219178082191780821917808,0.6616438356164383561643835617,20.22876712328767123287671447,0E-27,0E-28,0,0,0,1627,1628,2039,ZBO,1.008219178082191780821917808,0.6616438356164383561643835617,0.05680240195158566335147307776,0.04089772940514167761306061599
20.22876712328767123287671447,0,0.000,20.22876712328767123287671447,1.008219178082191780821917808,0.6616438356164383561643835617,19.22054794520547945205479666,0E-27,0E-28,0,0,0,1628,1629,2039,ZBO,1.008219178082191780821917808,0.6616438356164383561643835617,0.05404015762807280915744042620,0.03890891349221242259335710686
19.22054794520547945205479666,0,0.000,19.22054794520547945205479666,1.008219178082191780821917808,0.6616438356164383561643835617,18.21232876712328767123287885,0E-27,0E-28,0,0,0,1629,1630,2039,ZBO,1.008219178082191780821917808,0.6616438356164383561643835617,0.05127791330455995496340777469,0.03692009757928316757365359778
18.21232876712328767123287885,0,0.000,18.21232876712328767123287885,1.008219178082191780821917808,0.6616438356164383561643835617,17.20410958904109589041096104,0E-27,0E-28,0,0,0,1630,1631,2039,ZBO,1.008219178082191780821917808,0.6616438356164383561643835617,0.04851566898104710076937512313,0.03493128166635391255395008865
17.20410958904109589041096104,0,0.000,17.20410958904109589041096104,1.008219178082191780821917808,0.6616438356164383561643835617,16.19589041095890410958904323,0E-27,0E-28,0,0,0,1631,1632,2039,ZBO,1.008219178082191780821917808,0.6616438356164383561643835617,0.04575342465753424657534247162,0.03294246575342465753424657957
16.19589041095890410958904323,0,0.000,16.19589041095890410958904323,1.008219178082191780821917808,0.6616438356164383561643835617,15.18767123287671232876712542,0E-27,0E-28,0,0,0,1632,1633,2039,ZBO,1.008219178082191780821917808,0.6616438356164383561643835617,0.04299118033402139238130982006,0.03095364984049540251454307044
15.18767123287671232876712542,0,0.000,15.18767123287671232876712542,1.008219178082191780821917808,0.6616438356164383561643835617,14.17945205479452054794520761,0E-27,0E-28,0,0,0,1633,1634,2039,ZBO,1.008219178082191780821917808,0.6616438356164383561643835617,0.04022893601050853818727716855,0.02896483392756614749483956136
14.17945205479452054794520761,0,0.000,14.17945205479452054794520761,1.008219178082191780821917808,0.6616438356164383561643835617,13.17123287671232876712328980,0E-27,0E-28,0,0,0,1634,1635,2039,ZBO,1.008219178082191780821917808,0.6616438356164383561643835617,0.03746669168699568399324451699,0.02697601801463689247513605223
13.17123287671232876712328980,0,0.000,13.17123287671232876712328980,1.008219178082191780821917808,0.6616438356164383561643835617,12.16301369863013698630137199,0E-27,0E-28,0,0,0,1635,1636,2039,ZBO,1.008219178082191780821917808,0.6616438356164383561643835617,0.03470444736348282979921186548,0.02498720210170763745543254315
12.16301369863013698630137199,0,0.000,12.16301369863013698630137199,1.008219178082191780821917808,0.6616438356164383561643835617,11.15479452054794520547945418,0E-27,0E-28,0,0,0,1636,1637,2039,ZBO,1.008219178082191780821917808,0.6616438356164383561643835617,0.03194220303996997560517921392,0.02299838618877838243572903402
11.15479452054794520547945418,0,0.000,11.15479452054794520547945418,1.008219178082191780821917808,0.6616438356164383561643835617,10.14657534246575342465753637,0E-27,0E-28,0,0,0,1637,1638,2039,ZBO,1.008219178082191780821917808,0.6616438356164383561643835617,0.02917995871645712141114656241,0.02100957027584912741602552494
10.14657534246575342465753637,0,0.000,10.14657534246575342465753637,1.008219178082191780821917808,0.6616438356164383561643835617,9.138356164383561643835618562,0E-27,0E-28,0,0,0,1638,1639,2039,ZBO,1.008219178082191780821917808,0.6616438356164383561643835617,0.02641771439294426721711391087,0.01902075436291987239632201583
9.138356164383561643835618562,0,0.000,9.138356164383561643835618562,1.008219178082191780821917808,0.6616438356164383561643835617,8.130136986301369863013700754,0E-27,0E-28,0,0,0,1639,1640,2039,ZBO,1.008219178082191780821917808,0.6616438356164383561643835617,0.02365547006943141302308125934,0.01703193844999061737661850672
8.130136986301369863013700754,0,0.000,8.130136986301369863013700754,1.008219178082191780821917808,0.6616438356164383561643835617,7.121917808219178082191782946,0E-27,0E-28,0,0,0,1640,1641,2039,ZBO,1.008219178082191780821917808,0.6616438356164383561643835617,0.02089322574591855882904860781,0.01504312253706136235691499762
7.121917808219178082191782946,0,0.000,7.121917808219178082191782946,1.008219178082191780821917808,0.6616438356164383561643835617,6.113698630136986301369865138,0E-27,0E-28,0,0,0,1641,1642,2039,ZBO,1.008219178082191780821917808,0.6616438356164383561643835617,0.01813098142240570463501595628,0.01305430662413210733721148852
6.113698630136986301369865138,0,0.000,6.113698630136986301369865138,0.5041095890410958904109589042,0.3308219178082191780821917809,5.609589041095890410958906234,0E-28,0E-28,0,0,0,1642,3285/2,2039,ZBO,0.5041095890410958904109589042,0.3308219178082191780821917809,0.008029649089885531994745733816,0.005781347344717583036216928348
5.609589041095890410958906234,28.10668663228144122159983731,0.3372802395873772946591980477,33.37899543378995433789954549,0.5041095890410958904109589042,0.3308219178082191780821917809,32.87488584474885844748858659,0E-28,0E-28,28.10668663228144122159983731,0E-26,0,3285/2,1643,2039,ZBO,0.5041095890410958904109589042,0.3308219178082191780821917809,0.04537937073872521423656721376,0.03267314693188215425032839391
32.87488584474885844748858659,0,0.000,32.87488584474885844748858659,1.008219178082191780821917808,0.6616438356164383561643835617,31.86666666666666666666666878,0E-27,0E-28,0,0,0,1643,1644,2039,ZBO,1.008219178082191780821917808,0.6616438356164383561643835617,0.08868705823481578782760993886,0.06385468192906736723587915598
31.86666666666666666666666878,0,0.000,31.86666666666666666666666878,1.008219178082191780821917808,0.6616438356164383561643835617,30.85844748858447488584475097,0E-27,0E-28,0,0,0,1644,1645,2039,ZBO,1.008219178082191780821917808,0.6616438356164383561643835617,0.08592481391130293363357728735,0.06186586601613811221617564689
30.85844748858447488584475097,0,0.000,30.85844748858447488584475097,1.008219178082191780821917808,0.6616438356164383561643835617,29.85022831050228310502283316,0E-27,0E-28,0,0,0,1645,1646,2039,ZBO,1.008219178082191780821917808,0.6616438356164383561643835617,0.08316256958779007943954463579,0.05987705010320885719647213777
29.85022831050228310502283316,0,0.000,29.85022831050228310502283316,1.008219178082191780821917808,0.6616438356164383561643835617,28.84200913242009132420091535,0E-27,0E-28,0,0,0,1646,1647,2039,ZBO,1.008219178082191780821917808,0.6616438356164383561643835617,0.08040032526427722524551198428,0.05788823419027960217676862868
28.84200913242009132420091535,0,0.000,28.84200913242009132420091535,1.008219178082191780821917808,0.6616438356164383561643835617,27.83378995433789954337899754,0E-27,0E-28,0,0,0,1647,1648,2039,ZBO,1.008219178082191780821917808,0.6616438356164383561643835617,0.07763808094076437105147933272,0.05589941827735034715706511956
27.83378995433789954337899754,0,0.000,27.83378995433789954337899754,1.008219178082191780821917808,0.6616438356164383561643835617,26.82557077625570776255707973,0E-27,0E-28,0,0,0,1648,1649,2039,ZBO,1.008219178082191780821917808,0.6616438356164383561643835617,0.07487583661725151685744668121,0.05391060236442109213736161047
26.82557077625570776255707973,0,0.000,26.82557077625570776255707973,1.008219178082191780821917808,0.6616438356164383561643835617,25.81735159817351598173516192,0E-27,0E-28,0,0,0,1649,1650,2039,ZBO,1.008219178082191780821917808,0.6616438356164383561643835617,0.07211359229373866266341402965,0.05192178645149183711765810135
25.81735159817351598173516192,0,0.000,25.81735159817351598173516192,1.008219178082191780821917808,0.6616438356164383561643835617,24.80913242009132420091324411,0E-27,0E-28,0,0,0,1650,1651,2039,ZBO,1.008219178082191780821917808,0.6616438356164383561643835617,0.06935134797022580846938137814,0.04993297053856258209795459226
24.80913242009132420091324411,0,0.000,24.80913242009132420091324411,1.008219178082191780821917808,0.6616438356164383561643835617,23.80091324200913242009132630,0E-27,0E-28,0,0,0,1651,1652,2039,ZBO,1.008219178082191780821917808,0.6616438356164383561643835617,0.06658910364671295427534872658,0.04794415462563332707825108314
23.80091324200913242009132630,0,0.000,23.80091324200913242009132630,1.008219178082191780821917808,0.6616438356164383561643835617,22.79269406392694063926940849,0E-27,0E-28,0,0,0,1652,1653,2039,ZBO,1.008219178082191780821917808,0.6616438356164383561643835617,0.06382685932320010008131607507,0.04595533871270407205854757405
22.79269406392694063926940849,0,0.000,22.79269406392694063926940849,1.008219178082191780821917808,0.6616438356164383561643835617,21.78447488584474885844749068,0E-27,0E-28,0,0,0,1653,1654,2039,ZBO,1.008219178082191780821917808,0.6616438356164383561643835617,0.06106461499968724588728342351,0.04396652279977481703884406493
21.78447488584474885844749068,0,0.000,21.78447488584474885844749068,1.008219178082191780821917808,0.6616438356164383561643835617,20.77625570776255707762557287,0E-27,0E-28,0,0,0,1654,1655,2039,ZBO,1.008219178082191780821917808,0.6616438356164383561643835617,0.05830237067617439169325077201,0.04197770688684556201914055585
20.77625570776255707762557287,0,0.000,20.77625570776255707762557287,1.008219178082191780821917808,0.6616438356164383561643835617,19.76803652968036529680365506,0E-27,0E-28,0,0,0,1655,1656,2039,ZBO,1.008219178082191780821917808,0.6616438356164383561643835617,0.05554012635266153749921812044,0.03998889097391630699943704672
19.76803652968036529680365506,0,0.000,19.76803652968036529680365506,1.008219178082191780821917808,0.6616438356164383561643835617,18.75981735159817351598173725,0E-27,0E-28,0,0,0,1656,1657,2039,ZBO,1.008219178082191780821917808,0.6616438356164383561643835617,0.05277788202914868330518546894,0.03800007506098705197973353764
18.75981735159817351598173725,0,0.000,18.75981735159817351598173725,1.008219178082191780821917808,0.6616438356164383561643835617,17.75159817351598173515981944,0E-27,0E-28,0,0,0,1657,1658,2039,ZBO,1.008219178082191780821917808,0.6616438356164383561643835617,0.05001563770563582911115281737,0.03601125914805779696003002851
17.75159817351598173515981944,0,0.000,17.75159817351598173515981944,1.008219178082191780821917808,0.6616438356164383561643835617,16.74337899543378995433790163,0E-27,0E-28,0,0,0,1658,1659,2039,ZBO,1.008219178082191780821917808,0.6616438356164383561643835617,0.04725339338212297491712016587,0.03402244323512854194032651943
16.74337899543378995433790163,0,0.000,16.74337899543378995433790163,1.008219178082191780821917808,0.6616438356164383561643835617,15.73515981735159817351598382,0E-27,0E-28,0,0,0,1659,1660,2039,ZBO,1.008219178082191780821917808,0.6616438356164383561643835617,0.04449114905861012072308751431,0.03203362732219928692062301030
15.73515981735159817351598382,0,0.000,15.73515981735159817351598382,1.008219178082191780821917808,0.6616438356164383561643835617,14.72694063926940639269406601,0E-27,0E-28,0,0,0,1660,1661,2039,ZBO,1.008219178082191780821917808,0.6616438356164383561643835617,0.04172890473509726652905486280,0.03004481140927003190091950122
14.72694063926940639269406601,0,0.000,14.72694063926940639269406601,1.008219178082191780821917808,0.6616438356164383561643835617,13.71872146118721461187214820,0E-27,0E-28,0,0,0,1661,1662,2039,ZBO,1.008219178082191780821917808,0.6616438356164383561643835617,0.03896666041158441233502221124,0.02805599549634077688121599209
13.71872146118721461187214820,0,0.000,13.71872146118721461187214820,1.008219178082191780821917808,0.6616438356164383561643835617,12.71050228310502283105023039,0E-27,0E-28,0,0,0,1662,1663,2039,ZBO,1.008219178082191780821917808,0.6616438356164383561643835617,0.03620441608807155814098955973,0.02606717958341152186151248301
12.71050228310502283105023039,0,0.000,12.71050228310502283105023039,1.008219178082191780821917808,0.6616438356164383561643835617,11.70228310502283105022831258,0E-27,0E-28,0,0,0,1663,1664,2039,ZBO,1.008219178082191780821917808,0.6616438356164383561643835617,0.03344217176455870394695690817,0.02407836367048226684180897388
11.70228310502283105022831258,0,0.000,11.70228310502283105022831258,1.008219178082191780821917808,0.6616438356164383561643835617,10.69406392694063926940639477,0E-27,0E-28,0,0,0,1664,1665,2039,ZBO,1.008219178082191780821917808,0.6616438356164383561643835617,0.03067992744104584975292425666,0.02208954775755301182210546480
10.69406392694063926940639477,0,0.000,10.69406392694063926940639477,1.008219178082191780821917808,0.6616438356164383561643835617,9.685844748858447488584476962,0E-27,0E-28,0,0,0,1665,1666,2039,ZBO,1.008219178082191780821917808,0.6616438356164383561643835617,0.02791768311753299555889160510,0.02010073184462375680240195567
9.685844748858447488584476962,0,0.000,9.685844748858447488584476962,1.008219178082191780821917808,0.6616438356164383561643835617,8.677625570776255707762559154,0E-27,0E-28,0,0,0,1666,1667,2039,ZBO,1.008219178082191780821917808,0.6616438356164383561643835617,0.02515543879402014136485895359,0.01811191593169450178269844658
8.677625570776255707762559154,0,0.000,8.677625570776255707762559154,1.008219178082191780821917808,0.6616438356164383561643835617,7.669406392694063926940641346,0E-27,0E-28,0,0,0,1667,1668,2039,ZBO,1.008219178082191780821917808,0.6616438356164383561643835617,0.02239319447050728717082630206,0.01612310001876524676299493748
7.669406392694063926940641346,0,0.000,7.669406392694063926940641346,1.008219178082191780821917808,0.6616438356164383561643835617,6.661187214611872146118723538,0E-27,0E-28,0,0,0,1668,1669,2039,ZBO,1.008219178082191780821917808,0.6616438356164383561643835617,0.01963095014699443297679365052,0.01413428410583599174329142837
6.661187214611872146118723538,0,0.000,6.661187214611872146118723538,1.008219178082191780821917808,0.6616438356164383561643835617,5.652968036529680365296805730,0E-27,0E-28,0,0,0,1669,1670,2039,ZBO,1.008219178082191780821917808,0.6616438356164383561643835617,0.01686870582348157878276099900,0.01214546819290673672358791928
5.652968036529680365296805730,0,0.000,5.652968036529680365296805730,1.008219178082191780821917808,0.6616438356164383561643835617,4.644748858447488584474887922,0E-27,0E-28,0,0,0,1670,1671,2039,ZBO,1.008219178082191780821917808,0.6616438356164383561643835617,0.01410646149996872458872834747,0.01015665227997748170388441018
4.644748858447488584474887922,0,0.000,4.644748858447488584474887922,1.008219178082191780821917808,0.6616438356164383561643835617,3.636529680365296803652970114,0E-27,0E-28,0,0,0,1671,1672,2039,ZBO,1.008219178082191780821917808,0.6616438356164383561643835617,0.01134421717645587039469569594,0.008167836367048226684180901077
3.636529680365296803652970114,0,0.000,3.636529680365296803652970114,0.9242009132420091324200913244,0.6065068493150684931506849316,2.712328767123287671232878790,0E-28,0E-28,0,0,0,1672,20075/12,2039,ZBO,0.9242009132420091324200913244,0.6065068493150684931506849316,0.007972310835887491920518760041,0.005740063801838994182773507230
2.712328767123287671232878790,28.10668663228144122159983731,0.3372802395873772946591980477,30.48173515981735159817351805,0.08401826484018264840182648401,0.05513698630136986301369863013,30.39771689497716894977169157,0E-29,0E-29,28.10668663228144122159983731,0E-26,0,20075/12,1673,2039,ZBO,0.08401826484018264840182648401,0.05513698630136986301369863013,0.006949709138675173578532558175,0.005003790579846124976543441886
30.39771689497716894977169157,0,0.000,30.39771689497716894977169157,1.008219178082191780821917808,0.6616438356164383561643835617,29.38949771689497716894977376,0E-27,0E-28,0,0,0,1673,1674,2039,ZBO,1.008219178082191780821917808,0.6616438356164383561643835617,0.08190029398886595358728967853,0.05896821167198348658284856854
29.38949771689497716894977376,0,0.000,29.38949771689497716894977376,1.008219178082191780821917808,0.6616438356164383561643835617,28.38127853881278538812785595,0E-27,0E-28,0,0,0,1674,1675,2039,ZBO,1.008219178082191780821917808,0.6616438356164383561643835617,0.07913804966535309939325702702,0.05697939575905423156314505945
28.38127853881278538812785595,0,0.000,28.38127853881278538812785595,1.008219178082191780821917808,0.6616438356164383561643835617,27.37305936073059360730593814,0E-27,0E-28,0,0,0,1675,1676,2039,ZBO,1.008219178082191780821917808,0.6616438356164383561643835617,0.07637580534184024519922437546,0.05499057984612497654344155033
27.37305936073059360730593814,0,0.000,27.37305936073059360730593814,1.008219178082191780821917808,0.6616438356164383561643835617,26.36484018264840182648402033,0E-27,0E-28,0,0,0,1676,1677,2039,ZBO,1.008219178082191780821917808,0.6616438356164383561643835617,0.07361356101832739100519172395,0.05300176393319572152373804124
26.36484018264840182648402033,0,0.000,26.36484018264840182648402033,1.008219178082191780821917808,0.6616438356164383561643835617,25.35662100456621004566210252,0E-27,0E-28,0,0,0,1677,1678,2039,ZBO,1.008219178082191780821917808,0.6616438356164383561643835617,0.07085131669481453681115907239,0.05101294802026646650403453212
25.35662100456621004566210252,0,0.000,25.35662100456621004566210252,1.008219178082191780821917808,0.6616438356164383561643835617,24.34840182648401826484018471,0E-27,0E-28,0,0,0,1678,1679,2039,ZBO,1.008219178082191780821917808,0.6616438356164383561643835617,0.06808907237130168261712642088,0.04902413210733721148433102303
24.34840182648401826484018471,0,0.000,24.34840182648401826484018471,1.008219178082191780821917808,0.6616438356164383561643835617,23.34018264840182648401826690,0E-27,0E-28,0,0,0,1679,1680,2039,ZBO,1.008219178082191780821917808,0.6616438356164383561643835617,0.06532682804778882842309376932,0.04703531619440795646462751391
23.34018264840182648401826690,0,0.000,23.34018264840182648401826690,1.008219178082191780821917808,0.6616438356164383561643835617,22.33196347031963470319634909,0E-27,0E-28,0,0,0,1680,1681,2039,ZBO,1.008219178082191780821917808,0.6616438356164383561643835617,0.06256458372427597422906111781,0.04504650028147870144492400482
22.33196347031963470319634909,0,0.000,22.33196347031963470319634909,1.008219178082191780821917808,0.6616438356164383561643835617,21.32374429223744292237443128,0E-27,0E-28,0,0,0,1681,1682,2039,ZBO,1.008219178082191780821917808,0.6616438356164383561643835617,0.05980233940076312003502846625,0.04305768436854944642522049570
21.32374429223744292237443128,0,0.000,21.32374429223744292237443128,1.008219178082191780821917808,0.6616438356164383561643835617,20.31552511415525114155251347,0E-27,0E-28,0,0,0,1682,1683,2039,ZBO,1.008219178082191780821917808,0.6616438356164383561643835617,0.05704009507725026584099581475,0.04106886845562019140551698662
20.31552511415525114155251347,0,0.000,20.31552511415525114155251347,1.008219178082191780821917808,0.6616438356164383561643835617,19.30730593607305936073059566,0E-27,0E-28,0,0,0,1683,1684,2039,ZBO,1.008219178082191780821917808,0.6616438356164383561643835617,0.05427785075373741164696316318,0.03908005254269093638581347749
19.30730593607305936073059566,0,0.000,19.30730593607305936073059566,1.008219178082191780821917808,0.6616438356164383561643835617,18.29908675799086757990867785,0E-27,0E-28,0,0,0,1684,1685,2039,ZBO,1.008219178082191780821917808,0.6616438356164383561643835617,0.05151560643022455745293051168,0.03709123662976168136610996841
18.29908675799086757990867785,0,0.000,18.29908675799086757990867785,1.008219178082191780821917808,0.6616438356164383561643835617,17.29086757990867579908676004,0E-27,0E-28,0,0,0,1685,1686,2039,ZBO,1.008219178082191780821917808,0.6616438356164383561643835617,0.04875336210671170325889786011,0.03510242071683242634640645928
17.29086757990867579908676004,0,0.000,17.29086757990867579908676004,1.008219178082191780821917808,0.6616438356164383561643835617,16.28264840182648401826484223,0E-27,0E-28,0,0,0,1686,1687,2039,ZBO,1.008219178082191780821917808,0.6616438356164383561643835617,0.04599111778319884906486520861,0.03311360480390317132670295020
16.28264840182648401826484223,0,0.000,16.28264840182648401826484223,1.008219178082191780821917808,0.6616438356164383561643835617,15.27442922374429223744292442,0E-27,0E-28,0,0,0,1687,1688,2039,ZBO,1.008219178082191780821917808,0.6616438356164383561643835617,0.04322887345968599487083255705,0.03112478889097391630699944108
15.27442922374429223744292442,0,0.000,15.27442922374429223744292442,1.008219178082191780821917808,0.6616438356164383561643835617,14.26621004566210045662100661,0E-27,0E-28,0,0,0,1688,1689,2039,ZBO,1.008219178082191780821917808,0.6616438356164383561643835617,0.04046662913617314067679990554,0.02913597297804466128729593199
14.26621004566210045662100661,0,0.000,14.26621004566210045662100661,1.008219178082191780821917808,0.6616438356164383561643835617,13.25799086757990867579908880,0E-27,0E-28,0,0,0,1689,1690,2039,ZBO,1.008219178082191780821917808,0.6616438356164383561643835617,0.03770438481266028648276725398,0.02714715706511540626759242287
13.25799086757990867579908880,0,0.000,13.25799086757990867579908880,1.008219178082191780821917808,0.6616438356164383561643835617,12.24977168949771689497717099,0E-27,0E-28,0,0,0,1690,1691,2039,ZBO,1.008219178082191780821917808,0.6616438356164383561643835617,0.03494214048914743228873460247,0.02515834115218615124788891378
12.24977168949771689497717099,0,0.000,12.24977168949771689497717099,1.008219178082191780821917808,0.6616438356164383561643835617,11.24155251141552511415525318,0E-27,0E-28,0,0,0,1691,1692,2039,ZBO,1.008219178082191780821917808,0.6616438356164383561643835617,0.03217989616563457809470195091,0.02316952523925689622818540466
11.24155251141552511415525318,0,0.000,11.24155251141552511415525318,1.008219178082191780821917808,0.6616438356164383561643835617,10.23333333333333333333333537,0E-27,0E-28,0,0,0,1692,1693,2039,ZBO,1.008219178082191780821917808,0.6616438356164383561643835617,0.02941765184212172390066929940,0.02118070932632764120848189557
10.23333333333333333333333537,0,0.000,10.23333333333333333333333537,1.008219178082191780821917808,0.6616438356164383561643835617,9.225114155251141552511417562,0E-27,0E-28,0,0,0,1693,1694,2039,ZBO,1.008219178082191780821917808,0.6616438356164383561643835617,0.02665540751860886970663664785,0.01919189341339838618877838645
9.225114155251141552511417562,0,0.000,9.225114155251141552511417562,1.008219178082191780821917808,0.6616438356164383561643835617,8.216894977168949771689499754,0E-27,0E-28,0,0,0,1694,1695,2039,ZBO,1.008219178082191780821917808,0.6616438356164383561643835617,0.02389316319509601551260399633,0.01720307750046913116907487736
8.216894977168949771689499754,0,0.000,8.216894977168949771689499754,1.008219178082191780821917808,0.6616438356164383561643835617,7.208675799086757990867581946,0E-27,0E-28,0,0,0,1695,1696,2039,ZBO,1.008219178082191780821917808,0.6616438356164383561643835617,0.02113091887158316131857134480,0.01521426158753987614937136826
7.208675799086757990867581946,0,0.000,7.208675799086757990867581946,1.008219178082191780821917808,0.6616438356164383561643835617,6.200456621004566210045664138,0E-27,0E-28,0,0,0,1696,1697,2039,ZBO,1.008219178082191780821917808,0.6616438356164383561643835617,0.01836867454807030712453869326,0.01322544567461062112966785915
6.200456621004566210045664138,0,0.000,6.200456621004566210045664138,1.008219178082191780821917808,0.6616438356164383561643835617,5.192237442922374429223746330,0E-27,0E-28,0,0,0,1697,1698,2039,ZBO,1.008219178082191780821917808,0.6616438356164383561643835617,0.01560643022455745293050604174,0.01123662976168136610996435005
5.192237442922374429223746330,0,0.000,5.192237442922374429223746330,1.008219178082191780821917808,0.6616438356164383561643835617,4.184018264840182648401828522,0E-27,0E-28,0,0,0,1698,1699,2039,ZBO,1.008219178082191780821917808,0.6616438356164383561643835617,0.01284418590104459873647339021,0.009247813848752111090260840951
4.184018264840182648401828522,0,0.000,4.184018264840182648401828522,1.008219178082191780821917808,0.6616438356164383561643835617,3.175799086757990867579910714,0E-27,0E-28,0,0,0,1699,1700,2039,ZBO,1.008219178082191780821917808,0.6616438356164383561643835617,0.01008194157753174454244073868,0.007258997935822856070557331850
3.175799086757990867579910714,0,0.000,3.175799086757990867579910714,1.008219178082191780821917808,0.6616438356164383561643835617,2.167579908675799086757992906,0E-27,0E-28,0,0,0,1700,1701,2039,ZBO,1.008219178082191780821917808,0.6616438356164383561643835617,0.007319697254018890348408087151,0.005270182022893601050853822749
2.167579908675799086757992906,0,0.000,2.167579908675799086757992906,1.008219178082191780821917808,0.6616438356164383561643835617,1.159360730593607305936075098,0E-27,0E-28,0,0,0,1701,1702,2039,ZBO,1.008219178082191780821917808,0.6616438356164383561643835617,0.004557452930506036154375435622,0.003281366109964346031150313648
1.159360730593607305936075098,0,0.000,1.159360730593607305936075098,1.008219178082191780821917808,0.6616438356164383561643835617,0.151141552511415525114157290,0E-27,0E-28,0,0,0,1702,1703,2039,ZBO,1.008219178082191780821917808,0.6616438356164383561643835617,0.001795208606993181960342784093,0.001292550197035091011446804547
0.151141552511415525114157290,0,0.000,0.151141552511415525114157290,0.151141552511415525114157290,0.151141552511415525114157290,0E-27,0.1849315068493150684931486461,0.0694063926940639269406372305,0,0,0,1703,5110/3,2039,ZBO,0.3360730593607305936073059361,0.2205479452054794520547945205,0.00006901440753945914388774305479,0.00004969037342841058359917499945
0E-27,28.10668663228144122159983731,0.3372802395873772946591980477,27.76940639269406392694063926,0.6721461187214611872146118723,0.4410958904109589041095890412,27.09726027397260273972602739,0E-28,0E-28,28.10668663228144122159983731,0E-26,0,5110/3,1704,2039,ZBO,0.6721461187214611872146118723,0.4410958904109589041095890412,0.05010654490106544901065449010,0.03607671232876712328767123287
27.09726027397260273972602739,0,0.000,27.09726027397260273972602739,1.008219178082191780821917808,0.6616438356164383561643835617,26.08904109589041095890410958,0E-27,0E-28,0,0,0,1704,1705,2039,ZBO,1.008219178082191780821917808,0.6616438356164383561643835617,0.07285794708200412835428785886,0.05245772189904297241508725838
26.08904109589041095890410958,0,0.000,26.08904109589041095890410958,1.008219178082191780821917808,0.6616438356164383561643835617,25.08082191780821917808219177,0E-27,0E-28,0,0,0,1705,1706,2039,ZBO,1.008219178082191780821917808,0.6616438356164383561643835617,0.07009570275849127416025520735,0.05046890598611371739538374929
25.08082191780821917808219177,0,0.000,25.08082191780821917808219177,1.008219178082191780821917808,0.6616438356164383561643835617,24.07260273972602739726027396,0E-27,0E-28,0,0,0,1706,1707,2039,ZBO,1.008219178082191780821917808,0.6616438356164383561643835617,0.06733345843497841996622255579,0.04848009007318446237568024017
24.07260273972602739726027396,0,0.000,24.07260273972602739726027396,1.008219178082191780821917808,0.6616438356164383561643835617,23.06438356164383561643835615,0E-27,0E-28,0,0,0,1707,1708,2039,ZBO,1.008219178082191780821917808,0.6616438356164383561643835617,0.06457121411146556577218990428,0.04649127416025520735597673108
23.06438356164383561643835615,0,0.000,23.06438356164383561643835615,1.008219178082191780821917808,0.6616438356164383561643835617,22.05616438356164383561643834,0E-27,0E-28,0,0,0,1708,1709,2039,ZBO,1.008219178082191780821917808,0.6616438356164383561643835617,0.06180896978795271157815725272,0.04450245824732595233627322196
22.05616438356164383561643834,0,0.000,22.05616438356164383561643834,1.008219178082191780821917808,0.6616438356164383561643835617,21.04794520547945205479452053,0E-27,0E-28,0,0,0,1709,1710,2039,ZBO,1.008219178082191780821917808,0.6616438356164383561643835617,0.05904672546443985738412460121,0.04251364233439669731656971287
21.04794520547945205479452053,0,0.000,21.04794520547945205479452053,1.008219178082191780821917808,0.6616438356164383561643835617,20.03972602739726027397260272,0E-27,0E-28,0,0,0,1710,1711,2039,ZBO,1.008219178082191780821917808,0.6616438356164383561643835617,0.05628448114092700319009194965,0.04052482642146744229686620375
20.03972602739726027397260272,0,0.000,20.03972602739726027397260272,1.008219178082191780821917808,0.6616438356164383561643835617,19.03150684931506849315068491,0E-27,0E-28,0,0,0,1711,1712,2039,ZBO,1.008219178082191780821917808,0.6616438356164383561643835617,0.05352223681741414899605929814,0.03853601050853818727716269466
19.03150684931506849315068491,0,0.000,19.03150684931506849315068491,1.008219178082191780821917808,0.6616438356164383561643835617,18.02328767123287671232876710,0E-27,0E-28,0,0,0,1712,1713,2039,ZBO,1.008219178082191780821917808,0.6616438356164383561643835617,0.05075999249390129480202664658,0.03654719459560893225745918554
18.02328767123287671232876710,0,0.000,18.02328767123287671232876710,1.008219178082191780821917808,0.6616438356164383561643835617,17.01506849315068493150684929,0E-27,0E-28,0,0,0,1713,1714,2039,ZBO,1.008219178082191780821917808,0.6616438356164383561643835617,0.04799774817038844060799399507,0.03455837868267967723775567645
17.01506849315068493150684929,0,0.000,17.01506849315068493150684929,1.008219178082191780821917808,0.6616438356164383561643835617,16.00684931506849315068493148,0E-27,0E-28,0,0,0,1714,1715,2039,ZBO,1.008219178082191780821917808,0.6616438356164383561643835617,0.04523550384687558641396134351,0.03256956276975042221805216733
16.00684931506849315068493148,0,0.000,16.00684931506849315068493148,1.008219178082191780821917808,0.6616438356164383561643835617,14.99863013698630136986301367,0E-27,0E-28,0,0,0,1715,1716,2039,ZBO,1.008219178082191780821917808,0.6616438356164383561643835617,0.04247325952336273221992869200,0.03058074685682116719834865824
14.99863013698630136986301367,0,0.000,14.99863013698630136986301367,1.008219178082191780821917808,0.6616438356164383561643835617,13.99041095890410958904109586,0E-27,0E-28,0,0,0,1716,1717,2039,ZBO,1.008219178082191780821917808,0.6616438356164383561643835617,0.03971101519984987802589604044,0.02859193094389191217864514912
13.99041095890410958904109586,0,0.000,13.99041095890410958904109586,1.008219178082191780821917808,0.6616438356164383561643835617,12.98219178082191780821917805,0E-27,0E-28,0,0,0,1717,1718,2039,ZBO,1.008219178082191780821917808,0.6616438356164383561643835617,0.03694877087633702383186338894,0.02660311503096265715894164004
12.98219178082191780821917805,0,0.000,12.98219178082191780821917805,1.008219178082191780821917808,0.6616438356164383561643835617,11.97397260273972602739726024,0E-27,0E-28,0,0,0,1718,1719,2039,ZBO,1.008219178082191780821917808,0.6616438356164383561643835617,0.03418652655282416963783073737,0.02461429911803340213923813091
11.97397260273972602739726024,0,0.000,11.97397260273972602739726024,1.008219178082191780821917808,0.6616438356164383561643835617,10.96575342465753424657534243,0E-27,0E-28,0,0,0,1719,1720,2039,ZBO,1.008219178082191780821917808,0.6616438356164383561643835617,0.03142428222931131544379808587,0.02262548320510414711953462183
10.96575342465753424657534243,0,0.000,10.96575342465753424657534243,1.008219178082191780821917808,0.6616438356164383561643835617,9.957534246575342465753424622,0E-27,0E-28,0,0,0,1720,1721,2039,ZBO,1.008219178082191780821917808,0.6616438356164383561643835617,0.02866203790579846124976543430,0.02063666729217489209983111270
9.957534246575342465753424622,0,0.000,9.957534246575342465753424622,1.008219178082191780821917808,0.6616438356164383561643835617,8.949315068493150684931506814,0E-27,0E-28,0,0,0,1721,1722,2039,ZBO,1.008219178082191780821917808,0.6616438356164383561643835617,0.02589979358228560705573278280,0.01864785137924563708012760362
8.949315068493150684931506814,0,0.000,8.949315068493150684931506814,1.008219178082191780821917808,0.6616438356164383561643835617,7.941095890410958904109589006,0E-27,0E-28,0,0,0,1722,1723,2039,ZBO,1.008219178082191780821917808,0.6616438356164383561643835617,0.02313754925877275286170013126,0.01665903546631638206042409451
7.941095890410958904109589006,0,0.000,7.941095890410958904109589006,1.008219178082191780821917808,0.6616438356164383561643835617,6.932876712328767123287671198,0E-27,0E-28,0,0,0,1723,1724,2039,ZBO,1.008219178082191780821917808,0.6616438356164383561643835617,0.02037530493525989866766747973,0.01467021955338712704072058541
6.932876712328767123287671198,0,0.000,6.932876712328767123287671198,1.008219178082191780821917808,0.6616438356164383561643835617,5.924657534246575342465753390,0E-27,0E-28,0,0,0,1724,1725,2039,ZBO,1.008219178082191780821917808,0.6616438356164383561643835617,0.01761306061174704447363482821,0.01268140364045787202101707631
5.924657534246575342465753390,0,0.000,5.924657534246575342465753390,1.008219178082191780821917808,0.6616438356164383561643835617,4.916438356164383561643835582,0E-27,0E-28,0,0,0,1725,1726,2039,ZBO,1.008219178082191780821917808,0.6616438356164383561643835617,0.01485081628823419027960217667,0.01069258772752861700131356720
4.916438356164383561643835582,0,0.000,4.916438356164383561643835582,1.008219178082191780821917808,0.6616438356164383561643835617,3.908219178082191780821917774,0E-27,0E-28,0,0,0,1726,1727,2039,ZBO,1.008219178082191780821917808,0.6616438356164383561643835617,0.01208857196472133608556952515,0.008703771814599361981610058108
3.908219178082191780821917774,0,0.000,3.908219178082191780821917774,1.008219178082191780821917808,0.6616438356164383561643835617,2.899999999999999999999999966,0E-27,0E-28,0,0,0,1727,1728,2039,ZBO,1.008219178082191780821917808,0.6616438356164383561643835617,0.009326327641208481891536873617,0.006714955901670106961906549004
2.899999999999999999999999966,0,0.000,2.899999999999999999999999966,1.008219178082191780821917808,0.6616438356164383561643835617,1.891780821917808219178082158,0E-27,0E-28,0,0,0,1728,1729,2039,ZBO,1.008219178082191780821917808,0.6616438356164383561643835617,0.006564083317695627697504222088,0.004726139988740851942203039903
1.891780821917808219178082158,0,0.000,1.891780821917808219178082158,1.008219178082191780821917808,0.6616438356164383561643835617,0.883561643835616438356164350,0E-27,0E-28,0,0,0,1729,1730,2039,ZBO,1.008219178082191780821917808,0.6616438356164383561643835617,0.003801838994182773503471570559,0.002737324075811596922499530802
0.883561643835616438356164350,0,0.000,0.883561643835616438356164350,0.8835616438356164383561643500,0.6616438356164383561643835617,0E-28,0.1246575342465753424657534580,0E-28,0,0,0,1730,1731,2039,ZBO,1.008219178082191780821917808,0.6616438356164383561643835617,0.001210358416213173203227622397,0.0008714580596734847063238881258
0E-28,0,0.000,0E-28,0E-28,0E-28,0E-28,1.008219178082191780821917808,0.6616438356164383561643835617,0,0,0,1731,1732,2039,ZBO,1.008219178082191780821917808,0.6616438356164383561643835617,0E-58,0E-60
0E-28,0,0.000,0E-28,0E-28,0E-28,0E-28,1.008219178082191780821917808,0.6616438356164383561643835617,0,0,0,1732,1733,2039,ZBO,1.008219178082191780821917808,0.6616438356164383561643835617,0E-58,0E-60
0E-28,0,0.000,0E-28,0E-28,0E-28,0E-28,0.7561643835616438356164383562,0.4962328767123287671232876713,0,0,0,1733,6935/4,2039,ZBO,0.7561643835616438356164383562,0.4962328767123287671232876713,0E-58,0E-60
0E-28,28.10668663228144122159983731,0.3372802395873772946591980477,27.76940639269406392694063926,0.2520547945205479452054794520,0.1654109589041095890410958904,27.51735159817351598173515981,0E-28,0E-28,28.10668663228144122159983731,0E-26,0,6935/4,1734,2039,ZBO,0.2520547945205479452054794520,0.1654109589041095890410958904,0.01893382122974917120160130105,0.01363235128541940326515293676
27.51735159817351598173515981,0,0.000,27.51735159817351598173515981,1.008219178082191780821917808,0.6616438356164383561643835617,26.50913242009132420091324200,0E-27,0E-28,0,0,0,1734,1735,2039,ZBO,1.008219178082191780821917808,0.6616438356164383561643835617,0.07400888221680115093513479699,0.05328639519609682867329705383
26.50913242009132420091324200,0,0.000,26.50913242009132420091324200,1.008219178082191780821917808,0.6616438356164383561643835617,25.50091324200913242009132419,0E-27,0E-28,0,0,0,1735,1736,2039,ZBO,1.008219178082191780821917808,0.6616438356164383561643835617,0.07124663789328829674110214549,0.05129757928316757365359354475
25.50091324200913242009132419,0,0.000,25.50091324200913242009132419,1.008219178082191780821917808,0.6616438356164383561643835617,24.49269406392694063926940638,0E-27,0E-28,0,0,0,1736,1737,2039,ZBO,1.008219178082191780821917808,0.6616438356164383561643835617,0.06848439356977544254706949392,0.04930876337023831863389003562
24.49269406392694063926940638,0,0.000,24.49269406392694063926940638,1.008219178082191780821917808,0.6616438356164383561643835617,23.48447488584474885844748857,0E-27,0E-28,0,0,0,1737,1738,2039,ZBO,1.008219178082191780821917808,0.6616438356164383561643835617,0.06572214924626258835303684242,0.04731994745730906361418652654
23.48447488584474885844748857,0,0.000,23.48447488584474885844748857,1.008219178082191780821917808,0.6616438356164383561643835617,22.47625570776255707762557076,0E-27,0E-28,0,0,0,1738,1739,2039,ZBO,1.008219178082191780821917808,0.6616438356164383561643835617,0.06295990492274973415900419086,0.04533113154437980859448301742
22.47625570776255707762557076,0,0.000,22.47625570776255707762557076,1.008219178082191780821917808,0.6616438356164383561643835617,21.46803652968036529680365295,0E-27,0E-28,0,0,0,1739,1740,2039,ZBO,1.008219178082191780821917808,0.6616438356164383561643835617,0.06019766059923687996497153935,0.04334231563145055357477950833
21.46803652968036529680365295,0,0.000,21.46803652968036529680365295,1.008219178082191780821917808,0.6616438356164383561643835617,20.45981735159817351598173514,0E-27,0E-28,0,0,0,1740,1741,2039,ZBO,1.008219178082191780821917808,0.6616438356164383561643835617,0.05743541627572402577093888779,0.04135349971852129855507599921
20.45981735159817351598173514,0,0.000,20.45981735159817351598173514,1.008219178082191780821917808,0.6616438356164383561643835617,19.45159817351598173515981733,0E-27,0E-28,0,0,0,1741,1742,2039,ZBO,1.008219178082191780821917808,0.6616438356164383561643835617,0.05467317195221117157690623628,0.03936468380559204353537249012
19.45159817351598173515981733,0,0.000,19.45159817351598173515981733,1.008219178082191780821917808,0.6616438356164383561643835617,18.44337899543378995433789952,0E-27,0E-28,0,0,0,1742,1743,2039,ZBO,1.008219178082191780821917808,0.6616438356164383561643835617,0.05191092762869831738287358472,0.03737586789266278851566898100
18.44337899543378995433789952,0,0.000,18.44337899543378995433789952,1.008219178082191780821917808,0.6616438356164383561643835617,17.43515981735159817351598171,0E-27,0E-28,0,0,0,1743,1744,2039,ZBO,1.008219178082191780821917808,0.6616438356164383561643835617,0.04914868330518546318884093321,0.03538705197973353349596547191
17.43515981735159817351598171,0,0.000,17.43515981735159817351598171,1.008219178082191780821917808,0.6616438356164383561643835617,16.42694063926940639269406390,0E-27,0E-28,0,0,0,1744,1745,2039,ZBO,1.008219178082191780821917808,0.6616438356164383561643835617,0.04638643898167260899480828165,0.03339823606680427847626196279
16.42694063926940639269406390,0,0.000,16.42694063926940639269406390,1.008219178082191780821917808,0.6616438356164383561643835617,15.41872146118721461187214609,0E-27,0E-28,0,0,0,1745,1746,2039,ZBO,1.008219178082191780821917808,0.6616438356164383561643835617,0.04362419465815975480077563014,0.03140942015387502345655845370
15.41872146118721461187214609,0,0.000,15.41872146118721461187214609,1.008219178082191780821917808,0.6616438356164383561643835617,14.41050228310502283105022828,0E-27,0E-28,0,0,0,1746,1747,2039,ZBO,1.008219178082191780821917808,0.6616438356164383561643835617,0.04086195033464690060674297858,0.02942060424094576843685494458
14.41050228310502283105022828,0,0.000,14.41050228310502283105022828,1.008219178082191780821917808,0.6616438356164383561643835617,13.40228310502283105022831047,0E-27,0E-28,0,0,0,1747,1748,2039,ZBO,1.008219178082191780821917808,0.6616438356164383561643835617,0.03809970601113404641271032707,0.02743178832801651341715143549
13.40228310502283105022831047,0,0.000,13.40228310502283105022831047,1.008219178082191780821917808,0.6616438356164383561643835617,12.39406392694063926940639266,0E-27,0E-28,0,0,0,1748,1749,2039,ZBO,1.008219178082191780821917808,0.6616438356164383561643835617,0.03533746168762119221867767551,0.02544297241508725839744792637
12.39406392694063926940639266,0,0.000,12.39406392694063926940639266,1.008219178082191780821917808,0.6616438356164383561643835617,11.38584474885844748858447485,0E-27,0E-28,0,0,0,1749,1750,2039,ZBO,1.008219178082191780821917808,0.6616438356164383561643835617,0.03257521736410833802464502400,0.02345415650215800337774441728
11.38584474885844748858447485,0,0.000,11.38584474885844748858447485,1.008219178082191780821917808,0.6616438356164383561643835617,10.37762557077625570776255704,0E-27,0E-28,0,0,0,1750,1751,2039,ZBO,1.008219178082191780821917808,0.6616438356164383561643835617,0.02981297304059548383061237244,0.02146534058922874835804090816
10.37762557077625570776255704,0,0.000,10.37762557077625570776255704,1.008219178082191780821917808,0.6616438356164383561643835617,9.369406392694063926940639232,0E-27,0E-28,0,0,0,1751,1752,2039,ZBO,1.008219178082191780821917808,0.6616438356164383561643835617,0.02705072871708262963657972092,0.01947652467629949333833739906
9.369406392694063926940639232,0,0.000,9.369406392694063926940639232,1.008219178082191780821917808,0.6616438356164383561643835617,8.361187214611872146118721424,0E-27,0E-28,0,0,0,1752,1753,2039,ZBO,1.008219178082191780821917808,0.6616438356164383561643835617,0.02428848439356977544254706940,0.01748770876337023831863388997
8.361187214611872146118721424,0,0.000,8.361187214611872146118721424,1.008219178082191780821917808,0.6616438356164383561643835617,7.352968036529680365296803616,0E-27,0E-28,0,0,0,1753,1754,2039,ZBO,1.008219178082191780821917808,0.6616438356164383561643835617,0.02152624007005692124851441787,0.01549889285044098329893038087
7.352968036529680365296803616,0,0.000,7.352968036529680365296803616,1.008219178082191780821917808,0.6616438356164383561643835617,6.344748858447488584474885808,0E-27,0E-28,0,0,0,1754,1755,2039,ZBO,1.008219178082191780821917808,0.6616438356164383561643835617,0.01876399574654406705448176633,0.01351007693751172827922687176
6.344748858447488584474885808,0,0.000,6.344748858447488584474885808,1.008219178082191780821917808,0.6616438356164383561643835617,5.336529680365296803652968000,0E-27,0E-28,0,0,0,1755,1756,2039,ZBO,1.008219178082191780821917808,0.6616438356164383561643835617,0.01600175142303121286044911481,0.01152126102458247325952336266
5.336529680365296803652968000,0,0.000,5.336529680365296803652968000,1.008219178082191780821917808,0.6616438356164383561643835617,4.328310502283105022831050192,0E-27,0E-28,0,0,0,1756,1757,2039,ZBO,1.008219178082191780821917808,0.6616438356164383561643835617,0.01323950709951835866641646328,0.009532445111653218239819853562
4.328310502283105022831050192,0,0.000,4.328310502283105022831050192,1.008219178082191780821917808,0.6616438356164383561643835617,3.320091324200913242009132384,0E-27,0E-28,0,0,0,1757,1758,2039,ZBO,1.008219178082191780821917808,0.6616438356164383561643835617,0.01047726277600550447238381175,0.007543629198723963220116344460
3.320091324200913242009132384,0,0.000,3.320091324200913242009132384,1.008219178082191780821917808,0.6616438356164383561643835617,2.311872146118721461187214576,0E-27,0E-28,0,0,0,1758,1759,2039,ZBO,1.008219178082191780821917808,0.6616438356164383561643835617,0.007715018452492650278351160220,0.005554813285794708200412835358
2.311872146118721461187214576,0,0.000,2.311872146118721461187214576,1.008219178082191780821917808,0.6616438356164383561643835617,1.303652968036529680365296768,0E-27,0E-28,0,0,0,1759,1760,2039,ZBO,1.008219178082191780821917808,0.6616438356164383561643835617,0.004952774128979796084318508691,0.003565997372865453180709326258
1.303652968036529680365296768,0,0.000,1.303652968036529680365296768,1.008219178082191780821917808,0.6616438356164383561643835617,0.295433789954337899543378960,0E-27,0E-28,0,0,0,1760,1761,2039,ZBO,1.008219178082191780821917808,0.6616438356164383561643835617,0.002190529805466941890285857162,0.001577181459936198161005817157
0.295433789954337899543378960,0,0.000,0.295433789954337899543378960,0.295433789954337899543378960,0.295433789954337899543378960,0E-27,0.712785388127853881278538848,0.3662100456621004566210046017,0,0,0,1761,1762,2039,ZBO,1.008219178082191780821917808,0.6616438356164383561643835617,0.0004047038218552573966347656987,0.0002913867517357853255770313031
0E-27,0,0.000,0E-27,0E-27,0E-27,0E-27,1.008219178082191780821917808,0.6616438356164383561643835617,0,0,0,1762,1763,2039,ZBO,1.008219178082191780821917808,0.6616438356164383561643835617,0E-57,0E-59
0E-27,0,0.000,0E-27,0E-27,0E-27,0E-27,1.008219178082191780821917808,0.6616438356164383561643835617,0,0,0,1763,1764,2039,ZBO,1.008219178082191780821917808,0.6616438356164383561643835617,0E-57,0E-59
0E-27,0,0.000,0E-27,0E-27,0E-27,0E-27,0.1680365296803652968036529681,0.1102739726027397260273972603,0,0,0,1764,10585/6,2039,ZBO,0.1680365296803652968036529681,0.1102739726027397260273972603,0E-58,0E-60
0E-27,28.10668663228144122159983731,0.3372802395873772946591980477,27.76940639269406392694063926,0.8401826484018264840182648401,0.5513698630136986301369863013,26.92922374429223744292237442,0E-28,0E-28,28.10668663228144122159983731,0E-26,0,10585/6,1765,2039,ZBO,0.8401826484018264840182648401,0.5513698630136986301369863013,0.06244135860386564083317695625,0.04495777819478326139988740850
26.92922374429223744292237442,0,0.000,26.92922374429223744292237442,1.008219178082191780821917808,0.6616438356164383561643835617,25.92100456621004566210045661,0E-27,0E-28,0,0,0,1765,1766,2039,ZBO,1.008219178082191780821917808,0.6616438356164383561643835617,0.07239757302808531932194908362,0.05212625258022142991180334021
25.92100456621004566210045661,0,0.000,25.92100456621004566210045661,1.008219178082191780821917808,0.6616438356164383561643835617,24.91278538812785388127853880,0E-27,0E-28,0,0,0,1766,1767,2039,ZBO,1.008219178082191780821917808,0.6616438356164383561643835617,0.06963532870457246512791643206,0.05013743666729217489209983108
24.91278538812785388127853880,0,0.000,24.91278538812785388127853880,1.008219178082191780821917808,0.6616438356164383561643835617,23.90456621004566210045662099,0E-27,0E-28,0,0,0,1767,1768,2039,ZBO,1.008219178082191780821917808,0.6616438356164383561643835617,0.06687308438105961093388378055,0.04814862075436291987239632200
23.90456621004566210045662099,0,0.000,23.90456621004566210045662099,1.008219178082191780821917808,0.6616438356164383561643835617,22.89634703196347031963470318,0E-27,0E-28,0,0,0,1768,1769,2039,ZBO,1.008219178082191780821917808,0.6616438356164383561643835617,0.06411084005754675673985112899,0.04615980484143366485269281287
22.89634703196347031963470318,0,0.000,22.89634703196347031963470318,1.008219178082191780821917808,0.6616438356164383561643835617,21.88812785388127853881278537,0E-27,0E-28,0,0,0,1769,1770,2039,ZBO,1.008219178082191780821917808,0.6616438356164383561643835617,0.06134859573403390254581847749,0.04417098892850440983298930379
21.88812785388127853881278537,0,0.000,21.88812785388127853881278537,1.008219178082191780821917808,0.6616438356164383561643835617,20.87990867579908675799086756,0E-27,0E-28,0,0,0,1770,1771,2039,ZBO,1.008219178082191780821917808,0.6616438356164383561643835617,0.05858635141052104835178582592,0.04218217301557515481328579466
20.87990867579908675799086756,0,0.000,20.87990867579908675799086756,1.008219178082191780821917808,0.6616438356164383561643835617,19.87168949771689497716894975,0E-27,0E-28,0,0,0,1771,1772,2039,ZBO,1.008219178082191780821917808,0.6616438356164383561643835617,0.05582410708700819415775317442,0.04019335710264589979358228558
19.87168949771689497716894975,0,0.000,19.87168949771689497716894975,1.008219178082191780821917808,0.6616438356164383561643835617,18.86347031963470319634703194,0E-27,0E-28,0,0,0,1772,1773,2039,ZBO,1.008219178082191780821917808,0.6616438356164383561643835617,0.05306186276349533996372052285,0.03820454118971664477387877645
18.86347031963470319634703194,0,0.000,18.86347031963470319634703194,1.008219178082191780821917808,0.6616438356164383561643835617,17.85525114155251141552511413,0E-27,0E-28,0,0,0,1773,1774,2039,ZBO,1.008219178082191780821917808,0.6616438356164383561643835617,0.05029961843998248576968787135,0.03621572527678738975417526737
17.85525114155251141552511413,0,0.000,17.85525114155251141552511413,1.008219178082191780821917808,0.6616438356164383561643835617,16.84703196347031963470319632,0E-27,0E-28,0,0,0,1774,1775,2039,ZBO,1.008219178082191780821917808,0.6616438356164383561643835617,0.04753737411646963157565521979,0.03422690936385813473447175825
16.84703196347031963470319632,0,0.000,16.84703196347031963470319632,1.008219178082191780821917808,0.6616438356164383561643835617,15.83881278538812785388127851,0E-27,0E-28,0,0,0,1775,1776,2039,ZBO,1.008219178082191780821917808,0.6616438356164383561643835617,0.04477512979295677738162256828,0.03223809345092887971476824916
15.83881278538812785388127851,0,0.000,15.83881278538812785388127851,1.008219178082191780821917808,0.6616438356164383561643835617,14.83059360730593607305936070,0E-27,0E-28,0,0,0,1776,1777,2039,ZBO,1.008219178082191780821917808,0.6616438356164383561643835617,0.04201288546944392318758991672,0.03024927753799962469506474004
14.83059360730593607305936070,0,0.000,14.83059360730593607305936070,1.008219178082191780821917808,0.6616438356164383561643835617,13.82237442922374429223744289,0E-27,0E-28,0,0,0,1777,1778,2039,ZBO,1.008219178082191780821917808,0.6616438356164383561643835617,0.03925064114593106899355726521,0.02826046162507036967536123095
13.82237442922374429223744289,0,0.000,13.82237442922374429223744289,1.008219178082191780821917808,0.6616438356164383561643835617,12.81415525114155251141552508,0E-27,0E-28,0,0,0,1778,1779,2039,ZBO,1.008219178082191780821917808,0.6616438356164383561643835617,0.03648839682241821479952461365,0.02627164571214111465565772183
12.81415525114155251141552508,0,0.000,12.81415525114155251141552508,1.008219178082191780821917808,0.6616438356164383561643835617,11.80593607305936073059360727,0E-27,0E-28,0,0,0,1779,1780,2039,ZBO,1.008219178082191780821917808,0.6616438356164383561643835617,0.03372615249890536060549196214,0.02428282979921185963595421274
11.80593607305936073059360727,0,0.000,11.80593607305936073059360727,1.008219178082191780821917808,0.6616438356164383561643835617,10.79771689497716894977168946,0E-27,0E-28,0,0,0,1780,1781,2039,ZBO,1.008219178082191780821917808,0.6616438356164383561643835617,0.03096390817539250641145931058,0.02229401388628260461625070362
10.79771689497716894977168946,0,0.000,10.79771689497716894977168946,1.008219178082191780821917808,0.6616438356164383561643835617,9.789497716894977168949771652,0E-27,0E-28,0,0,0,1781,1782,2039,ZBO,1.008219178082191780821917808,0.6616438356164383561643835617,0.02820166385187965221742665907,0.02030519797335334959654719453
9.789497716894977168949771652,0,0.000,9.789497716894977168949771652,1.008219178082191780821917808,0.6616438356164383561643835617,8.781278538812785388127853844,0E-27,0E-28,0,0,0,1782,1783,2039,ZBO,1.008219178082191780821917808,0.6616438356164383561643835617,0.02543941952836679802339400754,0.01831638206042409457684368543
8.781278538812785388127853844,0,0.000,8.781278538812785388127853844,1.008219178082191780821917808,0.6616438356164383561643835617,7.773059360730593607305936036,0E-27,0E-28,0,0,0,1783,1784,2039,ZBO,1.008219178082191780821917808,0.6616438356164383561643835617,0.02267717520485394382936135600,0.01632756614749483955714017632
7.773059360730593607305936036,0,0.000,7.773059360730593607305936036,1.008219178082191780821917808,0.6616438356164383561643835617,6.764840182648401826484018228,0E-27,0E-28,0,0,0,1784,1785,2039,ZBO,1.008219178082191780821917808,0.6616438356164383561643835617,0.01991493088134108963532870447,0.01433875023456558453743666722
6.764840182648401826484018228,0,0.000,6.764840182648401826484018228,1.008219178082191780821917808,0.6616438356164383561643835617,5.756621004566210045662100420,0E-27,0E-28,0,0,0,1785,1786,2039,ZBO,1.008219178082191780821917808,0.6616438356164383561643835617,0.01715268655782823544129605295,0.01234993432163632951773315812
5.756621004566210045662100420,0,0.000,5.756621004566210045662100420,1.008219178082191780821917808,0.6616438356164383561643835617,4.748401826484018264840182612,0E-27,0E-28,0,0,0,1786,1787,2039,ZBO,1.008219178082191780821917808,0.6616438356164383561643835617,0.01439044223431538124726340141,0.01036111840870707449802964902
4.748401826484018264840182612,0,0.000,4.748401826484018264840182612,1.008219178082191780821917808,0.6616438356164383561643835617,3.740182648401826484018264804,0E-27,0E-28,0,0,0,1787,1788,2039,ZBO,1.008219178082191780821917808,0.6616438356164383561643835617,0.01162819791080252705323074989,0.008372302495777819478326139921
3.740182648401826484018264804,0,0.000,3.740182648401826484018264804,1.008219178082191780821917808,0.6616438356164383561643835617,2.731963470319634703196346996,0E-27,0E-28,0,0,0,1788,1789,2039,ZBO,1.008219178082191780821917808,0.6616438356164383561643835617,0.008865953587289672859198098357,0.006383486582848564458622630817
2.731963470319634703196346996,0,0.000,2.731963470319634703196346996,1.008219178082191780821917808,0.6616438356164383561643835617,1.723744292237442922374429188,0E-27,0E-28,0,0,0,1789,1790,2039,ZBO,1.008219178082191780821917808,0.6616438356164383561643835617,0.006103709263776818665165446828,0.004394670669919309438919121716
1.723744292237442922374429188,0,0.000,1.723744292237442922374429188,1.008219178082191780821917808,0.6616438356164383561643835617,0.715525114155251141552511380,0E-27,0E-28,0,0,0,1790,1791,2039,ZBO,1.008219178082191780821917808,0.6616438356164383561643835617,0.003341464940263964471132795299,0.002405854756990054419215612615
0.715525114155251141552511380,0,0.000,0.715525114155251141552511380,0.7155251141552511415525113800,0.6616438356164383561643835617,0E-28,0.2926940639269406392694064280,0E-28,0,0,0,1791,1792,2039,ZBO,1.008219178082191780821917808,0.6616438356164383561643835617,0.0009801713892537686870582347672,0.0007057234002627134546819290324
0E-28,0,0.000,0E-28,0E-28,0E-28,0E-28,1.008219178082191780821917808,0.6616438356164383561643835617,0,0,0,1792,1793,2039,ZBO,1.008219178082191780821917808,0.6616438356164383561643835617,0E-58,0E-60
0E-28,0,0.000,0E-28,0E-28,0E-28,0E-28,1.008219178082191780821917808,0.6616438356164383561643835617,0,0,0,1793,1794,2039,ZBO,1.008219178082191780821917808,0.6616438356164383561643835617,0E-58,0E-60
0E-28,0,0.000,0E-28,0E-28,0E-28,0E-28,0.5881278538812785388127853881,0.3859589041095890410958904109,0,0,0,1794,21535/12,2039,ZBO,0.5881278538812785388127853881,0.3859589041095890410958904109,0E-58,0E-60
0E-28,28.10668663228144122159983753,0.3372802395873772946591980504,27.76940639269406392694063948,0.4200913242009132420091324203,0.2756849315068493150684931508,27.34931506849315068493150706,0E-28,0E-28,28.10668663228144122159983753,0E-26,0,21535/12,1795,2039,ZBO,0.4200913242009132420091324203,0.2756849315068493150684931508,0.03146045745501553345426492384,0.02265152936761118408707074516
27.34931506849315068493150706,0,0.000,27.34931506849315068493150706,1.008219178082191780821917808,0.6616438356164383561643835617,26.34109589041095890410958925,0E-27,0E-28,0,0,0,1795,1796,2039,ZBO,1.008219178082191780821917808,0.6616438356164383561643835617,0.07354850816288234190279602236,0.05295492587727528617001313610
26.34109589041095890410958925,0,0.000,26.34109589041095890410958925,1.008219178082191780821917808,0.6616438356164383561643835617,25.33287671232876712328767144,0E-27,0E-28,0,0,0,1796,1797,2039,ZBO,1.008219178082191780821917808,0.6616438356164383561643835617,0.07078626383936948770876337080,0.05096610996434603115030962698
25.33287671232876712328767144,0,0.000,25.33287671232876712328767144,1.008219178082191780821917808,0.6616438356164383561643835617,24.32465753424657534246575363,0E-27,0E-28,0,0,0,1797,1798,2039,ZBO,1.008219178082191780821917808,0.6616438356164383561643835617,0.06802401951585663351473071929,0.04897729405141677613060611789
24.32465753424657534246575363,0,0.000,24.32465753424657534246575363,1.008219178082191780821917808,0.6616438356164383561643835617,23.31643835616438356164383582,0E-27,0E-28,0,0,0,1798,1799,2039,ZBO,1.008219178082191780821917808,0.6616438356164383561643835617,0.06526177519234377932069806773,0.04698847813848752111090260877
23.31643835616438356164383582,0,0.000,23.31643835616438356164383582,1.008219178082191780821917808,0.6616438356164383561643835617,22.30821917808219178082191801,0E-27,0E-28,0,0,0,1799,1800,2039,ZBO,1.008219178082191780821917808,0.6616438356164383561643835617,0.06249953086883092512666541623,0.04499966222555826609119909969
22.30821917808219178082191801,0,0.000,22.30821917808219178082191801,1.008219178082191780821917808,0.6616438356164383561643835617,21.30000000000000000000000020,0E-27,0E-28,0,0,0,1800,1801,2039,ZBO,1.008219178082191780821917808,0.6616438356164383561643835617,0.05973728654531807093263276466,0.04301084631262901107149559056
21.30000000000000000000000020,0,0.000,21.30000000000000000000000020,1.008219178082191780821917808,0.6616438356164383561643835617,20.29178082191780821917808239,0E-27,0E-28,0,0,0,1801,1802,2039,ZBO,1.008219178082191780821917808,0.6616438356164383561643835617,0.05697504222180521673860011316,0.04102203039969975605179208148
20.29178082191780821917808239,0,0.000,20.29178082191780821917808239,1.008219178082191780821917808,0.6616438356164383561643835617,19.28356164383561643835616458,0E-27,0E-28,0,0,0,1802,1803,2039,ZBO,1.008219178082191780821917808,0.6616438356164383561643835617,0.05421279789829236254456746159,0.03903321448677050103208857234
19.28356164383561643835616458,0,0.000,19.28356164383561643835616458,1.008219178082191780821917808,0.6616438356164383561643835617,18.27534246575342465753424677,0E-27,0E-28,0,0,0,1803,1804,2039,ZBO,1.008219178082191780821917808,0.6616438356164383561643835617,0.05145055357477950835053481009,0.03704439857384124601238506326
18.27534246575342465753424677,0,0.000,18.27534246575342465753424677,1.008219178082191780821917808,0.6616438356164383561643835617,17.26712328767123287671232896,0E-27,0E-28,0,0,0,1804,1805,2039,ZBO,1.008219178082191780821917808,0.6616438356164383561643835617,0.04868830925126665415650215853,0.03505558266091199099268155414
17.26712328767123287671232896,0,0.000,17.26712328767123287671232896,1.008219178082191780821917808,0.6616438356164383561643835617,16.25890410958904109589041115,0E-27,0E-28,0,0,0,1805,1806,2039,ZBO,1.008219178082191780821917808,0.6616438356164383561643835617,0.04592606492775379996246950702,0.03306676674798273597297804505
16.25890410958904109589041115,0,0.000,16.25890410958904109589041115,1.008219178082191780821917808,0.6616438356164383561643835617,15.25068493150684931506849334,0E-27,0E-28,0,0,0,1806,1807,2039,ZBO,1.008219178082191780821917808,0.6616438356164383561643835617,0.04316382060424094576843685546,0.03107795083505348095327453593
15.25068493150684931506849334,0,0.000,15.25068493150684931506849334,1.008219178082191780821917808,0.6616438356164383561643835617,14.24246575342465753424657553,0E-27,0E-28,0,0,0,1807,1808,2039,ZBO,1.008219178082191780821917808,0.6616438356164383561643835617,0.04040157628072809157440420395,0.02908913492212422593357102684
14.24246575342465753424657553,0,0.000,14.24246575342465753424657553,1.008219178082191780821917808,0.6616438356164383561643835617,13.23424657534246575342465772,0E-27,0E-28,0,0,0,1808,1809,2039,ZBO,1.008219178082191780821917808,0.6616438356164383561643835617,0.03763933195721523738037155239,0.02710031900919497091386751772
13.23424657534246575342465772,0,0.000,13.23424657534246575342465772,1.008219178082191780821917808,0.6616438356164383561643835617,12.22602739726027397260273991,0E-27,0E-28,0,0,0,1809,1810,2039,ZBO,1.008219178082191780821917808,0.6616438356164383561643835617,0.03487708763370238318633890088,0.02511150309626571589416400863
12.22602739726027397260273991,0,0.000,12.22602739726027397260273991,1.008219178082191780821917808,0.6616438356164383561643835617,11.21780821917808219178082210,0E-27,0E-28,0,0,0,1810,1811,2039,ZBO,1.008219178082191780821917808,0.6616438356164383561643835617,0.03211484331018952899230624932,0.02312268718333646087446049951
11.21780821917808219178082210,0,0.000,11.21780821917808219178082210,1.008219178082191780821917808,0.6616438356164383561643835617,10.20958904109589041095890429,0E-27,0E-28,0,0,0,1811,1812,2039,ZBO,1.008219178082191780821917808,0.6616438356164383561643835617,0.02935259898667667479827359781,0.02113387127040720585475699042
10.20958904109589041095890429,0,0.000,10.20958904109589041095890429,1.008219178082191780821917808,0.6616438356164383561643835617,9.201369863013698630136986482,0E-27,0E-28,0,0,0,1812,1813,2039,ZBO,1.008219178082191780821917808,0.6616438356164383561643835617,0.02659035466316382060424094626,0.01914505535747795083505348131
9.201369863013698630136986482,0,0.000,9.201369863013698630136986482,1.008219178082191780821917808,0.6616438356164383561643835617,8.193150684931506849315068674,0E-27,0E-28,0,0,0,1813,1814,2039,ZBO,1.008219178082191780821917808,0.6616438356164383561643835617,0.02382811033965096641020829474,0.01715623944454869581534997221
8.193150684931506849315068674,0,0.000,8.193150684931506849315068674,1.008219178082191780821917808,0.6616438356164383561643835617,7.184931506849315068493150866,0E-27,0E-28,0,0,0,1814,1815,2039,ZBO,1.008219178082191780821917808,0.6616438356164383561643835617,0.02106586601613811221617564321,0.01516742353161944079564646311
7.184931506849315068493150866,0,0.000,7.184931506849315068493150866,1.008219178082191780821917808,0.6616438356164383561643835617,6.176712328767123287671233058,0E-27,0E-28,0,0,0,1815,1816,2039,ZBO,1.008219178082191780821917808,0.6616438356164383561643835617,0.01830362169262525802214299167,0.01317860761869018577594295400
6.176712328767123287671233058,0,0.000,6.176712328767123287671233058,1.008219178082191780821917808,0.6616438356164383561643835617,5.168493150684931506849315250,0E-27,0E-28,0,0,0,1816,1817,2039,ZBO,1.008219178082191780821917808,0.6616438356164383561643835617,0.01554137736911240382811034015,0.01118979170576093075623944491
5.168493150684931506849315250,0,0.000,5.168493150684931506849315250,1.008219178082191780821917808,0.6616438356164383561643835617,4.160273972602739726027397442,0E-27,0E-28,0,0,0,1817,1818,2039,ZBO,1.008219178082191780821917808,0.6616438356164383561643835617,0.01277913304559954963407768862,0.009200975792831675736535935806
4.160273972602739726027397442,0,0.000,4.160273972602739726027397442,1.008219178082191780821917808,0.6616438356164383561643835617,3.152054794520547945205479634,0E-27,0E-28,0,0,0,1818,1819,2039,ZBO,1.008219178082191780821917808,0.6616438356164383561643835617,0.01001688872208669544004503709,0.007212159879902420716832426705
3.152054794520547945205479634,0,0.000,3.152054794520547945205479634,1.008219178082191780821917808,0.6616438356164383561643835617,2.143835616438356164383561826,0E-27,0E-28,0,0,0,1819,1820,2039,ZBO,1.008219178082191780821917808,0.6616438356164383561643835617,0.007254644398573841246012385562,0.005223343966973165697128917605
2.143835616438356164383561826,0,0.000,2.143835616438356164383561826,1.008219178082191780821917808,0.6616438356164383561643835617,1.135616438356164383561644018,0E-27,0E-28,0,0,0,1820,1821,2039,ZBO,1.008219178082191780821917808,0.6616438356164383561643835617,0.004492400075060987051979734033,0.003234528054043910677425408504
1.135616438356164383561644018,0,0.000,1.135616438356164383561644018,1.008219178082191780821917808,0.6616438356164383561643835617,0.127397260273972602739726210,0E-27,0E-28,0,0,0,1821,1822,2039,ZBO,1.008219178082191780821917808,0.6616438356164383561643835617,0.001730155751548132857947082504,0.001245712141114655657721899403
0.127397260273972602739726210,0,0.000,0.127397260273972602739726210,0.127397260273972602739726210,0.127397260273972602739726210,0E-27,0.880821917808219178082191598,0.5342465753424657534246573517,0,0,0,1822,1823,2039,ZBO,1.008219178082191780821917808,0.6616438356164383561643835617,0.0001745167948958528804653783699,0.0001256520923250140739350724263
0E-27,0,0.000,0E-27,0E-27,0E-27,0E-27,1.008219178082191780821917808,0.6616438356164383561643835617,0,0,0,1823,1824,2039,ZBO,1.008219178082191780821917808,0.6616438356164383561643835617,0E-57,0E-59
0E-27,0,0.000,0E-27,0E-27,0E-27,0E-27,1.008219178082191780821917808,0.6616438356164383561643835617,0,0,0,1824,1825,2039,ZBO,1.008219178082191780821917808,0.6616438356164383561643835617,0E-57,0E-59
0E-27,26.67627974044700793078586878,0.3201153568853640951694304254,26.35616438356164383561643835,1.228767123287671232876712329,0.7876712328767123287671232878,25.12739726027397260273972602,0E-27,0E-28,26.67627974044700793078586878,0E-26,0,1825,1826,2040,ZBO,1.228767123287671232876712329,0.7876712328767123287671232878,0.07052542690936385813473447173,0.05077830737474197785700881965
25.12739726027397260273972602,0,0.000,25.12739726027397260273972602,1.228767123287671232876712329,0.7876712328767123287671232878,23.89863013698630136986301369,0E-27,0E-28,0,0,0,1826,1827,2040,ZBO,1.228767123287671232876712329,0.7876712328767123287671232878,0.06715894164008256708575717771,0.04835443798085944830174516795
23.89863013698630136986301369,0,0.000,23.89863013698630136986301369,1.228767123287671232876712329,0.7876712328767123287671232878,22.66986301369863013698630136,0E-27,0E-28,0,0,0,1827,1828,2040,ZBO,1.228767123287671232876712329,0.7876712328767123287671232878,0.06379245637080127603677988362,0.04593056858697691874648151621
22.66986301369863013698630136,0,0.000,22.66986301369863013698630136,1.228767123287671232876712329,0.7876712328767123287671232878,21.44109589041095890410958903,0E-27,0E-28,0,0,0,1828,1829,2040,ZBO,1.228767123287671232876712329,0.7876712328767123287671232878,0.06042597110151998498780258960,0.04350669919309438919121786451
21.44109589041095890410958903,0,0.000,21.44109589041095890410958903,1.228767123287671232876712329,0.7876712328767123287671232878,20.21232876712328767123287670,0E-27,0E-28,0,0,0,1829,1830,2040,ZBO,1.228767123287671232876712329,0.7876712328767123287671232878,0.05705948583223869393882529551,0.04108282979921185963595421277
20.21232876712328767123287670,0,0.000,20.21232876712328767123287670,1.228767123287671232876712329,0.7876712328767123287671232878,18.98356164383561643835616437,0E-27,0E-28,0,0,0,1830,1831,2040,ZBO,1.228767123287671232876712329,0.7876712328767123287671232878,0.05369300056295740288984800148,0.03865896040532933008069056107
18.98356164383561643835616437,0,0.000,18.98356164383561643835616437,1.228767123287671232876712329,0.7876712328767123287671232878,17.75479452054794520547945204,0E-27,0E-28,0,0,0,1831,1832,2040,ZBO,1.228767123287671232876712329,0.7876712328767123287671232878,0.05032651529367611184087070740,0.03623509101144680052542690933
17.75479452054794520547945204,0,0.000,17.75479452054794520547945204,1.228767123287671232876712329,0.7876712328767123287671232878,16.52602739726027397260273971,0E-27,0E-28,0,0,0,1832,1833,2040,ZBO,1.228767123287671232876712329,0.7876712328767123287671232878,0.04696003002439482079189341337,0.03381122161756427097016325763
16.52602739726027397260273971,0,0.000,16.52602739726027397260273971,1.228767123287671232876712329,0.7876712328767123287671232878,15.29726027397260273972602738,0E-27,0E-28,0,0,0,1833,1834,2040,ZBO,1.228767123287671232876712329,0.7876712328767123287671232878,0.04359354475511352974291611929,0.03138735222368174141489960589
15.29726027397260273972602738,0,0.000,15.29726027397260273972602738,1.228767123287671232876712329,0.7876712328767123287671232878,14.06849315068493150684931505,0E-27,0E-28,0,0,0,1834,1835,2040,ZBO,1.228767123287671232876712329,0.7876712328767123287671232878,0.04022705948583223869393882526,0.02896348282979921185963595419
14.06849315068493150684931505,0,0.000,14.06849315068493150684931505,1.228767123287671232876712329,0.7876712328767123287671232878,12.83972602739726027397260272,0E-27,0E-28,0,0,0,1835,1836,2040,ZBO,1.228767123287671232876712329,0.7876712328767123287671232878,0.03686057421655094764496153118,0.02653961343591668230437230245
12.83972602739726027397260272,0,0.000,12.83972602739726027397260272,1.228767123287671232876712329,0.7876712328767123287671232878,11.61095890410958904109589039,0E-27,0E-28,0,0,0,1836,1837,2040,ZBO,1.228767123287671232876712329,0.7876712328767123287671232878,0.03349408894726965659598423715,0.02411574404203415274910865075
11.61095890410958904109589039,0,0.000,11.61095890410958904109589039,1.228767123287671232876712329,0.7876712328767123287671232878,10.38219178082191780821917806,0E-27,0E-28,0,0,0,1837,1838,2040,ZBO,1.228767123287671232876712329,0.7876712328767123287671232878,0.03012760367798836554700694307,0.02169187464815162319384499901
10.38219178082191780821917806,0,0.000,10.38219178082191780821917806,1.228767123287671232876712329,0.7876712328767123287671232878,9.153424657534246575342465731,0E-27,0E-28,0,0,0,1838,1839,2040,ZBO,1.228767123287671232876712329,0.7876712328767123287671232878,0.02676111840870707449802964903,0.01926800525426909363858134730
9.153424657534246575342465731,0,0.000,9.153424657534246575342465731,1.228767123287671232876712329,0.7876712328767123287671232878,7.924657534246575342465753402,0E-27,0E-28,0,0,0,1839,1840,2040,ZBO,1.228767123287671232876712329,0.7876712328767123287671232878,0.02339463313942578344905235497,0.01684413586038656408331769558
7.924657534246575342465753402,0,0.000,7.924657534246575342465753402,1.228767123287671232876712329,0.7876712328767123287671232878,6.695890410958904109589041073,0E-27,0E-28,0,0,0,1840,1841,2040,ZBO,1.228767123287671232876712329,0.7876712328767123287671232878,0.02002814787014449240007506093,0.01442026646650403452805404387
6.695890410958904109589041073,0,0.000,6.695890410958904109589041073,1.228767123287671232876712329,0.7876712328767123287671232878,5.467123287671232876712328744,0E-27,0E-28,0,0,0,1841,1842,2040,ZBO,1.228767123287671232876712329,0.7876712328767123287671232878,0.01666166260086320135109776688,0.01199639707262150497279039215
5.467123287671232876712328744,0,0.000,5.467123287671232876712328744,1.228767123287671232876712329,0.7876712328767123287671232878,4.238356164383561643835616415,0E-27,0E-28,0,0,0,1842,1843,2040,ZBO,1.228767123287671232876712329,0.7876712328767123287671232878,0.01329517733158191030212047282,0.009572527678738975417526740430
4.238356164383561643835616415,0,0.000,4.238356164383561643835616415,1.228767123287671232876712329,0.7876712328767123287671232878,3.009589041095890410958904086,0E-27,0E-28,0,0,0,1843,1844,2040,ZBO,1.228767123287671232876712329,0.7876712328767123287671232878,0.009928692062300619253143178768,0.007148658284856445862263088713
3.009589041095890410958904086,0,0.000,3.009589041095890410958904086,1.228767123287671232876712329,0.7876712328767123287671232878,1.780821917808219178082191757,0E-27,0E-28,0,0,0,1844,1845,2040,ZBO,1.228767123287671232876712329,0.7876712328767123287671232878,0.006562206793019328204165884718,0.004724788890973916306999436997
1.780821917808219178082191757,0,0.000,1.780821917808219178082191757,1.228767123287671232876712329,0.7876712328767123287671232878,0.552054794520547945205479428,0E-27,0E-28,0,0,0,1845,1846,2040,ZBO,1.228767123287671232876712329,0.7876712328767123287671232878,0.003195721523738037155188590663,0.002300919497091386751735785277
0.552054794520547945205479428,0,0.000,0.552054794520547945205479428,0.552054794520547945205479428,0.552054794520547945205479428,0E-27,0.676712328767123287671232901,0.2356164383561643835616438598,0,0,0,1846,1847,2040,ZBO,1.228767123287671232876712329,0.7876712328767123287671232878,0.0007562394445486958153499718193,0.0005444924000750609870519797099
0E-27,0,0.000,0E-27,0E-27,0E-27,0E-27,1.228767123287671232876712329,0.7876712328767123287671232878,0,0,0,1847,1848,2040,ZBO,1.228767123287671232876712329,0.7876712328767123287671232878,0E-57,0E-59
0E-27,0,0.000,0E-27,0E-27,0E-27,0E-27,1.228767123287671232876712329,0.7876712328767123287671232878,0,0,0,1848,1849,2040,ZBO,1.228767123287671232876712329,0.7876712328767123287671232878,0E-57,0E-59
0E-27,0,0.000,0E-27,0E-27,0E-27,0E-27,1.228767123287671232876712329,0.7876712328767123287671232878,0,0,0,1849,1850,2040,ZBO,1.228767123287671232876712329,0.7876712328767123287671232878,0E-57,0E-59
0E-27,0,0.000,0E-27,0E-27,0E-27,0E-27,1.228767123287671232876712329,0.7876712328767123287671232878,0,0,0,1850,1851,2040,ZBO,1.228767123287671232876712329,0.7876712328767123287671232878,0E-57,0E-59
0E-27,0,0.000,0E-27,0E-27,0E-27,0E-27,1.228767123287671232876712329,0.7876712328767123287671232878,0,0,0,1851,1852,2040,ZBO,1.228767123287671232876712329,0.7876712328767123287671232878,0E-57,0E-59
0E-27,0,0.000,0E-27,0E-27,0E-27,0E-27,1.228767123287671232876712329,0.7876712328767123287671232878,0,0,0,1852,1853,2040,ZBO,1.228767123287671232876712329,0.7876712328767123287671232878,0E-57,0E-59
0E-27,0,0.000,0E-27,0E-27,0E-27,0E-27,1.228767123287671232876712329,0.7876712328767123287671232878,0,0,0,1853,1854,2040,ZBO,1.228767123287671232876712329,0.7876712328767123287671232878,0E-57,0E-59
0E-27,0,0.000,0E-27,0E-27,0E-27,0E-27,1.228767123287671232876712329,0.7876712328767123287671232878,0,0,0,1854,1855,2040,ZBO,1.228767123287671232876712329,0.7876712328767123287671232878,0E-57,0E-59
0E-27,0,0.000,0E-27,0E-27,0E-27,0E-27,0.5119863013698630136986301372,0.3281963470319634703196347033,0,0,0,1855,22265/12,2040,ZBO,0.5119863013698630136986301372,0.3281963470319634703196347033,0E-57,0E-59
0E-27,26.67627974044700793078586878,0.3201153568853640951694304254,26.35616438356164383561643835,0.7167808219178082191780821917,0.4594748858447488584474885844,25.63938356164383561643835616,0E-28,0E-28,26.67627974044700793078586878,0E-26,0,22265/12,1856,2040,ZBO,0.7167808219178082191780821917,0.4594748858447488584474885844,0.04154895383749296303246387690,0.02991524676299493338337399137
25.63938356164383561643835616,0,0.000,25.63938356164383561643835616,1.228767123287671232876712329,0.7876712328767123287671232878,24.41061643835616438356164383,0E-27,0E-28,0,0,0,1856,1857,2040,ZBO,1.228767123287671232876712329,0.7876712328767123287671232878,0.06856164383561643835616438357,0.04936438356164383561643835617
24.41061643835616438356164383,0,0.000,24.41061643835616438356164383,1.228767123287671232876712329,0.7876712328767123287671232878,23.18184931506849315068493150,0E-27,0E-28,0,0,0,1857,1858,2040,ZBO,1.228767123287671232876712329,0.7876712328767123287671232878,0.06519515856633514730718708949,0.04694051416776130606117470443
23.18184931506849315068493150,0,0.000,23.18184931506849315068493150,1.228767123287671232876712329,0.7876712328767123287671232878,21.95308219178082191780821917,0E-27,0E-28,0,0,0,1858,1859,2040,ZBO,1.228767123287671232876712329,0.7876712328767123287671232878,0.06182867329705385625820979546,0.04451664477387877650591105273
21.95308219178082191780821917,0,0.000,21.95308219178082191780821917,1.228767123287671232876712329,0.7876712328767123287671232878,20.72431506849315068493150684,0E-27,0E-28,0,0,0,1859,1860,2040,ZBO,1.228767123287671232876712329,0.7876712328767123287671232878,0.05846218802777256520923250138,0.04209277537999624695064740099
20.72431506849315068493150684,0,0.000,20.72431506849315068493150684,1.228767123287671232876712329,0.7876712328767123287671232878,19.49554794520547945205479451,0E-27,0E-28,0,0,0,1860,1861,2040,ZBO,1.228767123287671232876712329,0.7876712328767123287671232878,0.05509570275849127416025520735,0.03966890598611371739538374929
19.49554794520547945205479451,0,0.000,19.49554794520547945205479451,1.228767123287671232876712329,0.7876712328767123287671232878,18.26678082191780821917808218,0E-27,0E-28,0,0,0,1861,1862,2040,ZBO,1.228767123287671232876712329,0.7876712328767123287671232878,0.05172921748920998311127791327,0.03724503659223118784012009755
18.26678082191780821917808218,0,0.000,18.26678082191780821917808218,1.228767123287671232876712329,0.7876712328767123287671232878,17.03801369863013698630136985,0E-27,0E-28,0,0,0,1862,1863,2040,ZBO,1.228767123287671232876712329,0.7876712328767123287671232878,0.04836273221992869206230061924,0.03482116719834865828485644585
17.03801369863013698630136985,0,0.000,17.03801369863013698630136985,1.228767123287671232876712329,0.7876712328767123287671232878,15.80924657534246575342465752,0E-27,0E-28,0,0,0,1863,1864,2040,ZBO,1.228767123287671232876712329,0.7876712328767123287671232878,0.04499624695064740101332332516,0.03239729780446612872959279412
15.80924657534246575342465752,0,0.000,15.80924657534246575342465752,1.228767123287671232876712329,0.7876712328767123287671232878,14.58047945205479452054794519,0E-27,0E-28,0,0,0,1864,1865,2040,ZBO,1.228767123287671232876712329,0.7876712328767123287671232878,0.04162976168136610996434603113,0.02997342841058359917432914241
14.58047945205479452054794519,0,0.000,14.58047945205479452054794519,1.228767123287671232876712329,0.7876712328767123287671232878,13.35171232876712328767123286,0E-27,0E-28,0,0,0,1865,1866,2040,ZBO,1.228767123287671232876712329,0.7876712328767123287671232878,0.03826327641208481891536873704,0.02754955901670106961906549067
13.35171232876712328767123286,0,0.000,13.35171232876712328767123286,1.228767123287671232876712329,0.7876712328767123287671232878,12.12294520547945205479452053,0E-27,0E-28,0,0,0,1866,1867,2040,ZBO,1.228767123287671232876712329,0.7876712328767123287671232878,0.03489679114280352786639144302,0.02512568962281854006380183897
12.12294520547945205479452053,0,0.000,12.12294520547945205479452053,1.228767123287671232876712329,0.7876712328767123287671232878,10.89417808219178082191780820,0E-27,0E-28,0,0,0,1867,1868,2040,ZBO,1.228767123287671232876712329,0.7876712328767123287671232878,0.03153030587352223681741414893,0.02270182022893601050853818723
10.89417808219178082191780820,0,0.000,10.89417808219178082191780820,1.228767123287671232876712329,0.7876712328767123287671232878,9.665410958904109589041095871,0E-27,0E-28,0,0,0,1868,1869,2040,ZBO,1.228767123287671232876712329,0.7876712328767123287671232878,0.02816382060424094576843685491,0.02027795083505348095327453554
9.665410958904109589041095871,0,0.000,9.665410958904109589041095871,1.228767123287671232876712329,0.7876712328767123287671232878,8.436643835616438356164383542,0E-27,0E-28,0,0,0,1869,1870,2040,ZBO,1.228767123287671232876712329,0.7876712328767123287671232878,0.02479733533495965471945956084,0.01785408144117095139801088380
8.436643835616438356164383542,0,0.000,8.436643835616438356164383542,1.228767123287671232876712329,0.7876712328767123287671232878,7.207876712328767123287671213,0E-27,0E-28,0,0,0,1870,1871,2040,ZBO,1.228767123287671232876712329,0.7876712328767123287671232878,0.02143085006567836367048226680,0.01543021204728842184274723210
7.207876712328767123287671213,0,0.000,7.207876712328767123287671213,1.228767123287671232876712329,0.7876712328767123287671232878,5.979109589041095890410958884,0E-27,0E-28,0,0,0,1871,1872,2040,ZBO,1.228767123287671232876712329,0.7876712328767123287671232878,0.01806436479639707262150497274,0.01300634265340589228748358037
5.979109589041095890410958884,0,0.000,5.979109589041095890410958884,1.228767123287671232876712329,0.7876712328767123287671232878,4.750342465753424657534246555,0E-27,0E-28,0,0,0,1872,1873,2040,ZBO,1.228767123287671232876712329,0.7876712328767123287671232878,0.01469787952711578157252767869,0.01058247325952336273221992866
4.750342465753424657534246555,0,0.000,4.750342465753424657534246555,1.228767123287671232876712329,0.7876712328767123287671232878,3.521575342465753424657534226,0E-27,0E-28,0,0,0,1873,1874,2040,ZBO,1.228767123287671232876712329,0.7876712328767123287671232878,0.01133139425783449052355038463,0.008158603865640833176956276934
3.521575342465753424657534226,0,0.000,3.521575342465753424657534226,1.228767123287671232876712329,0.7876712328767123287671232878,2.292808219178082191780821897,0E-27,0E-28,0,0,0,1874,1875,2040,ZBO,1.228767123287671232876712329,0.7876712328767123287671232878,0.007964908988553199474573090582,0.005734734471758303621692625219
2.292808219178082191780821897,0,0.000,2.292808219178082191780821897,1.228767123287671232876712329,0.7876712328767123287671232878,1.064041095890410958904109568,0E-27,0E-28,0,0,0,1875,1876,2040,ZBO,1.228767123287671232876712329,0.7876712328767123287671232878,0.004598423719271908425595796526,0.003310865077875774066428973499
1.064041095890410958904109568,0,0.000,1.064041095890410958904109568,1.064041095890410958904109568,0.7876712328767123287671232878,0E-27,0.164726027397260273972602761,0E-28,0,0,0,1876,1877,2040,ZBO,1.228767123287671232876712329,0.7876712328767123287671232878,0.001457590542315631450553574751,0.001049465190467254644398573821
0E-27,0,0.000,0E-27,0E-27,0E-27,0E-27,1.228767123287671232876712329,0.7876712328767123287671232878,0,0,0,1877,1878,2040,ZBO,1.228767123287671232876712329,0.7876712328767123287671232878,0E-57,0E-59
0E-27,0,0.000,0E-27,0E-27,0E-27,0E-27,1.228767123287671232876712329,0.7876712328767123287671232878,0,0,0,1878,1879,2040,ZBO,1.228767123287671232876712329,0.7876712328767123287671232878,0E-57,0E-59
0E-27,0,0.000,0E-27,0E-27,0E-27,0E-27,1.228767123287671232876712329,0.7876712328767123287671232878,0,0,0,1879,1880,2040,ZBO,1.228767123287671232876712329,0.7876712328767123287671232878,0E-57,0E-59
0E-27,0,0.000,0E-27,0E-27,0E-27,0E-27,1.228767123287671232876712329,0.7876712328767123287671232878,0,0,0,1880,1881,2040,ZBO,1.228767123287671232876712329,0.7876712328767123287671232878,0E-57,0E-59
0E-27,0,0.000,0E-27,0E-27,0E-27,0E-27,1.228767123287671232876712329,0.7876712328767123287671232878,0,0,0,1881,1882,2040,ZBO,1.228767123287671232876712329,0.7876712328767123287671232878,0E-57,0E-59
0E-27,0,0.000,0E-27,0E-27,0E-27,0E-27,1.228767123287671232876712329,0.7876712328767123287671232878,0,0,0,1882,1883,2040,ZBO,1.228767123287671232876712329,0.7876712328767123287671232878,0E-57,0E-59
0E-27,0,0.000,0E-27,0E-27,0E-27,0E-27,1.228767123287671232876712329,0.7876712328767123287671232878,0,0,0,1883,1884,2040,ZBO,1.228767123287671232876712329,0.7876712328767123287671232878,0E-57,0E-59
0E-27,0,0.000,0E-27,0E-27,0E-27,0E-27,1.228767123287671232876712329,0.7876712328767123287671232878,0,0,0,1884,1885,2040,ZBO,1.228767123287671232876712329,0.7876712328767123287671232878,0E-57,0E-59
0E-27,0,0.000,0E-27,0E-27,0E-27,0E-27,1.023972602739726027397260274,0.6563926940639269406392694064,0,0,0,1885,11315/6,2040,ZBO,1.023972602739726027397260274,0.6563926940639269406392694064,0E-57,0E-59
0E-27,26.67627974044700793078586878,0.3201153568853640951694304254,26.35616438356164383561643835,0.2047945205479452054794520548,0.1312785388127853881278538813,26.15136986301369863013698630,0E-28,0E-28,26.67627974044700793078586878,0E-26,0,11315/6,1886,2040,ZBO,0.2047945205479452054794520548,0.1312785388127853881278538813,0.01198802151748295490085694627,0.008631375492587727528617001314
26.15136986301369863013698630,0,0.000,26.15136986301369863013698630,1.228767123287671232876712329,0.7876712328767123287671232878,24.92260273972602739726027397,0E-27,0E-28,0,0,0,1886,1887,2040,ZBO,1.228767123287671232876712329,0.7876712328767123287671232878,0.06996434603115030962657158943,0.05037432914242822293113154439
24.92260273972602739726027397,0,0.000,24.92260273972602739726027397,1.228767123287671232876712329,0.7876712328767123287671232878,23.69383561643835616438356164,0E-27,0E-28,0,0,0,1887,1888,2040,ZBO,1.228767123287671232876712329,0.7876712328767123287671232878,0.06659786076186901857759429535,0.04795045974854569337586789265
23.69383561643835616438356164,0,0.000,23.69383561643835616438356164,1.228767123287671232876712329,0.7876712328767123287671232878,22.46506849315068493150684931,0E-27,0E-28,0,0,0,1888,1889,2040,ZBO,1.228767123287671232876712329,0.7876712328767123287671232878,0.06323137549258772752861700132,0.04552659035466316382060424095
22.46506849315068493150684931,0,0.000,22.46506849315068493150684931,1.228767123287671232876712329,0.7876712328767123287671232878,21.23630136986301369863013698,0E-27,0E-28,0,0,0,1889,1890,2040,ZBO,1.228767123287671232876712329,0.7876712328767123287671232878,0.05986489022330643647963970724,0.04310272096078063426534058921
21.23630136986301369863013698,0,0.000,21.23630136986301369863013698,1.228767123287671232876712329,0.7876712328767123287671232878,20.00753424657534246575342465,0E-27,0E-28,0,0,0,1890,1891,2040,ZBO,1.228767123287671232876712329,0.7876712328767123287671232878,0.05649840495402514543066241321,0.04067885156689810471007693751
20.00753424657534246575342465,0,0.000,20.00753424657534246575342465,1.228767123287671232876712329,0.7876712328767123287671232878,18.77876712328767123287671232,0E-27,0E-28,0,0,0,1891,1892,2040,ZBO,1.228767123287671232876712329,0.7876712328767123287671232878,0.05313191968474385438168511913,0.03825498217301557515481328577
18.77876712328767123287671232,0,0.000,18.77876712328767123287671232,1.228767123287671232876712329,0.7876712328767123287671232878,17.54999999999999999999999999,0E-27,0E-28,0,0,0,1892,1893,2040,ZBO,1.228767123287671232876712329,0.7876712328767123287671232878,0.04976543441546256333270782510,0.03583111277913304559954963407
17.54999999999999999999999999,0,0.000,17.54999999999999999999999999,1.228767123287671232876712329,0.7876712328767123287671232878,16.32123287671232876712328766,0E-27,0E-28,0,0,0,1893,1894,2040,ZBO,1.228767123287671232876712329,0.7876712328767123287671232878,0.04639894914618127228373053102,0.03340724338525051604428598233
16.32123287671232876712328766,0,0.000,16.32123287671232876712328766,1.228767123287671232876712329,0.7876712328767123287671232878,15.09246575342465753424657533,0E-27,0E-28,0,0,0,1894,1895,2040,ZBO,1.228767123287671232876712329,0.7876712328767123287671232878,0.04303246387689998123475323699,0.03098337399136798648902233063
15.09246575342465753424657533,0,0.000,15.09246575342465753424657533,1.228767123287671232876712329,0.7876712328767123287671232878,13.86369863013698630136986300,0E-27,0E-28,0,0,0,1895,1896,2040,ZBO,1.228767123287671232876712329,0.7876712328767123287671232878,0.03966597860761869018577594291,0.02855950459748545693375867890
13.86369863013698630136986300,0,0.000,13.86369863013698630136986300,1.228767123287671232876712329,0.7876712328767123287671232878,12.63493150684931506849315067,0E-27,0E-28,0,0,0,1896,1897,2040,ZBO,1.228767123287671232876712329,0.7876712328767123287671232878,0.03629949333833739913679864888,0.02613563520360292737849502719
12.63493150684931506849315067,0,0.000,12.63493150684931506849315067,1.228767123287671232876712329,0.7876712328767123287671232878,11.40616438356164383561643834,0E-27,0E-28,0,0,0,1897,1898,2040,ZBO,1.228767123287671232876712329,0.7876712328767123287671232878,0.03293300806905610808782135480,0.02371176580972039782323137546
11.40616438356164383561643834,0,0.000,11.40616438356164383561643834,1.228767123287671232876712329,0.7876712328767123287671232878,10.17739726027397260273972601,0E-27,0E-28,0,0,0,1898,1899,2040,ZBO,1.228767123287671232876712329,0.7876712328767123287671232878,0.02956652279977481703884406077,0.02128789641583786826796772375
10.17739726027397260273972601,0,0.000,10.17739726027397260273972601,1.228767123287671232876712329,0.7876712328767123287671232878,8.948630136986301369863013681,0E-27,0E-28,0,0,0,1899,1900,2040,ZBO,1.228767123287671232876712329,0.7876712328767123287671232878,0.02620003753049352598986676670,0.01886402702195533871270407202
8.948630136986301369863013681,0,0.000,8.948630136986301369863013681,1.228767123287671232876712329,0.7876712328767123287671232878,7.719863013698630136986301352,0E-27,0E-28,0,0,0,1900,1901,2040,ZBO,1.228767123287671232876712329,0.7876712328767123287671232878,0.02283355226121223494088947265,0.01644015762807280915744042031
7.719863013698630136986301352,0,0.000,7.719863013698630136986301352,1.228767123287671232876712329,0.7876712328767123287671232878,6.491095890410958904109589023,0E-27,0E-28,0,0,0,1901,1902,2040,ZBO,1.228767123287671232876712329,0.7876712328767123287671232878,0.01946706699193094389191217860,0.01401628823419027960217676859
6.491095890410958904109589023,0,0.000,6.491095890410958904109589023,1.228767123287671232876712329,0.7876712328767123287671232878,5.262328767123287671232876694,0E-27,0E-28,0,0,0,1902,1903,2040,ZBO,1.228767123287671232876712329,0.7876712328767123287671232878,0.01610058172264965284293488455,0.01159241884030775004691311688
5.262328767123287671232876694,0,0.000,5.262328767123287671232876694,1.228767123287671232876712329,0.7876712328767123287671232878,4.033561643835616438356164365,0E-27,0E-28,0,0,0,1903,1904,2040,ZBO,1.228767123287671232876712329,0.7876712328767123287671232878,0.01273409645336836179395759049,0.009168549446425220491649465153
4.033561643835616438356164365,0,0.000,4.033561643835616438356164365,1.228767123287671232876712329,0.7876712328767123287671232878,2.804794520547945205479452036,0E-27,0E-28,0,0,0,1904,1905,2040,ZBO,1.228767123287671232876712329,0.7876712328767123287671232878,0.009367611184087070744980296439,0.006744680052542690936385813436
2.804794520547945205479452036,0,0.000,2.804794520547945205479452036,1.228767123287671232876712329,0.7876712328767123287671232878,1.576027397260273972602739707,0E-27,0E-28,0,0,0,1905,1906,2040,ZBO,1.228767123287671232876712329,0.7876712328767123287671232878,0.006001125914805779696003002390,0.004320810658660161381122161721
1.576027397260273972602739707,0,0.000,1.576027397260273972602739707,1.228767123287671232876712329,0.7876712328767123287671232878,0.347260273972602739726027378,0E-27,0E-28,0,0,0,1906,1907,2040,ZBO,1.228767123287671232876712329,0.7876712328767123287671232878,0.002634640645524488647025708336,0.001896941264777631825858510002
0.347260273972602739726027378,0,0.000,0.347260273972602739726027378,0.347260273972602739726027378,0.347260273972602739726027378,0E-27,0.881506849315068493150684951,0.4404109589041095890410959098,0,0,0,1907,1908,2040,ZBO,1.228767123287671232876712329,0.7876712328767123287671232878,0.0004756990054419215612685306548,0.0003425032839181835241133420715
0E-27,0,0.000,0E-27,0E-27,0E-27,0E-27,1.228767123287671232876712329,0.7876712328767123287671232878,0,0,0,1908,1909,2040,ZBO,1.228767123287671232876712329,0.7876712328767123287671232878,0E-57,0E-59
0E-27,0,0.000,0E-27,0E-27,0E-27,0E-27,1.228767123287671232876712329,0.7876712328767123287671232878,0,0,0,1909,1910,2040,ZBO,1.228767123287671232876712329,0.7876712328767123287671232878,0E-57,0E-59
0E-27,0,0.000,0E-27,0E-27,0E-27,0E-27,1.228767123287671232876712329,0.7876712328767123287671232878,0,0,0,1910,1911,2040,ZBO,1.228767123287671232876712329,0.7876712328767123287671232878,0E-57,0E-59
0E-27,0,0.000,0E-27,0E-27,0E-27,0E-27,1.228767123287671232876712329,0.7876712328767123287671232878,0,0,0,1911,1912,2040,ZBO,1.228767123287671232876712329,0.7876712328767123287671232878,0E-57,0E-59
0E-27,0,0.000,0E-27,0E-27,0E-27,0E-27,1.228767123287671232876712329,0.7876712328767123287671232878,0,0,0,1912,1913,2040,ZBO,1.228767123287671232876712329,0.7876712328767123287671232878,0E-57,0E-59
0E-27,0,0.000,0E-27,0E-27,0E-27,0E-27,1.228767123287671232876712329,0.7876712328767123287671232878,0,0,0,1913,1914,2040,ZBO,1.228767123287671232876712329,0.7876712328767123287671232878,0E-57,0E-59
0E-27,0,0.000,0E-27,0E-27,0E-27,0E-27,1.228767123287671232876712329,0.7876712328767123287671232878,0,0,0,1914,1915,2040,ZBO,1.228767123287671232876712329,0.7876712328767123287671232878,0E-57,0E-59
0E-27,0,0.000,0E-27,0E-27,0E-27,0E-27,1.228767123287671232876712329,0.7876712328767123287671232878,0,0,0,1915,1916,2040,ZBO,1.228767123287671232876712329,0.7876712328767123287671232878,0E-57,0E-59
0E-27,0,0.000,0E-27,0E-27,0E-27,0E-27,0.3071917808219178082191780822,0.1969178082191780821917808219,0,0,0,1916,7665/4,2040,ZBO,0.3071917808219178082191780822,0.1969178082191780821917808219,0E-58,0E-60
0E-27,26.67627974044700793078586878,0.3201153568853640951694304254,26.35616438356164383561643835,0.9215753424657534246575342467,0.5907534246575342465753424658,25.43458904109589041095890410,0E-28,0E-28,26.67627974044700793078586878,0E-26,0,7665/4,1917,2040,ZBO,0.9215753424657534246575342467,0.5907534246575342465753424658,0.05320967817601801463689247511,0.03831096828673297053856258208
25.43458904109589041095890410,0,0.000,25.43458904109589041095890410,1.228767123287671232876712329,0.7876712328767123287671232878,24.20582191780821917808219177,0E-27,0E-28,0,0,0,1917,1918,2040,ZBO,1.228767123287671232876712329,0.7876712328767123287671232878,0.06800056295740288984800150121,0.04896040532933008069056108087
24.20582191780821917808219177,0,0.000,24.20582191780821917808219177,1.228767123287671232876712329,0.7876712328767123287671232878,22.97705479452054794520547944,0E-27,0E-28,0,0,0,1918,1919,2040,ZBO,1.228767123287671232876712329,0.7876712328767123287671232878,0.06463407768812159879902420713,0.04653653593544755113529742913
22.97705479452054794520547944,0,0.000,22.97705479452054794520547944,1.228767123287671232876712329,0.7876712328767123287671232878,21.74828767123287671232876711,0E-27,0E-28,0,0,0,1919,1920,2040,ZBO,1.228767123287671232876712329,0.7876712328767123287671232878,0.06126759241884030775004691310,0.04411266654156502158003377743
21.74828767123287671232876711,0,0.000,21.74828767123287671232876711,1.228767123287671232876712329,0.7876712328767123287671232878,20.51952054794520547945205478,0E-27,0E-28,0,0,0,1920,1921,2040,ZBO,1.228767123287671232876712329,0.7876712328767123287671232878,0.05790110714955901670106961902,0.04168879714768249202477012569
20.51952054794520547945205478,0,0.000,20.51952054794520547945205478,1.228767123287671232876712329,0.7876712328767123287671232878,19.29075342465753424657534245,0E-27,0E-28,0,0,0,1921,1922,2040,ZBO,1.228767123287671232876712329,0.7876712328767123287671232878,0.05453462188027772565209232499,0.03926492775379996246950647399
19.29075342465753424657534245,0,0.000,19.29075342465753424657534245,1.228767123287671232876712329,0.7876712328767123287671232878,18.06198630136986301369863012,0E-27,0E-28,0,0,0,1922,1923,2040,ZBO,1.228767123287671232876712329,0.7876712328767123287671232878,0.05116813661099643460311503091,0.03684105835991743291424282226
18.06198630136986301369863012,0,0.000,18.06198630136986301369863012,1.228767123287671232876712329,0.7876712328767123287671232878,16.83321917808219178082191779,0E-27,0E-28,0,0,0,1923,1924,2040,ZBO,1.228767123287671232876712329,0.7876712328767123287671232878,0.04780165134171514355413773688,0.03441718896603490335897917055
16.83321917808219178082191779,0,0.000,16.83321917808219178082191779,1.228767123287671232876712329,0.7876712328767123287671232878,15.60445205479452054794520546,0E-27,0E-28,0,0,0,1924,1925,2040,ZBO,1.228767123287671232876712329,0.7876712328767123287671232878,0.04443516607243385250516044280,0.03199331957215237380371551882
15.60445205479452054794520546,0,0.000,15.60445205479452054794520546,1.228767123287671232876712329,0.7876712328767123287671232878,14.37568493150684931506849313,0E-27,0E-28,0,0,0,1925,1926,2040,ZBO,1.228767123287671232876712329,0.7876712328767123287671232878,0.04106868080315256145618314877,0.02956945017826984424845186711
14.37568493150684931506849313,0,0.000,14.37568493150684931506849313,1.228767123287671232876712329,0.7876712328767123287671232878,13.14691780821917808219178080,0E-27,0E-28,0,0,0,1926,1927,2040,ZBO,1.228767123287671232876712329,0.7876712328767123287671232878,0.03770219553387127040720585469,0.02714558078438731469318821538
13.14691780821917808219178080,0,0.000,13.14691780821917808219178080,1.228767123287671232876712329,0.7876712328767123287671232878,11.91815068493150684931506847,0E-27,0E-28,0,0,0,1927,1928,2040,ZBO,1.228767123287671232876712329,0.7876712328767123287671232878,0.03433571026458997935822856066,0.02472171139050478513792456368
11.91815068493150684931506847,0,0.000,11.91815068493150684931506847,1.228767123287671232876712329,0.7876712328767123287671232878,10.68938356164383561643835614,0E-27,0E-28,0,0,0,1928,1929,2040,ZBO,1.228767123287671232876712329,0.7876712328767123287671232878,0.03096922499530868830925126658,0.02229784199662225558266091194
10.68938356164383561643835614,0,0.000,10.68938356164383561643835614,1.228767123287671232876712329,0.7876712328767123287671232878,9.460616438356164383561643811,0E-27,0E-28,0,0,0,1929,1930,2040,ZBO,1.228767123287671232876712329,0.7876712328767123287671232878,0.02760273972602739726027397255,0.01987397260273972602739726024
9.460616438356164383561643811,0,0.000,9.460616438356164383561643811,1.228767123287671232876712329,0.7876712328767123287671232878,8.231849315068493150684931482,0E-27,0E-28,0,0,0,1930,1931,2040,ZBO,1.228767123287671232876712329,0.7876712328767123287671232878,0.02423625445674610621129667848,0.01745010320885719647213360851
8.231849315068493150684931482,0,0.000,8.231849315068493150684931482,1.228767123287671232876712329,0.7876712328767123287671232878,7.003082191780821917808219153,0E-27,0E-28,0,0,0,1931,1932,2040,ZBO,1.228767123287671232876712329,0.7876712328767123287671232878,0.02086976918746481516231938444,0.01502623381497466691686995680
7.003082191780821917808219153,0,0.000,7.003082191780821917808219153,1.228767123287671232876712329,0.7876712328767123287671232878,5.774315068493150684931506824,0E-27,0E-28,0,0,0,1932,1933,2040,ZBO,1.228767123287671232876712329,0.7876712328767123287671232878,0.01750328391818352411334209039,0.01260236442109213736160630508
5.774315068493150684931506824,0,0.000,5.774315068493150684931506824,1.228767123287671232876712329,0.7876712328767123287671232878,4.545547945205479452054794495,0E-27,0E-28,0,0,0,1933,1934,2040,ZBO,1.228767123287671232876712329,0.7876712328767123287671232878,0.01413679864890223306436479633,0.01017849502720960780634265336
4.545547945205479452054794495,0,0.000,4.545547945205479452054794495,1.228767123287671232876712329,0.7876712328767123287671232878,3.316780821917808219178082166,0E-27,0E-28,0,0,0,1934,1935,2040,ZBO,1.228767123287671232876712329,0.7876712328767123287671232878,0.01077031337962094201538750228,0.007754625633327078251079001642
3.316780821917808219178082166,0,0.000,3.316780821917808219178082166,1.228767123287671232876712329,0.7876712328767123287671232878,2.088013698630136986301369837,0E-27,0E-28,0,0,0,1935,1936,2040,ZBO,1.228767123287671232876712329,0.7876712328767123287671232878,0.007403828110339650966410208225,0.005330756239444548695815349922
2.088013698630136986301369837,0,0.000,2.088013698630136986301369837,1.228767123287671232876712329,0.7876712328767123287671232878,0.859246575342465753424657508,0E-27,0E-28,0,0,0,1936,1937,2040,ZBO,1.228767123287671232876712329,0.7876712328767123287671232878,0.004037342841058359917432914170,0.002906886845562019140551698202
0.859246575342465753424657508,0,0.000,0.859246575342465753424657508,0.8592465753424657534246575080,0.7876712328767123287671232878,0E-28,0.3695205479452054794520548210,0E-28,0,0,0,1937,1938,2040,ZBO,1.228767123287671232876712329,0.7876712328767123287671232878,0.001177050103208857196472133573,0.0008474760743103771814599361726
0E-28,0,0.000,0E-28,0E-28,0E-28,0E-28,1.228767123287671232876712329,0.7876712328767123287671232878,0,0,0,1938,1939,2040,ZBO,1.228767123287671232876712329,0.7876712328767123287671232878,0E-58,0E-60
0E-28,0,0.000,0E-28,0E-28,0E-28,0E-28,1.228767123287671232876712329,0.7876712328767123287671232878,0,0,0,1939,1940,2040,ZBO,1.228767123287671232876712329,0.7876712328767123287671232878,0E-58,0E-60
0E-28,0,0.000,0E-28,0E-28,0E-28,0E-28,1.228767123287671232876712329,0.7876712328767123287671232878,0,0,0,1940,1941,2040,ZBO,1.228767123287671232876712329,0.7876712328767123287671232878,0E-58,0E-60
0E-28,0,0.000,0E-28,0E-28,0E-28,0E-28,1.228767123287671232876712329,0.7876712328767123287671232878,0,0,0,1941,1942,2040,ZBO,1.228767123287671232876712329,0.7876712328767123287671232878,0E-58,0E-60
0E-28,0,0.000,0E-28,0E-28,0E-28,0E-28,1.228767123287671232876712329,0.7876712328767123287671232878,0,0,0,1942,1943,2040,ZBO,1.228767123287671232876712329,0.7876712328767123287671232878,0E-58,0E-60
0E-28,0,0.000,0E-28,0E-28,0E-28,0E-28,1.228767123287671232876712329,0.7876712328767123287671232878,0,0,0,1943,1944,2040,ZBO,1.228767123287671232876712329,0.7876712328767123287671232878,0E-58,0E-60
0E-28,0,0.000,0E-28,0E-28,0E-28,0E-28,1.228767123287671232876712329,0.7876712328767123287671232878,0,0,0,1944,1945,2040,ZBO,1.228767123287671232876712329,0.7876712328767123287671232878,0E-58,0E-60
0E-28,0,0.000,0E-28,0E-28,0E-28,0E-28,1.228767123287671232876712329,0.7876712328767123287671232878,0,0,0,1945,1946,2040,ZBO,1.228767123287671232876712329,0.7876712328767123287671232878,0E-58,0E-60
0E-28,0,0.000,0E-28,0E-28,0E-28,0E-28,0.8191780821917808219178082194,0.5251141552511415525114155253,0,0,0,1946,5840/3,2040,ZBO,0.8191780821917808219178082194,0.5251141552511415525114155253,0E-58,0E-60
0E-28,26.67627974044700793078586878,0.3201153568853640951694304254,26.35616438356164383561643835,0.4095890410958904109589041096,0.2625570776255707762557077625,25.94657534246575342465753424,0E-28,0E-28,26.67627974044700793078586878,0E-26,0,5840/3,1947,2040,ZBO,0.4095890410958904109589041096,0.2625570776255707762557077625,0.02388252955526365171702007881,0.01719542127978982923625445674
25.94657534246575342465753424,0,0.000,25.94657534246575342465753424,1.228767123287671232876712329,0.7876712328767123287671232878,24.71780821917808219178082191,0E-27,0E-28,0,0,0,1947,1948,2040,ZBO,1.228767123287671232876712329,0.7876712328767123287671232878,0.06940326515293676111840870708,0.04997035091011446800525426910
24.71780821917808219178082191,0,0.000,24.71780821917808219178082191,1.228767123287671232876712329,0.7876712328767123287671232878,23.48904109589041095890410958,0E-27,0E-28,0,0,0,1948,1949,2040,ZBO,1.228767123287671232876712329,0.7876712328767123287671232878,0.06603677988365547006943141299,0.04754648151623193844999061735
23.48904109589041095890410958,0,0.000,23.48904109589041095890410958,1.228767123287671232876712329,0.7876712328767123287671232878,22.26027397260273972602739725,0E-27,0E-28,0,0,0,1949,1950,2040,ZBO,1.228767123287671232876712329,0.7876712328767123287671232878,0.06267029461437417902045411897,0.04512261212234940889472696566
22.26027397260273972602739725,0,0.000,22.26027397260273972602739725,1.228767123287671232876712329,0.7876712328767123287671232878,21.03150684931506849315068492,0E-27,0E-28,0,0,0,1950,1951,2040,ZBO,1.228767123287671232876712329,0.7876712328767123287671232878,0.05930380934509288797147682488,0.04269874272846687933946331391
21.03150684931506849315068492,0,0.000,21.03150684931506849315068492,1.228767123287671232876712329,0.7876712328767123287671232878,19.80273972602739726027397259,0E-27,0E-28,0,0,0,1951,1952,2040,ZBO,1.228767123287671232876712329,0.7876712328767123287671232878,0.05593732407581159692249953085,0.04027487333458434978419966221
19.80273972602739726027397259,0,0.000,19.80273972602739726027397259,1.228767123287671232876712329,0.7876712328767123287671232878,18.57397260273972602739726026,0E-27,0E-28,0,0,0,1952,1953,2040,ZBO,1.228767123287671232876712329,0.7876712328767123287671232878,0.05257083880653030587352223677,0.03785100394070182022893601047
18.57397260273972602739726026,0,0.000,18.57397260273972602739726026,1.228767123287671232876712329,0.7876712328767123287671232878,17.34520547945205479452054793,0E-27,0E-28,0,0,0,1953,1954,2040,ZBO,1.228767123287671232876712329,0.7876712328767123287671232878,0.04920435353724901482454494274,0.03542713454681929067367235877
17.34520547945205479452054793,0,0.000,17.34520547945205479452054793,1.228767123287671232876712329,0.7876712328767123287671232878,16.11643835616438356164383560,0E-27,0E-28,0,0,0,1954,1955,2040,ZBO,1.228767123287671232876712329,0.7876712328767123287671232878,0.04583786826796772377556764866,0.03300326515293676111840870704
16.11643835616438356164383560,0,0.000,16.11643835616438356164383560,1.228767123287671232876712329,0.7876712328767123287671232878,14.88767123287671232876712327,0E-27,0E-28,0,0,0,1955,1956,2040,ZBO,1.228767123287671232876712329,0.7876712328767123287671232878,0.04247138299868643272659035463,0.03057939575905423156314505533
14.88767123287671232876712327,0,0.000,14.88767123287671232876712327,1.228767123287671232876712329,0.7876712328767123287671232878,13.65890410958904109589041094,0E-27,0E-28,0,0,0,1956,1957,2040,ZBO,1.228767123287671232876712329,0.7876712328767123287671232878,0.03910489772940514167761306055,0.02815552636517170200788140360
13.65890410958904109589041094,0,0.000,13.65890410958904109589041094,1.228767123287671232876712329,0.7876712328767123287671232878,12.43013698630136986301369861,0E-27,0E-28,0,0,0,1957,1958,2040,ZBO,1.228767123287671232876712329,0.7876712328767123287671232878,0.03573841246012385062863576652,0.02573165697128917245261775189
12.43013698630136986301369861,0,0.000,12.43013698630136986301369861,1.228767123287671232876712329,0.7876712328767123287671232878,11.20136986301369863013698628,0E-27,0E-28,0,0,0,1958,1959,2040,ZBO,1.228767123287671232876712329,0.7876712328767123287671232878,0.03237192719084255957965847244,0.02330778757740664289735410016
11.20136986301369863013698628,0,0.000,11.20136986301369863013698628,1.228767123287671232876712329,0.7876712328767123287671232878,9.972602739726027397260273951,0E-27,0E-28,0,0,0,1959,1960,2040,ZBO,1.228767123287671232876712329,0.7876712328767123287671232878,0.02900544192156126853068117841,0.02088391818352411334209044846
9.972602739726027397260273951,0,0.000,9.972602739726027397260273951,1.228767123287671232876712329,0.7876712328767123287671232878,8.743835616438356164383561622,0E-27,0E-28,0,0,0,1960,1961,2040,ZBO,1.228767123287671232876712329,0.7876712328767123287671232878,0.02563895665227997748170388435,0.01846004878964158378682679673
8.743835616438356164383561622,0,0.000,8.743835616438356164383561622,1.228767123287671232876712329,0.7876712328767123287671232878,7.515068493150684931506849293,0E-27,0E-28,0,0,0,1961,1962,2040,ZBO,1.228767123287671232876712329,0.7876712328767123287671232878,0.02227247138299868643272659030,0.01603617939575905423156314502
7.515068493150684931506849293,0,0.000,7.515068493150684931506849293,1.228767123287671232876712329,0.7876712328767123287671232878,6.286301369863013698630136964,0E-27,0E-28,0,0,0,1962,1963,2040,ZBO,1.228767123287671232876712329,0.7876712328767123287671232878,0.01890598611371739538374929625,0.01361231000187652467629949330
6.286301369863013698630136964,0,0.000,6.286301369863013698630136964,1.228767123287671232876712329,0.7876712328767123287671232878,5.057534246575342465753424635,0E-27,0E-28,0,0,0,1963,1964,2040,ZBO,1.228767123287671232876712329,0.7876712328767123287671232878,0.01553950084443610433477200219,0.01118844060799399512103584158
5.057534246575342465753424635,0,0.000,5.057534246575342465753424635,1.228767123287671232876712329,0.7876712328767123287671232878,3.828767123287671232876712306,0E-27,0E-28,0,0,0,1964,1965,2040,ZBO,1.228767123287671232876712329,0.7876712328767123287671232878,0.01217301557515481328579470814,0.008764571214111465565772189861
3.828767123287671232876712306,0,0.000,3.828767123287671232876712306,1.228767123287671232876712329,0.7876712328767123287671232878,2.599999999999999999999999977,0E-27,0E-28,0,0,0,1965,1966,2040,ZBO,1.228767123287671232876712329,0.7876712328767123287671232878,0.008806530305873522236817414089,0.006340701820228936010508538144
2.599999999999999999999999977,0,0.000,2.599999999999999999999999977,1.228767123287671232876712329,0.7876712328767123287671232878,1.371232876712328767123287648,0E-27,0E-28,0,0,0,1966,1967,2040,ZBO,1.228767123287671232876712329,0.7876712328767123287671232878,0.005440045036592231187840120033,0.003916832426346406455244886424
1.371232876712328767123287648,0,0.000,1.371232876712328767123287648,1.228767123287671232876712329,0.7876712328767123287671232878,0.142465753424657534246575319,0E-27,0E-28,0,0,0,1967,1968,2040,ZBO,1.228767123287671232876712329,0.7876712328767123287671232878,0.002073559767310940138862825982,0.001492963032463876899981234707
0.142465753424657534246575319,0,0.000,0.142465753424657534246575319,0.142465753424657534246575319,0.142465753424657534246575319,0E-27,1.086301369863013698630137010,0.6452054794520547945205479688,0,0,0,1968,1969,2040,ZBO,1.228767123287671232876712329,0.7876712328767123287671232878,0.0001951585663351473071870894781,0.0001405141677613060611747044242
0E-27,0,0.000,0E-27,0E-27,0E-27,0E-27,1.228767123287671232876712329,0.7876712328767123287671232878,0,0,0,1969,1970,2040,ZBO,1.228767123287671232876712329,0.7876712328767123287671232878,0E-57,0E-59
0E-27,0,0.000,0E-27,0E-27,0E-27,0E-27,1.228767123287671232876712329,0.7876712328767123287671232878,0,0,0,1970,1971,2040,ZBO,1.228767123287671232876712329,0.7876712328767123287671232878,0E-57,0E-59
0E-27,0,0.000,0E-27,0E-27,0E-27,0E-27,1.228767123287671232876712329,0.7876712328767123287671232878,0,0,0,1971,1972,2040,ZBO,1.228767123287671232876712329,0.7876712328767123287671232878,0E-57,0E-59
0E-27,0,0.000,0E-27,0E-27,0E-27,0E-27,1.228767123287671232876712329,0.7876712328767123287671232878,0,0,0,1972,1973,2040,ZBO,1.228767123287671232876712329,0.7876712328767123287671232878,0E-57,0E-59
0E-27,0,0.000,0E-27,0E-27,0E-27,0E-27,1.228767123287671232876712329,0.7876712328767123287671232878,0,0,0,1973,1974,2040,ZBO,1.228767123287671232876712329,0.7876712328767123287671232878,0E-57,0E-59
0E-27,0,0.000,0E-27,0E-27,0E-27,0E-27,1.228767123287671232876712329,0.7876712328767123287671232878,0,0,0,1974,1975,2040,ZBO,1.228767123287671232876712329,0.7876712328767123287671232878,0E-57,0E-59
0E-27,0,0.000,0E-27,0E-27,0E-27,0E-27,1.228767123287671232876712329,0.7876712328767123287671232878,0,0,0,1975,1976,2040,ZBO,1.228767123287671232876712329,0.7876712328767123287671232878,0E-57,0E-59
0E-27,0,0.000,0E-27,0E-27,0E-27,0E-27,1.228767123287671232876712329,0.7876712328767123287671232878,0,0,0,1976,1977,2040,ZBO,1.228767123287671232876712329,0.7876712328767123287671232878,0E-57,0E-59
0E-27,0,0.000,0E-27,0E-27,0E-27,0E-27,0.1023972602739726027397260274,0.06563926940639269406392694064,0,0,0,1977,23725/12,2040,ZBO,0.1023972602739726027397260274,0.06563926940639269406392694064,0E-58,0E-60
0E-27,26.67627974044700793078586878,0.3201153568853640951694304254,26.35616438356164383561643835,1.126369863013698630136986302,0.7220319634703196347031963472,25.22979452054794520547945205,0E-27,0E-28,26.67627974044700793078586878,0E-26,0,23725/12,1978,2040,ZBO,1.126369863013698630136986302,0.7220319634703196347031963472,0.06477688903484080815662725965,0.04663936010508538187277162695
25.22979452054794520547945205,0,0.000,25.22979452054794520547945205,1.228767123287671232876712329,0.7876712328767123287671232878,24.00102739726027397260273972,0E-27,0E-28,0,0,0,1978,1979,2040,ZBO,1.228767123287671232876712329,0.7876712328767123287671232878,0.06743948207918934133983861886,0.04855642709701632576468380558
24.00102739726027397260273972,0,0.000,24.00102739726027397260273972,1.228767123287671232876712329,0.7876712328767123287671232878,22.77226027397260273972602739,0E-27,0E-28,0,0,0,1979,1980,2040,ZBO,1.228767123287671232876712329,0.7876712328767123287671232878,0.06407299680990805029086132483,0.04613255770313379620942015388
22.77226027397260273972602739,0,0.000,22.77226027397260273972602739,1.228767123287671232876712329,0.7876712328767123287671232878,21.54349315068493150684931506,0E-27,0E-28,0,0,0,1980,1981,2040,ZBO,1.228767123287671232876712329,0.7876712328767123287671232878,0.06070651154062675924188403075,0.04370868830925126665415650214
21.54349315068493150684931506,0,0.000,21.54349315068493150684931506,1.228767123287671232876712329,0.7876712328767123287671232878,20.31472602739726027397260273,0E-27,0E-28,0,0,0,1981,1982,2040,ZBO,1.228767123287671232876712329,0.7876712328767123287671232878,0.05734002627134546819290673672,0.04128481891536873709889285044
20.31472602739726027397260273,0,0.000,20.31472602739726027397260273,1.228767123287671232876712329,0.7876712328767123287671232878,19.08595890410958904109589040,0E-27,0E-28,0,0,0,1982,1983,2040,ZBO,1.228767123287671232876712329,0.7876712328767123287671232878,0.05397354100206417714392944264,0.03886094952148620754362919870
19.08595890410958904109589040,0,0.000,19.08595890410958904109589040,1.228767123287671232876712329,0.7876712328767123287671232878,17.85719178082191780821917807,0E-27,0E-28,0,0,0,1983,1984,2040,ZBO,1.228767123287671232876712329,0.7876712328767123287671232878,0.05060705573278288609495214861,0.03643708012760367798836554700
17.85719178082191780821917807,0,0.000,17.85719178082191780821917807,1.228767123287671232876712329,0.7876712328767123287671232878,16.62842465753424657534246574,0E-27,0E-28,0,0,0,1984,1985,2040,ZBO,1.228767123287671232876712329,0.7876712328767123287671232878,0.04724057046350159504597485453,0.03401321073372114843310189526
16.62842465753424657534246574,0,0.000,16.62842465753424657534246574,1.228767123287671232876712329,0.7876712328767123287671232878,15.39965753424657534246575341,0E-27,0E-28,0,0,0,1985,1986,2040,ZBO,1.228767123287671232876712329,0.7876712328767123287671232878,0.04387408519422030399699756050,0.03158934133983861887783824356
15.39965753424657534246575341,0,0.000,15.39965753424657534246575341,1.228767123287671232876712329,0.7876712328767123287671232878,14.17089041095890410958904108,0E-27,0E-28,0,0,0,1986,1987,2040,ZBO,1.228767123287671232876712329,0.7876712328767123287671232878,0.04050759992493901294802026642,0.02916547194595608932257459182
14.17089041095890410958904108,0,0.000,14.17089041095890410958904108,1.228767123287671232876712329,0.7876712328767123287671232878,12.94212328767123287671232875,0E-27,0E-28,0,0,0,1987,1988,2040,ZBO,1.228767123287671232876712329,0.7876712328767123287671232878,0.03714111465565772189904297239,0.02674160255207355976731094012
12.94212328767123287671232875,0,0.000,12.94212328767123287671232875,1.228767123287671232876712329,0.7876712328767123287671232878,11.71335616438356164383561642,0E-27,0E-28,0,0,0,1988,1989,2040,ZBO,1.228767123287671232876712329,0.7876712328767123287671232878,0.03377462938637643085006567830,0.02431773315819103021204728838
11.71335616438356164383561642,0,0.000,11.71335616438356164383561642,1.228767123287671232876712329,0.7876712328767123287671232878,10.48458904109589041095890409,0E-27,0E-28,0,0,0,1989,1990,2040,ZBO,1.228767123287671232876712329,0.7876712328767123287671232878,0.03040814411709513980108838428,0.02189386376430850065678363668
10.48458904109589041095890409,0,0.000,10.48458904109589041095890409,1.228767123287671232876712329,0.7876712328767123287671232878,9.255821917808219178082191761,0E-27,0E-28,0,0,0,1990,1991,2040,ZBO,1.228767123287671232876712329,0.7876712328767123287671232878,0.02704165884781384875211109021,0.01946999437042597110151998495
9.255821917808219178082191761,0,0.000,9.255821917808219178082191761,1.228767123287671232876712329,0.7876712328767123287671232878,8.027054794520547945205479432,0E-27,0E-28,0,0,0,1991,1992,2040,ZBO,1.228767123287671232876712329,0.7876712328767123287671232878,0.02367517357853255770313379615,0.01704612497654344154625633323
8.027054794520547945205479432,0,0.000,8.027054794520547945205479432,1.228767123287671232876712329,0.7876712328767123287671232878,6.798287671232876712328767103,0E-27,0E-28,0,0,0,1992,1993,2040,ZBO,1.228767123287671232876712329,0.7876712328767123287671232878,0.02030868830925126665415650211,0.01462225558266091199099268152
6.798287671232876712328767103,0,0.000,6.798287671232876712328767103,1.228767123287671232876712329,0.7876712328767123287671232878,5.569520547945205479452054774,0E-27,0E-28,0,0,0,1993,1994,2040,ZBO,1.228767123287671232876712329,0.7876712328767123287671232878,0.01694220303996997560517920806,0.01219838618877838243572902980
5.569520547945205479452054774,0,0.000,5.569520547945205479452054774,1.228767123287671232876712329,0.7876712328767123287671232878,4.340753424657534246575342445,0E-27,0E-28,0,0,0,1994,1995,2040,ZBO,1.228767123287671232876712329,0.7876712328767123287671232878,0.01357571777068868455620191400,0.009774516794895852880465378080
4.340753424657534246575342445,0,0.000,4.340753424657534246575342445,1.228767123287671232876712329,0.7876712328767123287671232878,3.111986301369863013698630116,0E-27,0E-28,0,0,0,1995,1996,2040,ZBO,1.228767123287671232876712329,0.7876712328767123287671232878,0.01020923250140739350722461995,0.007350647401013323325201726364
3.111986301369863013698630116,0,0.000,3.111986301369863013698630116,1.228767123287671232876712329,0.7876712328767123287671232878,1.883219178082191780821917787,0E-27,0E-28,0,0,0,1996,1997,2040,ZBO,1.228767123287671232876712329,0.7876712328767123287671232878,0.006842747232126102458247325897,0.004926778007130793769938074646
1.883219178082191780821917787,0,0.000,1.883219178082191780821917787,1.228767123287671232876712329,0.7876712328767123287671232878,0.654452054794520547945205458,0E-27,0E-28,0,0,0,1997,1998,2040,ZBO,1.228767123287671232876712329,0.7876712328767123287671232878,0.003476261962844811409270031841,0.002502908613248264214674422926
0.654452054794520547945205458,0,0.000,0.654452054794520547945205458,0.654452054794520547945205458,0.654452054794520547945205458,0E-27,0.574315068493150684931506871,0.1332191780821917808219178298,0,0,0,1998,1999,2040,ZBO,1.228767123287671232876712329,0.7876712328767123287671232878,0.0008965096641020829423906924083,0.0006454869581534997185212985340
0E-27,0,0.000,0E-27,0E-27,0E-27,0E-27,1.228767123287671232876712329,0.7876712328767123287671232878,0,0,0,1999,2000,2040,ZBO,1.228767123287671232876712329,0.7876712328767123287671232878,0E-57,0E-59
0E-27,0,0.000,0E-27,0E-27,0E-27,0E-27,1.228767123287671232876712329,0.7876712328767123287671232878,0,0,0,2000,2001,2040,ZBO,1.228767123287671232876712329,0.7876712328767123287671232878,0E-57,0E-59
0E-27,0,0.000,0E-27,0E-27,0E-27,0E-27,1.228767123287671232876712329,0.7876712328767123287671232878,0,0,0,2001,2002,2040,ZBO,1.228767123287671232876712329,0.7876712328767123287671232878,0E-57,0E-59
0E-27,0,0.000,0E-27,0E-27,0E-27,0E-27,1.228767123287671232876712329,0.7876712328767123287671232878,0,0,0,2002,2003,2040,ZBO,1.228767123287671232876712329,0.7876712328767123287671232878,0E-57,0E-59
0E-27,0,0.000,0E-27,0E-27,0E-27,0E-27,1.228767123287671232876712329,0.7876712328767123287671232878,0,0,0,2003,2004,2040,ZBO,1.228767123287671232876712329,0.7876712328767123287671232878,0E-57,0E-59
0E-27,0,0.000,0E-27,0E-27,0E-27,0E-27,1.228767123287671232876712329,0.7876712328767123287671232878,0,0,0,2004,2005,2040,ZBO,1.228767123287671232876712329,0.7876712328767123287671232878,0E-57,0E-59
0E-27,0,0.000,0E-27,0E-27,0E-27,0E-27,1.228767123287671232876712329,0.7876712328767123287671232878,0,0,0,2005,2006,2040,ZBO,1.228767123287671232876712329,0.7876712328767123287671232878,0E-57,0E-59
0E-27,0,0.000,0E-27,0E-27,0E-27,0E-27,1.228767123287671232876712329,0.7876712328767123287671232878,0,0,0,2006,2007,2040,ZBO,1.228767123287671232876712329,0.7876712328767123287671232878,0E-57,0E-59
0E-27,0,0.000,0E-27,0E-27,0E-27,0E-27,0.6143835616438356164383561644,0.3938356164383561643835616439,0,0,0,2007,4015/2,2040,ZBO,0.6143835616438356164383561644,0.3938356164383561643835616439,0E-57,0E-59
0E-27,26.67627974044700793078586878,0.3201153568853640951694304254,26.35616438356164383561643835,0.6143835616438356164383561644,0.3938356164383561643835616439,25.74178082191780821917808219,0E-28,0E-28,26.67627974044700793078586878,0E-26,0,4015/2,2008,2040,ZBO,0.6143835616438356164383561644,0.3938356164383561643835616439,0.03568352411334209044848939763,0.02569213736160630512291236629
25.74178082191780821917808219,0,0.000,25.74178082191780821917808219,1.228767123287671232876712329,0.7876712328767123287671232878,24.51301369863013698630136986,0E-27,0E-28,0,0,0,2008,2009,2040,ZBO,1.228767123287671232876712329,0.7876712328767123287671232878,0.06884218427472321261024582472,0.04956637267780071307937699380
24.51301369863013698630136986,0,0.000,24.51301369863013698630136986,1.228767123287671232876712329,0.7876712328767123287671232878,23.28424657534246575342465753,0E-27,0E-28,0,0,0,2009,2010,2040,ZBO,1.228767123287671232876712329,0.7876712328767123287671232878,0.06547569900544192156126853069,0.04714250328391818352411334210
23.28424657534246575342465753,0,0.000,23.28424657534246575342465753,1.228767123287671232876712329,0.7876712328767123287671232878,22.05547945205479452054794520,0E-27,0E-28,0,0,0,2010,2011,2040,ZBO,1.228767123287671232876712329,0.7876712328767123287671232878,0.06210921373616063051229123661,0.04471863389003565396884969036
22.05547945205479452054794520,0,0.000,22.05547945205479452054794520,1.228767123287671232876712329,0.7876712328767123287671232878,20.82671232876712328767123287,0E-27,0E-28,0,0,0,2011,2012,2040,ZBO,1.228767123287671232876712329,0.7876712328767123287671232878,0.05874272846687933946331394258,0.04229476449615312441358603866
20.82671232876712328767123287,0,0.000,20.82671232876712328767123287,1.228767123287671232876712329,0.7876712328767123287671232878,19.59794520547945205479452054,0E-27,0E-28,0,0,0,2012,2013,2040,ZBO,1.228767123287671232876712329,0.7876712328767123287671232878,0.05537624319759804841433664850,0.03987089510227059485832238692
19.59794520547945205479452054,0,0.000,19.59794520547945205479452054,1.228767123287671232876712329,0.7876712328767123287671232878,18.36917808219178082191780821,0E-27,0E-28,0,0,0,2013,2014,2040,ZBO,1.228767123287671232876712329,0.7876712328767123287671232878,0.05200975792831675736535935447,0.03744702570838806530305873522
18.36917808219178082191780821,0,0.000,18.36917808219178082191780821,1.228767123287671232876712329,0.7876712328767123287671232878,17.14041095890410958904109588,0E-27,0E-28,0,0,0,2014,2015,2040,ZBO,1.228767123287671232876712329,0.7876712328767123287671232878,0.04864327265903546631638206039,0.03502315631450553574779508348
17.14041095890410958904109588,0,0.000,17.14041095890410958904109588,1.228767123287671232876712329,0.7876712328767123287671232878,15.91164383561643835616438355,0E-27,0E-28,0,0,0,2015,2016,2040,ZBO,1.228767123287671232876712329,0.7876712328767123287671232878,0.04527678738975417526740476636,0.03259928692062300619253143178
15.91164383561643835616438355,0,0.000,15.91164383561643835616438355,1.228767123287671232876712329,0.7876712328767123287671232878,14.68287671232876712328767122,0E-27,0E-28,0,0,0,2016,2017,2040,ZBO,1.228767123287671232876712329,0.7876712328767123287671232878,0.04191030212047288421842747228,0.03017541752674047663726778004
14.68287671232876712328767122,0,0.000,14.68287671232876712328767122,1.228767123287671232876712329,0.7876712328767123287671232878,13.45410958904109589041095889,0E-27,0E-28,0,0,0,2017,2018,2040,ZBO,1.228767123287671232876712329,0.7876712328767123287671232878,0.03854381685119159316945017825,0.02775154813285794708200412834
13.45410958904109589041095889,0,0.000,13.45410958904109589041095889,1.228767123287671232876712329,0.7876712328767123287671232878,12.22534246575342465753424656,0E-27,0E-28,0,0,0,2018,2019,2040,ZBO,1.228767123287671232876712329,0.7876712328767123287671232878,0.03517733158191030212047288417,0.02532767873897541752674047660
12.22534246575342465753424656,0,0.000,12.22534246575342465753424656,1.228767123287671232876712329,0.7876712328767123287671232878,10.99657534246575342465753423,0E-27,0E-28,0,0,0,2019,2020,2040,ZBO,1.228767123287671232876712329,0.7876712328767123287671232878,0.03181084631262901107149559014,0.02290380934509288797147682490
10.99657534246575342465753423,0,0.000,10.99657534246575342465753423,1.228767123287671232876712329,0.7876712328767123287671232878,9.767808219178082191780821901,0E-27,0E-28,0,0,0,2020,2021,2040,ZBO,1.228767123287671232876712329,0.7876712328767123287671232878,0.02844436104334772002251829606,0.02047993995121035841621317316
9.767808219178082191780821901,0,0.000,9.767808219178082191780821901,1.228767123287671232876712329,0.7876712328767123287671232878,8.539041095890410958904109572,0E-27,0E-28,0,0,0,2021,2022,2040,ZBO,1.228767123287671232876712329,0.7876712328767123287671232878,0.02507787577406642897354100202,0.01805607055732782886094952145
8.539041095890410958904109572,0,0.000,8.539041095890410958904109572,1.228767123287671232876712329,0.7876712328767123287671232878,7.310273972602739726027397243,0E-27,0E-28,0,0,0,2022,2023,2040,ZBO,1.228767123287671232876712329,0.7876712328767123287671232878,0.02171139050478513792456370797,0.01563220116344529930568586974
7.310273972602739726027397243,0,0.000,7.310273972602739726027397243,1.228767123287671232876712329,0.7876712328767123287671232878,6.081506849315068493150684914,0E-27,0E-28,0,0,0,2023,2024,2040,ZBO,1.228767123287671232876712329,0.7876712328767123287671232878,0.01834490523550384687558641392,0.01320833176956276975042221802
6.081506849315068493150684914,0,0.000,6.081506849315068493150684914,1.228767123287671232876712329,0.7876712328767123287671232878,4.852739726027397260273972585,0E-27,0E-28,0,0,0,2024,2025,2040,ZBO,1.228767123287671232876712329,0.7876712328767123287671232878,0.01497841996622255582660911986,0.01078446237568024019515856630
4.852739726027397260273972585,0,0.000,4.852739726027397260273972585,1.228767123287671232876712329,0.7876712328767123287671232878,3.623972602739726027397260256,0E-27,0E-28,0,0,0,2025,2026,2040,ZBO,1.228767123287671232876712329,0.7876712328767123287671232878,0.01161193469694126477763182581,0.008360592981797710639894914583
3.623972602739726027397260256,0,0.000,3.623972602739726027397260256,1.228767123287671232876712329,0.7876712328767123287671232878,2.395205479452054794520547927,0E-27,0E-28,0,0,0,2026,2027,2040,ZBO,1.228767123287671232876712329,0.7876712328767123287671232878,0.008245449427659973728654531760,0.005936723587915181084631262867
2.395205479452054794520547927,0,0.000,2.395205479452054794520547927,1.228767123287671232876712329,0.7876712328767123287671232878,1.166438356164383561643835598,0E-27,0E-28,0,0,0,2027,2028,2040,ZBO,1.228767123287671232876712329,0.7876712328767123287671232878,0.004878964158378682679677237705,0.003512854194032651529367611148
1.166438356164383561643835598,0,0.000,1.166438356164383561643835598,1.166438356164383561643835598,0.7876712328767123287671232878,0E-27,0.062328767123287671232876731,0E-28,0,0,0,2028,2029,2040,ZBO,1.228767123287671232876712329,0.7876712328767123287671232878,0.001597860761869018577594295340,0.001150459748545693375867892645
0E-27,0,0.000,0E-27,0E-27,0E-27,0E-27,1.228767123287671232876712329,0.7876712328767123287671232878,0,0,0,2029,2030,2040,ZBO,1.228767123287671232876712329,0.7876712328767123287671232878,0E-57,0E-59
0E-27,0,0.000,0E-27,0E-27,0E-27,0E-27,1.228767123287671232876712329,0.7876712328767123287671232878,0,0,0,2030,2031,2040,ZBO,1.228767123287671232876712329,0.7876712328767123287671232878,0E-57,0E-59
0E-27,0,0.000,0E-27,0E-27,0E-27,0E-27,1.228767123287671232876712329,0.7876712328767123287671232878,0,0,0,2031,2032,2040,ZBO,1.228767123287671232876712329,0.7876712328767123287671232878,0E-57,0E-59
0E-27,0,0.000,0E-27,0E-27,0E-27,0E-27,1.228767123287671232876712329,0.7876712328767123287671232878,0,0,0,2032,2033,2040,ZBO,1.228767123287671232876712329,0.7876712328767123287671232878,0E-57,0E-59
0E-27,0,0.000,0E-27,0E-27,0E-27,0E-27,1.228767123287671232876712329,0.7876712328767123287671232878,0,0,0,2033,2034,2040,ZBO,1.228767123287671232876712329,0.7876712328767123287671232878,0E-57,0E-59
0E-27,0,0.000,0E-27,0E-27,0E-27,0E-27,1.228767123287671232876712329,0.7876712328767123287671232878,0,0,0,2034,2035,2040,ZBO,1.228767123287671232876712329,0.7876712328767123287671232878,0E-57,0E-59
0E-27,0,0.000,0E-27,0E-27,0E-27,0E-27,1.228767123287671232876712329,0.7876712328767123287671232878,0,0,0,2035,2036,2040,ZBO,1.228767123287671232876712329,0.7876712328767123287671232878,0E-57,0E-59
0E-27,0,0.000,0E-27,0E-27,0E-27,0E-27,1.228767123287671232876712329,0.7876712328767123287671232878,0,0,0,2036,2037,2040,ZBO,1.228767123287671232876712329,0.7876712328767123287671232878,0E-57,0E-59
0E-27,0,0.000,0E-27,0E-27,0E-27,0E-27,1.126369863013698630136986302,0.7220319634703196347031963472,0,0,0,2037,24455/12,2040,ZBO,1.126369863013698630136986302,0.7220319634703196347031963472,0E-57,0E-59
0E-27,26.67627974044700793078586878,0.3201153568853640951694304254,26.35616438356164383561643835,0.1023972602739726027397260274,0.06563926940639269406392694064,26.25376712328767123287671232,0E-28,0E-29,26.67627974044700793078586878,0E-26,0,24455/12,2038,2040,ZBO,0.1023972602739726027397260274,0.06563926940639269406392694064,0.006005699943704259711015199849,0.004324103959467066991930943891
26.25376712328767123287671232,0,0.000,26.25376712328767123287671232,1.228767123287671232876712329,0.7876712328767123287671232878,25.02499999999999999999999999,0E-27,0E-28,0,0,0,2038,2039,2040,ZBO,1.228767123287671232876712329,0.7876712328767123287671232878,0.07024488647025708388065303058,0.05057631825858510039407018202
25.02499999999999999999999999,0,0.000,25.02499999999999999999999999,1.228767123287671232876712329,0.7876712328767123287671232878,23.79623287671232876712328766,0E-27,0E-28,0,0,0,2039,2040,2040,ZBO,1.228767123287671232876712329,0.7876712328767123287671232878,0.06687840120097579283167573650,0.04815244886470257083880653028
23.79623287671232876712328766,0,0.000,23.79623287671232876712328766,1.228767123287671232876712329,0.7876712328767123287671232878,22.56746575342465753424657533,0E-27,0E-28,0,0,0,2040,2041,2040,ZBO,1.228767123287671232876712329,0.7876712328767123287671232878,0.06351191593169450178269844247,0.04572857947082004128354287858
22.56746575342465753424657533,0,0.000,22.56746575342465753424657533,1.228767123287671232876712329,0.7876712328767123287671232878,21.33869863013698630136986300,0E-27,0E-28,0,0,0,2041,2042,2040,ZBO,1.228767123287671232876712329,0.7876712328767123287671232878,0.06014543066241321073372114839,0.04330471007693751172827922684
21.33869863013698630136986300,0,0.000,21.33869863013698630136986300,1.228767123287671232876712329,0.7876712328767123287671232878,20.10993150684931506849315067,0E-27,0E-28,0,0,0,2042,2043,2040,ZBO,1.228767123287671232876712329,0.7876712328767123287671232878,0.05677894539313191968474385436,0.04088084068305498217301557514
20.10993150684931506849315067,0,0.000,20.10993150684931506849315067,1.228767123287671232876712329,0.7876712328767123287671232878,18.88116438356164383561643834,0E-27,0E-28,0,0,0,2043,2044,2040,ZBO,1.228767123287671232876712329,0.7876712328767123287671232878,0.05341246012385062863576656028,0.03845697128917245261775192340
18.88116438356164383561643834,0,0.000,18.88116438356164383561643834,1.228767123287671232876712329,0.7876712328767123287671232878,17.65239726027397260273972601,0E-27,0E-28,0,0,0,2044,2045,2040,ZBO,1.228767123287671232876712329,0.7876712328767123287671232878,0.05004597485456933758678926625,0.03603310189528992306248827170
17.65239726027397260273972601,0,0.000,17.65239726027397260273972601,1.228767123287671232876712329,0.7876712328767123287671232878,16.42363013698630136986301368,0E-27,0E-28,0,0,0,2045,2046,2040,ZBO,1.228767123287671232876712329,0.7876712328767123287671232878,0.04667948958528804653781197217,0.03360923250140739350722461996
16.42363013698630136986301368,0,0.000,16.42363013698630136986301368,1.228767123287671232876712329,0.7876712328767123287671232878,15.19486301369863013698630135,0E-27,0E-28,0,0,0,2046,2047,2040,ZBO,1.228767123287671232876712329,0.7876712328767123287671232878,0.04331300431600675548883467814,0.03118536310752486395196096826
15.19486301369863013698630135,0,0.000,15.19486301369863013698630135,1.228767123287671232876712329,0.7876712328767123287671232878,13.96609589041095890410958902,0E-27,0E-28,0,0,0,2047,2048,2040,ZBO,1.228767123287671232876712329,0.7876712328767123287671232878,0.03994651904672546443985738406,0.02876149371364233439669731652
13.96609589041095890410958902,0,0.000,13.96609589041095890410958902,1.228767123287671232876712329,0.7876712328767123287671232878,12.73732876712328767123287669,0E-27,0E-28,0,0,0,2048,2049,2040,ZBO,1.228767123287671232876712329,0.7876712328767123287671232878,0.03658003377744417339088009003,0.02633762431975980484143366482
12.73732876712328767123287669,0,0.000,12.73732876712328767123287669,1.228767123287671232876712329,0.7876712328767123287671232878,11.50856164383561643835616436,0E-27,0E-28,0,0,0,2049,2050,2040,ZBO,1.228767123287671232876712329,0.7876712328767123287671232878,0.03321354850816288234190279595,0.02391375492587727528617001308
11.50856164383561643835616436,0,0.000,11.50856164383561643835616436,1.228767123287671232876712329,0.7876712328767123287671232878,10.27979452054794520547945203,0E-27,0E-28,0,0,0,2050,2051,2040,ZBO,1.228767123287671232876712329,0.7876712328767123287671232878,0.02984706323888159129292550192,0.02148988553199474573090636138
10.27979452054794520547945203,0,0.000,10.27979452054794520547945203,1.228767123287671232876712329,0.7876712328767123287671232878,9.051027397260273972602739701,0E-27,0E-28,0,0,0,2051,2052,2040,ZBO,1.228767123287671232876712329,0.7876712328767123287671232878,0.02648057796960030024394820785,0.01906601613811221617564270965
9.051027397260273972602739701,0,0.000,9.051027397260273972602739701,1.228767123287671232876712329,0.7876712328767123287671232878,7.822260273972602739726027372,0E-27,0E-28,0,0,0,2052,2053,2040,ZBO,1.228767123287671232876712329,0.7876712328767123287671232878,0.02311409270031900919497091380,0.01664214674422968662037905794
7.822260273972602739726027372,0,0.000,7.822260273972602739726027372,1.228767123287671232876712329,0.7876712328767123287671232878,6.593493150684931506849315043,0E-27,0E-28,0,0,0,2053,2054,2040,ZBO,1.228767123287671232876712329,0.7876712328767123287671232878,0.01974760743103771814599361976,0.01421827735034715706511540623
6.593493150684931506849315043,0,0.000,6.593493150684931506849315043,1.228767123287671232876712329,0.7876712328767123287671232878,5.364726027397260273972602714,0E-27,0E-28,0,0,0,2054,2055,2040,ZBO,1.228767123287671232876712329,0.7876712328767123287671232878,0.01638112216175642709701632570,0.01179440795646462750985175450
5.364726027397260273972602714,0,0.000,5.364726027397260273972602714,1.228767123287671232876712329,0.7876712328767123287671232878,4.135958904109589041095890385,0E-27,0E-28,0,0,0,2055,2056,2040,ZBO,1.228767123287671232876712329,0.7876712328767123287671232878,0.01301463689247513604803903165,0.009370538562582097954588102788
4.135958904109589041095890385,0,0.000,4.135958904109589041095890385,1.228767123287671232876712329,0.7876712328767123287671232878,2.907191780821917808219178056,0E-27,0E-28,0,0,0,2056,2057,2040,ZBO,1.228767123287671232876712329,0.7876712328767123287671232878,0.009648151623193844999061737590,0.006946669168699568399324451065
2.907191780821917808219178056,0,0.000,2.907191780821917808219178056,1.228767123287671232876712329,0.7876712328767123287671232878,1.678424657534246575342465727,0E-27,0E-28,0,0,0,2057,2058,2040,ZBO,1.228767123287671232876712329,0.7876712328767123287671232878,0.006281666353912553950084443540,0.004522799774817038844060799349
1.678424657534246575342465727,0,0.000,1.678424657534246575342465727,1.228767123287671232876712329,0.7876712328767123287671232878,0.449657534246575342465753398,0E-27,0E-28,0,0,0,2058,2059,2040,ZBO,1.228767123287671232876712329,0.7876712328767123287671232878,0.002915181084631262901107149485,0.002098930380934509288797147629
0.449657534246575342465753398,0,0.000,0.449657534246575342465753398,0.449657534246575342465753398,0.449657534246575342465753398,0E-27,0.779109589041095890410958931,0.3380136986301369863013698898,0,0,0,2059,2060,2040,ZBO,1.228767123287671232876712329,0.7876712328767123287671232878,0.0006159692249953086883092512302,0.0004434978419966222555826608857
0E-27,0,0.000,0E-27,0E-27,0E-27,0E-27,1.228767123287671232876712329,0.7876712328767123287671232878,0,0,0,2060,2061,2040,ZBO,1.228767123287671232876712329,0.7876712328767123287671232878,0E-57,0E-59
0E-27,0,0.000,0E-27,0E-27,0E-27,0E-27,1.228767123287671232876712329,0.7876712328767123287671232878,0,0,0,2061,2062,2040,ZBO,1.228767123287671232876712329,0.7876712328767123287671232878,0E-57,0E-59
0E-27,0,0.000,0E-27,0E-27,0E-27,0E-27,1.228767123287671232876712329,0.7876712328767123287671232878,0,0,0,2062,2063,2040,ZBO,1.228767123287671232876712329,0.7876712328767123287671232878,0E-57,0E-59
0E-27,0,0.000,0E-27,0E-27,0E-27,0E-27,1.228767123287671232876712329,0.7876712328767123287671232878,0,0,0,2063,2064,2040,ZBO,1.228767123287671232876712329,0.7876712328767123287671232878,0E-57,0E-59
0E-27,0,0.000,0E-27,0E-27,0E-27,0E-27,1.228767123287671232876712329,0.7876712328767123287671232878,0,0,0,2064,2065,2040,ZBO,1.228767123287671232876712329,0.7876712328767123287671232878,0E-57,0E-59
0E-27,0,0.000,0E-27,0E-27,0E-27,0E-27,1.228767123287671232876712329,0.7876712328767123287671232878,0,0,0,2065,2066,2040,ZBO,1.228767123287671232876712329,0.7876712328767123287671232878,0E-57,0E-59
0E-27,0,0.000,0E-27,0E-27,0E-27,0E-27,1.228767123287671232876712329,0.7876712328767123287671232878,0,0,0,2066,2067,2040,ZBO,1.228767123287671232876712329,0.7876712328767123287671232878,0E-57,0E-59
0E-27,0,0.000,0E-27,0E-27,0E-27,0E-27,1.228767123287671232876712329,0.7876712328767123287671232878,0,0,0,2067,2068,2040,ZBO,1.228767123287671232876712329,0.7876712328767123287671232878,0E-57,0E-59
0E-27,0,0.000,0E-27,0E-27,0E-27,0E-27,0.4095890410958904109589041096,0.2625570776255707762557077625,0,0,0,2068,6205/3,2040,ZBO,0.4095890410958904109589041096,0.2625570776255707762557077625,0E-58,0E-60
0E-27,26.67627974044700793078586878,0.3201153568853640951694304254,26.35616438356164383561643835,0.8191780821917808219178082194,0.5251141552511415525114155253,25.53698630136986301369863013,0E-28,0E-28,26.67627974044700793078586878,0E-26,0,6205/3,2069,2040,ZBO,0.8191780821917808219178082194,0.5251141552511415525114155253,0.04739100519171827109526490273,0.03412152373803715518859072997
25.53698630136986301369863013,0,0.000,25.53698630136986301369863013,1.228767123287671232876712329,0.7876712328767123287671232878,24.30821917808219178082191780,0E-27,0E-28,0,0,0,2069,2070,2040,ZBO,1.228767123287671232876712329,0.7876712328767123287671232878,0.06828110339650966410208294236,0.04916239444548695815349971850
24.30821917808219178082191780,0,0.000,24.30821917808219178082191780,1.228767123287671232876712329,0.7876712328767123287671232878,23.07945205479452054794520547,0E-27,0E-28,0,0,0,2070,2071,2040,ZBO,1.228767123287671232876712329,0.7876712328767123287671232878,0.06491461812722837305310564834,0.04673852505160442859823606680
23.07945205479452054794520547,0,0.000,23.07945205479452054794520547,1.228767123287671232876712329,0.7876712328767123287671232878,21.85068493150684931506849314,0E-27,0E-28,0,0,0,2071,2072,2040,ZBO,1.228767123287671232876712329,0.7876712328767123287671232878,0.06154813285794708200412835425,0.04431465565772189904297241506
21.85068493150684931506849314,0,0.000,21.85068493150684931506849314,1.228767123287671232876712329,0.7876712328767123287671232878,20.62191780821917808219178081,0E-27,0E-28,0,0,0,2072,2073,2040,ZBO,1.228767123287671232876712329,0.7876712328767123287671232878,0.05818164758866579095515106022,0.04189078626383936948770876336
20.62191780821917808219178081,0,0.000,20.62191780821917808219178081,1.228767123287671232876712329,0.7876712328767123287671232878,19.39315068493150684931506848,0E-27,0E-28,0,0,0,2073,2074,2040,ZBO,1.228767123287671232876712329,0.7876712328767123287671232878,0.05481516231938449990617376614,0.03946691686995683993244511162
19.39315068493150684931506848,0,0.000,19.39315068493150684931506848,1.228767123287671232876712329,0.7876712328767123287671232878,18.16438356164383561643835615,0E-27,0E-28,0,0,0,2074,2075,2040,ZBO,1.228767123287671232876712329,0.7876712328767123287671232878,0.05144867705010320885719647211,0.03704304747607431037718145992
18.16438356164383561643835615,0,0.000,18.16438356164383561643835615,1.228767123287671232876712329,0.7876712328767123287671232878,16.93561643835616438356164382,0E-27,0E-28,0,0,0,2075,2076,2040,ZBO,1.228767123287671232876712329,0.7876712328767123287671232878,0.04808219178082191780821917803,0.03461917808219178082191780818
16.93561643835616438356164382,0,0.000,16.93561643835616438356164382,1.228767123287671232876712329,0.7876712328767123287671232878,15.70684931506849315068493149,0E-27,0E-28,0,0,0,2076,2077,2040,ZBO,1.228767123287671232876712329,0.7876712328767123287671232878,0.04471570651154062675924188400,0.03219530868830925126665415648
15.70684931506849315068493149,0,0.000,15.70684931506849315068493149,1.228767123287671232876712329,0.7876712328767123287671232878,14.47808219178082191780821916,0E-27,0E-28,0,0,0,2077,2078,2040,ZBO,1.228767123287671232876712329,0.7876712328767123287671232878,0.04134922124225933571026458992,0.02977143929442672171139050474
14.47808219178082191780821916,0,0.000,14.47808219178082191780821916,1.228767123287671232876712329,0.7876712328767123287671232878,13.24931506849315068493150683,0E-27,0E-28,0,0,0,2078,2079,2040,ZBO,1.228767123287671232876712329,0.7876712328767123287671232878,0.03798273597297804466128729589,0.02734756990054419215612685304
13.24931506849315068493150683,0,0.000,13.24931506849315068493150683,1.228767123287671232876712329,0.7876712328767123287671232878,12.02054794520547945205479450,0E-27,0E-28,0,0,0,2079,2080,2040,ZBO,1.228767123287671232876712329,0.7876712328767123287671232878,0.03461625070369675361231000181,0.02492370050666166260086320130
12.02054794520547945205479450,0,0.000,12.02054794520547945205479450,1.228767123287671232876712329,0.7876712328767123287671232878,10.79178082191780821917808217,0E-27,0E-28,0,0,0,2080,2081,2040,ZBO,1.228767123287671232876712329,0.7876712328767123287671232878,0.03124976543441546256333270778,0.02249983111277913304559954960
10.79178082191780821917808217,0,0.000,10.79178082191780821917808217,1.228767123287671232876712329,0.7876712328767123287671232878,9.563013698630136986301369841,0E-27,0E-28,0,0,0,2081,2082,2040,ZBO,1.228767123287671232876712329,0.7876712328767123287671232878,0.02788328016513417151435541370,0.02007596171889660349033589786
9.563013698630136986301369841,0,0.000,9.563013698630136986301369841,1.228767123287671232876712329,0.7876712328767123287671232878,8.334246575342465753424657512,0E-27,0E-28,0,0,0,2082,2083,2040,ZBO,1.228767123287671232876712329,0.7876712328767123287671232878,0.02451679489585288046537811966,0.01765209232501407393507224616
8.334246575342465753424657512,0,0.000,8.334246575342465753424657512,1.228767123287671232876712329,0.7876712328767123287671232878,7.105479452054794520547945183,0E-27,0E-28,0,0,0,2083,2084,2040,ZBO,1.228767123287671232876712329,0.7876712328767123287671232878,0.02115030962657158941640082562,0.01522822293113154437980859445
7.105479452054794520547945183,0,0.000,7.105479452054794520547945183,1.228767123287671232876712329,0.7876712328767123287671232878,5.876712328767123287671232854,0E-27,0E-28,0,0,0,2084,2085,2040,ZBO,1.228767123287671232876712329,0.7876712328767123287671232878,0.01778382435729029836742353156,0.01280435353724901482454494272
5.876712328767123287671232854,0,0.000,5.876712328767123287671232854,1.228767123287671232876712329,0.7876712328767123287671232878,4.647945205479452054794520525,0E-27,0E-28,0,0,0,2085,2086,2040,ZBO,1.228767123287671232876712329,0.7876712328767123287671232878,0.01441733908800900731844623751,0.01038048414336648526928129101
4.647945205479452054794520525,0,0.000,4.647945205479452054794520525,1.228767123287671232876712329,0.7876712328767123287671232878,3.419178082191780821917808196,0E-27,0E-28,0,0,0,2086,2087,2040,ZBO,1.228767123287671232876712329,0.7876712328767123287671232878,0.01105085381872771626946894345,0.007956614749483955714017639284
3.419178082191780821917808196,0,0.000,3.419178082191780821917808196,1.228767123287671232876712329,0.7876712328767123287671232878,2.190410958904109589041095867,0E-27,0E-28,0,0,0,2087,2088,2040,ZBO,1.228767123287671232876712329,0.7876712328767123287671232878,0.007684368549446425220491649404,0.005532745355601426158753987571
2.190410958904109589041095867,0,0.000,2.190410958904109589041095867,1.228767123287671232876712329,0.7876712328767123287671232878,0.961643835616438356164383538,0E-27,0E-28,0,0,0,2088,2089,2040,ZBO,1.228767123287671232876712329,0.7876712328767123287671232878,0.004317883280165134171514355348,0.003108875961718896603490335851
0.961643835616438356164383538,0,0.000,0.961643835616438356164383538,0.9616438356164383561643835380,0.7876712328767123287671232878,0E-28,0.2671232876712328767123287910,0E-28,0,0,0,2089,2090,2040,ZBO,1.228767123287671232876712329,0.7876712328767123287671232878,0.001317320322762244323512854162,0.0009484706323888159129292549966
0E-28,0,0.000,0E-28,0E-28,0E-28,0E-28,1.228767123287671232876712329,0.7876712328767123287671232878,0,0,0,2090,2091,2040,ZBO,1.228767123287671232876712329,0.7876712328767123287671232878,0E-58,0E-60
0E-28,0,0.000,0E-28,0E-28,0E-28,0E-28,1.228767123287671232876712329,0.7876712328767123287671232878,0,0,0,2091,2092,2040,ZBO,1.228767123287671232876712329,0.7876712328767123287671232878,0E-58,0E-60
0E-28,0,0.000,0E-28,0E-28,0E-28,0E-28,1.228767123287671232876712329,0.7876712328767123287671232878,0,0,0,2092,2093,2040,ZBO,1.228767123287671232876712329,0.7876712328767123287671232878,0E-58,0E-60
0E-28,0,0.000,0E-28,0E-28,0E-28,0E-28,1.228767123287671232876712329,0.7876712328767123287671232878,0,0,0,2093,2094,2040,ZBO,1.228767123287671232876712329,0.7876712328767123287671232878,0E-58,0E-60
0E-28,0,0.000,0E-28,0E-28,0E-28,0E-28,1.228767123287671232876712329,0.7876712328767123287671232878,0,0,0,2094,2095,2040,ZBO,1.228767123287671232876712329,0.7876712328767123287671232878,0E-58,0E-60
0E-28,0,0.000,0E-28,0E-28,0E-28,0E-28,1.228767123287671232876712329,0.7876712328767123287671232878,0,0,0,2095,2096,2040,ZBO,1.228767123287671232876712329,0.7876712328767123287671232878,0E-58,0E-60
0E-28,0,0.000,0E-28,0E-28,0E-28,0E-28,1.228767123287671232876712329,0.7876712328767123287671232878,0,0,0,2096,2097,2040,ZBO,1.228767123287671232876712329,0.7876712328767123287671232878,0E-58,0E-60
0E-28,0,0.000,0E-28,0E-28,0E-28,0E-28,1.228767123287671232876712329,0.7876712328767123287671232878,0,0,0,2097,2098,2040,ZBO,1.228767123287671232876712329,0.7876712328767123287671232878,0E-58,0E-60
0E-28,0,0.000,0E-28,0E-28,0E-28,0E-28,0.9215753424657534246575342467,0.5907534246575342465753424658,0,0,0,2098,8395/4,2040,ZBO,0.9215753424657534246575342467,0.5907534246575342465753424658,0E-58,0E-60
0E-28,26.67627974044700793078586878,0.3201153568853640951694304254,26.35616438356164383561643835,0.3071917808219178082191780822,0.1969178082191780821917808219,26.04897260273972602739726027,0E-28,0E-28,26.67627974044700793078586878,0E-26,0,8395/4,2099,2040,ZBO,0.3071917808219178082191780822,0.1969178082191780821917808219,0.01794696472133608556952523925,0.01292181459936198161005817226
26.04897260273972602739726027,0,0.000,26.04897260273972602739726027,1.228767123287671232876712329,0.7876712328767123287671232878,24.82020547945205479452054794,0E-27,0E-28,0,0,0,2099,2100,2040,ZBO,1.228767123287671232876712329,0.7876712328767123287671232878,0.06968380559204353537249014823,0.05017234002627134546819290673
24.82020547945205479452054794,0,0.000,24.82020547945205479452054794,1.228767123287671232876712329,0.7876712328767123287671232878,23.59143835616438356164383561,0E-27,0E-28,0,0,0,2100,2101,2040,ZBO,1.228767123287671232876712329,0.7876712328767123287671232878,0.06631732032276224432351285420,0.04774847063238881591292925502
23.59143835616438356164383561,0,0.000,23.59143835616438356164383561,1.228767123287671232876712329,0.7876712328767123287671232878,22.36267123287671232876712328,0E-27,0E-28,0,0,0,2101,2102,2040,ZBO,1.228767123287671232876712329,0.7876712328767123287671232878,0.06295083505348095327453556012,0.04532460123850628635766560329
22.36267123287671232876712328,0,0.000,22.36267123287671232876712328,1.228767123287671232876712329,0.7876712328767123287671232878,21.13390410958904109589041095,0E-27,0E-28,0,0,0,2102,2103,2040,ZBO,1.228767123287671232876712329,0.7876712328767123287671232878,0.05958434978419966222555826609,0.04290073184462375680240195158
21.13390410958904109589041095,0,0.000,21.13390410958904109589041095,1.228767123287671232876712329,0.7876712328767123287671232878,19.90513698630136986301369862,0E-27,0E-28,0,0,0,2103,2104,2040,ZBO,1.228767123287671232876712329,0.7876712328767123287671232878,0.05621786451491837117658097201,0.04047686245074122724713829985
19.90513698630136986301369862,0,0.000,19.90513698630136986301369862,1.228767123287671232876712329,0.7876712328767123287671232878,18.67636986301369863013698629,0E-27,0E-28,0,0,0,2104,2105,2040,ZBO,1.228767123287671232876712329,0.7876712328767123287671232878,0.05285137924563708012760367798,0.03805299305685869769187464815
18.67636986301369863013698629,0,0.000,18.67636986301369863013698629,1.228767123287671232876712329,0.7876712328767123287671232878,17.44760273972602739726027396,0E-27,0E-28,0,0,0,2105,2106,2040,ZBO,1.228767123287671232876712329,0.7876712328767123287671232878,0.04948489397635578907862638390,0.03562912366297616813661099641
17.44760273972602739726027396,0,0.000,17.44760273972602739726027396,1.228767123287671232876712329,0.7876712328767123287671232878,16.21883561643835616438356163,0E-27,0E-28,0,0,0,2106,2107,2040,ZBO,1.228767123287671232876712329,0.7876712328767123287671232878,0.04611840870707449802964908987,0.03320525426909363858134734471
16.21883561643835616438356163,0,0.000,16.21883561643835616438356163,1.228767123287671232876712329,0.7876712328767123287671232878,14.99006849315068493150684930,0E-27,0E-28,0,0,0,2107,2108,2040,ZBO,1.228767123287671232876712329,0.7876712328767123287671232878,0.04275192343779320698067179579,0.03078138487521110902608369297
14.99006849315068493150684930,0,0.000,14.99006849315068493150684930,1.228767123287671232876712329,0.7876712328767123287671232878,13.76130136986301369863013697,0E-27,0E-28,0,0,0,2108,2109,2040,ZBO,1.228767123287671232876712329,0.7876712328767123287671232878,0.03938543816851191593169450176,0.02835751548132857947082004127
13.76130136986301369863013697,0,0.000,13.76130136986301369863013697,1.228767123287671232876712329,0.7876712328767123287671232878,12.53253424657534246575342464,0E-27,0E-28,0,0,0,2109,2110,2040,ZBO,1.228767123287671232876712329,0.7876712328767123287671232878,0.03601895289923062488271720767,0.02593364608744604991555638952
12.53253424657534246575342464,0,0.000,12.53253424657534246575342464,1.228767123287671232876712329,0.7876712328767123287671232878,11.30376712328767123287671231,0E-27,0E-28,0,0,0,2110,2111,2040,ZBO,1.228767123287671232876712329,0.7876712328767123287671232878,0.03265246762994933383373991365,0.02350977669356352036029273783
11.30376712328767123287671231,0,0.000,11.30376712328767123287671231,1.228767123287671232876712329,0.7876712328767123287671232878,10.07499999999999999999999998,0E-27,0E-28,0,0,0,2111,2112,2040,ZBO,1.228767123287671232876712329,0.7876712328767123287671232878,0.02928598236066804278476261956,0.02108590729968099080502908608
10.07499999999999999999999998,0,0.000,10.07499999999999999999999998,1.228767123287671232876712329,0.7876712328767123287671232878,8.846232876712328767123287651,0E-27,0E-28,0,0,0,2112,2113,2040,ZBO,1.228767123287671232876712329,0.7876712328767123287671232878,0.02591949709138675173578532552,0.01866203790579846124976543437
8.846232876712328767123287651,0,0.000,8.846232876712328767123287651,1.228767123287671232876712329,0.7876712328767123287671232878,7.617465753424657534246575322,0E-27,0E-28,0,0,0,2113,2114,2040,ZBO,1.228767123287671232876712329,0.7876712328767123287671232878,0.02255301182210546068680803147,0.01623816851191593169450178266
7.617465753424657534246575322,0,0.000,7.617465753424657534246575322,1.228767123287671232876712329,0.7876712328767123287671232878,6.388698630136986301369862993,0E-27,0E-28,0,0,0,2114,2115,2040,ZBO,1.228767123287671232876712329,0.7876712328767123287671232878,0.01918652655282416963783073743,0.01381429911803340213923813095
6.388698630136986301369862993,0,0.000,6.388698630136986301369862993,1.228767123287671232876712329,0.7876712328767123287671232878,5.159931506849315068493150664,0E-27,0E-28,0,0,0,2115,2116,2040,ZBO,1.228767123287671232876712329,0.7876712328767123287671232878,0.01582004128354287858885344337,0.01139042972415087258397447923
5.159931506849315068493150664,0,0.000,5.159931506849315068493150664,1.228767123287671232876712329,0.7876712328767123287671232878,3.931164383561643835616438335,0E-27,0E-28,0,0,0,2116,2117,2040,ZBO,1.228767123287671232876712329,0.7876712328767123287671232878,0.01245355601426158753987614932,0.008966560330268343028710827510
3.931164383561643835616438335,0,0.000,3.931164383561643835616438335,1.228767123287671232876712329,0.7876712328767123287671232878,2.702397260273972602739726006,0E-27,0E-28,0,0,0,2117,2118,2040,ZBO,1.228767123287671232876712329,0.7876712328767123287671232878,0.009087070744980296490898855261,0.006542690936385813473447175788
2.702397260273972602739726006,0,0.000,2.702397260273972602739726006,1.228767123287671232876712329,0.7876712328767123287671232878,1.473630136986301369863013677,0E-27,0E-28,0,0,0,2118,2119,2040,ZBO,1.228767123287671232876712329,0.7876712328767123287671232878,0.005720585475699005441921561212,0.004118821542503283918183524073
1.473630136986301369863013677,0,0.000,1.473630136986301369863013677,1.228767123287671232876712329,0.7876712328767123287671232878,0.244863013698630136986301348,0E-27,0E-28,0,0,0,2119,2120,2040,ZBO,1.228767123287671232876712329,0.7876712328767123287671232878,0.002354100206417714392944267158,0.001694952148620754362919872354
0.244863013698630136986301348,0,0.000,0.244863013698630136986301348,0.244863013698630136986301348,0.244863013698630136986301348,0E-27,0.983904109589041095890410981,0.5428082191780821917808219398,0,0,0,2120,2121,2040,ZBO,1.228767123287671232876712329,0.7876712328767123287671232878,0.0003354287858885344342278100658,0.0002415087258397447926440232474
0E-27,0,0.000,0E-27,0E-27,0E-27,0E-27,1.228767123287671232876712329,0.7876712328767123287671232878,0,0,0,2121,2122,2040,ZBO,1.228767123287671232876712329,0.7876712328767123287671232878,0E-57,0E-59
0E-27,0,0.000,0E-27,0E-27,0E-27,0E-27,1.228767123287671232876712329,0.7876712328767123287671232878,0,0,0,2122,2123,2040,ZBO,1.228767123287671232876712329,0.7876712328767123287671232878,0E-57,0E-59
0E-27,0,0.000,0E-27,0E-27,0E-27,0E-27,1.228767123287671232876712329,0.7876712328767123287671232878,0,0,0,2123,2124,2040,ZBO,1.228767123287671232876712329,0.7876712328767123287671232878,0E-57,0E-59
0E-27,0,0.000,0E-27,0E-27,0E-27,0E-27,1.228767123287671232876712329,0.7876712328767123287671232878,0,0,0,2124,2125,2040,ZBO,1.228767123287671232876712329,0.7876712328767123287671232878,0E-57,0E-59
0E-27,0,0.000,0E-27,0E-27,0E-27,0E-27,1.228767123287671232876712329,0.7876712328767123287671232878,0,0,0,2125,2126,2040,ZBO,1.228767123287671232876712329,0.7876712328767123287671232878,0E-57,0E-59
0E-27,0,0.000,0E-27,0E-27,0E-27,0E-27,1.228767123287671232876712329,0.7876712328767123287671232878,0,0,0,2126,2127,2040,ZBO,1.228767123287671232876712329,0.7876712328767123287671232878,0E-57,0E-59
0E-27,0,0.000,0E-27,0E-27,0E-27,0E-27,1.228767123287671232876712329,0.7876712328767123287671232878,0,0,0,2127,2128,2040,ZBO,1.228767123287671232876712329,0.7876712328767123287671232878,0E-57,0E-59
0E-27,0,0.000,0E-27,0E-27,0E-27,0E-27,1.228767123287671232876712329,0.7876712328767123287671232878,0,0,0,2128,2129,2040,ZBO,1.228767123287671232876712329,0.7876712328767123287671232878,0E-57,0E-59
0E-27,0,0.000,0E-27,0E-27,0E-27,0E-27,0.2047945205479452054794520548,0.1312785388127853881278538813,0,0,0,2129,12775/6,2040,ZBO,0.2047945205479452054794520548,0.1312785388127853881278538813,0E-58,0E-60
0E-27,26.67627974044700793078586878,0.3201153568853640951694304254,26.35616438356164383561643835,1.023972602739726027397260274,0.6563926940639269406392694064,25.33219178082191780821917808,0E-27,0E-28,26.67627974044700793078586878,0E-26,0,12775/6,2130,2040,ZBO,1.023972602739726027397260274,0.6563926940639269406392694064,0.05900497279039219365734659411,0.04248358040908237943328954776
25.33219178082191780821917808,0,0.000,25.33219178082191780821917808,1.228767123287671232876712329,0.7876712328767123287671232878,24.10342465753424657534246575,0E-27,0E-28,0,0,0,2130,2131,2040,ZBO,1.228767123287671232876712329,0.7876712328767123287671232878,0.06772002251829611559392006006,0.04875841621317320322762244324
24.10342465753424657534246575,0,0.000,24.10342465753424657534246575,1.228767123287671232876712329,0.7876712328767123287671232878,22.87465753424657534246575342,0E-27,0E-28,0,0,0,2131,2132,2040,ZBO,1.228767123287671232876712329,0.7876712328767123287671232878,0.06435353724901482454494276598,0.04633454681929067367235879151
22.87465753424657534246575342,0,0.000,22.87465753424657534246575342,1.228767123287671232876712329,0.7876712328767123287671232878,21.64589041095890410958904109,0E-27,0E-28,0,0,0,2132,2133,2040,ZBO,1.228767123287671232876712329,0.7876712328767123287671232878,0.06098705197973353349596547195,0.04391067742540814411709513980
21.64589041095890410958904109,0,0.000,21.64589041095890410958904109,1.228767123287671232876712329,0.7876712328767123287671232878,20.41712328767123287671232876,0E-27,0E-28,0,0,0,2133,2134,2040,ZBO,1.228767123287671232876712329,0.7876712328767123287671232878,0.05762056671045224244698817787,0.04148680803152561456183148807
20.41712328767123287671232876,0,0.000,20.41712328767123287671232876,1.228767123287671232876712329,0.7876712328767123287671232878,19.18835616438356164383561643,0E-27,0E-28,0,0,0,2134,2135,2040,ZBO,1.228767123287671232876712329,0.7876712328767123287671232878,0.05425408144117095139801088384,0.03906293863764308500656783636
19.18835616438356164383561643,0,0.000,19.18835616438356164383561643,1.228767123287671232876712329,0.7876712328767123287671232878,17.95958904109589041095890410,0E-27,0E-28,0,0,0,2135,2136,2040,ZBO,1.228767123287671232876712329,0.7876712328767123287671232878,0.05088759617188966034903358976,0.03663906924376055545130418463
17.95958904109589041095890410,0,0.000,17.95958904109589041095890410,1.228767123287671232876712329,0.7876712328767123287671232878,16.73082191780821917808219177,0E-27,0E-28,0,0,0,2136,2137,2040,ZBO,1.228767123287671232876712329,0.7876712328767123287671232878,0.04752111090260836930005629573,0.03421519984987802589604053293
16.73082191780821917808219177,0,0.000,16.73082191780821917808219177,1.228767123287671232876712329,0.7876712328767123287671232878,15.50205479452054794520547944,0E-27,0E-28,0,0,0,2137,2138,2040,ZBO,1.228767123287671232876712329,0.7876712328767123287671232878,0.04415462563332707825107900165,0.03179133045599549634077688119
15.50205479452054794520547944,0,0.000,15.50205479452054794520547944,1.228767123287671232876712329,0.7876712328767123287671232878,14.27328767123287671232876711,0E-27,0E-28,0,0,0,2138,2139,2040,ZBO,1.228767123287671232876712329,0.7876712328767123287671232878,0.04078814036404578720210170762,0.02936746106211296678551322949
14.27328767123287671232876711,0,0.000,14.27328767123287671232876711,1.228767123287671232876712329,0.7876712328767123287671232878,13.04452054794520547945205478,0E-27,0E-28,0,0,0,2139,2140,2040,ZBO,1.228767123287671232876712329,0.7876712328767123287671232878,0.03742165509476449615312441354,0.02694359166823043723024957775
13.04452054794520547945205478,0,0.000,13.04452054794520547945205478,1.228767123287671232876712329,0.7876712328767123287671232878,11.81575342465753424657534245,0E-27,0E-28,0,0,0,2140,2141,2040,ZBO,1.228767123287671232876712329,0.7876712328767123287671232878,0.03405516982548320510414711951,0.02451972227434790767498592605
11.81575342465753424657534245,0,0.000,11.81575342465753424657534245,1.228767123287671232876712329,0.7876712328767123287671232878,10.58698630136986301369863012,0E-27,0E-28,0,0,0,2141,2142,2040,ZBO,1.228767123287671232876712329,0.7876712328767123287671232878,0.03068868455620191405516982543,0.02209585288046537811972227431
10.58698630136986301369863012,0,0.000,10.58698630136986301369863012,1.228767123287671232876712329,0.7876712328767123287671232878,9.358219178082191780821917791,0E-27,0E-28,0,0,0,2142,2143,2040,ZBO,1.228767123287671232876712329,0.7876712328767123287671232878,0.02732219928692062300619253139,0.01967198348658284856445862260
9.358219178082191780821917791,0,0.000,9.358219178082191780821917791,1.228767123287671232876712329,0.7876712328767123287671232878,8.129452054794520547945205462,0E-27,0E-28,0,0,0,2143,2144,2040,ZBO,1.228767123287671232876712329,0.7876712328767123287671232878,0.02395571401763933195721523733,0.01724811409270031900919497088
8.129452054794520547945205462,0,0.000,8.129452054794520547945205462,1.228767123287671232876712329,0.7876712328767123287671232878,6.900684931506849315068493133,0E-27,0E-28,0,0,0,2144,2145,2040,ZBO,1.228767123287671232876712329,0.7876712328767123287671232878,0.02058922874835804090823794329,0.01482424469881778945393131917
6.900684931506849315068493133,0,0.000,6.900684931506849315068493133,1.228767123287671232876712329,0.7876712328767123287671232878,5.671917808219178082191780804,0E-27,0E-28,0,0,0,2145,2146,2040,ZBO,1.228767123287671232876712329,0.7876712328767123287671232878,0.01722274347907674985926064923,0.01240037530493525989866766745
5.671917808219178082191780804,0,0.000,5.671917808219178082191780804,1.228767123287671232876712329,0.7876712328767123287671232878,4.443150684931506849315068475,0E-27,0E-28,0,0,0,2146,2147,2040,ZBO,1.228767123287671232876712329,0.7876712328767123287671232878,0.01385625820979545881028335518,0.009976505911052730343404015730
4.443150684931506849315068475,0,0.000,4.443150684931506849315068475,1.228767123287671232876712329,0.7876712328767123287671232878,3.214383561643835616438356146,0E-27,0E-28,0,0,0,2147,2148,2040,ZBO,1.228767123287671232876712329,0.7876712328767123287671232878,0.01048977294051416776130606112,0.007552636517170200788140364006
3.214383561643835616438356146,0,0.000,3.214383561643835616438356146,1.228767123287671232876712329,0.7876712328767123287671232878,1.985616438356164383561643817,0E-27,0E-28,0,0,0,2148,2149,2040,ZBO,1.228767123287671232876712329,0.7876712328767123287671232878,0.007123287671232876712328767075,0.005128767123287671232876712294
1.985616438356164383561643817,0,0.000,1.985616438356164383561643817,1.228767123287671232876712329,0.7876712328767123287671232878,0.756849315068493150684931488,0E-27,0E-28,0,0,0,2149,2150,2040,ZBO,1.228767123287671232876712329,0.7876712328767123287671232878,0.003756802401951585663351473020,0.002704897729405141677613060574
0.756849315068493150684931488,0,0.000,0.756849315068493150684931488,0.756849315068493150684931488,0.756849315068493150684931488,0E-27,0.471917808219178082191780841,0.0308219178082191780821917998,0,0,0,2150,2151,2040,ZBO,1.228767123287671232876712329,0.7876712328767123287671232878,0.001036779883655470069431412997,0.0007464815162319384499906173578
0E-27,0,0.000,0E-27,0E-27,0E-27,0E-27,1.228767123287671232876712329,0.7876712328767123287671232878,0,0,0,2151,2152,2040,ZBO,1.228767123287671232876712329,0.7876712328767123287671232878,0E-57,0E-59
0E-27,0,0.000,0E-27,0E-27,0E-27,0E-27,1.228767123287671232876712329,0.7876712328767123287671232878,0,0,0,2152,2153,2040,ZBO,1.228767123287671232876712329,0.7876712328767123287671232878,0E-57,0E-59
0E-27,0,0.000,0E-27,0E-27,0E-27,0E-27,1.228767123287671232876712329,0.7876712328767123287671232878,0,0,0,2153,2154,2040,ZBO,1.228767123287671232876712329,0.7876712328767123287671232878,0E-57,0E-59
0E-27,0,0.000,0E-27,0E-27,0E-27,0E-27,1.228767123287671232876712329,0.7876712328767123287671232878,0,0,0,2154,2155,2040,ZBO,1.228767123287671232876712329,0.7876712328767123287671232878,0E-57,0E-59
0E-27,0,0.000,0E-27,0E-27,0E-27,0E-27,1.228767123287671232876712329,0.7876712328767123287671232878,0,0,0,2155,2156,2040,ZBO,1.228767123287671232876712329,0.7876712328767123287671232878,0E-57,0E-59
0E-27,0,0.000,0E-27,0E-27,0E-27,0E-27,1.228767123287671232876712329,0.7876712328767123287671232878,0,0,0,2156,2157,2040,ZBO,1.228767123287671232876712329,0.7876712328767123287671232878,0E-57,0E-59
0E-27,0,0.000,0E-27,0E-27,0E-27,0E-27,1.228767123287671232876712329,0.7876712328767123287671232878,0,0,0,2157,2158,2040,ZBO,1.228767123287671232876712329,0.7876712328767123287671232878,0E-57,0E-59
0E-27,0,0.000,0E-27,0E-27,0E-27,0E-27,1.228767123287671232876712329,0.7876712328767123287671232878,0,0,0,2158,2159,2040,ZBO,1.228767123287671232876712329,0.7876712328767123287671232878,0E-57,0E-59
0E-27,0,0.000,0E-27,0E-27,0E-27,0E-27,0.7167808219178082191780821917,0.4594748858447488584474885844,0,0,0,2159,25915/12,2040,ZBO,0.7167808219178082191780821917,0.4594748858447488584474885844,0E-57,0E-59
0E-27,26.67627974044700793078586902,0.3201153568853640951694304282,26.35616438356164383561643859,0.5119863013698630136986301372,0.3281963470319634703196347033,25.84417808219178082191780845,0E-28,0E-28,26.67627974044700793078586902,0E-26,0,25915/12,2160,2040,ZBO,0.5119863013698630136986301372,0.3281963470319634703196347033,0.02979471601926565334334146522,0.02145219553387127040720585496
25.84417808219178082191780845,0,0.000,25.84417808219178082191780845,1.228767123287671232876712329,0.7876712328767123287671232878,24.61541095890410958904109612,0E-27,0E-28,0,0,0,2160,2161,2040,ZBO,1.228767123287671232876712329,0.7876712328767123287671232878,0.06912272471382998686432726653,0.04976836179395759054231563190
24.61541095890410958904109612,0,0.000,24.61541095890410958904109612,1.228767123287671232876712329,0.7876712328767123287671232878,23.38664383561643835616438379,0E-27,0E-28,0,0,0,2161,2162,2040,ZBO,1.228767123287671232876712329,0.7876712328767123287671232878,0.06575623944454869581534997250,0.04734449240007506098705198020
23.38664383561643835616438379,0,0.000,23.38664383561643835616438379,1.228767123287671232876712329,0.7876712328767123287671232878,22.15787671232876712328767146,0E-27,0E-28,0,0,0,2162,2163,2040,ZBO,1.228767123287671232876712329,0.7876712328767123287671232878,0.06238975417526740476637267842,0.04492062300619253143178832846
22.15787671232876712328767146,0,0.000,22.15787671232876712328767146,1.228767123287671232876712329,0.7876712328767123287671232878,20.92910958904109589041095913,0E-27,0E-28,0,0,0,2163,2164,2040,ZBO,1.228767123287671232876712329,0.7876712328767123287671232878,0.05902326890598611371739538439,0.04249675361231000187652467676
20.92910958904109589041095913,0,0.000,20.92910958904109589041095913,1.228767123287671232876712329,0.7876712328767123287671232878,19.70034246575342465753424680,0E-27,0E-28,0,0,0,2164,2165,2040,ZBO,1.228767123287671232876712329,0.7876712328767123287671232878,0.05565678363670482266841809031,0.04007288421842747232126102502
19.70034246575342465753424680,0,0.000,19.70034246575342465753424680,1.228767123287671232876712329,0.7876712328767123287671232878,18.47157534246575342465753447,0E-27,0E-28,0,0,0,2165,2166,2040,ZBO,1.228767123287671232876712329,0.7876712328767123287671232878,0.05229029836742353161944079628,0.03764901482454494276599737332
18.47157534246575342465753447,0,0.000,18.47157534246575342465753447,1.228767123287671232876712329,0.7876712328767123287671232878,17.24280821917808219178082214,0E-27,0E-28,0,0,0,2166,2167,2040,ZBO,1.228767123287671232876712329,0.7876712328767123287671232878,0.04892381309814224057046350220,0.03522514543066241321073372158
17.24280821917808219178082214,0,0.000,17.24280821917808219178082214,1.228767123287671232876712329,0.7876712328767123287671232878,16.01404109589041095890410981,0E-27,0E-28,0,0,0,2167,2168,2040,ZBO,1.228767123287671232876712329,0.7876712328767123287671232878,0.04555732782886094952148620817,0.03280127603677988365547006988
16.01404109589041095890410981,0,0.000,16.01404109589041095890410981,1.228767123287671232876712329,0.7876712328767123287671232878,14.78527397260273972602739748,0E-27,0E-28,0,0,0,2168,2169,2040,ZBO,1.228767123287671232876712329,0.7876712328767123287671232878,0.04219084255957965847250891409,0.03037740664289735410020641814
14.78527397260273972602739748,0,0.000,14.78527397260273972602739748,1.228767123287671232876712329,0.7876712328767123287671232878,13.55650684931506849315068515,0E-27,0E-28,0,0,0,2169,2170,2040,ZBO,1.228767123287671232876712329,0.7876712328767123287671232878,0.03882435729029836742353162006,0.02795353724901482454494276644
13.55650684931506849315068515,0,0.000,13.55650684931506849315068515,1.228767123287671232876712329,0.7876712328767123287671232878,12.32773972602739726027397282,0E-27,0E-28,0,0,0,2170,2171,2040,ZBO,1.228767123287671232876712329,0.7876712328767123287671232878,0.03545787202101707637455432598,0.02552966785513229498967911471
12.32773972602739726027397282,0,0.000,12.32773972602739726027397282,1.228767123287671232876712329,0.7876712328767123287671232878,11.09897260273972602739726049,0E-27,0E-28,0,0,0,2171,2172,2040,ZBO,1.228767123287671232876712329,0.7876712328767123287671232878,0.03209138675173578532557703195,0.02310579846124976543441546300
11.09897260273972602739726049,0,0.000,11.09897260273972602739726049,1.228767123287671232876712329,0.7876712328767123287671232878,9.870205479452054794520548161,0E-27,0E-28,0,0,0,2172,2173,2040,ZBO,1.228767123287671232876712329,0.7876712328767123287671232878,0.02872490148245449427659973787,0.02068192906736723587915181127
9.870205479452054794520548161,0,0.000,9.870205479452054794520548161,1.228767123287671232876712329,0.7876712328767123287671232878,8.641438356164383561643835832,0E-27,0E-28,0,0,0,2173,2174,2040,ZBO,1.228767123287671232876712329,0.7876712328767123287671232878,0.02535841621317320322762244382,0.01825805967348470632388815955
8.641438356164383561643835832,0,0.000,8.641438356164383561643835832,1.228767123287671232876712329,0.7876712328767123287671232878,7.412671232876712328767123503,0E-27,0E-28,0,0,0,2174,2175,2040,ZBO,1.228767123287671232876712329,0.7876712328767123287671232878,0.02199193094389191217864514978,0.01583419027960217676862450784
7.412671232876712328767123503,0,0.000,7.412671232876712328767123503,1.228767123287671232876712329,0.7876712328767123287671232878,6.183904109589041095890411174,0E-27,0E-28,0,0,0,2175,2176,2040,ZBO,1.228767123287671232876712329,0.7876712328767123287671232878,0.01862544567461062112966785573,0.01341032088571964721336085613
6.183904109589041095890411174,0,0.000,6.183904109589041095890411174,1.228767123287671232876712329,0.7876712328767123287671232878,4.955136986301369863013698845,0E-27,0E-28,0,0,0,2176,2177,2040,ZBO,1.228767123287671232876712329,0.7876712328767123287671232878,0.01525896040532933008069056167,0.01098645149183711765809720440
4.955136986301369863013698845,0,0.000,4.955136986301369863013698845,1.228767123287671232876712329,0.7876712328767123287671232878,3.726369863013698630136986516,0E-27,0E-28,0,0,0,2177,2178,2040,ZBO,1.228767123287671232876712329,0.7876712328767123287671232878,0.01189247513604803903171326762,0.008562582097954588102833552686
3.726369863013698630136986516,0,0.000,3.726369863013698630136986516,1.228767123287671232876712329,0.7876712328767123287671232878,2.497602739726027397260274187,0E-27,0E-28,0,0,0,2178,2179,2040,ZBO,1.228767123287671232876712329,0.7876712328767123287671232878,0.008525989866766747982735973568,0.006138712704072058547569900969
2.497602739726027397260274187,0,0.000,2.497602739726027397260274187,1.228767123287671232876712329,0.7876712328767123287671232878,1.268835616438356164383561858,0E-27,0E-28,0,0,0,2179,2180,2040,ZBO,1.228767123287671232876712329,0.7876712328767123287671232878,0.005159504597485456933758679513,0.003714843310189528992306249249
1.268835616438356164383561858,0,0.000,1.268835616438356164383561858,1.228767123287671232876712329,0.7876712328767123287671232878,0.040068493150684931506849529,0E-27,0E-28,0,0,0,2180,2181,2040,ZBO,1.228767123287671232876712329,0.7876712328767123287671232878,0.001793019328204165884781385462,0.001290973916306999437042597533
0.040068493150684931506849529,0,0.000,0.040068493150684931506849529,0.040068493150684931506849529,0.040068493150684931506849529,0E-27,1.188698630136986301369862800,0.7476027397260273972602737588,0,0,0,2181,2182,2040,ZBO,1.228767123287671232876712329,0.7876712328767123287671232878,0.00005488834678176018014636921781,0.00003951960968286732970538583682
0E-27,0,0.000,0E-27,0E-27,0E-27,0E-27,1.228767123287671232876712329,0.7876712328767123287671232878,0,0,0,2182,2183,2040,ZBO,1.228767123287671232876712329,0.7876712328767123287671232878,0E-57,0E-59
0E-27,0,0.000,0E-27,0E-27,0E-27,0E-27,1.228767123287671232876712329,0.7876712328767123287671232878,0,0,0,2183,2184,2040,ZBO,1.228767123287671232876712329,0.7876712328767123287671232878,0E-57,0E-59
0E-27,0,0.000,0E-27,0E-27,0E-27,0E-27,1.228767123287671232876712329,0.7876712328767123287671232878,0,0,0,2184,2185,2040,ZBO,1.228767123287671232876712329,0.7876712328767123287671232878,0E-57,0E-59
0E-27,0,0.000,0E-27,0E-27,0E-27,0E-27,1.228767123287671232876712329,0.7876712328767123287671232878,0,0,0,2185,2186,2040,ZBO,1.228767123287671232876712329,0.7876712328767123287671232878,0E-57,0E-59
0E-27,0,0.000,0E-27,0E-27,0E-27,0E-27,1.228767123287671232876712329,0.7876712328767123287671232878,0,0,0,2186,2187,2040,ZBO,1.228767123287671232876712329,0.7876712328767123287671232878,0E-57,0E-59
0E-27,0,0.000,0E-27,0E-27,0E-27,0E-27,1.228767123287671232876712329,0.7876712328767123287671232878,0,0,0,2187,2188,2040,ZBO,1.228767123287671232876712329,0.7876712328767123287671232878,0E-57,0E-59
0E-27,0,0.000,0E-27,0E-27,0E-27,0E-27,1.228767123287671232876712329,0.7876712328767123287671232878,0,0,0,2188,2189,2040,ZBO,1.228767123287671232876712329,0.7876712328767123287671232878,0E-57,0E-59
0E-27,0,0.000,0E-27,0E-27,0E-27,0E-27,1.228767123287671232876712329,0.7876712328767123287671232878,0,0,0,2189,2190,2040,ZBO,1.228767123287671232876712329,0.7876712328767123287671232878,0E-57,0E-59
