opening_t,gross_t,losses_t,after_inflow_t,served_t,served_critical_t,closing_t,shortage_t,shortage_critical_t,at,until,year,storage_id,demand_t,critical_demand_t,inventory_t_year,holding_mln
0,0,0.000,0.000,0.000,0.000,0.000,0E-30,0E-30,-365,-364,2034,BASE,0E-30,0E-30,0E-33,0E-35
0.000,0,0.000,0.000,0.000,0.000,0.000,0E-30,0E-30,-364,-363,2034,BASE,0E-30,0E-30,0E-33,0E-35
0.000,0,0.000,0.000,0.000,0.000,0.000,0E-30,0E-30,-363,-362,2034,BASE,0E-30,0E-30,0E-33,0E-35
0.000,0,0.000,0.000,0.000,0.000,0.000,0E-30,0E-30,-362,-361,2034,BASE,0E-30,0E-30,0E-33,0E-35
0.000,0,0.000,0.000,0.000,0.000,0.000,0E-30,0E-30,-361,-360,2034,BASE,0E-30,0E-30,0E-33,0E-35
0.000,0,0.000,0.000,0.000,0.000,0.000,0E-30,0E-30,-360,-359,2034,BASE,0E-30,0E-30,0E-33,0E-35
0.000,0,0.000,0.000,0.000,0.000,0.000,0E-30,0E-30,-359,-358,2034,BASE,0E-30,0E-30,0E-33,0E-35
0.000,0,0.000,0.000,0.000,0.000,0.000,0E-30,0E-30,-358,-357,2034,BASE,0E-30,0E-30,0E-33,0E-35
0.000,0,0.000,0.000,0.000,0.000,0.000,0E-30,0E-30,-357,-356,2034,BASE,0E-30,0E-30,0E-33,0E-35
0.000,0,0.000,0.000,0.000,0.000,0.000,0E-30,0E-30,-356,-355,2034,BASE,0E-30,0E-30,0E-33,0E-35
0.000,0,0.000,0.000,0.000,0.000,0.000,0E-30,0E-30,-355,-354,2034,BASE,0E-30,0E-30,0E-33,0E-35
0.000,0,0.000,0.000,0.000,0.000,0.000,0E-30,0E-30,-354,-353,2034,BASE,0E-30,0E-30,0E-33,0E-35
0.000,0,0.000,0.000,0.000,0.000,0.000,0E-30,0E-30,-353,-352,2034,BASE,0E-30,0E-30,0E-33,0E-35
0.000,0,0.000,0.000,0.000,0.000,0.000,0E-30,0E-30,-352,-351,2034,BASE,0E-30,0E-30,0E-33,0E-35
0.000,0,0.000,0.000,0.000,0.000,0.000,0E-30,0E-30,-351,-350,2034,BASE,0E-30,0E-30,0E-33,0E-35
0.000,0,0.000,0.000,0.000,0.000,0.000,0E-30,0E-30,-350,-349,2034,BASE,0E-30,0E-30,0E-33,0E-35
0.000,0,0.000,0.000,0.000,0.000,0.000,0E-30,0E-30,-349,-348,2034,BASE,0E-30,0E-30,0E-33,0E-35
0.000,0,0.000,0.000,0.000,0.000,0.000,0E-30,0E-30,-348,-347,2034,BASE,0E-30,0E-30,0E-33,0E-35
0.000,0,0.000,0.000,0.000,0.000,0.000,0E-30,0E-30,-347,-346,2034,BASE,0E-30,0E-30,0E-33,0E-35
0.000,0,0.000,0.000,0.000,0.000,0.000,0E-30,0E-30,-346,-345,2034,BASE,0E-30,0E-30,0E-33,0E-35
0.000,0,0.000,0.000,0.000,0.000,0.000,0E-30,0E-30,-345,-344,2034,BASE,0E-30,0E-30,0E-33,0E-35
0.000,0,0.000,0.000,0.000,0.000,0.000,0E-30,0E-30,-344,-343,2034,BASE,0E-30,0E-30,0E-33,0E-35
0.000,0,0.000,0.000,0.000,0.000,0.000,0E-30,0E-30,-343,-342,2034,BASE,0E-30,0E-30,0E-33,0E-35
0.000,0,0.000,0.000,0.000,0.000,0.000,0E-30,0E-30,-342,-341,2034,BASE,0E-30,0E-30,0E-33,0E-35
0.000,0,0.000,0.000,0.000,0.000,0.000,0E-30,0E-30,-341,-340,2034,BASE,0E-30,0E-30,0E-33,0E-35
0.000,0,0.000,0.000,0.000,0.000,0.000,0E-30,0E-30,-340,-339,2034,BASE,0E-30,0E-30,0E-33,0E-35
0.000,0,0.000,0.000,0.000,0.000,0.000,0E-30,0E-30,-339,-338,2034,BASE,0E-30,0E-30,0E-33,0E-35
0.000,0,0.000,0.000,0.000,0.000,0.000,0E-30,0E-30,-338,-337,2034,BASE,0E-30,0E-30,0E-33,0E-35
0.000,0,0.000,0.000,0.000,0.000,0.000,0E-30,0E-30,-337,-336,2034,BASE,0E-30,0E-30,0E-33,0E-35
0.000,0,0.000,0.000,0.000,0.000,0.000,0E-30,0E-30,-336,-335,2034,BASE,0E-30,0E-30,0E-33,0E-35
0.000,0,0.000,0.000,0.000,0.000,0.000,0E-30,0E-30,-335,-334,2034,BASE,0E-30,0E-30,0E-33,0E-35
0.000,0,0.000,0.000,0.000,0.000,0.000,0E-30,0E-30,-334,-333,2034,BASE,0E-30,0E-30,0E-33,0E-35
0.000,0,0.000,0.000,0.000,0.000,0.000,0E-30,0E-30,-333,-332,2034,BASE,0E-30,0E-30,0E-33,0E-35
0.000,0,0.000,0.000,0.000,0.000,0.000,0E-30,0E-30,-332,-331,2034,BASE,0E-30,0E-30,0E-33,0E-35
0.000,0,0.000,0.000,0.000,0.000,0.000,0E-30,0E-30,-331,-330,2034,BASE,0E-30,0E-30,0E-33,0E-35
0.000,0,0.000,0.000,0.000,0.000,0.000,0E-30,0E-30,-330,-329,2034,BASE,0E-30,0E-30,0E-33,0E-35
0.000,0,0.000,0.000,0.000,0.000,0.000,0E-30,0E-30,-329,-328,2034,BASE,0E-30,0E-30,0E-33,0E-35
0.000,0,0.000,0.000,0.000,0.000,0.000,0E-30,0E-30,-328,-327,2034,BASE,0E-30,0E-30,0E-33,0E-35
0.000,0,0.000,0.000,0.000,0.000,0.000,0E-30,0E-30,-327,-326,2034,BASE,0E-30,0E-30,0E-33,0E-35
0.000,0,0.000,0.000,0.000,0.000,0.000,0E-30,0E-30,-326,-325,2034,BASE,0E-30,0E-30,0E-33,0E-35
0.000,0,0.000,0.000,0.000,0.000,0.000,0E-30,0E-30,-325,-324,2034,BASE,0E-30,0E-30,0E-33,0E-35
0.000,0,0.000,0.000,0.000,0.000,0.000,0E-30,0E-30,-324,-323,2034,BASE,0E-30,0E-30,0E-33,0E-35
0.000,0,0.000,0.000,0.000,0.000,0.000,0E-30,0E-30,-323,-322,2034,BASE,0E-30,0E-30,0E-33,0E-35
0.000,0,0.000,0.000,0.000,0.000,0.000,0E-30,0E-30,-322,-321,2034,BASE,0E-30,0E-30,0E-33,0E-35
0.000,0,0.000,0.000,0.000,0.000,0.000,0E-30,0E-30,-321,-320,2034,BASE,0E-30,0E-30,0E-33,0E-35
0.000,0,0.000,0.000,0.000,0.000,0.000,0E-30,0E-30,-320,-319,2034,BASE,0E-30,0E-30,0E-33,0E-35
0.000,0,0.000,0.000,0.000,0.000,0.000,0E-30,0E-30,-319,-318,2034,BASE,0E-30,0E-30,0E-33,0E-35
0.000,0,0.000,0.000,0.000,0.000,0.000,0E-30,0E-30,-318,-317,2034,BASE,0E-30,0E-30,0E-33,0E-35
0.000,0,0.000,0.000,0.000,0.000,0.000,0E-30,0E-30,-317,-316,2034,BASE,0E-30,0E-30,0E-33,0E-35
0.000,0,0.000,0.000,0.000,0.000,0.000,0E-30,0E-30,-316,-315,2034,BASE,0E-30,0E-30,0E-33,0E-35
0.000,0,0.000,0.000,0.000,0.000,0.000,0E-30,0E-30,-315,-314,2034,BASE,0E-30,0E-30,0E-33,0E-35
0.000,0,0.000,0.000,0.000,0.000,0.000,0E-30,0E-30,-314,-313,2034,BASE,0E-30,0E-30,0E-33,0E-35
0.000,0,0.000,0.000,0.000,0.000,0.000,0E-30,0E-30,-313,-312,2034,BASE,0E-30,0E-30,0E-33,0E-35
0.000,0,0.000,0.000,0.000,0.000,0.000,0E-30,0E-30,-312,-311,2034,BASE,0E-30,0E-30,0E-33,0E-35
0.000,0,0.000,0.000,0.000,0.000,0.000,0E-30,0E-30,-311,-310,2034,BASE,0E-30,0E-30,0E-33,0E-35
0.000,0,0.000,0.000,0.000,0.000,0.000,0E-30,0E-30,-310,-309,2034,BASE,0E-30,0E-30,0E-33,0E-35
0.000,0,0.000,0.000,0.000,0.000,0.000,0E-30,0E-30,-309,-308,2034,BASE,0E-30,0E-30,0E-33,0E-35
0.000,0,0.000,0.000,0.000,0.000,0.000,0E-30,0E-30,-308,-307,2034,BASE,0E-30,0E-30,0E-33,0E-35
0.000,0,0.000,0.000,0.000,0.000,0.000,0E-30,0E-30,-307,-306,2034,BASE,0E-30,0E-30,0E-33,0E-35
0.000,0,0.000,0.000,0.000,0.000,0.000,0E-30,0E-30,-306,-305,2034,BASE,0E-30,0E-30,0E-33,0E-35
0.000,0,0.000,0.000,0.000,0.000,0.000,0E-30,0E-30,-305,-304,2034,BASE,0E-30,0E-30,0E-33,0E-35
0.000,0,0.000,0.000,0.000,0.000,0.000,0E-30,0E-30,-304,-303,2034,BASE,0E-30,0E-30,0E-33,0E-35
0.000,0,0.000,0.000,0.000,0.000,0.000,0E-30,0E-30,-303,-302,2034,BASE,0E-30,0E-30,0E-33,0E-35
0.000,0,0.000,0.000,0.000,0.000,0.000,0E-30,0E-30,-302,-301,2034,BASE,0E-30,0E-30,0E-33,0E-35
0.000,0,0.000,0.000,0.000,0.000,0.000,0E-30,0E-30,-301,-300,2034,BASE,0E-30,0E-30,0E-33,0E-35
0.000,0,0.000,0.000,0.000,0.000,0.000,0E-30,0E-30,-300,-299,2034,BASE,0E-30,0E-30,0E-33,0E-35
0.000,0,0.000,0.000,0.000,0.000,0.000,0E-30,0E-30,-299,-298,2034,BASE,0E-30,0E-30,0E-33,0E-35
0.000,0,0.000,0.000,0.000,0.000,0.000,0E-30,0E-30,-298,-297,2034,BASE,0E-30,0E-30,0E-33,0E-35
0.000,0,0.000,0.000,0.000,0.000,0.000,0E-30,0E-30,-297,-296,2034,BASE,0E-30,0E-30,0E-33,0E-35
0.000,0,0.000,0.000,0.000,0.000,0.000,0E-30,0E-30,-296,-295,2034,BASE,0E-30,0E-30,0E-33,0E-35
0.000,0,0.000,0.000,0.000,0.000,0.000,0E-30,0E-30,-295,-294,2034,BASE,0E-30,0E-30,0E-33,0E-35
0.000,0,0.000,0.000,0.000,0.000,0.000,0E-30,0E-30,-294,-293,2034,BASE,0E-30,0E-30,0E-33,0E-35
0.000,0,0.000,0.000,0.000,0.000,0.000,0E-30,0E-30,-293,-292,2034,BASE,0E-30,0E-30,0E-33,0E-35
0.000,0,0.000,0.000,0.000,0.000,0.000,0E-30,0E-30,-292,-291,2034,BASE,0E-30,0E-30,0E-33,0E-35
0.000,0,0.000,0.000,0.000,0.000,0.000,0E-30,0E-30,-291,-290,2034,BASE,0E-30,0E-30,0E-33,0E-35
0.000,0,0.000,0.000,0.000,0.000,0.000,0E-30,0E-30,-290,-289,2034,BASE,0E-30,0E-30,0E-33,0E-35
0.000,0,0.000,0.000,0.000,0.000,0.000,0E-30,0E-30,-289,-288,2034,BASE,0E-30,0E-30,0E-33,0E-35
0.000,0,0.000,0.000,0.000,0.000,0.000,0E-30,0E-30,-288,-287,2034,BASE,0E-30,0E-30,0E-33,0E-35
0.000,0,0.000,0.000,0.000,0.000,0.000,0E-30,0E-30,-287,-286,2034,BASE,0E-30,0E-30,0E-33,0E-35
0.000,0,0.000,0.000,0.000,0.000,0.000,0E-30,0E-30,-286,-285,2034,BASE,0E-30,0E-30,0E-33,0E-35
0.000,0,0.000,0.000,0.000,0.000,0.000,0E-30,0E-30,-285,-284,2034,BASE,0E-30,0E-30,0E-33,0E-35
0.000,0,0.000,0.000,0.000,0.000,0.000,0E-30,0E-30,-284,-283,2034,BASE,0E-30,0E-30,0E-33,0E-35
0.000,0,0.000,0.000,0.000,0.000,0.000,0E-30,0E-30,-283,-282,2034,BASE,0E-30,0E-30,0E-33,0E-35
0.000,0,0.000,0.000,0.000,0.000,0.000,0E-30,0E-30,-282,-281,2034,BASE,0E-30,0E-30,0E-33,0E-35
0.000,0,0.000,0.000,0.000,0.000,0.000,0E-30,0E-30,-281,-280,2034,BASE,0E-30,0E-30,0E-33,0E-35
0.000,0,0.000,0.000,0.000,0.000,0.000,0E-30,0E-30,-280,-279,2034,BASE,0E-30,0E-30,0E-33,0E-35
0.000,0,0.000,0.000,0.000,0.000,0.000,0E-30,0E-30,-279,-278,2034,BASE,0E-30,0E-30,0E-33,0E-35
0.000,0,0.000,0.000,0.000,0.000,0.000,0E-30,0E-30,-278,-277,2034,BASE,0E-30,0E-30,0E-33,0E-35
0.000,0,0.000,0.000,0.000,0.000,0.000,0E-30,0E-30,-277,-276,2034,BASE,0E-30,0E-30,0E-33,0E-35
0.000,0,0.000,0.000,0.000,0.000,0.000,0E-30,0E-30,-276,-275,2034,BASE,0E-30,0E-30,0E-33,0E-35
0.000,0,0.000,0.000,0.000,0.000,0.000,0E-30,0E-30,-275,-274,2034,BASE,0E-30,0E-30,0E-33,0E-35
0.000,0,0.000,0.000,0.000,0.000,0.000,0E-30,0E-30,-274,-273,2034,BASE,0E-30,0E-30,0E-33,0E-35
0.000,0,0.000,0.000,0.000,0.000,0.000,0E-30,0E-30,-273,-272,2034,BASE,0E-30,0E-30,0E-33,0E-35
0.000,0,0.000,0.000,0.000,0.000,0.000,0E-30,0E-30,-272,-271,2034,BASE,0E-30,0E-30,0E-33,0E-35
0.000,0,0.000,0.000,0.000,0.000,0.000,0E-30,0E-30,-271,-270,2034,BASE,0E-30,0E-30,0E-33,0E-35
0.000,0,0.000,0.000,0.000,0.000,0.000,0E-30,0E-30,-270,-269,2034,BASE,0E-30,0E-30,0E-33,0E-35
0.000,0,0.000,0.000,0.000,0.000,0.000,0E-30,0E-30,-269,-268,2034,BASE,0E-30,0E-30,0E-33,0E-35
0.000,0,0.000,0.000,0.000,0.000,0.000,0E-30,0E-30,-268,-267,2034,BASE,0E-30,0E-30,0E-33,0E-35
0.000,0,0.000,0.000,0.000,0.000,0.000,0E-30,0E-30,-267,-266,2034,BASE,0E-30,0E-30,0E-33,0E-35
0.000,0,0.000,0.000,0.000,0.000,0.000,0E-30,0E-30,-266,-265,2034,BASE,0E-30,0E-30,0E-33,0E-35
0.000,0,0.000,0.000,0.000,0.000,0.000,0E-30,0E-30,-265,-264,2034,BASE,0E-30,0E-30,0E-33,0E-35
0.000,0,0.000,0.000,0.000,0.000,0.000,0E-30,0E-30,-264,-263,2034,BASE,0E-30,0E-30,0E-33,0E-35
0.000,0,0.000,0.000,0.000,0.000,0.000,0E-30,0E-30,-263,-262,2034,BASE,0E-30,0E-30,0E-33,0E-35
0.000,0,0.000,0.000,0.000,0.000,0.000,0E-30,0E-30,-262,-261,2034,BASE,0E-30,0E-30,0E-33,0E-35
0.000,0,0.000,0.000,0.000,0.000,0.000,0E-30,0E-30,-261,-260,2034,BASE,0E-30,0E-30,0E-33,0E-35
0.000,0,0.000,0.000,0.000,0.000,0.000,0E-30,0E-30,-260,-259,2034,BASE,0E-30,0E-30,0E-33,0E-35
0.000,0,0.000,0.000,0.000,0.000,0.000,0E-30,0E-30,-259,-258,2034,BASE,0E-30,0E-30,0E-33,0E-35
0.000,0,0.000,0.000,0.000,0.000,0.000,0E-30,0E-30,-258,-257,2034,BASE,0E-30,0E-30,0E-33,0E-35
0.000,0,0.000,0.000,0.000,0.000,0.000,0E-30,0E-30,-257,-256,2034,BASE,0E-30,0E-30,0E-33,0E-35
0.000,0,0.000,0.000,0.000,0.000,0.000,0E-30,0E-30,-256,-255,2034,BASE,0E-30,0E-30,0E-33,0E-35
0.000,0,0.000,0.000,0.000,0.000,0.000,0E-30,0E-30,-255,-254,2034,BASE,0E-30,0E-30,0E-33,0E-35
0.000,0,0.000,0.000,0.000,0.000,0.000,0E-30,0E-30,-254,-253,2034,BASE,0E-30,0E-30,0E-33,0E-35
0.000,0,0.000,0.000,0.000,0.000,0.000,0E-30,0E-30,-253,-252,2034,BASE,0E-30,0E-30,0E-33,0E-35
0.000,0,0.000,0.000,0.000,0.000,0.000,0E-30,0E-30,-252,-251,2034,BASE,0E-30,0E-30,0E-33,0E-35
0.000,0,0.000,0.000,0.000,0.000,0.000,0E-30,0E-30,-251,-250,2034,BASE,0E-30,0E-30,0E-33,0E-35
0.000,0,0.000,0.000,0.000,0.000,0.000,0E-30,0E-30,-250,-249,2034,BASE,0E-30,0E-30,0E-33,0E-35
0.000,0,0.000,0.000,0.000,0.000,0.000,0E-30,0E-30,-249,-248,2034,BASE,0E-30,0E-30,0E-33,0E-35
0.000,0,0.000,0.000,0.000,0.000,0.000,0E-30,0E-30,-248,-247,2034,BASE,0E-30,0E-30,0E-33,0E-35
0.000,0,0.000,0.000,0.000,0.000,0.000,0E-30,0E-30,-247,-246,2034,BASE,0E-30,0E-30,0E-33,0E-35
0.000,0,0.000,0.000,0.000,0.000,0.000,0E-30,0E-30,-246,-245,2034,BASE,0E-30,0E-30,0E-33,0E-35
0.000,0,0.000,0.000,0.000,0.000,0.000,0E-30,0E-30,-245,-244,2034,BASE,0E-30,0E-30,0E-33,0E-35
0.000,0,0.000,0.000,0.000,0.000,0.000,0E-30,0E-30,-244,-243,2034,BASE,0E-30,0E-30,0E-33,0E-35
0.000,0,0.000,0.000,0.000,0.000,0.000,0E-30,0E-30,-243,-242,2034,BASE,0E-30,0E-30,0E-33,0E-35
0.000,0,0.000,0.000,0.000,0.000,0.000,0E-30,0E-30,-242,-241,2034,BASE,0E-30,0E-30,0E-33,0E-35
0.000,0,0.000,0.000,0.000,0.000,0.000,0E-30,0E-30,-241,-240,2034,BASE,0E-30,0E-30,0E-33,0E-35
0.000,0,0.000,0.000,0.000,0.000,0.000,0E-30,0E-30,-240,-239,2034,BASE,0E-30,0E-30,0E-33,0E-35
0.000,0,0.000,0.000,0.000,0.000,0.000,0E-30,0E-30,-239,-238,2034,BASE,0E-30,0E-30,0E-33,0E-35
0.000,0,0.000,0.000,0.000,0.000,0.000,0E-30,0E-30,-238,-237,2034,BASE,0E-30,0E-30,0E-33,0E-35
0.000,0,0.000,0.000,0.000,0.000,0.000,0E-30,0E-30,-237,-236,2034,BASE,0E-30,0E-30,0E-33,0E-35
0.000,0,0.000,0.000,0.000,0.000,0.000,0E-30,0E-30,-236,-235,2034,BASE,0E-30,0E-30,0E-33,0E-35
0.000,0,0.000,0.000,0.000,0.000,0.000,0E-30,0E-30,-235,-234,2034,BASE,0E-30,0E-30,0E-33,0E-35
0.000,0,0.000,0.000,0.000,0.000,0.000,0E-30,0E-30,-234,-233,2034,BASE,0E-30,0E-30,0E-33,0E-35
0.000,0,0.000,0.000,0.000,0.000,0.000,0E-30,0E-30,-233,-232,2034,BASE,0E-30,0E-30,0E-33,0E-35
0.000,0,0.000,0.000,0.000,0.000,0.000,0E-30,0E-30,-232,-231,2034,BASE,0E-30,0E-30,0E-33,0E-35
0.000,0,0.000,0.000,0.000,0.000,0.000,0E-30,0E-30,-231,-230,2034,BASE,0E-30,0E-30,0E-33,0E-35
0.000,0,0.000,0.000,0.000,0.000,0.000,0E-30,0E-30,-230,-229,2034,BASE,0E-30,0E-30,0E-33,0E-35
0.000,0,0.000,0.000,0.000,0.000,0.000,0E-30,0E-30,-229,-228,2034,BASE,0E-30,0E-30,0E-33,0E-35
0.000,0,0.000,0.000,0.000,0.000,0.000,0E-30,0E-30,-228,-227,2034,BASE,0E-30,0E-30,0E-33,0E-35
0.000,0,0.000,0.000,0.000,0.000,0.000,0E-30,0E-30,-227,-226,2034,BASE,0E-30,0E-30,0E-33,0E-35
0.000,0,0.000,0.000,0.000,0.000,0.000,0E-30,0E-30,-226,-225,2034,BASE,0E-30,0E-30,0E-33,0E-35
0.000,0,0.000,0.000,0.000,0.000,0.000,0E-30,0E-30,-225,-224,2034,BASE,0E-30,0E-30,0E-33,0E-35
0.000,0,0.000,0.000,0.000,0.000,0.000,0E-30,0E-30,-224,-223,2034,BASE,0E-30,0E-30,0E-33,0E-35
0.000,0,0.000,0.000,0.000,0.000,0.000,0E-30,0E-30,-223,-222,2034,BASE,0E-30,0E-30,0E-33,0E-35
0.000,0,0.000,0.000,0.000,0.000,0.000,0E-30,0E-30,-222,-221,2034,BASE,0E-30,0E-30,0E-33,0E-35
0.000,0,0.000,0.000,0.000,0.000,0.000,0E-30,0E-30,-221,-220,2034,BASE,0E-30,0E-30,0E-33,0E-35
0.000,0,0.000,0.000,0.000,0.000,0.000,0E-30,0E-30,-220,-219,2034,BASE,0E-30,0E-30,0E-33,0E-35
0.000,0,0.000,0.000,0.000,0.000,0.000,0E-30,0E-30,-219,-218,2034,BASE,0E-30,0E-30,0E-33,0E-35
0.000,0,0.000,0.000,0.000,0.000,0.000,0E-30,0E-30,-218,-217,2034,BASE,0E-30,0E-30,0E-33,0E-35
0.000,0,0.000,0.000,0.000,0.000,0.000,0E-30,0E-30,-217,-216,2034,BASE,0E-30,0E-30,0E-33,0E-35
0.000,0,0.000,0.000,0.000,0.000,0.000,0E-30,0E-30,-216,-215,2034,BASE,0E-30,0E-30,0E-33,0E-35
0.000,0,0.000,0.000,0.000,0.000,0.000,0E-30,0E-30,-215,-214,2034,BASE,0E-30,0E-30,0E-33,0E-35
0.000,0,0.000,0.000,0.000,0.000,0.000,0E-30,0E-30,-214,-213,2034,BASE,0E-30,0E-30,0E-33,0E-35
0.000,0,0.000,0.000,0.000,0.000,0.000,0E-30,0E-30,-213,-212,2034,BASE,0E-30,0E-30,0E-33,0E-35
0.000,0,0.000,0.000,0.000,0.000,0.000,0E-30,0E-30,-212,-211,2034,BASE,0E-30,0E-30,0E-33,0E-35
0.000,0,0.000,0.000,0.000,0.000,0.000,0E-30,0E-30,-211,-210,2034,BASE,0E-30,0E-30,0E-33,0E-35
0.000,0,0.000,0.000,0.000,0.000,0.000,0E-30,0E-30,-210,-209,2034,BASE,0E-30,0E-30,0E-33,0E-35
0.000,0,0.000,0.000,0.000,0.000,0.000,0E-30,0E-30,-209,-208,2034,BASE,0E-30,0E-30,0E-33,0E-35
0.000,0,0.000,0.000,0.000,0.000,0.000,0E-30,0E-30,-208,-207,2034,BASE,0E-30,0E-30,0E-33,0E-35
0.000,0,0.000,0.000,0.000,0.000,0.000,0E-30,0E-30,-207,-206,2034,BASE,0E-30,0E-30,0E-33,0E-35
0.000,0,0.000,0.000,0.000,0.000,0.000,0E-30,0E-30,-206,-205,2034,BASE,0E-30,0E-30,0E-33,0E-35
0.000,0,0.000,0.000,0.000,0.000,0.000,0E-30,0E-30,-205,-204,2034,BASE,0E-30,0E-30,0E-33,0E-35
0.000,0,0.000,0.000,0.000,0.000,0.000,0E-30,0E-30,-204,-203,2034,BASE,0E-30,0E-30,0E-33,0E-35
0.000,0,0.000,0.000,0.000,0.000,0.000,0E-30,0E-30,-203,-202,2034,BASE,0E-30,0E-30,0E-33,0E-35
0.000,0,0.000,0.000,0.000,0.000,0.000,0E-30,0E-30,-202,-201,2034,BASE,0E-30,0E-30,0E-33,0E-35
0.000,0,0.000,0.000,0.000,0.000,0.000,0E-30,0E-30,-201,-200,2034,BASE,0E-30,0E-30,0E-33,0E-35
0.000,0,0.000,0.000,0.000,0.000,0.000,0E-30,0E-30,-200,-199,2034,BASE,0E-30,0E-30,0E-33,0E-35
0.000,0,0.000,0.000,0.000,0.000,0.000,0E-30,0E-30,-199,-198,2034,BASE,0E-30,0E-30,0E-33,0E-35
0.000,0,0.000,0.000,0.000,0.000,0.000,0E-30,0E-30,-198,-197,2034,BASE,0E-30,0E-30,0E-33,0E-35
0.000,0,0.000,0.000,0.000,0.000,0.000,0E-30,0E-30,-197,-196,2034,BASE,0E-30,0E-30,0E-33,0E-35
0.000,0,0.000,0.000,0.000,0.000,0.000,0E-30,0E-30,-196,-195,2034,BASE,0E-30,0E-30,0E-33,0E-35
0.000,0,0.000,0.000,0.000,0.000,0.000,0E-30,0E-30,-195,-194,2034,BASE,0E-30,0E-30,0E-33,0E-35
0.000,0,0.000,0.000,0.000,0.000,0.000,0E-30,0E-30,-194,-193,2034,BASE,0E-30,0E-30,0E-33,0E-35
0.000,0,0.000,0.000,0.000,0.000,0.000,0E-30,0E-30,-193,-192,2034,BASE,0E-30,0E-30,0E-33,0E-35
0.000,0,0.000,0.000,0.000,0.000,0.000,0E-30,0E-30,-192,-191,2034,BASE,0E-30,0E-30,0E-33,0E-35
0.000,0,0.000,0.000,0.000,0.000,0.000,0E-30,0E-30,-191,-190,2034,BASE,0E-30,0E-30,0E-33,0E-35
0.000,0,0.000,0.000,0.000,0.000,0.000,0E-30,0E-30,-190,-189,2034,BASE,0E-30,0E-30,0E-33,0E-35
0.000,0,0.000,0.000,0.000,0.000,0.000,0E-30,0E-30,-189,-188,2034,BASE,0E-30,0E-30,0E-33,0E-35
0.000,0,0.000,0.000,0.000,0.000,0.000,0E-30,0E-30,-188,-187,2034,BASE,0E-30,0E-30,0E-33,0E-35
0.000,0,0.000,0.000,0.000,0.000,0.000,0E-30,0E-30,-187,-186,2034,BASE,0E-30,0E-30,0E-33,0E-35
0.000,0,0.000,0.000,0.000,0.000,0.000,0E-30,0E-30,-186,-185,2034,BASE,0E-30,0E-30,0E-33,0E-35
0.000,0,0.000,0.000,0.000,0.000,0.000,0E-30,0E-30,-185,-184,2034,BASE,0E-30,0E-30,0E-33,0E-35
0.000,0,0.000,0.000,0.000,0.000,0.000,0E-30,0E-30,-184,-183,2034,BASE,0E-30,0E-30,0E-33,0E-35
0.000,0,0.000,0.000,0.000,0.000,0.000,0E-30,0E-30,-183,-182,2034,BASE,0E-30,0E-30,0E-33,0E-35
0.000,0,0.000,0.000,0.000,0.000,0.000,0E-30,0E-30,-182,-181,2034,BASE,0E-30,0E-30,0E-33,0E-35
0.000,0,0.000,0.000,0.000,0.000,0.000,0E-30,0E-30,-181,-180,2034,BASE,0E-30,0E-30,0E-33,0E-35
0.000,0,0.000,0.000,0.000,0.000,0.000,0E-30,0E-30,-180,-179,2034,BASE,0E-30,0E-30,0E-33,0E-35
0.000,0,0.000,0.000,0.000,0.000,0.000,0E-30,0E-30,-179,-178,2034,BASE,0E-30,0E-30,0E-33,0E-35
0.000,0,0.000,0.000,0.000,0.000,0.000,0E-30,0E-30,-178,-177,2034,BASE,0E-30,0E-30,0E-33,0E-35
0.000,0,0.000,0.000,0.000,0.000,0.000,0E-30,0E-30,-177,-176,2034,BASE,0E-30,0E-30,0E-33,0E-35
0.000,0,0.000,0.000,0.000,0.000,0.000,0E-30,0E-30,-176,-175,2034,BASE,0E-30,0E-30,0E-33,0E-35
0.000,0,0.000,0.000,0.000,0.000,0.000,0E-30,0E-30,-175,-174,2034,BASE,0E-30,0E-30,0E-33,0E-35
0.000,0,0.000,0.000,0.000,0.000,0.000,0E-30,0E-30,-174,-173,2034,BASE,0E-30,0E-30,0E-33,0E-35
0.000,0,0.000,0.000,0.000,0.000,0.000,0E-30,0E-30,-173,-172,2034,BASE,0E-30,0E-30,0E-33,0E-35
0.000,0,0.000,0.000,0.000,0.000,0.000,0E-30,0E-30,-172,-171,2034,BASE,0E-30,0E-30,0E-33,0E-35
0.000,0,0.000,0.000,0.000,0.000,0.000,0E-30,0E-30,-171,-170,2034,BASE,0E-30,0E-30,0E-33,0E-35
0.000,0,0.000,0.000,0.000,0.000,0.000,0E-30,0E-30,-170,-169,2034,BASE,0E-30,0E-30,0E-33,0E-35
0.000,0,0.000,0.000,0.000,0.000,0.000,0E-30,0E-30,-169,-168,2034,BASE,0E-30,0E-30,0E-33,0E-35
0.000,0,0.000,0.000,0.000,0.000,0.000,0E-30,0E-30,-168,-167,2034,BASE,0E-30,0E-30,0E-33,0E-35
0.000,0,0.000,0.000,0.000,0.000,0.000,0E-30,0E-30,-167,-166,2034,BASE,0E-30,0E-30,0E-33,0E-35
0.000,0,0.000,0.000,0.000,0.000,0.000,0E-30,0E-30,-166,-165,2034,BASE,0E-30,0E-30,0E-33,0E-35
0.000,0,0.000,0.000,0.000,0.000,0.000,0E-30,0E-30,-165,-164,2034,BASE,0E-30,0E-30,0E-33,0E-35
0.000,0,0.000,0.000,0.000,0.000,0.000,0E-30,0E-30,-164,-163,2034,BASE,0E-30,0E-30,0E-33,0E-35
0.000,0,0.000,0.000,0.000,0.000,0.000,0E-30,0E-30,-163,-162,2034,BASE,0E-30,0E-30,0E-33,0E-35
0.000,0,0.000,0.000,0.000,0.000,0.000,0E-30,0E-30,-162,-161,2034,BASE,0E-30,0E-30,0E-33,0E-35
0.000,0,0.000,0.000,0.000,0.000,0.000,0E-30,0E-30,-161,-160,2034,BASE,0E-30,0E-30,0E-33,0E-35
0.000,0,0.000,0.000,0.000,0.000,0.000,0E-30,0E-30,-160,-159,2034,BASE,0E-30,0E-30,0E-33,0E-35
0.000,0,0.000,0.000,0.000,0.000,0.000,0E-30,0E-30,-159,-158,2034,BASE,0E-30,0E-30,0E-33,0E-35
0.000,0,0.000,0.000,0.000,0.000,0.000,0E-30,0E-30,-158,-157,2034,BASE,0E-30,0E-30,0E-33,0E-35
0.000,0,0.000,0.000,0.000,0.000,0.000,0E-30,0E-30,-157,-156,2034,BASE,0E-30,0E-30,0E-33,0E-35
0.000,0,0.000,0.000,0.000,0.000,0.000,0E-30,0E-30,-156,-155,2034,BASE,0E-30,0E-30,0E-33,0E-35
0.000,0,0.000,0.000,0.000,0.000,0.000,0E-30,0E-30,-155,-154,2034,BASE,0E-30,0E-30,0E-33,0E-35
0.000,0,0.000,0.000,0.000,0.000,0.000,0E-30,0E-30,-154,-153,2034,BASE,0E-30,0E-30,0E-33,0E-35
0.000,0,0.000,0.000,0.000,0.000,0.000,0E-30,0E-30,-153,-152,2034,BASE,0E-30,0E-30,0E-33,0E-35
0.000,0,0.000,0.000,0.000,0.000,0.000,0E-30,0E-30,-152,-151,2034,BASE,0E-30,0E-30,0E-33,0E-35
0.000,0,0.000,0.000,0.000,0.000,0.000,0E-30,0E-30,-151,-150,2034,BASE,0E-30,0E-30,0E-33,0E-35
0.000,0,0.000,0.000,0.000,0.000,0.000,0E-30,0E-30,-150,-149,2034,BASE,0E-30,0E-30,0E-33,0E-35
0.000,0,0.000,0.000,0.000,0.000,0.000,0E-30,0E-30,-149,-148,2034,BASE,0E-30,0E-30,0E-33,0E-35
0.000,0,0.000,0.000,0.000,0.000,0.000,0E-30,0E-30,-148,-147,2034,BASE,0E-30,0E-30,0E-33,0E-35
0.000,0,0.000,0.000,0.000,0.000,0.000,0E-30,0E-30,-147,-146,2034,BASE,0E-30,0E-30,0E-33,0E-35
0.000,0,0.000,0.000,0.000,0.000,0.000,0E-30,0E-30,-146,-145,2034,BASE,0E-30,0E-30,0E-33,0E-35
0.000,0,0.000,0.000,0.000,0.000,0.000,0E-30,0E-30,-145,-144,2034,BASE,0E-30,0E-30,0E-33,0E-35
0.000,0,0.000,0.000,0.000,0.000,0.000,0E-30,0E-30,-144,-143,2034,BASE,0E-30,0E-30,0E-33,0E-35
0.000,0,0.000,0.000,0.000,0.000,0.000,0E-30,0E-30,-143,-142,2034,BASE,0E-30,0E-30,0E-33,0E-35
0.000,0,0.000,0.000,0.000,0.000,0.000,0E-30,0E-30,-142,-141,2034,BASE,0E-30,0E-30,0E-33,0E-35
0.000,0,0.000,0.000,0.000,0.000,0.000,0E-30,0E-30,-141,-140,2034,BASE,0E-30,0E-30,0E-33,0E-35
0.000,0,0.000,0.000,0.000,0.000,0.000,0E-30,0E-30,-140,-139,2034,BASE,0E-30,0E-30,0E-33,0E-35
0.000,0,0.000,0.000,0.000,0.000,0.000,0E-30,0E-30,-139,-138,2034,BASE,0E-30,0E-30,0E-33,0E-35
0.000,0,0.000,0.000,0.000,0.000,0.000,0E-30,0E-30,-138,-137,2034,BASE,0E-30,0E-30,0E-33,0E-35
0.000,0,0.000,0.000,0.000,0.000,0.000,0E-30,0E-30,-137,-136,2034,BASE,0E-30,0E-30,0E-33,0E-35
0.000,0,0.000,0.000,0.000,0.000,0.000,0E-30,0E-30,-136,-135,2034,BASE,0E-30,0E-30,0E-33,0E-35
0.000,0,0.000,0.000,0.000,0.000,0.000,0E-30,0E-30,-135,-134,2034,BASE,0E-30,0E-30,0E-33,0E-35
0.000,0,0.000,0.000,0.000,0.000,0.000,0E-30,0E-30,-134,-133,2034,BASE,0E-30,0E-30,0E-33,0E-35
0.000,0,0.000,0.000,0.000,0.000,0.000,0E-30,0E-30,-133,-132,2034,BASE,0E-30,0E-30,0E-33,0E-35
0.000,0,0.000,0.000,0.000,0.000,0.000,0E-30,0E-30,-132,-131,2034,BASE,0E-30,0E-30,0E-33,0E-35
0.000,0,0.000,0.000,0.000,0.000,0.000,0E-30,0E-30,-131,-130,2034,BASE,0E-30,0E-30,0E-33,0E-35
0.000,0,0.000,0.000,0.000,0.000,0.000,0E-30,0E-30,-130,-129,2034,BASE,0E-30,0E-30,0E-33,0E-35
0.000,0,0.000,0.000,0.000,0.000,0.000,0E-30,0E-30,-129,-128,2034,BASE,0E-30,0E-30,0E-33,0E-35
0.000,0,0.000,0.000,0.000,0.000,0.000,0E-30,0E-30,-128,-127,2034,BASE,0E-30,0E-30,0E-33,0E-35
0.000,0,0.000,0.000,0.000,0.000,0.000,0E-30,0E-30,-127,-126,2034,BASE,0E-30,0E-30,0E-33,0E-35
0.000,0,0.000,0.000,0.000,0.000,0.000,0E-30,0E-30,-126,-125,2034,BASE,0E-30,0E-30,0E-33,0E-35
0.000,0,0.000,0.000,0.000,0.000,0.000,0E-30,0E-30,-125,-124,2034,BASE,0E-30,0E-30,0E-33,0E-35
0.000,0,0.000,0.000,0.000,0.000,0.000,0E-30,0E-30,-124,-123,2034,BASE,0E-30,0E-30,0E-33,0E-35
0.000,0,0.000,0.000,0.000,0.000,0.000,0E-30,0E-30,-123,-122,2034,BASE,0E-30,0E-30,0E-33,0E-35
0.000,0,0.000,0.000,0.000,0.000,0.000,0E-30,0E-30,-122,-121,2034,BASE,0E-30,0E-30,0E-33,0E-35
0.000,0,0.000,0.000,0.000,0.000,0.000,0E-30,0E-30,-121,-120,2034,BASE,0E-30,0E-30,0E-33,0E-35
0.000,0,0.000,0.000,0.000,0.000,0.000,0E-30,0E-30,-120,-119,2034,BASE,0E-30,0E-30,0E-33,0E-35
0.000,0,0.000,0.000,0.000,0.000,0.000,0E-30,0E-30,-119,-118,2034,BASE,0E-30,0E-30,0E-33,0E-35
0.000,0,0.000,0.000,0.000,0.000,0.000,0E-30,0E-30,-118,-117,2034,BASE,0E-30,0E-30,0E-33,0E-35
0.000,0,0.000,0.000,0.000,0.000,0.000,0E-30,0E-30,-117,-116,2034,BASE,0E-30,0E-30,0E-33,0E-35
0.000,0,0.000,0.000,0.000,0.000,0.000,0E-30,0E-30,-116,-115,2034,BASE,0E-30,0E-30,0E-33,0E-35
0.000,0,0.000,0.000,0.000,0.000,0.000,0E-30,0E-30,-115,-114,2034,BASE,0E-30,0E-30,0E-33,0E-35
0.000,0,0.000,0.000,0.000,0.000,0.000,0E-30,0E-30,-114,-113,2034,BASE,0E-30,0E-30,0E-33,0E-35
0.000,0,0.000,0.000,0.000,0.000,0.000,0E-30,0E-30,-113,-112,2034,BASE,0E-30,0E-30,0E-33,0E-35
0.000,0,0.000,0.000,0.000,0.000,0.000,0E-30,0E-30,-112,-111,2034,BASE,0E-30,0E-30,0E-33,0E-35
0.000,0,0.000,0.000,0.000,0.000,0.000,0E-30,0E-30,-111,-110,2034,BASE,0E-30,0E-30,0E-33,0E-35
0.000,0,0.000,0.000,0.000,0.000,0.000,0E-30,0E-30,-110,-109,2034,BASE,0E-30,0E-30,0E-33,0E-35
0.000,0,0.000,0.000,0.000,0.000,0.000,0E-30,0E-30,-109,-108,2034,BASE,0E-30,0E-30,0E-33,0E-35
0.000,0,0.000,0.000,0.000,0.000,0.000,0E-30,0E-30,-108,-107,2034,BASE,0E-30,0E-30,0E-33,0E-35
0.000,0,0.000,0.000,0.000,0.000,0.000,0E-30,0E-30,-107,-106,2034,BASE,0E-30,0E-30,0E-33,0E-35
0.000,0,0.000,0.000,0.000,0.000,0.000,0E-30,0E-30,-106,-105,2034,BASE,0E-30,0E-30,0E-33,0E-35
0.000,0,0.000,0.000,0.000,0.000,0.000,0E-30,0E-30,-105,-104,2034,BASE,0E-30,0E-30,0E-33,0E-35
0.000,0,0.000,0.000,0.000,0.000,0.000,0E-30,0E-30,-104,-103,2034,BASE,0E-30,0E-30,0E-33,0E-35
0.000,0,0.000,0.000,0.000,0.000,0.000,0E-30,0E-30,-103,-102,2034,BASE,0E-30,0E-30,0E-33,0E-35
0.000,0,0.000,0.000,0.000,0.000,0.000,0E-30,0E-30,-102,-101,2034,BASE,0E-30,0E-30,0E-33,0E-35
0.000,0,0.000,0.000,0.000,0.000,0.000,0E-30,0E-30,-101,-100,2034,BASE,0E-30,0E-30,0E-33,0E-35
0.000,0,0.000,0.000,0.000,0.000,0.000,0E-30,0E-30,-100,-99,2034,BASE,0E-30,0E-30,0E-33,0E-35
0.000,0,0.000,0.000,0.000,0.000,0.000,0E-30,0E-30,-99,-98,2034,BASE,0E-30,0E-30,0E-33,0E-35
0.000,0,0.000,0.000,0.000,0.000,0.000,0E-30,0E-30,-98,-97,2034,BASE,0E-30,0E-30,0E-33,0E-35
0.000,0,0.000,0.000,0.000,0.000,0.000,0E-30,0E-30,-97,-96,2034,BASE,0E-30,0E-30,0E-33,0E-35
0.000,0,0.000,0.000,0.000,0.000,0.000,0E-30,0E-30,-96,-95,2034,BASE,0E-30,0E-30,0E-33,0E-35
0.000,0,0.000,0.000,0.000,0.000,0.000,0E-30,0E-30,-95,-94,2034,BASE,0E-30,0E-30,0E-33,0E-35
0.000,0,0.000,0.000,0.000,0.000,0.000,0E-30,0E-30,-94,-93,2034,BASE,0E-30,0E-30,0E-33,0E-35
0.000,0,0.000,0.000,0.000,0.000,0.000,0E-30,0E-30,-93,-92,2034,BASE,0E-30,0E-30,0E-33,0E-35
0.000,0,0.000,0.000,0.000,0.000,0.000,0E-30,0E-30,-92,-91,2034,BASE,0E-30,0E-30,0E-33,0E-35
0.000,0,0.000,0.000,0.000,0.000,0.000,0E-30,0E-30,-91,-90,2034,BASE,0E-30,0E-30,0E-33,0E-35
0.000,0,0.000,0.000,0.000,0.000,0.000,0E-30,0E-30,-90,-89,2034,BASE,0E-30,0E-30,0E-33,0E-35
0.000,0,0.000,0.000,0.000,0.000,0.000,0E-30,0E-30,-89,-88,2034,BASE,0E-30,0E-30,0E-33,0E-35
0.000,0,0.000,0.000,0.000,0.000,0.000,0E-30,0E-30,-88,-87,2034,BASE,0E-30,0E-30,0E-33,0E-35
0.000,0,0.000,0.000,0.000,0.000,0.000,0E-30,0E-30,-87,-86,2034,BASE,0E-30,0E-30,0E-33,0E-35
0.000,0,0.000,0.000,0.000,0.000,0.000,0E-30,0E-30,-86,-85,2034,BASE,0E-30,0E-30,0E-33,0E-35
0.000,0,0.000,0.000,0.000,0.000,0.000,0E-30,0E-30,-85,-84,2034,BASE,0E-30,0E-30,0E-33,0E-35
0.000,0,0.000,0.000,0.000,0.000,0.000,0E-30,0E-30,-84,-83,2034,BASE,0E-30,0E-30,0E-33,0E-35
0.000,0,0.000,0.000,0.000,0.000,0.000,0E-30,0E-30,-83,-82,2034,BASE,0E-30,0E-30,0E-33,0E-35
0.000,0,0.000,0.000,0.000,0.000,0.000,0E-30,0E-30,-82,-81,2034,BASE,0E-30,0E-30,0E-33,0E-35
0.000,0,0.000,0.000,0.000,0.000,0.000,0E-30,0E-30,-81,-80,2034,BASE,0E-30,0E-30,0E-33,0E-35
0.000,0,0.000,0.000,0.000,0.000,0.000,0E-30,0E-30,-80,-79,2034,BASE,0E-30,0E-30,0E-33,0E-35
0.000,0,0.000,0.000,0.000,0.000,0.000,0E-30,0E-30,-79,-78,2034,BASE,0E-30,0E-30,0E-33,0E-35
0.000,0,0.000,0.000,0.000,0.000,0.000,0E-30,0E-30,-78,-77,2034,BASE,0E-30,0E-30,0E-33,0E-35
0.000,0,0.000,0.000,0.000,0.000,0.000,0E-30,0E-30,-77,-76,2034,BASE,0E-30,0E-30,0E-33,0E-35
0.000,0,0.000,0.000,0.000,0.000,0.000,0E-30,0E-30,-76,-75,2034,BASE,0E-30,0E-30,0E-33,0E-35
0.000,0,0.000,0.000,0.000,0.000,0.000,0E-30,0E-30,-75,-74,2034,BASE,0E-30,0E-30,0E-33,0E-35
0.000,0,0.000,0.000,0.000,0.000,0.000,0E-30,0E-30,-74,-73,2034,BASE,0E-30,0E-30,0E-33,0E-35
0.000,0,0.000,0.000,0.000,0.000,0.000,0E-30,0E-30,-73,-72,2034,BASE,0E-30,0E-30,0E-33,0E-35
0.000,0,0.000,0.000,0.000,0.000,0.000,0E-30,0E-30,-72,-71,2034,BASE,0E-30,0E-30,0E-33,0E-35
0.000,0,0.000,0.000,0.000,0.000,0.000,0E-30,0E-30,-71,-70,2034,BASE,0E-30,0E-30,0E-33,0E-35
0.000,0,0.000,0.000,0.000,0.000,0.000,0E-30,0E-30,-70,-69,2034,BASE,0E-30,0E-30,0E-33,0E-35
0.000,0,0.000,0.000,0.000,0.000,0.000,0E-30,0E-30,-69,-68,2034,BASE,0E-30,0E-30,0E-33,0E-35
0.000,0,0.000,0.000,0.000,0.000,0.000,0E-30,0E-30,-68,-67,2034,BASE,0E-30,0E-30,0E-33,0E-35
0.000,0,0.000,0.000,0.000,0.000,0.000,0E-30,0E-30,-67,-66,2034,BASE,0E-30,0E-30,0E-33,0E-35
0.000,0,0.000,0.000,0.000,0.000,0.000,0E-30,0E-30,-66,-65,2034,BASE,0E-30,0E-30,0E-33,0E-35
0.000,0,0.000,0.000,0.000,0.000,0.000,0E-30,0E-30,-65,-64,2034,BASE,0E-30,0E-30,0E-33,0E-35
0.000,0,0.000,0.000,0.000,0.000,0.000,0E-30,0E-30,-64,-63,2034,BASE,0E-30,0E-30,0E-33,0E-35
0.000,0,0.000,0.000,0.000,0.000,0.000,0E-30,0E-30,-63,-62,2034,BASE,0E-30,0E-30,0E-33,0E-35
0.000,0,0.000,0.000,0.000,0.000,0.000,0E-30,0E-30,-62,-61,2034,BASE,0E-30,0E-30,0E-33,0E-35
0.000,0,0.000,0.000,0.000,0.000,0.000,0E-30,0E-30,-61,-60,2034,BASE,0E-30,0E-30,0E-33,0E-35
0.000,0,0.000,0.000,0.000,0.000,0.000,0E-30,0E-30,-60,-59,2034,BASE,0E-30,0E-30,0E-33,0E-35
0.000,0,0.000,0.000,0.000,0.000,0.000,0E-30,0E-30,-59,-58,2034,BASE,0E-30,0E-30,0E-33,0E-35
0.000,0,0.000,0.000,0.000,0.000,0.000,0E-30,0E-30,-58,-57,2034,BASE,0E-30,0E-30,0E-33,0E-35
0.000,0,0.000,0.000,0.000,0.000,0.000,0E-30,0E-30,-57,-56,2034,BASE,0E-30,0E-30,0E-33,0E-35
0.000,0,0.000,0.000,0.000,0.000,0.000,0E-30,0E-30,-56,-55,2034,BASE,0E-30,0E-30,0E-33,0E-35
0.000,0,0.000,0.000,0.000,0.000,0.000,0E-30,0E-30,-55,-54,2034,BASE,0E-30,0E-30,0E-33,0E-35
0.000,0,0.000,0.000,0.000,0.000,0.000,0E-30,0E-30,-54,-53,2034,BASE,0E-30,0E-30,0E-33,0E-35
0.000,0,0.000,0.000,0.000,0.000,0.000,0E-30,0E-30,-53,-52,2034,BASE,0E-30,0E-30,0E-33,0E-35
0.000,0,0.000,0.000,0.000,0.000,0.000,0E-30,0E-30,-52,-51,2034,BASE,0E-30,0E-30,0E-33,0E-35
0.000,0,0.000,0.000,0.000,0.000,0.000,0E-30,0E-30,-51,-50,2034,BASE,0E-30,0E-30,0E-33,0E-35
0.000,0,0.000,0.000,0.000,0.000,0.000,0E-30,0E-30,-50,-49,2034,BASE,0E-30,0E-30,0E-33,0E-35
0.000,0,0.000,0.000,0.000,0.000,0.000,0E-30,0E-30,-49,-48,2034,BASE,0E-30,0E-30,0E-33,0E-35
0.000,0,0.000,0.000,0.000,0.000,0.000,0E-30,0E-30,-48,-47,2034,BASE,0E-30,0E-30,0E-33,0E-35
0.000,0,0.000,0.000,0.000,0.000,0.000,0E-30,0E-30,-47,-46,2034,BASE,0E-30,0E-30,0E-33,0E-35
0.000,0,0.000,0.000,0.000,0.000,0.000,0E-30,0E-30,-46,-45,2034,BASE,0E-30,0E-30,0E-33,0E-35
0.000,0,0.000,0.000,0.000,0.000,0.000,0E-30,0E-30,-45,-44,2034,BASE,0E-30,0E-30,0E-33,0E-35
0.000,0,0.000,0.000,0.000,0.000,0.000,0E-30,0E-30,-44,-43,2034,BASE,0E-30,0E-30,0E-33,0E-35
0.000,0,0.000,0.000,0.000,0.000,0.000,0E-30,0E-30,-43,-42,2034,BASE,0E-30,0E-30,0E-33,0E-35
0.000,0,0.000,0.000,0.000,0.000,0.000,0E-30,0E-30,-42,-41,2034,BASE,0E-30,0E-30,0E-33,0E-35
0.000,0,0.000,0.000,0.000,0.000,0.000,0E-30,0E-30,-41,-40,2034,BASE,0E-30,0E-30,0E-33,0E-35
0.000,0,0.000,0.000,0.000,0.000,0.000,0E-30,0E-30,-40,-39,2034,BASE,0E-30,0E-30,0E-33,0E-35
0.000,0,0.000,0.000,0.000,0.000,0.000,0E-30,0E-30,-39,-38,2034,BASE,0E-30,0E-30,0E-33,0E-35
0.000,0,0.000,0.000,0.000,0.000,0.000,0E-30,0E-30,-38,-37,2034,BASE,0E-30,0E-30,0E-33,0E-35
0.000,0,0.000,0.000,0.000,0.000,0.000,0E-30,0E-30,-37,-36,2034,BASE,0E-30,0E-30,0E-33,0E-35
0.000,0,0.000,0.000,0.000,0.000,0.000,0E-30,0E-30,-36,-35,2034,BASE,0E-30,0E-30,0E-33,0E-35
0.000,0,0.000,0.000,0.000,0.000,0.000,0E-30,0E-30,-35,-34,2034,BASE,0E-30,0E-30,0E-33,0E-35
0.000,0,0.000,0.000,0.000,0.000,0.000,0E-30,0E-30,-34,-33,2034,BASE,0E-30,0E-30,0E-33,0E-35
0.000,0,0.000,0.000,0.000,0.000,0.000,0E-30,0E-30,-33,-32,2034,BASE,0E-30,0E-30,0E-33,0E-35
0.000,0,0.000,0.000,0.000,0.000,0.000,0E-30,0E-30,-32,-31,2034,BASE,0E-30,0E-30,0E-33,0E-35
0.000,0,0.000,0.000,0.000,0.000,0.000,0E-30,0E-30,-31,-30,2034,BASE,0E-30,0E-30,0E-33,0E-35
0.000,0,0.000,0.000,0.000,0.000,0.000,0E-30,0E-30,-30,-29,2034,BASE,0E-30,0E-30,0E-33,0E-35
0.000,0,0.000,0.000,0.000,0.000,0.000,0E-30,0E-30,-29,-28,2034,BASE,0E-30,0E-30,0E-33,0E-35
0.000,0,0.000,0.000,0.000,0.000,0.000,0E-30,0E-30,-28,-27,2034,BASE,0E-30,0E-30,0E-33,0E-35
0.000,0,0.000,0.000,0.000,0.000,0.000,0E-30,0E-30,-27,-26,2034,BASE,0E-30,0E-30,0E-33,0E-35
0.000,0,0.000,0.000,0.000,0.000,0.000,0E-30,0E-30,-26,-25,2034,BASE,0E-30,0E-30,0E-33,0E-35
0.000,0,0.000,0.000,0.000,0.000,0.000,0E-30,0E-30,-25,-24,2034,BASE,0E-30,0E-30,0E-33,0E-35
0.000,0,0.000,0.000,0.000,0.000,0.000,0E-30,0E-30,-24,-23,2034,BASE,0E-30,0E-30,0E-33,0E-35
0.000,0,0.000,0.000,0.000,0.000,0.000,0E-30,0E-30,-23,-22,2034,BASE,0E-30,0E-30,0E-33,0E-35
0.000,0,0.000,0.000,0.000,0.000,0.000,0E-30,0E-30,-22,-21,2034,BASE,0E-30,0E-30,0E-33,0E-35
0.000,0,0.000,0.000,0.000,0.000,0.000,0E-30,0E-30,-21,-20,2034,BASE,0E-30,0E-30,0E-33,0E-35
0.000,0,0.000,0.000,0.000,0.000,0.000,0E-30,0E-30,-20,-19,2034,BASE,0E-30,0E-30,0E-33,0E-35
0.000,0,0.000,0.000,0.000,0.000,0.000,0E-30,0E-30,-19,-18,2034,BASE,0E-30,0E-30,0E-33,0E-35
0.000,0,0.000,0.000,0.000,0.000,0.000,0E-30,0E-30,-18,-17,2034,BASE,0E-30,0E-30,0E-33,0E-35
0.000,0,0.000,0.000,0.000,0.000,0.000,0E-30,0E-30,-17,-16,2034,BASE,0E-30,0E-30,0E-33,0E-35
0.000,0,0.000,0.000,0.000,0.000,0.000,0E-30,0E-30,-16,-15,2034,BASE,0E-30,0E-30,0E-33,0E-35
0.000,0,0.000,0.000,0.000,0.000,0.000,0E-30,0E-30,-15,-14,2034,BASE,0E-30,0E-30,0E-33,0E-35
0.000,0,0.000,0.000,0.000,0.000,0.000,0E-30,0E-30,-14,-13,2034,BASE,0E-30,0E-30,0E-33,0E-35
0.000,0,0.000,0.000,0.000,0.000,0.000,0E-30,0E-30,-13,-12,2034,BASE,0E-30,0E-30,0E-33,0E-35
0.000,0,0.000,0.000,0.000,0.000,0.000,0E-30,0E-30,-12,-11,2034,BASE,0E-30,0E-30,0E-33,0E-35
0.000,0,0.000,0.000,0.000,0.000,0.000,0E-30,0E-30,-11,-10,2034,BASE,0E-30,0E-30,0E-33,0E-35
0.000,0,0.000,0.000,0.000,0.000,0.000,0E-30,0E-30,-10,-9,2034,BASE,0E-30,0E-30,0E-33,0E-35
0.000,0,0.000,0.000,0.000,0.000,0.000,0E-30,0E-30,-9,-8,2034,BASE,0E-30,0E-30,0E-33,0E-35
0.000,0,0.000,0.000,0.000,0.000,0.000,0E-30,0E-30,-8,-7,2034,BASE,0E-30,0E-30,0E-33,0E-35
0.000,0,0.000,0.000,0.000,0.000,0.000,0E-30,0E-30,-7,-6,2034,BASE,0E-30,0E-30,0E-33,0E-35
0.000,0,0.000,0.000,0.000,0.000,0.000,0E-30,0E-30,-6,-5,2034,BASE,0E-30,0E-30,0E-33,0E-35
0.000,0,0.000,0.000,0.000,0.000,0.000,0E-30,0E-30,-5,-4,2034,BASE,0E-30,0E-30,0E-33,0E-35
0.000,0,0.000,0.000,0.000,0.000,0.000,0E-30,0E-30,-4,-3,2034,BASE,0E-30,0E-30,0E-33,0E-35
0.000,0,0.000,0.000,0.000,0.000,0.000,0E-30,0E-30,-3,-2,2034,BASE,0E-30,0E-30,0E-33,0E-35
0.000,0,0.000,0.000,0.000,0.000,0.000,0E-30,0E-30,-2,-1,2034,BASE,0E-30,0E-30,0E-33,0E-35
0.000,12.90970379401850390877142652,0.5809366707308326758947141934,12.32876712328767123287671233,0E-30,0E-30,12.32876712328767123287671233,0E-30,0E-30,-1,0,2034,BASE,0E-30,0E-30,0.03377744417339088009007318447,0.02431975980484143366485269282
12.32876712328767123287671233,9.156326950202012957517511783,0.4120347127590905830882880302,21.07305936073059360730593608,0.2739726027397260273972602740,0.2191780821917808219178082192,20.79908675799086757990867581,0E-28,0E-28,0,1,2035,BASE,0.2739726027397260273972602740,0.2191780821917808219178082192,0.05735910427222117970851316696,0.04129855507599924939012948021
20.79908675799086757990867581,0,0.000,20.79908675799086757990867581,0.2739726027397260273972602740,0.2191780821917808219178082192,20.52511415525114155251141554,0E-28,0E-28,1,2,2035,BASE,0.2739726027397260273972602740,0.2191780821917808219178082192,0.05660849440170138237317820735,0.04075811596922499530868830929
20.52511415525114155251141554,0,0.000,20.52511415525114155251141554,0.2739726027397260273972602740,0.2191780821917808219178082192,20.25114155251141552511415527,0E-28,0E-28,2,3,2035,BASE,0.2739726027397260273972602740,0.2191780821917808219178082192,0.05585788453118158503784324768,0.04021767686245074122724713833
20.25114155251141552511415527,0,0.000,20.25114155251141552511415527,0.2739726027397260273972602740,0.2191780821917808219178082192,19.97716894977168949771689500,0E-28,0E-28,3,4,2035,BASE,0.2739726027397260273972602740,0.2191780821917808219178082192,0.05510727466066178770250828806,0.03967723775567648714580596740
19.97716894977168949771689500,0,0.000,19.97716894977168949771689500,0.2739726027397260273972602740,0.2191780821917808219178082192,19.70319634703196347031963473,0E-28,0E-28,4,5,2035,BASE,0.2739726027397260273972602740,0.2191780821917808219178082192,0.05435666479014199036717332839,0.03913679864890223306436479644
19.70319634703196347031963473,0,0.000,19.70319634703196347031963473,0.2739726027397260273972602740,0.2191780821917808219178082192,19.42922374429223744292237446,0E-28,0E-28,5,6,2035,BASE,0.2739726027397260273972602740,0.2191780821917808219178082192,0.05360605491962219303183836877,0.03859635954212797898292362551
19.42922374429223744292237446,0,0.000,19.42922374429223744292237446,0.2739726027397260273972602740,0.2191780821917808219178082192,19.15525114155251141552511419,0E-28,0E-28,6,7,2035,BASE,0.2739726027397260273972602740,0.2191780821917808219178082192,0.05285544504910239569650340910,0.03805592043535372490148245455
19.15525114155251141552511419,0,0.000,19.15525114155251141552511419,0.2739726027397260273972602740,0.2191780821917808219178082192,18.88127853881278538812785392,0E-28,0E-28,7,8,2035,BASE,0.2739726027397260273972602740,0.2191780821917808219178082192,0.05210483517858259836116844948,0.03751548132857947082004128363
18.88127853881278538812785392,0,0.000,18.88127853881278538812785392,0.2739726027397260273972602740,0.2191780821917808219178082192,18.60730593607305936073059365,0E-28,0E-28,8,9,2035,BASE,0.2739726027397260273972602740,0.2191780821917808219178082192,0.05135422530806280102583348981,0.03697504222180521673860011266
18.60730593607305936073059365,0,0.000,18.60730593607305936073059365,0.2739726027397260273972602740,0.2191780821917808219178082192,18.33333333333333333333333338,0E-28,0E-28,9,10,2035,BASE,0.2739726027397260273972602740,0.2191780821917808219178082192,0.05060361543754300369049853020,0.03643460311503096265715894174
18.33333333333333333333333338,0,0.000,18.33333333333333333333333338,0.2739726027397260273972602740,0.2191780821917808219178082192,18.05936073059360730593607311,0E-28,0E-28,10,11,2035,BASE,0.2739726027397260273972602740,0.2191780821917808219178082192,0.04985300556702320635516357053,0.03589416400825670857571777078
18.05936073059360730593607311,0,0.000,18.05936073059360730593607311,0.2739726027397260273972602740,0.2191780821917808219178082192,17.78538812785388127853881284,0E-28,0E-28,11,12,2035,BASE,0.2739726027397260273972602740,0.2191780821917808219178082192,0.04910239569650340901982861091,0.03535372490148245449427659986
17.78538812785388127853881284,0,0.000,17.78538812785388127853881284,0.2739726027397260273972602740,0.2191780821917808219178082192,17.51141552511415525114155257,0E-28,0E-28,12,13,2035,BASE,0.2739726027397260273972602740,0.2191780821917808219178082192,0.04835178582598361168449365124,0.03481328579470820041283542889
17.51141552511415525114155257,0,0.000,17.51141552511415525114155257,0.2739726027397260273972602740,0.2191780821917808219178082192,17.23744292237442922374429230,0E-28,0E-28,13,14,2035,BASE,0.2739726027397260273972602740,0.2191780821917808219178082192,0.04760117595546381434915869162,0.03427284668793394633139425797
17.23744292237442922374429230,0,0.000,17.23744292237442922374429230,0.2739726027397260273972602740,0.2191780821917808219178082192,16.96347031963470319634703203,0E-28,0E-28,14,15,2035,BASE,0.2739726027397260273972602740,0.2191780821917808219178082192,0.04685056608494401701382373195,0.03373240758115969224995308700
16.96347031963470319634703203,0,0.000,16.96347031963470319634703203,0.2739726027397260273972602740,0.2191780821917808219178082192,16.68949771689497716894977176,0E-28,0E-28,15,16,2035,BASE,0.2739726027397260273972602740,0.2191780821917808219178082192,0.04609995621442421967848877233,0.03319196847438543816851191608
16.68949771689497716894977176,0,0.000,16.68949771689497716894977176,0.2739726027397260273972602740,0.2191780821917808219178082192,16.41552511415525114155251149,0E-28,0E-28,16,17,2035,BASE,0.2739726027397260273972602740,0.2191780821917808219178082192,0.04534934634390442234315381266,0.03265152936761118408707074512
16.41552511415525114155251149,0,0.000,16.41552511415525114155251149,0.2739726027397260273972602740,0.2191780821917808219178082192,16.14155251141552511415525122,0E-28,0E-28,17,18,2035,BASE,0.2739726027397260273972602740,0.2191780821917808219178082192,0.04459873647338462500781885305,0.03211109026083693000562957420
16.14155251141552511415525122,0,0.000,16.14155251141552511415525122,0.2739726027397260273972602740,0.2191780821917808219178082192,15.86757990867579908675799095,0E-28,0E-28,18,19,2035,BASE,0.2739726027397260273972602740,0.2191780821917808219178082192,0.04384812660286482767248389337,0.03157065115406267592418840323
15.86757990867579908675799095,0,0.000,15.86757990867579908675799095,0.2739726027397260273972602740,0.2191780821917808219178082192,15.59360730593607305936073068,0E-28,0E-28,19,20,2035,BASE,0.2739726027397260273972602740,0.2191780821917808219178082192,0.04309751673234503033714893376,0.03103021204728842184274723231
15.59360730593607305936073068,0,0.000,15.59360730593607305936073068,0.2739726027397260273972602740,0.2191780821917808219178082192,15.31963470319634703196347041,0E-28,0E-28,20,21,2035,BASE,0.2739726027397260273972602740,0.2191780821917808219178082192,0.04234690686182523300181397409,0.03048977294051416776130606134
15.31963470319634703196347041,0,0.000,15.31963470319634703196347041,0.2739726027397260273972602740,0.2191780821917808219178082192,15.04566210045662100456621014,0E-28,0E-28,21,22,2035,BASE,0.2739726027397260273972602740,0.2191780821917808219178082192,0.04159629699130543566647901447,0.02994933383373991367986489042
15.04566210045662100456621014,0,0.000,15.04566210045662100456621014,0.2739726027397260273972602740,0.2191780821917808219178082192,14.77168949771689497716894987,0E-28,0E-28,22,23,2035,BASE,0.2739726027397260273972602740,0.2191780821917808219178082192,0.04084568712078563833114405480,0.02940889472696565959842371946
14.77168949771689497716894987,0,0.000,14.77168949771689497716894987,0.2739726027397260273972602740,0.2191780821917808219178082192,14.49771689497716894977168960,0E-28,0E-28,23,24,2035,BASE,0.2739726027397260273972602740,0.2191780821917808219178082192,0.04009507725026584099580909518,0.02886845562019140551698254853
14.49771689497716894977168960,0,0.000,14.49771689497716894977168960,0.2739726027397260273972602740,0.2191780821917808219178082192,14.22374429223744292237442933,0E-28,0E-28,24,25,2035,BASE,0.2739726027397260273972602740,0.2191780821917808219178082192,0.03934446737974604366047413551,0.02832801651341715143554137757
14.22374429223744292237442933,0,0.000,14.22374429223744292237442933,0.2739726027397260273972602740,0.2191780821917808219178082192,13.94977168949771689497716906,0E-28,0E-28,25,26,2035,BASE,0.2739726027397260273972602740,0.2191780821917808219178082192,0.03859385750922624632513917589,0.02778757740664289735410020664
13.94977168949771689497716906,0,0.000,13.94977168949771689497716906,0.2739726027397260273972602740,0.2191780821917808219178082192,13.67579908675799086757990879,0E-28,0E-28,26,27,2035,BASE,0.2739726027397260273972602740,0.2191780821917808219178082192,0.03784324763870644898980421622,0.02724713829986864327265903568
13.67579908675799086757990879,0,0.000,13.67579908675799086757990879,0.2739726027397260273972602740,0.2191780821917808219178082192,13.40182648401826484018264852,0E-28,0E-28,27,28,2035,BASE,0.2739726027397260273972602740,0.2191780821917808219178082192,0.03709263776818665165446925661,0.02670669919309438919121786476
13.40182648401826484018264852,0,0.000,13.40182648401826484018264852,0.2739726027397260273972602740,0.2191780821917808219178082192,13.12785388127853881278538825,0E-28,0E-28,28,29,2035,BASE,0.2739726027397260273972602740,0.2191780821917808219178082192,0.03634202789766685431913429694,0.02616626008632013510977669380
13.12785388127853881278538825,0,0.000,13.12785388127853881278538825,0.2739726027397260273972602740,0.2191780821917808219178082192,12.85388127853881278538812798,0E-28,0E-28,29,30,2035,BASE,0.2739726027397260273972602740,0.2191780821917808219178082192,0.03559141802714705698379933732,0.02562582097954588102833552287
12.85388127853881278538812798,0,0.000,12.85388127853881278538812798,0.1141552511415525114155251142,0.09132420091324200913242009136,12.73972602739726027397260287,0E-28,0E-29,30,365/12,2035,BASE,0.1141552511415525114155251142,0.09132420091324200913242009136,0.01460822334813702800191822537,0.01051792081065866016138112227
12.73972602739726027397260287,9.156326950202012957517511783,0.4120347127590905830882880302,21.48401826484018264840182662,0.1598173515981735159817351598,0.1278538812785388127853881278,21.32420091324200913242009146,0E-28,0E-28,365/12,31,2035,BASE,0.1598173515981735159817351598,0.1278538812785388127853881278,0.03420748107837618064677550531,0.02462938637643085006567836382
21.32420091324200913242009146,0,0.000,21.32420091324200913242009146,0.2739726027397260273972602740,0.2191780821917808219178082192,21.05022831050228310502283119,0E-28,0E-28,31,32,2035,BASE,0.2739726027397260273972602740,0.2191780821917808219178082192,0.05804716332019766059923688033,0.04179395759054231563145055384
21.05022831050228310502283119,0,0.000,21.05022831050228310502283119,0.2739726027397260273972602740,0.2191780821917808219178082192,20.77625570776255707762557092,0E-28,0E-28,32,33,2035,BASE,0.2739726027397260273972602740,0.2191780821917808219178082192,0.05729655344967786326390192072,0.04125351848376806155000938292
20.77625570776255707762557092,0,0.000,20.77625570776255707762557092,0.2739726027397260273972602740,0.2191780821917808219178082192,20.50228310502283105022831065,0E-28,0E-28,33,34,2035,BASE,0.2739726027397260273972602740,0.2191780821917808219178082192,0.05654594357915806592856696105,0.04071307937699380746856821196
20.50228310502283105022831065,0,0.000,20.50228310502283105022831065,0.2739726027397260273972602740,0.2191780821917808219178082192,20.22831050228310502283105038,0E-28,0E-28,34,35,2035,BASE,0.2739726027397260273972602740,0.2191780821917808219178082192,0.05579533370863826859323200143,0.04017264027021955338712704103
20.22831050228310502283105038,0,0.000,20.22831050228310502283105038,0.2739726027397260273972602740,0.2191780821917808219178082192,19.95433789954337899543379011,0E-28,0E-28,35,36,2035,BASE,0.2739726027397260273972602740,0.2191780821917808219178082192,0.05504472383811847125789704176,0.03963220116344529930568587007
19.95433789954337899543379011,0,0.000,19.95433789954337899543379011,0.2739726027397260273972602740,0.2191780821917808219178082192,19.68036529680365296803652984,0E-28,0E-28,36,37,2035,BASE,0.2739726027397260273972602740,0.2191780821917808219178082192,0.05429411396759867392256208214,0.03909176205667104522424469914
19.68036529680365296803652984,0,0.000,19.68036529680365296803652984,0.2739726027397260273972602740,0.2191780821917808219178082192,19.40639269406392694063926957,0E-28,0E-28,37,38,2035,BASE,0.2739726027397260273972602740,0.2191780821917808219178082192,0.05354350409707887658722712247,0.03855132294989679114280352818
19.40639269406392694063926957,0,0.000,19.40639269406392694063926957,0.2739726027397260273972602740,0.2191780821917808219178082192,19.13242009132420091324200930,0E-28,0E-28,38,39,2035,BASE,0.2739726027397260273972602740,0.2191780821917808219178082192,0.05279289422655907925189216285,0.03801088384312253706136235725
19.13242009132420091324200930,0,0.000,19.13242009132420091324200930,0.2739726027397260273972602740,0.2191780821917808219178082192,18.85844748858447488584474903,0E-28,0E-28,39,40,2035,BASE,0.2739726027397260273972602740,0.2191780821917808219178082192,0.05204228435603928191655720318,0.03747044473634828297992118629
18.85844748858447488584474903,0,0.000,18.85844748858447488584474903,0.2739726027397260273972602740,0.2191780821917808219178082192,18.58447488584474885844748876,0E-28,0E-28,40,41,2035,BASE,0.2739726027397260273972602740,0.2191780821917808219178082192,0.05129167448551948458122224357,0.03693000562957402889848001537
18.58447488584474885844748876,0,0.000,18.58447488584474885844748876,0.2739726027397260273972602740,0.2191780821917808219178082192,18.31050228310502283105022849,0E-28,0E-28,41,42,2035,BASE,0.2739726027397260273972602740,0.2191780821917808219178082192,0.05054106461499968724588728390,0.03638956652279977481703884441
18.31050228310502283105022849,0,0.000,18.31050228310502283105022849,0.2739726027397260273972602740,0.2191780821917808219178082192,18.03652968036529680365296822,0E-28,0E-28,42,43,2035,BASE,0.2739726027397260273972602740,0.2191780821917808219178082192,0.04979045474447988991055232428,0.03584912741602552073559767348
18.03652968036529680365296822,0,0.000,18.03652968036529680365296822,0.2739726027397260273972602740,0.2191780821917808219178082192,17.76255707762557077625570795,0E-28,0E-28,43,44,2035,BASE,0.2739726027397260273972602740,0.2191780821917808219178082192,0.04903984487396009257521736461,0.03530868830925126665415650252
17.76255707762557077625570795,0,0.000,17.76255707762557077625570795,0.2739726027397260273972602740,0.2191780821917808219178082192,17.48858447488584474885844768,0E-28,0E-28,44,45,2035,BASE,0.2739726027397260273972602740,0.2191780821917808219178082192,0.04828923500344029523988240499,0.03476824920247701257271533159
17.48858447488584474885844768,0,0.000,17.48858447488584474885844768,0.2739726027397260273972602740,0.2191780821917808219178082192,17.21461187214611872146118741,0E-28,0E-28,45,46,2035,BASE,0.2739726027397260273972602740,0.2191780821917808219178082192,0.04753862513292049790454744532,0.03422781009570275849127416063
17.21461187214611872146118741,0,0.000,17.21461187214611872146118741,0.2739726027397260273972602740,0.2191780821917808219178082192,16.94063926940639269406392714,0E-28,0E-28,46,47,2035,BASE,0.2739726027397260273972602740,0.2191780821917808219178082192,0.04678801526240070056921248570,0.03368737098892850440983298970
16.94063926940639269406392714,0,0.000,16.94063926940639269406392714,0.2739726027397260273972602740,0.2191780821917808219178082192,16.66666666666666666666666687,0E-28,0E-28,47,48,2035,BASE,0.2739726027397260273972602740,0.2191780821917808219178082192,0.04603740539188090323387752603,0.03314693188215425032839181874
16.66666666666666666666666687,0,0.000,16.66666666666666666666666687,0.2739726027397260273972602740,0.2191780821917808219178082192,16.39269406392694063926940660,0E-28,0E-28,48,49,2035,BASE,0.2739726027397260273972602740,0.2191780821917808219178082192,0.04528679552136110589854256642,0.03260649277537999624695064782
16.39269406392694063926940660,0,0.000,16.39269406392694063926940660,0.2739726027397260273972602740,0.2191780821917808219178082192,16.11872146118721461187214633,0E-28,0E-28,49,50,2035,BASE,0.2739726027397260273972602740,0.2191780821917808219178082192,0.04453618565084130856320760674,0.03206605366860574216550947685
16.11872146118721461187214633,0,0.000,16.11872146118721461187214633,0.2739726027397260273972602740,0.2191780821917808219178082192,15.84474885844748858447488606,0E-28,0E-28,50,51,2035,BASE,0.2739726027397260273972602740,0.2191780821917808219178082192,0.04378557578032151122787264713,0.03152561456183148808406830593
15.84474885844748858447488606,0,0.000,15.84474885844748858447488606,0.2739726027397260273972602740,0.2191780821917808219178082192,15.57077625570776255707762579,0E-28,0E-28,51,52,2035,BASE,0.2739726027397260273972602740,0.2191780821917808219178082192,0.04303496590980171389253768746,0.03098517545505723400262713497
15.57077625570776255707762579,0,0.000,15.57077625570776255707762579,0.2739726027397260273972602740,0.2191780821917808219178082192,15.29680365296803652968036552,0E-28,0E-28,52,53,2035,BASE,0.2739726027397260273972602740,0.2191780821917808219178082192,0.04228435603928191655720272784,0.03044473634828297992118596404
15.29680365296803652968036552,0,0.000,15.29680365296803652968036552,0.2739726027397260273972602740,0.2191780821917808219178082192,15.02283105022831050228310525,0E-28,0E-28,53,54,2035,BASE,0.2739726027397260273972602740,0.2191780821917808219178082192,0.04153374616876211922186776817,0.02990429724150872583974479308
15.02283105022831050228310525,0,0.000,15.02283105022831050228310525,0.2739726027397260273972602740,0.2191780821917808219178082192,14.74885844748858447488584498,0E-28,0E-28,54,55,2035,BASE,0.2739726027397260273972602740,0.2191780821917808219178082192,0.04078313629824232188653280855,0.02936385813473447175830362216
14.74885844748858447488584498,0,0.000,14.74885844748858447488584498,0.2739726027397260273972602740,0.2191780821917808219178082192,14.47488584474885844748858471,0E-28,0E-28,55,56,2035,BASE,0.2739726027397260273972602740,0.2191780821917808219178082192,0.04003252642772252455119784888,0.02882341902796021767686245119
14.47488584474885844748858471,0,0.000,14.47488584474885844748858471,0.2739726027397260273972602740,0.2191780821917808219178082192,14.20091324200913242009132444,0E-28,0E-28,56,57,2035,BASE,0.2739726027397260273972602740,0.2191780821917808219178082192,0.03928191655720272721586288926,0.02828297992118596359542128027
14.20091324200913242009132444,0,0.000,14.20091324200913242009132444,0.2739726027397260273972602740,0.2191780821917808219178082192,13.92694063926940639269406417,0E-28,0E-28,57,58,2035,BASE,0.2739726027397260273972602740,0.2191780821917808219178082192,0.03853130668668292988052792959,0.02774254081441170951398010930
13.92694063926940639269406417,0,0.000,13.92694063926940639269406417,0.2739726027397260273972602740,0.2191780821917808219178082192,13.65296803652968036529680390,0E-28,0E-28,58,59,2035,BASE,0.2739726027397260273972602740,0.2191780821917808219178082192,0.03778069681616313254519296998,0.02720210170763745543253893839
13.65296803652968036529680390,0,0.000,13.65296803652968036529680390,0.2739726027397260273972602740,0.2191780821917808219178082192,13.37899543378995433789954363,0E-28,0E-28,59,60,2035,BASE,0.2739726027397260273972602740,0.2191780821917808219178082192,0.03703008694564333520985801031,0.02666166260086320135109776742
13.37899543378995433789954363,0,0.000,13.37899543378995433789954363,0.2283105022831050228310502283,0.1826484018264840182648401826,13.15068493150684931506849340,0E-28,0E-28,60,365/6,2035,BASE,0.2283105022831050228310502283,0.1826484018264840182648401826,0.03028502324805571193261191443,0.02180521673860011259148057839
13.15068493150684931506849340,9.156326950202012957517511783,0.4120347127590905830882880302,21.89497716894977168949771715,0.04566210045662100456621004567,0.03652968036529680365296803654,21.84931506849315068493150710,0E-29,0E-29,365/6,61,2035,BASE,0.04566210045662100456621004567,0.03652968036529680365296803654,0.009987281332749525656262379965,0.007190842559579658472508913575
21.84931506849315068493150710,0,0.000,21.84931506849315068493150710,0.2739726027397260273972602740,0.2191780821917808219178082192,21.57534246575342465753424683,0E-28,0E-28,61,62,2035,BASE,0.2739726027397260273972602740,0.2191780821917808219178082192,0.05948583223869393882529555332,0.04282979921185963595421279839
21.57534246575342465753424683,0,0.000,21.57534246575342465753424683,0.2739726027397260273972602740,0.2191780821917808219178082192,21.30136986301369863013698656,0E-28,0E-28,62,63,2035,BASE,0.2739726027397260273972602740,0.2191780821917808219178082192,0.05873522236817414148996059370,0.04228936010508538187277162746
21.30136986301369863013698656,0,0.000,21.30136986301369863013698656,0.2739726027397260273972602740,0.2191780821917808219178082192,21.02739726027397260273972629,0E-28,0E-28,63,64,2035,BASE,0.2739726027397260273972602740,0.2191780821917808219178082192,0.05798461249765434415462563403,0.04174892099831112779133045650
21.02739726027397260273972629,0,0.000,21.02739726027397260273972629,0.2739726027397260273972602740,0.2191780821917808219178082192,20.75342465753424657534246602,0E-28,0E-28,64,65,2035,BASE,0.2739726027397260273972602740,0.2191780821917808219178082192,0.05723400262713454681929067442,0.04120848189153687370988928558
20.75342465753424657534246602,0,0.000,20.75342465753424657534246602,0.2739726027397260273972602740,0.2191780821917808219178082192,20.47945205479452054794520575,0E-28,0E-28,65,66,2035,BASE,0.2739726027397260273972602740,0.2191780821917808219178082192,0.05648339275661474948395571475,0.04066804278476261962844811462
20.47945205479452054794520575,0,0.000,20.47945205479452054794520575,0.2739726027397260273972602740,0.2191780821917808219178082192,20.20547945205479452054794548,0E-28,0E-28,66,67,2035,BASE,0.2739726027397260273972602740,0.2191780821917808219178082192,0.05573278288609495214862075513,0.04012760367798836554700694369
20.20547945205479452054794548,0,0.000,20.20547945205479452054794548,0.2739726027397260273972602740,0.2191780821917808219178082192,19.93150684931506849315068521,0E-28,0E-28,67,68,2035,BASE,0.2739726027397260273972602740,0.2191780821917808219178082192,0.05498217301557515481328579546,0.03958716457121411146556577273
19.93150684931506849315068521,0,0.000,19.93150684931506849315068521,0.2739726027397260273972602740,0.2191780821917808219178082192,19.65753424657534246575342494,0E-28,0E-28,68,69,2035,BASE,0.2739726027397260273972602740,0.2191780821917808219178082192,0.05423156314505535747795083584,0.03904672546443985738412460180
19.65753424657534246575342494,0,0.000,19.65753424657534246575342494,0.2739726027397260273972602740,0.2191780821917808219178082192,19.38356164383561643835616467,0E-28,0E-28,69,70,2035,BASE,0.2739726027397260273972602740,0.2191780821917808219178082192,0.05348095327453556014261587617,0.03850628635766560330268343084
19.38356164383561643835616467,0,0.000,19.38356164383561643835616467,0.2739726027397260273972602740,0.2191780821917808219178082192,19.10958904109589041095890440,0E-28,0E-28,70,71,2035,BASE,0.2739726027397260273972602740,0.2191780821917808219178082192,0.05273034340401576280728091655,0.03796584725089134922124225992
19.10958904109589041095890440,0,0.000,19.10958904109589041095890440,0.2739726027397260273972602740,0.2191780821917808219178082192,18.83561643835616438356164413,0E-28,0E-28,71,72,2035,BASE,0.2739726027397260273972602740,0.2191780821917808219178082192,0.05197973353349596547194595688,0.03742540814411709513980108895
18.83561643835616438356164413,0,0.000,18.83561643835616438356164413,0.2739726027397260273972602740,0.2191780821917808219178082192,18.56164383561643835616438386,0E-28,0E-28,72,73,2035,BASE,0.2739726027397260273972602740,0.2191780821917808219178082192,0.05122912366297616813661099727,0.03688496903734284105835991803
18.56164383561643835616438386,0,0.000,18.56164383561643835616438386,0.2739726027397260273972602740,0.2191780821917808219178082192,18.28767123287671232876712359,0E-28,0E-28,73,74,2035,BASE,0.2739726027397260273972602740,0.2191780821917808219178082192,0.05047851379245637080127603759,0.03634452993056858697691874706
18.28767123287671232876712359,0,0.000,18.28767123287671232876712359,0.2739726027397260273972602740,0.2191780821917808219178082192,18.01369863013698630136986332,0E-28,0E-28,74,75,2035,BASE,0.2739726027397260273972602740,0.2191780821917808219178082192,0.04972790392193657346594107798,0.03580409082379433289547757615
18.01369863013698630136986332,0,0.000,18.01369863013698630136986332,0.2739726027397260273972602740,0.2191780821917808219178082192,17.73972602739726027397260305,0E-28,0E-28,75,76,2035,BASE,0.2739726027397260273972602740,0.2191780821917808219178082192,0.04897729405141677613060611831,0.03526365171702007881403640518
17.73972602739726027397260305,0,0.000,17.73972602739726027397260305,0.2739726027397260273972602740,0.2191780821917808219178082192,17.46575342465753424657534278,0E-28,0E-28,76,77,2035,BASE,0.2739726027397260273972602740,0.2191780821917808219178082192,0.04822668418089697879527115869,0.03472321261024582473259523426
17.46575342465753424657534278,0,0.000,17.46575342465753424657534278,0.2739726027397260273972602740,0.2191780821917808219178082192,17.19178082191780821917808251,0E-28,0E-28,77,78,2035,BASE,0.2739726027397260273972602740,0.2191780821917808219178082192,0.04747607431037718145993619902,0.03418277350347157065115406329
17.19178082191780821917808251,0,0.000,17.19178082191780821917808251,0.2739726027397260273972602740,0.2191780821917808219178082192,16.91780821917808219178082224,0E-28,0E-28,78,79,2035,BASE,0.2739726027397260273972602740,0.2191780821917808219178082192,0.04672546443985738412460123940,0.03364233439669731656971289237
16.91780821917808219178082224,0,0.000,16.91780821917808219178082224,0.2739726027397260273972602740,0.2191780821917808219178082192,16.64383561643835616438356197,0E-28,0E-28,79,80,2035,BASE,0.2739726027397260273972602740,0.2191780821917808219178082192,0.04597485456933758678926627973,0.03310189528992306248827172141
16.64383561643835616438356197,0,0.000,16.64383561643835616438356197,0.2739726027397260273972602740,0.2191780821917808219178082192,16.36986301369863013698630170,0E-28,0E-28,80,81,2035,BASE,0.2739726027397260273972602740,0.2191780821917808219178082192,0.04522424469881778945393132011,0.03256145618314880840683055048
16.36986301369863013698630170,0,0.000,16.36986301369863013698630170,0.2739726027397260273972602740,0.2191780821917808219178082192,16.09589041095890410958904143,0E-28,0E-28,81,82,2035,BASE,0.2739726027397260273972602740,0.2191780821917808219178082192,0.04447363482829799211859636044,0.03202101707637455432538937952
16.09589041095890410958904143,0,0.000,16.09589041095890410958904143,0.2739726027397260273972602740,0.2191780821917808219178082192,15.82191780821917808219178116,0E-28,0E-28,82,83,2035,BASE,0.2739726027397260273972602740,0.2191780821917808219178082192,0.04372302495777819478326140083,0.03148057796960030024394820860
15.82191780821917808219178116,0,0.000,15.82191780821917808219178116,0.2739726027397260273972602740,0.2191780821917808219178082192,15.54794520547945205479452089,0E-28,0E-28,83,84,2035,BASE,0.2739726027397260273972602740,0.2191780821917808219178082192,0.04297241508725839744792644115,0.03094013886282604616250703763
15.54794520547945205479452089,0,0.000,15.54794520547945205479452089,0.2739726027397260273972602740,0.2191780821917808219178082192,15.27397260273972602739726062,0E-28,0E-28,84,85,2035,BASE,0.2739726027397260273972602740,0.2191780821917808219178082192,0.04222180521673860011259148154,0.03039969975605179208106586671
15.27397260273972602739726062,0,0.000,15.27397260273972602739726062,0.2739726027397260273972602740,0.2191780821917808219178082192,15.00000000000000000000000035,0E-28,0E-28,85,86,2035,BASE,0.2739726027397260273972602740,0.2191780821917808219178082192,0.04147119534621880277725652187,0.02985926064927753799962469575
15.00000000000000000000000035,0,0.000,15.00000000000000000000000035,0.2739726027397260273972602740,0.2191780821917808219178082192,14.72602739726027397260274008,0E-28,0E-28,86,87,2035,BASE,0.2739726027397260273972602740,0.2191780821917808219178082192,0.04072058547569900544192156225,0.02931882154250328391818352482
14.72602739726027397260274008,0,0.000,14.72602739726027397260274008,0.2739726027397260273972602740,0.2191780821917808219178082192,14.45205479452054794520547981,0E-28,0E-28,87,88,2035,BASE,0.2739726027397260273972602740,0.2191780821917808219178082192,0.03996997560517920810658660258,0.02877838243572902983674235386
14.45205479452054794520547981,0,0.000,14.45205479452054794520547981,0.2739726027397260273972602740,0.2191780821917808219178082192,14.17808219178082191780821954,0E-28,0E-28,88,89,2035,BASE,0.2739726027397260273972602740,0.2191780821917808219178082192,0.03921936573465941077125164296,0.02823794332895477575530118293
14.17808219178082191780821954,0,0.000,14.17808219178082191780821954,0.2739726027397260273972602740,0.2191780821917808219178082192,13.90410958904109589041095927,0E-28,0E-28,89,90,2035,BASE,0.2739726027397260273972602740,0.2191780821917808219178082192,0.03846875586413961343591668329,0.02769750422218052167386001197
13.90410958904109589041095927,0,0.000,13.90410958904109589041095927,0.2739726027397260273972602740,0.2191780821917808219178082192,13.63013698630136986301369900,0E-28,0E-28,90,91,2035,BASE,0.2739726027397260273972602740,0.2191780821917808219178082192,0.03771814599361981610058172368,0.02715706511540626759241884105
13.63013698630136986301369900,0,0.000,13.63013698630136986301369900,0.06849315068493150684931506849,0.05479452054794520547945205479,13.56164383561643835616438393,0E-29,0E-29,91,365/4,2035,BASE,0.06849315068493150684931506849,0.05479452054794520547945205479,0.009312253706136235691499343465,0.006704822668418089697879527295
13.56164383561643835616438393,9.156326950202012957517511783,0.4120347127590905830882880302,22.30593607305936073059360768,0.2054794520547945205479452055,0.1643835616438356164383561644,22.10045662100456621004566247,0E-28,0E-28,365/4,92,2035,BASE,0.2054794520547945205479452055,0.1643835616438356164383561644,0.04562300619253143178832801729,0.03284856445862263088759617245
22.10045662100456621004566247,0,0.000,22.10045662100456621004566247,0.2739726027397260273972602740,0.2191780821917808219178082192,21.82648401826484018264840220,0E-28,0E-28,92,93,2035,BASE,0.2739726027397260273972602740,0.2191780821917808219178082192,0.06017389128667041971601926669,0.04332520172640270219553387202
21.82648401826484018264840220,0,0.000,21.82648401826484018264840220,0.2739726027397260273972602740,0.2191780821917808219178082192,21.55251141552511415525114193,0E-28,0E-28,93,94,2035,BASE,0.2739726027397260273972602740,0.2191780821917808219178082192,0.05942328141615062238068430702,0.04278476261962844811409270105
21.55251141552511415525114193,0,0.000,21.55251141552511415525114193,0.2739726027397260273972602740,0.2191780821917808219178082192,21.27853881278538812785388166,0E-28,0E-28,94,95,2035,BASE,0.2739726027397260273972602740,0.2191780821917808219178082192,0.05867267154563082504534934740,0.04224432351285419403265153013
21.27853881278538812785388166,0,0.000,21.27853881278538812785388166,0.2739726027397260273972602740,0.2191780821917808219178082192,21.00456621004566210045662139,0E-28,0E-28,95,96,2035,BASE,0.2739726027397260273972602740,0.2191780821917808219178082192,0.05792206167511102771001438773,0.04170388440607993995121035917
21.00456621004566210045662139,0,0.000,21.00456621004566210045662139,0.2739726027397260273972602740,0.2191780821917808219178082192,20.73059360730593607305936112,0E-28,0E-28,96,97,2035,BASE,0.2739726027397260273972602740,0.2191780821917808219178082192,0.05717145180459123037467942812,0.04116344529930568586976918825
20.73059360730593607305936112,0,0.000,20.73059360730593607305936112,0.2739726027397260273972602740,0.2191780821917808219178082192,20.45662100456621004566210085,0E-28,0E-28,97,98,2035,BASE,0.2739726027397260273972602740,0.2191780821917808219178082192,0.05642084193407143303934446844,0.04062300619253143178832801728
20.45662100456621004566210085,0,0.000,20.45662100456621004566210085,0.2739726027397260273972602740,0.2191780821917808219178082192,20.18264840182648401826484058,0E-28,0E-28,98,99,2035,BASE,0.2739726027397260273972602740,0.2191780821917808219178082192,0.05567023206355163570400950883,0.04008256708575717770688684636
20.18264840182648401826484058,0,0.000,20.18264840182648401826484058,0.2739726027397260273972602740,0.2191780821917808219178082192,19.90867579908675799086758031,0E-28,0E-28,99,100,2035,BASE,0.2739726027397260273972602740,0.2191780821917808219178082192,0.05491962219303183836867454916,0.03954212797898292362544567540
19.90867579908675799086758031,0,0.000,19.90867579908675799086758031,0.2739726027397260273972602740,0.2191780821917808219178082192,19.63470319634703196347032004,0E-28,0E-28,100,101,2035,BASE,0.2739726027397260273972602740,0.2191780821917808219178082192,0.05416901232251204103333958954,0.03900168887220866954400450447
19.63470319634703196347032004,0,0.000,19.63470319634703196347032004,0.2739726027397260273972602740,0.2191780821917808219178082192,19.36073059360730593607305977,0E-28,0E-28,101,102,2035,BASE,0.2739726027397260273972602740,0.2191780821917808219178082192,0.05341840245199224369800462987,0.03846124976543441546256333351
19.36073059360730593607305977,0,0.000,19.36073059360730593607305977,0.2739726027397260273972602740,0.2191780821917808219178082192,19.08675799086757990867579950,0E-28,0E-28,102,103,2035,BASE,0.2739726027397260273972602740,0.2191780821917808219178082192,0.05266779258147244636266967025,0.03792081065866016138112216258
19.08675799086757990867579950,0,0.000,19.08675799086757990867579950,0.2739726027397260273972602740,0.2191780821917808219178082192,18.81278538812785388127853923,0E-28,0E-28,103,104,2035,BASE,0.2739726027397260273972602740,0.2191780821917808219178082192,0.05191718271095264902733471058,0.03738037155188590729968099162
18.81278538812785388127853923,0,0.000,18.81278538812785388127853923,0.2739726027397260273972602740,0.2191780821917808219178082192,18.53881278538812785388127896,0E-28,0E-28,104,105,2035,BASE,0.2739726027397260273972602740,0.2191780821917808219178082192,0.05116657284043285169199975096,0.03683993244511165321823982069
18.53881278538812785388127896,0,0.000,18.53881278538812785388127896,0.2739726027397260273972602740,0.2191780821917808219178082192,18.26484018264840182648401869,0E-28,0E-28,105,106,2035,BASE,0.2739726027397260273972602740,0.2191780821917808219178082192,0.05041596296991305435666479129,0.03629949333833739913679864973
18.26484018264840182648401869,0,0.000,18.26484018264840182648401869,0.2739726027397260273972602740,0.2191780821917808219178082192,17.99086757990867579908675842,0E-28,0E-28,106,107,2035,BASE,0.2739726027397260273972602740,0.2191780821917808219178082192,0.04966535309939325702132983168,0.03575905423156314505535747881
17.99086757990867579908675842,0,0.000,17.99086757990867579908675842,0.2739726027397260273972602740,0.2191780821917808219178082192,17.71689497716894977168949815,0E-28,0E-28,107,108,2035,BASE,0.2739726027397260273972602740,0.2191780821917808219178082192,0.04891474322887345968599487200,0.03521861512478889097391630784
17.71689497716894977168949815,0,0.000,17.71689497716894977168949815,0.2739726027397260273972602740,0.2191780821917808219178082192,17.44292237442922374429223788,0E-28,0E-28,108,109,2035,BASE,0.2739726027397260273972602740,0.2191780821917808219178082192,0.04816413335835366235065991239,0.03467817601801463689247513692
17.44292237442922374429223788,0,0.000,17.44292237442922374429223788,0.2739726027397260273972602740,0.2191780821917808219178082192,17.16894977168949771689497761,0E-28,0E-28,109,110,2035,BASE,0.2739726027397260273972602740,0.2191780821917808219178082192,0.04741352348783386501532495272,0.03413773691124038281103396596
17.16894977168949771689497761,0,0.000,17.16894977168949771689497761,0.2739726027397260273972602740,0.2191780821917808219178082192,16.89497716894977168949771734,0E-28,0E-28,110,111,2035,BASE,0.2739726027397260273972602740,0.2191780821917808219178082192,0.04666291361731406767998999310,0.03359729780446612872959279503
16.89497716894977168949771734,0,0.000,16.89497716894977168949771734,0.2739726027397260273972602740,0.2191780821917808219178082192,16.62100456621004566210045707,0E-28,0E-28,111,112,2035,BASE,0.2739726027397260273972602740,0.2191780821917808219178082192,0.04591230374679427034465503343,0.03305685869769187464815162407
16.62100456621004566210045707,0,0.000,16.62100456621004566210045707,0.2739726027397260273972602740,0.2191780821917808219178082192,16.34703196347031963470319680,0E-28,0E-28,112,113,2035,BASE,0.2739726027397260273972602740,0.2191780821917808219178082192,0.04516169387627447300932007381,0.03251641959091762056671045314
16.34703196347031963470319680,0,0.000,16.34703196347031963470319680,0.2739726027397260273972602740,0.2191780821917808219178082192,16.07305936073059360730593653,0E-28,0E-28,113,114,2035,BASE,0.2739726027397260273972602740,0.2191780821917808219178082192,0.04441108400575467567398511414,0.03197598048414336648526928218
16.07305936073059360730593653,0,0.000,16.07305936073059360730593653,0.2739726027397260273972602740,0.2191780821917808219178082192,15.79908675799086757990867626,0E-28,0E-28,114,115,2035,BASE,0.2739726027397260273972602740,0.2191780821917808219178082192,0.04366047413523487833865015452,0.03143554137736911240382811125
15.79908675799086757990867626,0,0.000,15.79908675799086757990867626,0.2739726027397260273972602740,0.2191780821917808219178082192,15.52511415525114155251141599,0E-28,0E-28,115,116,2035,BASE,0.2739726027397260273972602740,0.2191780821917808219178082192,0.04290986426471508100331519485,0.03089510227059485832238694029
15.52511415525114155251141599,0,0.000,15.52511415525114155251141599,0.2739726027397260273972602740,0.2191780821917808219178082192,15.25114155251141552511415572,0E-28,0E-28,116,117,2035,BASE,0.2739726027397260273972602740,0.2191780821917808219178082192,0.04215925439419528366798023524,0.03035466316382060424094576937
15.25114155251141552511415572,0,0.000,15.25114155251141552511415572,0.2739726027397260273972602740,0.2191780821917808219178082192,14.97716894977168949771689545,0E-28,0E-28,117,118,2035,BASE,0.2739726027397260273972602740,0.2191780821917808219178082192,0.04140864452367548633264527557,0.02981422405704635015950459841
14.97716894977168949771689545,0,0.000,14.97716894977168949771689545,0.2739726027397260273972602740,0.2191780821917808219178082192,14.70319634703196347031963518,0E-28,0E-28,118,119,2035,BASE,0.2739726027397260273972602740,0.2191780821917808219178082192,0.04065803465315568899731031595,0.02927378495027209607806342748
14.70319634703196347031963518,0,0.000,14.70319634703196347031963518,0.2739726027397260273972602740,0.2191780821917808219178082192,14.42922374429223744292237491,0E-28,0E-28,119,120,2035,BASE,0.2739726027397260273972602740,0.2191780821917808219178082192,0.03990742478263589166197535628,0.02873334584349784199662225652
14.42922374429223744292237491,0,0.000,14.42922374429223744292237491,0.2739726027397260273972602740,0.2191780821917808219178082192,14.15525114155251141552511464,0E-28,0E-28,120,121,2035,BASE,0.2739726027397260273972602740,0.2191780821917808219178082192,0.03915681491211609432664039666,0.02819290673672358791518108560
14.15525114155251141552511464,0,0.000,14.15525114155251141552511464,0.1826484018264840182648401827,0.1461187214611872146118721462,13.97260273972602739726027446,0E-28,0E-28,121,365/3,2035,BASE,0.1826484018264840182648401827,0.1461187214611872146118721462,0.02568753779112195325368528686,0.01849502720960780634265340654
13.97260273972602739726027446,9.156326950202012957517511783,0.4120347127590905830882880302,22.71689497716894977168949821,0.09132420091324200913242009132,0.07305936073059360730593607306,22.62557077625570776255707812,0E-29,0E-29,365/3,122,2035,BASE,0.09132420091324200913242009132,0.07305936073059360730593607306,0.02070432226183774316632263759,0.01490711202852317507975229906
22.62557077625570776255707812,0,0.000,22.62557077625570776255707812,0.2739726027397260273972602740,0.2191780821917808219178082192,22.35159817351598173515981785,0E-28,0E-28,122,123,2035,BASE,0.2739726027397260273972602740,0.2191780821917808219178082192,0.06161256020516669794207793968,0.04436104334772002251829611657
22.35159817351598173515981785,0,0.000,22.35159817351598173515981785,0.2739726027397260273972602740,0.2191780821917808219178082192,22.07762557077625570776255758,0E-28,0E-28,123,124,2035,BASE,0.2739726027397260273972602740,0.2191780821917808219178082192,0.06086195033464690060674298006,0.04382060424094576843685494564
22.07762557077625570776255758,0,0.000,22.07762557077625570776255758,0.2739726027397260273972602740,0.2191780821917808219178082192,21.80365296803652968036529731,0E-28,0E-28,124,125,2035,BASE,0.2739726027397260273972602740,0.2191780821917808219178082192,0.06011134046412710327140802039,0.04328016513417151435541377468
21.80365296803652968036529731,0,0.000,21.80365296803652968036529731,0.2739726027397260273972602740,0.2191780821917808219178082192,21.52968036529680365296803704,0E-28,0E-28,125,126,2035,BASE,0.2739726027397260273972602740,0.2191780821917808219178082192,0.05936073059360730593607306077,0.04273972602739726027397260375
21.52968036529680365296803704,0,0.000,21.52968036529680365296803704,0.2739726027397260273972602740,0.2191780821917808219178082192,21.25570776255707762557077677,0E-28,0E-28,126,127,2035,BASE,0.2739726027397260273972602740,0.2191780821917808219178082192,0.05861012072308750860073810110,0.04219928692062300619253143279
21.25570776255707762557077677,0,0.000,21.25570776255707762557077677,0.2739726027397260273972602740,0.2191780821917808219178082192,20.98173515981735159817351650,0E-28,0E-28,127,128,2035,BASE,0.2739726027397260273972602740,0.2191780821917808219178082192,0.05785951085256771126540314149,0.04165884781384875211109026187
20.98173515981735159817351650,0,0.000,20.98173515981735159817351650,0.2739726027397260273972602740,0.2191780821917808219178082192,20.70776255707762557077625623,0E-28,0E-28,128,129,2035,BASE,0.2739726027397260273972602740,0.2191780821917808219178082192,0.05710890098204791393006818181,0.04111840870707449802964909090
20.70776255707762557077625623,0,0.000,20.70776255707762557077625623,0.2739726027397260273972602740,0.2191780821917808219178082192,20.43378995433789954337899596,0E-28,0E-28,129,130,2035,BASE,0.2739726027397260273972602740,0.2191780821917808219178082192,0.05635829111152811659473322220,0.04057796960030024394820791998
20.43378995433789954337899596,0,0.000,20.43378995433789954337899596,0.2739726027397260273972602740,0.2191780821917808219178082192,20.15981735159817351598173569,0E-28,0E-28,130,131,2035,BASE,0.2739726027397260273972602740,0.2191780821917808219178082192,0.05560768124100831925939826253,0.04003753049352598986676674902
20.15981735159817351598173569,0,0.000,20.15981735159817351598173569,0.2739726027397260273972602740,0.2191780821917808219178082192,19.88584474885844748858447542,0E-28,0E-28,131,132,2035,BASE,0.2739726027397260273972602740,0.2191780821917808219178082192,0.05485707137048852192406330291,0.03949709138675173578532557810
19.88584474885844748858447542,0,0.000,19.88584474885844748858447542,0.2739726027397260273972602740,0.2191780821917808219178082192,19.61187214611872146118721515,0E-28,0E-28,132,133,2035,BASE,0.2739726027397260273972602740,0.2191780821917808219178082192,0.05410646149996872458872834324,0.03895665227997748170388440713
19.61187214611872146118721515,0,0.000,19.61187214611872146118721515,0.2739726027397260273972602740,0.2191780821917808219178082192,19.33789954337899543378995488,0E-28,0E-28,133,134,2035,BASE,0.2739726027397260273972602740,0.2191780821917808219178082192,0.05335585162944892725339338362,0.03841621317320322762244323621
19.33789954337899543378995488,0,0.000,19.33789954337899543378995488,0.2739726027397260273972602740,0.2191780821917808219178082192,19.06392694063926940639269461,0E-28,0E-28,134,135,2035,BASE,0.2739726027397260273972602740,0.2191780821917808219178082192,0.05260524175892912991805842395,0.03787577406642897354100206524
19.06392694063926940639269461,0,0.000,19.06392694063926940639269461,0.2739726027397260273972602740,0.2191780821917808219178082192,18.78995433789954337899543434,0E-28,0E-28,135,136,2035,BASE,0.2739726027397260273972602740,0.2191780821917808219178082192,0.05185463188840933258272346433,0.03733533495965471945956089432
18.78995433789954337899543434,0,0.000,18.78995433789954337899543434,0.2739726027397260273972602740,0.2191780821917808219178082192,18.51598173515981735159817407,0E-28,0E-28,136,137,2035,BASE,0.2739726027397260273972602740,0.2191780821917808219178082192,0.05110402201788953524738850466,0.03679489585288046537811972336
18.51598173515981735159817407,0,0.000,18.51598173515981735159817407,0.2739726027397260273972602740,0.2191780821917808219178082192,18.24200913242009132420091380,0E-28,0E-28,137,138,2035,BASE,0.2739726027397260273972602740,0.2191780821917808219178082192,0.05035341214736973791205354505,0.03625445674610621129667855244
18.24200913242009132420091380,0,0.000,18.24200913242009132420091380,0.2739726027397260273972602740,0.2191780821917808219178082192,17.96803652968036529680365353,0E-28,0E-28,138,139,2035,BASE,0.2739726027397260273972602740,0.2191780821917808219178082192,0.04960280227684994057671858537,0.03571401763933195721523738147
17.96803652968036529680365353,0,0.000,17.96803652968036529680365353,0.2739726027397260273972602740,0.2191780821917808219178082192,17.69406392694063926940639326,0E-28,0E-28,139,140,2035,BASE,0.2739726027397260273972602740,0.2191780821917808219178082192,0.04885219240633014324138362576,0.03517357853255770313379621055
17.69406392694063926940639326,0,0.000,17.69406392694063926940639326,0.2739726027397260273972602740,0.2191780821917808219178082192,17.42009132420091324200913299,0E-28,0E-28,140,141,2035,BASE,0.2739726027397260273972602740,0.2191780821917808219178082192,0.04810158253581034590604866609,0.03463313942578344905235503958
17.42009132420091324200913299,0,0.000,17.42009132420091324200913299,0.2739726027397260273972602740,0.2191780821917808219178082192,17.14611872146118721461187272,0E-28,0E-28,141,142,2035,BASE,0.2739726027397260273972602740,0.2191780821917808219178082192,0.04735097266529054857071370647,0.03409270031900919497091386866
17.14611872146118721461187272,0,0.000,17.14611872146118721461187272,0.2739726027397260273972602740,0.2191780821917808219178082192,16.87214611872146118721461245,0E-28,0E-28,142,143,2035,BASE,0.2739726027397260273972602740,0.2191780821917808219178082192,0.04660036279477075123537874680,0.03355226121223494088947269770
16.87214611872146118721461245,0,0.000,16.87214611872146118721461245,0.2739726027397260273972602740,0.2191780821917808219178082192,16.59817351598173515981735218,0E-28,0E-28,143,144,2035,BASE,0.2739726027397260273972602740,0.2191780821917808219178082192,0.04584975292425095390004378718,0.03301182210546068680803152677
16.59817351598173515981735218,0,0.000,16.59817351598173515981735218,0.2739726027397260273972602740,0.2191780821917808219178082192,16.32420091324200913242009191,0E-28,0E-28,144,145,2035,BASE,0.2739726027397260273972602740,0.2191780821917808219178082192,0.04509914305373115656470882751,0.03247138299868643272659035581
16.32420091324200913242009191,0,0.000,16.32420091324200913242009191,0.2739726027397260273972602740,0.2191780821917808219178082192,16.05022831050228310502283164,0E-28,0E-28,145,146,2035,BASE,0.2739726027397260273972602740,0.2191780821917808219178082192,0.04434853318321135922937386789,0.03193094389191217864514918488
16.05022831050228310502283164,0,0.000,16.05022831050228310502283164,0.2739726027397260273972602740,0.2191780821917808219178082192,15.77625570776255707762557137,0E-28,0E-28,146,147,2035,BASE,0.2739726027397260273972602740,0.2191780821917808219178082192,0.04359792331269156189403890822,0.03139050478513792456370801392
15.77625570776255707762557137,0,0.000,15.77625570776255707762557137,0.2739726027397260273972602740,0.2191780821917808219178082192,15.50228310502283105022831110,0E-28,0E-28,147,148,2035,BASE,0.2739726027397260273972602740,0.2191780821917808219178082192,0.04284731344217176455870394861,0.03085006567836367048226684300
15.50228310502283105022831110,0,0.000,15.50228310502283105022831110,0.2739726027397260273972602740,0.2191780821917808219178082192,15.22831050228310502283105083,0E-28,0E-28,148,149,2035,BASE,0.2739726027397260273972602740,0.2191780821917808219178082192,0.04209670357165196722336898894,0.03030962657158941640082567204
15.22831050228310502283105083,0,0.000,15.22831050228310502283105083,0.2739726027397260273972602740,0.2191780821917808219178082192,14.95433789954337899543379056,0E-28,0E-28,149,150,2035,BASE,0.2739726027397260273972602740,0.2191780821917808219178082192,0.04134609370113216988803402932,0.02976918746481516231938450111
14.95433789954337899543379056,0,0.000,14.95433789954337899543379056,0.2739726027397260273972602740,0.2191780821917808219178082192,14.68036529680365296803653029,0E-28,0E-28,150,151,2035,BASE,0.2739726027397260273972602740,0.2191780821917808219178082192,0.04059548383061237255269906965,0.02922874835804090823794333015
14.68036529680365296803653029,0,0.000,14.68036529680365296803653029,0.2739726027397260273972602740,0.2191780821917808219178082192,14.40639269406392694063927002,0E-28,0E-28,151,152,2035,BASE,0.2739726027397260273972602740,0.2191780821917808219178082192,0.03984487396009257521736411003,0.02868830925126665415650215922
14.40639269406392694063927002,0,0.000,14.40639269406392694063927002,0.02283105022831050228310502283,0.01826484018264840182648401826,14.38356164383561643835616500,0E-29,0E-29,152,1825/12,2035,BASE,0.02283105022831050228310502283,0.01826484018264840182648401826,0.003286524467796751527282583906,0.002366297616813661099643460412
14.38356164383561643835616500,9.156326950202012957517511783,0.4120347127590905830882880302,23.12785388127853881278538875,0.2511415525114155251141552512,0.2009132420091324200913242010,22.87671232876712328767123350,0E-28,0E-28,1825/12,153,2035,BASE,0.2511415525114155251141552512,0.2009132420091324200913242010,0.05776829090302537478367840694,0.04159316945017826984424845300
22.87671232876712328767123350,0,0.000,22.87671232876712328767123350,0.2739726027397260273972602740,0.2191780821917808219178082192,22.60273972602739726027397323,0E-28,0E-28,153,154,2035,BASE,0.2739726027397260273972602740,0.2191780821917808219178082192,0.06230061925314317883280165305,0.04485644586226308875961719020
22.60273972602739726027397323,0,0.000,22.60273972602739726027397323,0.2739726027397260273972602740,0.2191780821917808219178082192,22.32876712328767123287671296,0E-28,0E-28,154,155,2035,BASE,0.2739726027397260273972602740,0.2191780821917808219178082192,0.06155000938262338149746669343,0.04431600675548883467817601927
22.32876712328767123287671296,0,0.000,22.32876712328767123287671296,0.2739726027397260273972602740,0.2191780821917808219178082192,22.05479452054794520547945269,0E-28,0E-28,155,156,2035,BASE,0.2739726027397260273972602740,0.2191780821917808219178082192,0.06079939951210358416213173376,0.04377556764871458059673484831
22.05479452054794520547945269,0,0.000,22.05479452054794520547945269,0.2739726027397260273972602740,0.2191780821917808219178082192,21.78082191780821917808219242,0E-28,0E-28,156,157,2035,BASE,0.2739726027397260273972602740,0.2191780821917808219178082192,0.06004878964158378682679677414,0.04323512854194032651529367738
21.78082191780821917808219242,0,0.000,21.78082191780821917808219242,0.2739726027397260273972602740,0.2191780821917808219178082192,21.50684931506849315068493215,0E-28,0E-28,157,158,2035,BASE,0.2739726027397260273972602740,0.2191780821917808219178082192,0.05929817977106398949146181447,0.04269468943516607243385250642
21.50684931506849315068493215,0,0.000,21.50684931506849315068493215,0.2739726027397260273972602740,0.2191780821917808219178082192,21.23287671232876712328767188,0E-28,0E-28,158,159,2035,BASE,0.2739726027397260273972602740,0.2191780821917808219178082192,0.05854756990054419215612685486,0.04215425032839181835241133550
21.23287671232876712328767188,0,0.000,21.23287671232876712328767188,0.2739726027397260273972602740,0.2191780821917808219178082192,20.95890410958904109589041161,0E-28,0E-28,159,160,2035,BASE,0.2739726027397260273972602740,0.2191780821917808219178082192,0.05779696003002439482079189518,0.04161381122161756427097016453
20.95890410958904109589041161,0,0.000,20.95890410958904109589041161,0.2739726027397260273972602740,0.2191780821917808219178082192,20.68493150684931506849315134,0E-28,0E-28,160,161,2035,BASE,0.2739726027397260273972602740,0.2191780821917808219178082192,0.05704635015950459748545693557,0.04107337211484331018952899361
20.68493150684931506849315134,0,0.000,20.68493150684931506849315134,0.2739726027397260273972602740,0.2191780821917808219178082192,20.41095890410958904109589107,0E-28,0E-28,161,162,2035,BASE,0.2739726027397260273972602740,0.2191780821917808219178082192,0.05629574028898480015012197590,0.04053293300806905610808782265
20.41095890410958904109589107,0,0.000,20.41095890410958904109589107,0.2739726027397260273972602740,0.2191780821917808219178082192,20.13698630136986301369863080,0E-28,0E-28,162,163,2035,BASE,0.2739726027397260273972602740,0.2191780821917808219178082192,0.05554513041846500281478701628,0.03999249390129480202664665172
20.13698630136986301369863080,0,0.000,20.13698630136986301369863080,0.2739726027397260273972602740,0.2191780821917808219178082192,19.86301369863013698630137053,0E-28,0E-28,163,164,2035,BASE,0.2739726027397260273972602740,0.2191780821917808219178082192,0.05479452054794520547945205661,0.03945205479452054794520548076
19.86301369863013698630137053,0,0.000,19.86301369863013698630137053,0.2739726027397260273972602740,0.2191780821917808219178082192,19.58904109589041095890411026,0E-28,0E-28,164,165,2035,BASE,0.2739726027397260273972602740,0.2191780821917808219178082192,0.05404391067742540814411709699,0.03891161568774629386376430983
19.58904109589041095890411026,0,0.000,19.58904109589041095890411026,0.2739726027397260273972602740,0.2191780821917808219178082192,19.31506849315068493150684999,0E-28,0E-28,165,166,2035,BASE,0.2739726027397260273972602740,0.2191780821917808219178082192,0.05329330080690561080878213732,0.03837117658097203978232313887
19.31506849315068493150684999,0,0.000,19.31506849315068493150684999,0.2739726027397260273972602740,0.2191780821917808219178082192,19.04109589041095890410958972,0E-28,0E-28,166,167,2035,BASE,0.2739726027397260273972602740,0.2191780821917808219178082192,0.05254269093638581347344717770,0.03783073747419778570088196794
19.04109589041095890410958972,0,0.000,19.04109589041095890410958972,0.2739726027397260273972602740,0.2191780821917808219178082192,18.76712328767123287671232945,0E-28,0E-28,167,168,2035,BASE,0.2739726027397260273972602740,0.2191780821917808219178082192,0.05179208106586601613811221803,0.03729029836742353161944079698
18.76712328767123287671232945,0,0.000,18.76712328767123287671232945,0.2739726027397260273972602740,0.2191780821917808219178082192,18.49315068493150684931506918,0E-28,0E-28,168,169,2035,BASE,0.2739726027397260273972602740,0.2191780821917808219178082192,0.05104147119534621880277725842,0.03674985926064927753799962606
18.49315068493150684931506918,0,0.000,18.49315068493150684931506918,0.2739726027397260273972602740,0.2191780821917808219178082192,18.21917808219178082191780891,0E-28,0E-28,169,170,2035,BASE,0.2739726027397260273972602740,0.2191780821917808219178082192,0.05029086132482642146744229874,0.03620942015387502345655845509
18.21917808219178082191780891,0,0.000,18.21917808219178082191780891,0.2739726027397260273972602740,0.2191780821917808219178082192,17.94520547945205479452054864,0E-28,0E-28,170,171,2035,BASE,0.2739726027397260273972602740,0.2191780821917808219178082192,0.04954025145430662413210733913,0.03566898104710076937511728417
17.94520547945205479452054864,0,0.000,17.94520547945205479452054864,0.2739726027397260273972602740,0.2191780821917808219178082192,17.67123287671232876712328837,0E-28,0E-28,171,172,2035,BASE,0.2739726027397260273972602740,0.2191780821917808219178082192,0.04878964158378682679677237946,0.03512854194032651529367611321
17.67123287671232876712328837,0,0.000,17.67123287671232876712328837,0.2739726027397260273972602740,0.2191780821917808219178082192,17.39726027397260273972602810,0E-28,0E-28,172,173,2035,BASE,0.2739726027397260273972602740,0.2191780821917808219178082192,0.04803903171326702946143741984,0.03458810283355226121223494228
17.39726027397260273972602810,0,0.000,17.39726027397260273972602810,0.2739726027397260273972602740,0.2191780821917808219178082192,17.12328767123287671232876783,0E-28,0E-28,173,174,2035,BASE,0.2739726027397260273972602740,0.2191780821917808219178082192,0.04728842184274723212610246017,0.03404766372677800713079377132
17.12328767123287671232876783,0,0.000,17.12328767123287671232876783,0.2739726027397260273972602740,0.2191780821917808219178082192,16.84931506849315068493150756,0E-28,0E-28,174,175,2035,BASE,0.2739726027397260273972602740,0.2191780821917808219178082192,0.04653781197222743479076750055,0.03350722462000375304935260040
16.84931506849315068493150756,0,0.000,16.84931506849315068493150756,0.2739726027397260273972602740,0.2191780821917808219178082192,16.57534246575342465753424729,0E-28,0E-28,175,176,2035,BASE,0.2739726027397260273972602740,0.2191780821917808219178082192,0.04578720210170763745543254088,0.03296678551322949896791142943
16.57534246575342465753424729,0,0.000,16.57534246575342465753424729,0.2739726027397260273972602740,0.2191780821917808219178082192,16.30136986301369863013698702,0E-28,0E-28,176,177,2035,BASE,0.2739726027397260273972602740,0.2191780821917808219178082192,0.04503659223118784012009758126,0.03242634640645524488647025851
16.30136986301369863013698702,0,0.000,16.30136986301369863013698702,0.2739726027397260273972602740,0.2191780821917808219178082192,16.02739726027397260273972675,0E-28,0E-28,177,178,2035,BASE,0.2739726027397260273972602740,0.2191780821917808219178082192,0.04428598236066804278476262159,0.03188590729968099080502908754
16.02739726027397260273972675,0,0.000,16.02739726027397260273972675,0.2739726027397260273972602740,0.2191780821917808219178082192,15.75342465753424657534246648,0E-28,0E-28,178,179,2035,BASE,0.2739726027397260273972602740,0.2191780821917808219178082192,0.04353537249014824544942766198,0.03134546819290673672358791663
15.75342465753424657534246648,0,0.000,15.75342465753424657534246648,0.2739726027397260273972602740,0.2191780821917808219178082192,15.47945205479452054794520621,0E-28,0E-28,179,180,2035,BASE,0.2739726027397260273972602740,0.2191780821917808219178082192,0.04278476261962844811409270231,0.03080502908613248264214674566
15.47945205479452054794520621,0,0.000,15.47945205479452054794520621,0.2739726027397260273972602740,0.2191780821917808219178082192,15.20547945205479452054794594,0E-28,0E-28,180,181,2035,BASE,0.2739726027397260273972602740,0.2191780821917808219178082192,0.04203415274910865077875774269,0.03026458997935822856070557474
15.20547945205479452054794594,0,0.000,15.20547945205479452054794594,0.2739726027397260273972602740,0.2191780821917808219178082192,14.93150684931506849315068567,0E-28,0E-28,181,182,2035,BASE,0.2739726027397260273972602740,0.2191780821917808219178082192,0.04128354287858885344342278302,0.02972415087258397447926440377
14.93150684931506849315068567,0,0.000,14.93150684931506849315068567,0.1369863013698630136986301370,0.1095890410958904109589041096,14.79452054794520547945205553,0E-28,0E-28,182,365/2,2035,BASE,0.1369863013698630136986301370,0.1095890410958904109589041096,0.02036029273784950272096078165,0.01465941077125164195909176279
14.79452054794520547945205553,9.156326950202012957517511783,0.4120347127590905830882880302,23.53881278538812785388127928,0.1369863013698630136986301370,0.1095890410958904109589041096,23.40182648401826484018264914,0E-28,0E-28,365/2,183,2035,BASE,0.1369863013698630136986301370,0.1095890410958904109589041096,0.03215112278726465253018077289,0.02314880840683054982173015648
23.40182648401826484018264914,0,0.000,23.40182648401826484018264914,0.2739726027397260273972602740,0.2191780821917808219178082192,23.12785388127853881278538887,0E-28,0E-28,183,184,2035,BASE,0.2739726027397260273972602740,0.2191780821917808219178082192,0.06373928817163945705886032603,0.04589228748358040908237943474
23.12785388127853881278538887,0,0.000,23.12785388127853881278538887,0.2739726027397260273972602740,0.2191780821917808219178082192,22.85388127853881278538812860,0E-28,0E-28,184,185,2035,BASE,0.2739726027397260273972602740,0.2191780821917808219178082192,0.06298867830111965972352536642,0.04535184837680615500093826382
22.85388127853881278538812860,0,0.000,22.85388127853881278538812860,0.2739726027397260273972602740,0.2191780821917808219178082192,22.57990867579908675799086833,0E-28,0E-28,185,186,2035,BASE,0.2739726027397260273972602740,0.2191780821917808219178082192,0.06223806843059986238819040675,0.04481140927003190091949709286
22.57990867579908675799086833,0,0.000,22.57990867579908675799086833,0.2739726027397260273972602740,0.2191780821917808219178082192,22.30593607305936073059360806,0E-28,0E-28,186,187,2035,BASE,0.2739726027397260273972602740,0.2191780821917808219178082192,0.06148745856008006505285544713,0.04427097016325764683805592193
22.30593607305936073059360806,0,0.000,22.30593607305936073059360806,0.2739726027397260273972602740,0.2191780821917808219178082192,22.03196347031963470319634779,0E-28,0E-28,187,188,2035,BASE,0.2739726027397260273972602740,0.2191780821917808219178082192,0.06073684868956026771752048746,0.04373053105648339275661475097
22.03196347031963470319634779,0,0.000,22.03196347031963470319634779,0.2739726027397260273972602740,0.2191780821917808219178082192,21.75799086757990867579908752,0E-28,0E-28,188,189,2035,BASE,0.2739726027397260273972602740,0.2191780821917808219178082192,0.05998623881904047038218552784,0.04319009194970913867517358004
21.75799086757990867579908752,0,0.000,21.75799086757990867579908752,0.2739726027397260273972602740,0.2191780821917808219178082192,21.48401826484018264840182725,0E-28,0E-28,189,190,2035,BASE,0.2739726027397260273972602740,0.2191780821917808219178082192,0.05923562894852067304685056817,0.04264965284293488459373240908
21.48401826484018264840182725,0,0.000,21.48401826484018264840182725,0.2739726027397260273972602740,0.2191780821917808219178082192,21.21004566210045662100456698,0E-28,0E-28,190,191,2035,BASE,0.2739726027397260273972602740,0.2191780821917808219178082192,0.05848501907800087571151560855,0.04210921373616063051229123816
21.21004566210045662100456698,0,0.000,21.21004566210045662100456698,0.2739726027397260273972602740,0.2191780821917808219178082192,20.93607305936073059360730671,0E-28,0E-28,191,192,2035,BASE,0.2739726027397260273972602740,0.2191780821917808219178082192,0.05773440920748107837618064888,0.04156877462938637643085006719
20.93607305936073059360730671,0,0.000,20.93607305936073059360730671,0.2739726027397260273972602740,0.2191780821917808219178082192,20.66210045662100456621004644,0E-28,0E-28,192,193,2035,BASE,0.2739726027397260273972602740,0.2191780821917808219178082192,0.05698379933696128104084568927,0.04102833552261212234940889627
20.66210045662100456621004644,0,0.000,20.66210045662100456621004644,0.2739726027397260273972602740,0.2191780821917808219178082192,20.38812785388127853881278617,0E-28,0E-28,193,194,2035,BASE,0.2739726027397260273972602740,0.2191780821917808219178082192,0.05623318946644148370551072959,0.04048789641583786826796772530
20.38812785388127853881278617,0,0.000,20.38812785388127853881278617,0.2739726027397260273972602740,0.2191780821917808219178082192,20.11415525114155251141552590,0E-28,0E-28,194,195,2035,BASE,0.2739726027397260273972602740,0.2191780821917808219178082192,0.05548257959592168637017576998,0.03994745730906361418652655439
20.11415525114155251141552590,0,0.000,20.11415525114155251141552590,0.2739726027397260273972602740,0.2191780821917808219178082192,19.84018264840182648401826563,0E-28,0E-28,195,196,2035,BASE,0.2739726027397260273972602740,0.2191780821917808219178082192,0.05473196972540188903484081031,0.03940701820228936010508538342
19.84018264840182648401826563,0,0.000,19.84018264840182648401826563,0.2739726027397260273972602740,0.2191780821917808219178082192,19.56621004566210045662100536,0E-28,0E-28,196,197,2035,BASE,0.2739726027397260273972602740,0.2191780821917808219178082192,0.05398135985488209169950585069,0.03886657909551510602364421250
19.56621004566210045662100536,0,0.000,19.56621004566210045662100536,0.2739726027397260273972602740,0.2191780821917808219178082192,19.29223744292237442922374509,0E-28,0E-28,197,198,2035,BASE,0.2739726027397260273972602740,0.2191780821917808219178082192,0.05323074998436229436417089102,0.03832613998874085194220304153
19.29223744292237442922374509,0,0.000,19.29223744292237442922374509,0.2739726027397260273972602740,0.2191780821917808219178082192,19.01826484018264840182648482,0E-28,0E-28,198,199,2035,BASE,0.2739726027397260273972602740,0.2191780821917808219178082192,0.05248014011384249702883593140,0.03778570088196659786076187061
19.01826484018264840182648482,0,0.000,19.01826484018264840182648482,0.2739726027397260273972602740,0.2191780821917808219178082192,18.74429223744292237442922455,0E-28,0E-28,199,200,2035,BASE,0.2739726027397260273972602740,0.2191780821917808219178082192,0.05172953024332269969350097173,0.03724526177519234377932069965
18.74429223744292237442922455,0,0.000,18.74429223744292237442922455,0.2739726027397260273972602740,0.2191780821917808219178082192,18.47031963470319634703196428,0E-28,0E-28,200,201,2035,BASE,0.2739726027397260273972602740,0.2191780821917808219178082192,0.05097892037280290235816601211,0.03670482266841808969787952872
18.47031963470319634703196428,0,0.000,18.47031963470319634703196428,0.2739726027397260273972602740,0.2191780821917808219178082192,18.19634703196347031963470401,0E-28,0E-28,201,202,2035,BASE,0.2739726027397260273972602740,0.2191780821917808219178082192,0.05022831050228310502283105244,0.03616438356164383561643835776
18.19634703196347031963470401,0,0.000,18.19634703196347031963470401,0.2739726027397260273972602740,0.2191780821917808219178082192,17.92237442922374429223744374,0E-28,0E-28,202,203,2035,BASE,0.2739726027397260273972602740,0.2191780821917808219178082192,0.04947770063176330768749609283,0.03562394445486958153499718684
17.92237442922374429223744374,0,0.000,17.92237442922374429223744374,0.2739726027397260273972602740,0.2191780821917808219178082192,17.64840182648401826484018347,0E-28,0E-28,203,204,2035,BASE,0.2739726027397260273972602740,0.2191780821917808219178082192,0.04872709076124351035216113316,0.03508350534809532745355601588
17.64840182648401826484018347,0,0.000,17.64840182648401826484018347,0.2739726027397260273972602740,0.2191780821917808219178082192,17.37442922374429223744292320,0E-28,0E-28,204,205,2035,BASE,0.2739726027397260273972602740,0.2191780821917808219178082192,0.04797648089072371301682617354,0.03454306624132107337211484495
17.37442922374429223744292320,0,0.000,17.37442922374429223744292320,0.2739726027397260273972602740,0.2191780821917808219178082192,17.10045662100456621004566293,0E-28,0E-28,205,206,2035,BASE,0.2739726027397260273972602740,0.2191780821917808219178082192,0.04722587102020391568149121387,0.03400262713454681929067367399
17.10045662100456621004566293,0,0.000,17.10045662100456621004566293,0.2739726027397260273972602740,0.2191780821917808219178082192,16.82648401826484018264840266,0E-28,0E-28,206,207,2035,BASE,0.2739726027397260273972602740,0.2191780821917808219178082192,0.04647526114968411834615625425,0.03346218802777256520923250306
16.82648401826484018264840266,0,0.000,16.82648401826484018264840266,0.2739726027397260273972602740,0.2191780821917808219178082192,16.55251141552511415525114239,0E-28,0E-28,207,208,2035,BASE,0.2739726027397260273972602740,0.2191780821917808219178082192,0.04572465127916432101082129458,0.03292174892099831112779133210
16.55251141552511415525114239,0,0.000,16.55251141552511415525114239,0.2739726027397260273972602740,0.2191780821917808219178082192,16.27853881278538812785388212,0E-28,0E-28,208,209,2035,BASE,0.2739726027397260273972602740,0.2191780821917808219178082192,0.04497404140864452367548633496,0.03238130981422405704635016117
16.27853881278538812785388212,0,0.000,16.27853881278538812785388212,0.2739726027397260273972602740,0.2191780821917808219178082192,16.00456621004566210045662185,0E-28,0E-28,209,210,2035,BASE,0.2739726027397260273972602740,0.2191780821917808219178082192,0.04422343153812472634015137529,0.03184087070744980296490899021
16.00456621004566210045662185,0,0.000,16.00456621004566210045662185,0.2739726027397260273972602740,0.2191780821917808219178082192,15.73059360730593607305936158,0E-28,0E-28,210,211,2035,BASE,0.2739726027397260273972602740,0.2191780821917808219178082192,0.04347282166760492900481641568,0.03130043160067554888346781929
15.73059360730593607305936158,0,0.000,15.73059360730593607305936158,0.2739726027397260273972602740,0.2191780821917808219178082192,15.45662100456621004566210131,0E-28,0E-28,211,212,2035,BASE,0.2739726027397260273972602740,0.2191780821917808219178082192,0.04272221179708513166948145600,0.03075999249390129480202664832
15.45662100456621004566210131,0,0.000,15.45662100456621004566210131,0.2511415525114155251141552512,0.2009132420091324200913242010,15.20547945205479452054794606,0E-28,0E-28,212,2555/12,2035,BASE,0.2511415525114155251141552512,0.2009132420091324200913242010,0.03850263755968390984341444304,0.02772189904297241508725839899
15.20547945205479452054794606,9.156326950202012957517511783,0.4120347127590905830882880302,23.94977168949771689497716981,0.02283105022831050228310502283,0.01826484018264840182648401826,23.92694063926940639269406479,0E-29,0E-29,2555/12,213,2035,BASE,0.02283105022831050228310502283,0.01826484018264840182648401826,0.005465378119722274347907675182,0.003935072246200037530493526131
23.92694063926940639269406479,0,0.000,23.92694063926940639269406479,0.2739726027397260273972602740,0.2191780821917808219178082192,23.65296803652968036529680452,0E-28,0E-28,213,214,2035,BASE,0.2739726027397260273972602740,0.2191780821917808219178082192,0.06517795709013573528491899908,0.04692812910489772940514167934
23.65296803652968036529680452,0,0.000,23.65296803652968036529680452,0.2739726027397260273972602740,0.2191780821917808219178082192,23.37899543378995433789954425,0E-28,0E-28,214,215,2035,BASE,0.2739726027397260273972602740,0.2191780821917808219178082192,0.06442734721961593794958403940,0.04638768999812347532370050837
23.37899543378995433789954425,0,0.000,23.37899543378995433789954425,0.2739726027397260273972602740,0.2191780821917808219178082192,23.10502283105022831050228398,0E-28,0E-28,215,216,2035,BASE,0.2739726027397260273972602740,0.2191780821917808219178082192,0.06367673734909614061424907979,0.04584725089134922124225933745
23.10502283105022831050228398,0,0.000,23.10502283105022831050228398,0.2739726027397260273972602740,0.2191780821917808219178082192,22.83105022831050228310502371,0E-28,0E-28,216,217,2035,BASE,0.2739726027397260273972602740,0.2191780821917808219178082192,0.06292612747857634327891412012,0.04530681178457496716081816649
22.83105022831050228310502371,0,0.000,22.83105022831050228310502371,0.2739726027397260273972602740,0.2191780821917808219178082192,22.55707762557077625570776344,0E-28,0E-28,217,218,2035,BASE,0.2739726027397260273972602740,0.2191780821917808219178082192,0.06217551760805654594357916050,0.04476637267780071307937699556
22.55707762557077625570776344,0,0.000,22.55707762557077625570776344,0.2739726027397260273972602740,0.2191780821917808219178082192,22.28310502283105022831050317,0E-28,0E-28,218,219,2035,BASE,0.2739726027397260273972602740,0.2191780821917808219178082192,0.06142490773753674860824420083,0.04422593357102645899793582460
22.28310502283105022831050317,0,0.000,22.28310502283105022831050317,0.2739726027397260273972602740,0.2191780821917808219178082192,22.00913242009132420091324290,0E-28,0E-28,219,220,2035,BASE,0.2739726027397260273972602740,0.2191780821917808219178082192,0.06067429786701695127290924121,0.04368549446425220491649465367
22.00913242009132420091324290,0,0.000,22.00913242009132420091324290,0.2739726027397260273972602740,0.2191780821917808219178082192,21.73515981735159817351598263,0E-28,0E-28,220,221,2035,BASE,0.2739726027397260273972602740,0.2191780821917808219178082192,0.05992368799649715393757428154,0.04314505535747795083505348271
21.73515981735159817351598263,0,0.000,21.73515981735159817351598263,0.2739726027397260273972602740,0.2191780821917808219178082192,21.46118721461187214611872236,0E-28,0E-28,221,222,2035,BASE,0.2739726027397260273972602740,0.2191780821917808219178082192,0.05917307812597735660223932192,0.04260461625070369675361231178
21.46118721461187214611872236,0,0.000,21.46118721461187214611872236,0.2739726027397260273972602740,0.2191780821917808219178082192,21.18721461187214611872146209,0E-28,0E-28,222,223,2035,BASE,0.2739726027397260273972602740,0.2191780821917808219178082192,0.05842246825545755926690436225,0.04206417714392944267217114082
21.18721461187214611872146209,0,0.000,21.18721461187214611872146209,0.2739726027397260273972602740,0.2191780821917808219178082192,20.91324200913242009132420182,0E-28,0E-28,223,224,2035,BASE,0.2739726027397260273972602740,0.2191780821917808219178082192,0.05767185838493776193156940264,0.04152373803715518859072996990
20.91324200913242009132420182,0,0.000,20.91324200913242009132420182,0.2739726027397260273972602740,0.2191780821917808219178082192,20.63926940639269406392694155,0E-28,0E-28,224,225,2035,BASE,0.2739726027397260273972602740,0.2191780821917808219178082192,0.05692124851441796459623444296,0.04098329893038093450928879893
20.63926940639269406392694155,0,0.000,20.63926940639269406392694155,0.2739726027397260273972602740,0.2191780821917808219178082192,20.36529680365296803652968128,0E-28,0E-28,225,226,2035,BASE,0.2739726027397260273972602740,0.2191780821917808219178082192,0.05617063864389816726089948335,0.04044285982360668042784762801
20.36529680365296803652968128,0,0.000,20.36529680365296803652968128,0.2739726027397260273972602740,0.2191780821917808219178082192,20.09132420091324200913242101,0E-28,0E-28,226,227,2035,BASE,0.2739726027397260273972602740,0.2191780821917808219178082192,0.05542002877337836992556452368,0.03990242071683242634640645705
20.09132420091324200913242101,0,0.000,20.09132420091324200913242101,0.2739726027397260273972602740,0.2191780821917808219178082192,19.81735159817351598173516074,0E-28,0E-28,227,228,2035,BASE,0.2739726027397260273972602740,0.2191780821917808219178082192,0.05466941890285857259022956406,0.03936198161005817226496528612
19.81735159817351598173516074,0,0.000,19.81735159817351598173516074,0.2739726027397260273972602740,0.2191780821917808219178082192,19.54337899543378995433790047,0E-28,0E-28,228,229,2035,BASE,0.2739726027397260273972602740,0.2191780821917808219178082192,0.05391880903233877525489460439,0.03882154250328391818352411516
19.54337899543378995433790047,0,0.000,19.54337899543378995433790047,0.2739726027397260273972602740,0.2191780821917808219178082192,19.26940639269406392694064020,0E-28,0E-28,229,230,2035,BASE,0.2739726027397260273972602740,0.2191780821917808219178082192,0.05316819916181897791955964477,0.03828110339650966410208294423
19.26940639269406392694064020,0,0.000,19.26940639269406392694064020,0.2739726027397260273972602740,0.2191780821917808219178082192,18.99543378995433789954337993,0E-28,0E-28,230,231,2035,BASE,0.2739726027397260273972602740,0.2191780821917808219178082192,0.05241758929129918058422468510,0.03774066428973541002064177327
18.99543378995433789954337993,0,0.000,18.99543378995433789954337993,0.2739726027397260273972602740,0.2191780821917808219178082192,18.72146118721461187214611966,0E-28,0E-28,231,232,2035,BASE,0.2739726027397260273972602740,0.2191780821917808219178082192,0.05166697942077938324888972548,0.03720022518296115593920060235
18.72146118721461187214611966,0,0.000,18.72146118721461187214611966,0.2739726027397260273972602740,0.2191780821917808219178082192,18.44748858447488584474885939,0E-28,0E-28,232,233,2035,BASE,0.2739726027397260273972602740,0.2191780821917808219178082192,0.05091636955025958591355476581,0.03665978607618690185775943138
18.44748858447488584474885939,0,0.000,18.44748858447488584474885939,0.2739726027397260273972602740,0.2191780821917808219178082192,18.17351598173515981735159912,0E-28,0E-28,233,234,2035,BASE,0.2739726027397260273972602740,0.2191780821917808219178082192,0.05016575967973978857821980620,0.03611934696941264777631826046
18.17351598173515981735159912,0,0.000,18.17351598173515981735159912,0.2739726027397260273972602740,0.2191780821917808219178082192,17.89954337899543378995433885,0E-28,0E-28,234,235,2035,BASE,0.2739726027397260273972602740,0.2191780821917808219178082192,0.04941514980921999124288484653,0.03557890786263839369487708950
17.89954337899543378995433885,0,0.000,17.89954337899543378995433885,0.2739726027397260273972602740,0.2191780821917808219178082192,17.62557077625570776255707858,0E-28,0E-28,235,236,2035,BASE,0.2739726027397260273972602740,0.2191780821917808219178082192,0.04866453993870019390754988691,0.03503846875586413961343591858
17.62557077625570776255707858,0,0.000,17.62557077625570776255707858,0.2739726027397260273972602740,0.2191780821917808219178082192,17.35159817351598173515981831,0E-28,0E-28,236,237,2035,BASE,0.2739726027397260273972602740,0.2191780821917808219178082192,0.04791393006818039657221492724,0.03449802964908988553199474761
17.35159817351598173515981831,0,0.000,17.35159817351598173515981831,0.2739726027397260273972602740,0.2191780821917808219178082192,17.07762557077625570776255804,0E-28,0E-28,237,238,2035,BASE,0.2739726027397260273972602740,0.2191780821917808219178082192,0.04716332019766059923687996762,0.03395759054231563145055357669
17.07762557077625570776255804,0,0.000,17.07762557077625570776255804,0.2739726027397260273972602740,0.2191780821917808219178082192,16.80365296803652968036529777,0E-28,0E-28,238,239,2035,BASE,0.2739726027397260273972602740,0.2191780821917808219178082192,0.04641271032714080190154500795,0.03341715143554137736911240572
16.80365296803652968036529777,0,0.000,16.80365296803652968036529777,0.2739726027397260273972602740,0.2191780821917808219178082192,16.52968036529680365296803750,0E-28,0E-28,239,240,2035,BASE,0.2739726027397260273972602740,0.2191780821917808219178082192,0.04566210045662100456621004833,0.03287671232876712328767123480
16.52968036529680365296803750,0,0.000,16.52968036529680365296803750,0.2739726027397260273972602740,0.2191780821917808219178082192,16.25570776255707762557077723,0E-28,0E-28,240,241,2035,BASE,0.2739726027397260273972602740,0.2191780821917808219178082192,0.04491149058610120723087508866,0.03233627322199286920623006384
16.25570776255707762557077723,0,0.000,16.25570776255707762557077723,0.2739726027397260273972602740,0.2191780821917808219178082192,15.98173515981735159817351696,0E-28,0E-28,241,242,2035,BASE,0.2739726027397260273972602740,0.2191780821917808219178082192,0.04416088071558140989554012905,0.03179583411521861512478889292
15.98173515981735159817351696,0,0.000,15.98173515981735159817351696,0.2739726027397260273972602740,0.2191780821917808219178082192,15.70776255707762557077625669,0E-28,0E-28,242,243,2035,BASE,0.2739726027397260273972602740,0.2191780821917808219178082192,0.04341027084506161256020516937,0.03125539500844436104334772195
15.70776255707762557077625669,0,0.000,15.70776255707762557077625669,0.09132420091324200913242009132,0.07305936073059360730593607306,15.61643835616438356164383660,0E-29,0E-29,243,730/3,2035,BASE,0.09132420091324200913242009132,0.07305936073059360730593607306,0.01430328808823836033443839876,0.01029836742353161944079564711
15.61643835616438356164383660,9.156326950202012957517511783,0.4120347127590905830882880302,24.36073059360730593607306035,0.1826484018264840182648401827,0.1461187214611872146118721462,24.17808219178082191780822017,0E-28,0E-28,730/3,244,2035,BASE,0.1826484018264840182648401827,0.1461187214611872146118721462,0.04432768290903025374783678588,0.03191593169450178269844248583
24.17808219178082191780822017,0,0.000,24.17808219178082191780822017,0.2739726027397260273972602740,0.2191780821917808219178082192,23.90410958904109589041095990,0E-28,0E-28,244,245,2035,BASE,0.2739726027397260273972602740,0.2191780821917808219178082192,0.06586601613811221617564271244,0.04742353161944079564646275296
23.90410958904109589041095990,0,0.000,23.90410958904109589041095990,0.2739726027397260273972602740,0.2191780821917808219178082192,23.63013698630136986301369963,0E-28,0E-28,245,246,2035,BASE,0.2739726027397260273972602740,0.2191780821917808219178082192,0.06511540626759241884030775277,0.04688309251266654156502158199
23.63013698630136986301369963,0,0.000,23.63013698630136986301369963,0.2739726027397260273972602740,0.2191780821917808219178082192,23.35616438356164383561643936,0E-28,0E-28,246,247,2035,BASE,0.2739726027397260273972602740,0.2191780821917808219178082192,0.06436479639707262150497279316,0.04634265340589228748358041108
23.35616438356164383561643936,0,0.000,23.35616438356164383561643936,0.2739726027397260273972602740,0.2191780821917808219178082192,23.08219178082191780821917909,0E-28,0E-28,247,248,2035,BASE,0.2739726027397260273972602740,0.2191780821917808219178082192,0.06361418652655282416963783349,0.04580221429911803340213924011
23.08219178082191780821917909,0,0.000,23.08219178082191780821917909,0.2739726027397260273972602740,0.2191780821917808219178082192,22.80821917808219178082191882,0E-28,0E-28,248,249,2035,BASE,0.2739726027397260273972602740,0.2191780821917808219178082192,0.06286357665603302683430287387,0.04526177519234377932069806919
22.80821917808219178082191882,0,0.000,22.80821917808219178082191882,0.2739726027397260273972602740,0.2191780821917808219178082192,22.53424657534246575342465855,0E-28,0E-28,249,250,2035,BASE,0.2739726027397260273972602740,0.2191780821917808219178082192,0.06211296678551322949896791420,0.04472133608556952523925689822
22.53424657534246575342465855,0,0.000,22.53424657534246575342465855,0.2739726027397260273972602740,0.2191780821917808219178082192,22.26027397260273972602739828,0E-28,0E-28,250,251,2035,BASE,0.2739726027397260273972602740,0.2191780821917808219178082192,0.06136235691499343216363295458,0.04418089697879527115781572730
22.26027397260273972602739828,0,0.000,22.26027397260273972602739828,0.2739726027397260273972602740,0.2191780821917808219178082192,21.98630136986301369863013801,0E-28,0E-28,251,252,2035,BASE,0.2739726027397260273972602740,0.2191780821917808219178082192,0.06061174704447363482829799491,0.04364045787202101707637455634
21.98630136986301369863013801,0,0.000,21.98630136986301369863013801,0.2739726027397260273972602740,0.2191780821917808219178082192,21.71232876712328767123287774,0E-28,0E-28,252,253,2035,BASE,0.2739726027397260273972602740,0.2191780821917808219178082192,0.05986113717395383749296303529,0.04310001876524676299493338541
21.71232876712328767123287774,0,0.000,21.71232876712328767123287774,0.2739726027397260273972602740,0.2191780821917808219178082192,21.43835616438356164383561747,0E-28,0E-28,253,254,2035,BASE,0.2739726027397260273972602740,0.2191780821917808219178082192,0.05911052730343404015762807562,0.04255957965847250891349221445
21.43835616438356164383561747,0,0.000,21.43835616438356164383561747,0.2739726027397260273972602740,0.2191780821917808219178082192,21.16438356164383561643835720,0E-28,0E-28,254,255,2035,BASE,0.2739726027397260273972602740,0.2191780821917808219178082192,0.05835991743291424282229311601,0.04201914055169825483205104353
21.16438356164383561643835720,0,0.000,21.16438356164383561643835720,0.2739726027397260273972602740,0.2191780821917808219178082192,20.89041095890410958904109693,0E-28,0E-28,255,256,2035,BASE,0.2739726027397260273972602740,0.2191780821917808219178082192,0.05760930756239444548695815633,0.04147870144492400075060987256
20.89041095890410958904109693,0,0.000,20.89041095890410958904109693,0.2739726027397260273972602740,0.2191780821917808219178082192,20.61643835616438356164383666,0E-28,0E-28,256,257,2035,BASE,0.2739726027397260273972602740,0.2191780821917808219178082192,0.05685869769187464815162319672,0.04093826233814974666916870164
20.61643835616438356164383666,0,0.000,20.61643835616438356164383666,0.2739726027397260273972602740,0.2191780821917808219178082192,20.34246575342465753424657639,0E-28,0E-28,257,258,2035,BASE,0.2739726027397260273972602740,0.2191780821917808219178082192,0.05610808782135485081628823705,0.04039782323137549258772753068
20.34246575342465753424657639,0,0.000,20.34246575342465753424657639,0.2739726027397260273972602740,0.2191780821917808219178082192,20.06849315068493150684931612,0E-28,0E-28,258,259,2035,BASE,0.2739726027397260273972602740,0.2191780821917808219178082192,0.05535747795083505348095327743,0.03985738412460123850628635975
20.06849315068493150684931612,0,0.000,20.06849315068493150684931612,0.2739726027397260273972602740,0.2191780821917808219178082192,19.79452054794520547945205585,0E-28,0E-28,259,260,2035,BASE,0.2739726027397260273972602740,0.2191780821917808219178082192,0.05460686808031525614561831776,0.03931694501782698442484518879
19.79452054794520547945205585,0,0.000,19.79452054794520547945205585,0.2739726027397260273972602740,0.2191780821917808219178082192,19.52054794520547945205479558,0E-28,0E-28,260,261,2035,BASE,0.2739726027397260273972602740,0.2191780821917808219178082192,0.05385625820979545881028335814,0.03877650591105273034340401786
19.52054794520547945205479558,0,0.000,19.52054794520547945205479558,0.2739726027397260273972602740,0.2191780821917808219178082192,19.24657534246575342465753531,0E-28,0E-28,261,262,2035,BASE,0.2739726027397260273972602740,0.2191780821917808219178082192,0.05310564833927566147494839847,0.03823606680427847626196284690
19.24657534246575342465753531,0,0.000,19.24657534246575342465753531,0.2739726027397260273972602740,0.2191780821917808219178082192,18.97260273972602739726027504,0E-28,0E-28,262,263,2035,BASE,0.2739726027397260273972602740,0.2191780821917808219178082192,0.05235503846875586413961343885,0.03769562769750422218052167597
18.97260273972602739726027504,0,0.000,18.97260273972602739726027504,0.2739726027397260273972602740,0.2191780821917808219178082192,18.69863013698630136986301477,0E-28,0E-28,263,264,2035,BASE,0.2739726027397260273972602740,0.2191780821917808219178082192,0.05160442859823606680427847918,0.03715518859072996809908050501
18.69863013698630136986301477,0,0.000,18.69863013698630136986301477,0.2739726027397260273972602740,0.2191780821917808219178082192,18.42465753424657534246575450,0E-28,0E-28,264,265,2035,BASE,0.2739726027397260273972602740,0.2191780821917808219178082192,0.05085381872771626946894351957,0.03661474948395571401763933409
18.42465753424657534246575450,0,0.000,18.42465753424657534246575450,0.2739726027397260273972602740,0.2191780821917808219178082192,18.15068493150684931506849423,0E-28,0E-28,265,266,2035,BASE,0.2739726027397260273972602740,0.2191780821917808219178082192,0.05010320885719647213360855990,0.03607431037718145993619816313
18.15068493150684931506849423,0,0.000,18.15068493150684931506849423,0.2739726027397260273972602740,0.2191780821917808219178082192,17.87671232876712328767123396,0E-28,0E-28,266,267,2035,BASE,0.2739726027397260273972602740,0.2191780821917808219178082192,0.04935259898667667479827360028,0.03553387127040720585475699220
17.87671232876712328767123396,0,0.000,17.87671232876712328767123396,0.2739726027397260273972602740,0.2191780821917808219178082192,17.60273972602739726027397369,0E-28,0E-28,267,268,2035,BASE,0.2739726027397260273972602740,0.2191780821917808219178082192,0.04860198911615687746293864061,0.03499343216363295177331582124
17.60273972602739726027397369,0,0.000,17.60273972602739726027397369,0.2739726027397260273972602740,0.2191780821917808219178082192,17.32876712328767123287671342,0E-28,0E-28,268,269,2035,BASE,0.2739726027397260273972602740,0.2191780821917808219178082192,0.04785137924563708012760368099,0.03445299305685869769187465031
17.32876712328767123287671342,0,0.000,17.32876712328767123287671342,0.2739726027397260273972602740,0.2191780821917808219178082192,17.05479452054794520547945315,0E-28,0E-28,269,270,2035,BASE,0.2739726027397260273972602740,0.2191780821917808219178082192,0.04710076937511728279226872132,0.03391255395008444361043347935
17.05479452054794520547945315,0,0.000,17.05479452054794520547945315,0.2739726027397260273972602740,0.2191780821917808219178082192,16.78082191780821917808219288,0E-28,0E-28,270,271,2035,BASE,0.2739726027397260273972602740,0.2191780821917808219178082192,0.04635015950459748545693376170,0.03337211484331018952899230842
16.78082191780821917808219288,0,0.000,16.78082191780821917808219288,0.2739726027397260273972602740,0.2191780821917808219178082192,16.50684931506849315068493261,0E-28,0E-28,271,272,2035,BASE,0.2739726027397260273972602740,0.2191780821917808219178082192,0.04559954963407768812159880203,0.03283167573653593544755113746
16.50684931506849315068493261,0,0.000,16.50684931506849315068493261,0.2739726027397260273972602740,0.2191780821917808219178082192,16.23287671232876712328767234,0E-28,0E-28,272,273,2035,BASE,0.2739726027397260273972602740,0.2191780821917808219178082192,0.04484893976355789078626384242,0.03229123662976168136610996654
16.23287671232876712328767234,0,0.000,16.23287671232876712328767234,0.2054794520547945205479452055,0.1643835616438356164383561644,16.02739726027397260273972713,0E-28,0E-28,273,1095/4,2035,BASE,0.2054794520547945205479452055,0.1643835616438356164383561644,0.03314411709513980108838431454,0.02386376430850065678363670647
16.02739726027397260273972713,9.156326950202012957517511783,0.4120347127590905830882880302,24.77168949771689497716895088,0.06849315068493150684931506849,0.05479452054794520547945205479,24.70319634703196347031963581,0E-29,0E-29,1095/4,274,2035,BASE,0.06849315068493150684931506849,0.05479452054794520547945205479,0.01694345405642084193407143379,0.01219928692062300619253143233
24.70319634703196347031963581,0,0.000,24.70319634703196347031963581,0.2739726027397260273972602740,0.2191780821917808219178082192,24.42922374429223744292237554,0E-28,0E-28,274,275,2035,BASE,0.2739726027397260273972602740,0.2191780821917808219178082192,0.06730468505660849440170138543,0.04845937324075811596922499751
24.42922374429223744292237554,0,0.000,24.42922374429223744292237554,0.2739726027397260273972602740,0.2191780821917808219178082192,24.15525114155251141552511527,0E-28,0E-28,275,276,2035,BASE,0.2739726027397260273972602740,0.2191780821917808219178082192,0.06655407518608869706636642576,0.04791893413398386188778382655
24.15525114155251141552511527,0,0.000,24.15525114155251141552511527,0.2739726027397260273972602740,0.2191780821917808219178082192,23.88127853881278538812785500,0E-28,0E-28,276,277,2035,BASE,0.2739726027397260273972602740,0.2191780821917808219178082192,0.06580346531556889973103146614,0.04737849502720960780634265562
23.88127853881278538812785500,0,0.000,23.88127853881278538812785500,0.2739726027397260273972602740,0.2191780821917808219178082192,23.60730593607305936073059473,0E-28,0E-28,277,278,2035,BASE,0.2739726027397260273972602740,0.2191780821917808219178082192,0.06505285544504910239569650647,0.04683805592043535372490148466
23.60730593607305936073059473,0,0.000,23.60730593607305936073059473,0.2739726027397260273972602740,0.2191780821917808219178082192,23.33333333333333333333333446,0E-28,0E-28,278,279,2035,BASE,0.2739726027397260273972602740,0.2191780821917808219178082192,0.06430224557452930506036154686,0.04629761681366109964346031374
23.33333333333333333333333446,0,0.000,23.33333333333333333333333446,0.2739726027397260273972602740,0.2191780821917808219178082192,23.05936073059360730593607419,0E-28,0E-28,279,280,2035,BASE,0.2739726027397260273972602740,0.2191780821917808219178082192,0.06355163570400950772502658718,0.04575717770688684556201914277
23.05936073059360730593607419,0,0.000,23.05936073059360730593607419,0.2739726027397260273972602740,0.2191780821917808219178082192,22.78538812785388127853881392,0E-28,0E-28,280,281,2035,BASE,0.2739726027397260273972602740,0.2191780821917808219178082192,0.06280102583348971038969162757,0.04521673860011259148057797185
22.78538812785388127853881392,0,0.000,22.78538812785388127853881392,0.2739726027397260273972602740,0.2191780821917808219178082192,22.51141552511415525114155365,0E-28,0E-28,281,282,2035,BASE,0.2739726027397260273972602740,0.2191780821917808219178082192,0.06205041596296991305435666790,0.04467629949333833739913680089
22.51141552511415525114155365,0,0.000,22.51141552511415525114155365,0.2739726027397260273972602740,0.2191780821917808219178082192,22.23744292237442922374429338,0E-28,0E-28,282,283,2035,BASE,0.2739726027397260273972602740,0.2191780821917808219178082192,0.06129980609245011571902170828,0.04413586038656408331769562996
22.23744292237442922374429338,0,0.000,22.23744292237442922374429338,0.2739726027397260273972602740,0.2191780821917808219178082192,21.96347031963470319634703311,0E-28,0E-28,283,284,2035,BASE,0.2739726027397260273972602740,0.2191780821917808219178082192,0.06054919622193031838368674861,0.04359542127978982923625445900
21.96347031963470319634703311,0,0.000,21.96347031963470319634703311,0.2739726027397260273972602740,0.2191780821917808219178082192,21.68949771689497716894977284,0E-28,0E-28,284,285,2035,BASE,0.2739726027397260273972602740,0.2191780821917808219178082192,0.05979858635141052104835178899,0.04305498217301557515481328807
21.68949771689497716894977284,0,0.000,21.68949771689497716894977284,0.2739726027397260273972602740,0.2191780821917808219178082192,21.41552511415525114155251257,0E-28,0E-28,285,286,2035,BASE,0.2739726027397260273972602740,0.2191780821917808219178082192,0.05904797648089072371301682932,0.04251454306624132107337211711
21.41552511415525114155251257,0,0.000,21.41552511415525114155251257,0.2739726027397260273972602740,0.2191780821917808219178082192,21.14155251141552511415525230,0E-28,0E-28,286,287,2035,BASE,0.2739726027397260273972602740,0.2191780821917808219178082192,0.05829736661037092637768186970,0.04197410395946706699193094618
21.14155251141552511415525230,0,0.000,21.14155251141552511415525230,0.2739726027397260273972602740,0.2191780821917808219178082192,20.86757990867579908675799203,0E-28,0E-28,287,288,2035,BASE,0.2739726027397260273972602740,0.2191780821917808219178082192,0.05754675673985112904234691003,0.04143366485269281291048977522
20.86757990867579908675799203,0,0.000,20.86757990867579908675799203,0.2739726027397260273972602740,0.2191780821917808219178082192,20.59360730593607305936073176,0E-28,0E-28,288,289,2035,BASE,0.2739726027397260273972602740,0.2191780821917808219178082192,0.05679614686933133170701195042,0.04089322574591855882904860430
20.59360730593607305936073176,0,0.000,20.59360730593607305936073176,0.2739726027397260273972602740,0.2191780821917808219178082192,20.31963470319634703196347149,0E-28,0E-28,289,290,2035,BASE,0.2739726027397260273972602740,0.2191780821917808219178082192,0.05604553699881153437167699075,0.04035278663914430474760743334
20.31963470319634703196347149,0,0.000,20.31963470319634703196347149,0.2739726027397260273972602740,0.2191780821917808219178082192,20.04566210045662100456621122,0E-28,0E-28,290,291,2035,BASE,0.2739726027397260273972602740,0.2191780821917808219178082192,0.05529492712829173703634203113,0.03981234753237005066616626241
20.04566210045662100456621122,0,0.000,20.04566210045662100456621122,0.2739726027397260273972602740,0.2191780821917808219178082192,19.77168949771689497716895095,0E-28,0E-28,291,292,2035,BASE,0.2739726027397260273972602740,0.2191780821917808219178082192,0.05454431725777193970100707146,0.03927190842559579658472509145
19.77168949771689497716895095,0,0.000,19.77168949771689497716895095,0.2739726027397260273972602740,0.2191780821917808219178082192,19.49771689497716894977169068,0E-28,0E-28,292,293,2035,BASE,0.2739726027397260273972602740,0.2191780821917808219178082192,0.05379370738725214236567211184,0.03873146931882154250328392052
19.49771689497716894977169068,0,0.000,19.49771689497716894977169068,0.2739726027397260273972602740,0.2191780821917808219178082192,19.22374429223744292237443041,0E-28,0E-28,293,294,2035,BASE,0.2739726027397260273972602740,0.2191780821917808219178082192,0.05304309751673234503033715217,0.03819103021204728842184274956
19.22374429223744292237443041,0,0.000,19.22374429223744292237443041,0.2739726027397260273972602740,0.2191780821917808219178082192,18.94977168949771689497717014,0E-28,0E-28,294,295,2035,BASE,0.2739726027397260273972602740,0.2191780821917808219178082192,0.05229248764621254769500219255,0.03765059110527303434040157864
18.94977168949771689497717014,0,0.000,18.94977168949771689497717014,0.2739726027397260273972602740,0.2191780821917808219178082192,18.67579908675799086757990987,0E-28,0E-28,295,296,2035,BASE,0.2739726027397260273972602740,0.2191780821917808219178082192,0.05154187777569275035966723288,0.03711015199849878025896040767
18.67579908675799086757990987,0,0.000,18.67579908675799086757990987,0.2739726027397260273972602740,0.2191780821917808219178082192,18.40182648401826484018264960,0E-28,0E-28,296,297,2035,BASE,0.2739726027397260273972602740,0.2191780821917808219178082192,0.05079126790517295302433227327,0.03656971289172452617751923675
18.40182648401826484018264960,0,0.000,18.40182648401826484018264960,0.2739726027397260273972602740,0.2191780821917808219178082192,18.12785388127853881278538933,0E-28,0E-28,297,298,2035,BASE,0.2739726027397260273972602740,0.2191780821917808219178082192,0.05004065803465315568899731359,0.03602927378495027209607806578
18.12785388127853881278538933,0,0.000,18.12785388127853881278538933,0.2739726027397260273972602740,0.2191780821917808219178082192,17.85388127853881278538812906,0E-28,0E-28,298,299,2035,BASE,0.2739726027397260273972602740,0.2191780821917808219178082192,0.04929004816413335835366235398,0.03548883467817601801463689487
17.85388127853881278538812906,0,0.000,17.85388127853881278538812906,0.2739726027397260273972602740,0.2191780821917808219178082192,17.57990867579908675799086879,0E-28,0E-28,299,300,2035,BASE,0.2739726027397260273972602740,0.2191780821917808219178082192,0.04853943829361356101832739431,0.03494839557140176393319572390
17.57990867579908675799086879,0,0.000,17.57990867579908675799086879,0.2739726027397260273972602740,0.2191780821917808219178082192,17.30593607305936073059360852,0E-28,0E-28,300,301,2035,BASE,0.2739726027397260273972602740,0.2191780821917808219178082192,0.04778882842309376368299243469,0.03440795646462750985175455298
17.30593607305936073059360852,0,0.000,17.30593607305936073059360852,0.2739726027397260273972602740,0.2191780821917808219178082192,17.03196347031963470319634825,0E-28,0E-28,301,302,2035,BASE,0.2739726027397260273972602740,0.2191780821917808219178082192,0.04703821855257396634765747502,0.03386751735785325577031338201
17.03196347031963470319634825,0,0.000,17.03196347031963470319634825,0.2739726027397260273972602740,0.2191780821917808219178082192,16.75799086757990867579908798,0E-28,0E-28,302,303,2035,BASE,0.2739726027397260273972602740,0.2191780821917808219178082192,0.04628760868205416901232251540,0.03332707825107900168887221109
16.75799086757990867579908798,0,0.000,16.75799086757990867579908798,0.2739726027397260273972602740,0.2191780821917808219178082192,16.48401826484018264840182771,0E-28,0E-28,303,304,2035,BASE,0.2739726027397260273972602740,0.2191780821917808219178082192,0.04553699881153437167698755573,0.03278663914430474760743104013
16.48401826484018264840182771,0,0.000,16.48401826484018264840182771,0.04566210045662100456621004567,0.03652968036529680365296803654,16.43835616438356164383561766,0E-29,0E-29,304,1825/6,2035,BASE,0.04566210045662100456621004567,0.03652968036529680365296803654,0.007516523842288526094118138211,0.005411897166447738787765059512
16.43835616438356164383561766,9.156326950202012957517511783,0.4120347127590905830882880302,25.18264840182648401826484141,0.2283105022831050228310502283,0.1826484018264840182648401826,24.95433789954337899543379118,0E-28,0E-28,1825/6,305,2035,BASE,0.2283105022831050228310502283,0.1826484018264840182648401826,0.05723400262713454681929067648,0.04120848189153687370988928707
24.95433789954337899543379118,0,0.000,24.95433789954337899543379118,0.2739726027397260273972602740,0.2191780821917808219178082192,24.68036529680365296803653091,0E-28,0E-28,305,306,2035,BASE,0.2739726027397260273972602740,0.2191780821917808219178082192,0.06799274410458497529242509875,0.04895477575530118221054607110
24.68036529680365296803653091,0,0.000,24.68036529680365296803653091,0.2739726027397260273972602740,0.2191780821917808219178082192,24.40639269406392694063927064,0E-28,0E-28,306,307,2035,BASE,0.2739726027397260273972602740,0.2191780821917808219178082192,0.06724213423406517795709013913,0.04841433664852692812910490017
24.40639269406392694063927064,0,0.000,24.40639269406392694063927064,0.2739726027397260273972602740,0.2191780821917808219178082192,24.13242009132420091324201037,0E-28,0E-28,307,308,2035,BASE,0.2739726027397260273972602740,0.2191780821917808219178082192,0.06649152436354538062175517946,0.04787389754175267404766372921
24.13242009132420091324201037,0,0.000,24.13242009132420091324201037,0.2739726027397260273972602740,0.2191780821917808219178082192,23.85844748858447488584475010,0E-28,0E-28,308,309,2035,BASE,0.2739726027397260273972602740,0.2191780821917808219178082192,0.06574091449302558328642021984,0.04733345843497841996622255828
23.85844748858447488584475010,0,0.000,23.85844748858447488584475010,0.2739726027397260273972602740,0.2191780821917808219178082192,23.58447488584474885844748983,0E-28,0E-28,309,310,2035,BASE,0.2739726027397260273972602740,0.2191780821917808219178082192,0.06499030462250578595108526017,0.04679301932820416588478138732
23.58447488584474885844748983,0,0.000,23.58447488584474885844748983,0.2739726027397260273972602740,0.2191780821917808219178082192,23.31050228310502283105022956,0E-28,0E-28,310,311,2035,BASE,0.2739726027397260273972602740,0.2191780821917808219178082192,0.06423969475198598861575030055,0.04625258022142991180334021640
23.31050228310502283105022956,0,0.000,23.31050228310502283105022956,0.2739726027397260273972602740,0.2191780821917808219178082192,23.03652968036529680365296929,0E-28,0E-28,311,312,2035,BASE,0.2739726027397260273972602740,0.2191780821917808219178082192,0.06348908488146619128041534088,0.04571214111465565772189904543
23.03652968036529680365296929,0,0.000,23.03652968036529680365296929,0.2739726027397260273972602740,0.2191780821917808219178082192,22.76255707762557077625570902,0E-28,0E-28,312,313,2035,BASE,0.2739726027397260273972602740,0.2191780821917808219178082192,0.06273847501094639394508038127,0.04517170200788140364045787451
22.76255707762557077625570902,0,0.000,22.76255707762557077625570902,0.2739726027397260273972602740,0.2191780821917808219178082192,22.48858447488584474885844875,0E-28,0E-28,313,314,2035,BASE,0.2739726027397260273972602740,0.2191780821917808219178082192,0.06198786514042659660974542160,0.04463126290110714955901670355
22.48858447488584474885844875,0,0.000,22.48858447488584474885844875,0.2739726027397260273972602740,0.2191780821917808219178082192,22.21461187214611872146118848,0E-28,0E-28,314,315,2035,BASE,0.2739726027397260273972602740,0.2191780821917808219178082192,0.06123725526990679927441046198,0.04409082379433289547757553263
22.21461187214611872146118848,0,0.000,22.21461187214611872146118848,0.2739726027397260273972602740,0.2191780821917808219178082192,21.94063926940639269406392821,0E-28,0E-28,315,316,2035,BASE,0.2739726027397260273972602740,0.2191780821917808219178082192,0.06048664539938700193907550231,0.04355038468755864139613436166
21.94063926940639269406392821,0,0.000,21.94063926940639269406392821,0.2739726027397260273972602740,0.2191780821917808219178082192,21.66666666666666666666666794,0E-28,0E-28,316,317,2035,BASE,0.2739726027397260273972602740,0.2191780821917808219178082192,0.05973603552886720460374054269,0.04300994558078438731469319074
21.66666666666666666666666794,0,0.000,21.66666666666666666666666794,0.2739726027397260273972602740,0.2191780821917808219178082192,21.39269406392694063926940767,0E-28,0E-28,317,318,2035,BASE,0.2739726027397260273972602740,0.2191780821917808219178082192,0.05898542565834740726840558302,0.04246950647401013323325201977
21.39269406392694063926940767,0,0.000,21.39269406392694063926940767,0.2739726027397260273972602740,0.2191780821917808219178082192,21.11872146118721461187214740,0E-28,0E-28,318,319,2035,BASE,0.2739726027397260273972602740,0.2191780821917808219178082192,0.05823481578782760993307062340,0.04192906736723587915181084885
21.11872146118721461187214740,0,0.000,21.11872146118721461187214740,0.2739726027397260273972602740,0.2191780821917808219178082192,20.84474885844748858447488713,0E-28,0E-28,319,320,2035,BASE,0.2739726027397260273972602740,0.2191780821917808219178082192,0.05748420591730781259773566373,0.04138862826046162507036967789
20.84474885844748858447488713,0,0.000,20.84474885844748858447488713,0.2739726027397260273972602740,0.2191780821917808219178082192,20.57077625570776255707762686,0E-28,0E-28,320,321,2035,BASE,0.2739726027397260273972602740,0.2191780821917808219178082192,0.05673359604678801526240070412,0.04084818915368737098892850697
20.57077625570776255707762686,0,0.000,20.57077625570776255707762686,0.2739726027397260273972602740,0.2191780821917808219178082192,20.29680365296803652968036659,0E-28,0E-28,321,322,2035,BASE,0.2739726027397260273972602740,0.2191780821917808219178082192,0.05598298617626821792706574444,0.04030775004691311690748733600
20.29680365296803652968036659,0,0.000,20.29680365296803652968036659,0.2739726027397260273972602740,0.2191780821917808219178082192,20.02283105022831050228310632,0E-28,0E-28,322,323,2035,BASE,0.2739726027397260273972602740,0.2191780821917808219178082192,0.05523237630574842059173078483,0.03976731094013886282604616508
20.02283105022831050228310632,0,0.000,20.02283105022831050228310632,0.2739726027397260273972602740,0.2191780821917808219178082192,19.74885844748858447488584605,0E-28,0E-28,323,324,2035,BASE,0.2739726027397260273972602740,0.2191780821917808219178082192,0.05448176643522862325639582516,0.03922687183336460874460499412
19.74885844748858447488584605,0,0.000,19.74885844748858447488584605,0.2739726027397260273972602740,0.2191780821917808219178082192,19.47488584474885844748858578,0E-28,0E-28,324,325,2035,BASE,0.2739726027397260273972602740,0.2191780821917808219178082192,0.05373115656470882592106086554,0.03868643272659035466316382319
19.47488584474885844748858578,0,0.000,19.47488584474885844748858578,0.2739726027397260273972602740,0.2191780821917808219178082192,19.20091324200913242009132551,0E-28,0E-28,325,326,2035,BASE,0.2739726027397260273972602740,0.2191780821917808219178082192,0.05298054669418902858572590587,0.03814599361981610058172265223
19.20091324200913242009132551,0,0.000,19.20091324200913242009132551,0.2739726027397260273972602740,0.2191780821917808219178082192,18.92694063926940639269406524,0E-28,0E-28,326,327,2035,BASE,0.2739726027397260273972602740,0.2191780821917808219178082192,0.05222993682366923125039094625,0.03760555451304184650028148130
18.92694063926940639269406524,0,0.000,18.92694063926940639269406524,0.2739726027397260273972602740,0.2191780821917808219178082192,18.65296803652968036529680497,0E-28,0E-28,327,328,2035,BASE,0.2739726027397260273972602740,0.2191780821917808219178082192,0.05147932695314943391505598658,0.03706511540626759241884031034
18.65296803652968036529680497,0,0.000,18.65296803652968036529680497,0.2739726027397260273972602740,0.2191780821917808219178082192,18.37899543378995433789954470,0E-28,0E-28,328,329,2035,BASE,0.2739726027397260273972602740,0.2191780821917808219178082192,0.05072871708262963657972102696,0.03652467629949333833739913941
18.37899543378995433789954470,0,0.000,18.37899543378995433789954470,0.2739726027397260273972602740,0.2191780821917808219178082192,18.10502283105022831050228443,0E-28,0E-28,329,330,2035,BASE,0.2739726027397260273972602740,0.2191780821917808219178082192,0.04997810721210983924438606729,0.03598423719271908425595796845
18.10502283105022831050228443,0,0.000,18.10502283105022831050228443,0.2739726027397260273972602740,0.2191780821917808219178082192,17.83105022831050228310502416,0E-28,0E-28,330,331,2035,BASE,0.2739726027397260273972602740,0.2191780821917808219178082192,0.04922749734159004190905110768,0.03544379808594483017451679753
17.83105022831050228310502416,0,0.000,17.83105022831050228310502416,0.2739726027397260273972602740,0.2191780821917808219178082192,17.55707762557077625570776389,0E-28,0E-28,331,332,2035,BASE,0.2739726027397260273972602740,0.2191780821917808219178082192,0.04847688747107024457371614800,0.03490335897917057609307562656
17.55707762557077625570776389,0,0.000,17.55707762557077625570776389,0.2739726027397260273972602740,0.2191780821917808219178082192,17.28310502283105022831050362,0E-28,0E-28,332,333,2035,BASE,0.2739726027397260273972602740,0.2191780821917808219178082192,0.04772627760055044723838118839,0.03436291987239632201163445564
17.28310502283105022831050362,0,0.000,17.28310502283105022831050362,0.2739726027397260273972602740,0.2191780821917808219178082192,17.00913242009132420091324335,0E-28,0E-28,333,334,2035,BASE,0.2739726027397260273972602740,0.2191780821917808219178082192,0.04697566773003064990304622872,0.03382248076562206793019328468
17.00913242009132420091324335,0,0.000,17.00913242009132420091324335,0.1598173515981735159817351598,0.1278538812785388127853881278,16.84931506849315068493150819,0E-28,0E-28,334,4015/12,2035,BASE,0.1598173515981735159817351598,0.1278538812785388127853881278,0.02705583703425700047955630831,0.01948020266466504034528054198
16.84931506849315068493150819,9.1563269502020129575175118,0.4120347127590905830882880310,25.59360730593607305936073196,0.1141552511415525114155251142,0.09132420091324200913242009136,25.47945205479452054794520685,0E-28,0E-29,4015/12,335,2035,BASE,0.1141552511415525114155251142,0.09132420091324200913242009136,0.02915128958945810137403307010,0.02098892850440983298930381047
25.47945205479452054794520685,0,0.000,25.47945205479452054794520685,0.2739726027397260273972602740,0.2191780821917808219178082192,25.20547945205479452054794658,0E-28,0E-28,335,336,2035,BASE,0.2739726027397260273972602740,0.2191780821917808219178082192,0.06943141302308125351848377184,0.04999061737661850253330831572
25.20547945205479452054794658,0,0.000,25.20547945205479452054794658,0.2739726027397260273972602740,0.2191780821917808219178082192,24.93150684931506849315068631,0E-28,0E-28,336,337,2035,BASE,0.2739726027397260273972602740,0.2191780821917808219178082192,0.06868080315256145618314881217,0.04945017826984424845186714476
24.93150684931506849315068631,0,0.000,24.93150684931506849315068631,0.2739726027397260273972602740,0.2191780821917808219178082192,24.65753424657534246575342604,0E-28,0E-28,337,338,2035,BASE,0.2739726027397260273972602740,0.2191780821917808219178082192,0.06793019328204165884781385255,0.04890973916306999437042597384
24.65753424657534246575342604,0,0.000,24.65753424657534246575342604,0.2739726027397260273972602740,0.2191780821917808219178082192,24.38356164383561643835616577,0E-28,0E-28,338,339,2035,BASE,0.2739726027397260273972602740,0.2191780821917808219178082192,0.06717958341152186151247889288,0.04836930005629574028898480287
24.38356164383561643835616577,0,0.000,24.38356164383561643835616577,0.2739726027397260273972602740,0.2191780821917808219178082192,24.10958904109589041095890550,0E-28,0E-28,339,340,2035,BASE,0.2739726027397260273972602740,0.2191780821917808219178082192,0.06642897354100206417714393327,0.04782886094952148620754363195
24.10958904109589041095890550,0,0.000,24.10958904109589041095890550,0.2739726027397260273972602740,0.2191780821917808219178082192,23.83561643835616438356164523,0E-28,0E-28,340,341,2035,BASE,0.2739726027397260273972602740,0.2191780821917808219178082192,0.06567836367048226684180897360,0.04728842184274723212610246099
23.83561643835616438356164523,0,0.000,23.83561643835616438356164523,0.2739726027397260273972602740,0.2191780821917808219178082192,23.56164383561643835616438496,0E-28,0E-28,341,342,2035,BASE,0.2739726027397260273972602740,0.2191780821917808219178082192,0.06492775379996246950647401398,0.04674798273597297804466129007
23.56164383561643835616438496,0,0.000,23.56164383561643835616438496,0.2739726027397260273972602740,0.2191780821917808219178082192,23.28767123287671232876712469,0E-28,0E-28,342,343,2035,BASE,0.2739726027397260273972602740,0.2191780821917808219178082192,0.06417714392944267217113905431,0.04620754362919872396322011910
23.28767123287671232876712469,0,0.000,23.28767123287671232876712469,0.2739726027397260273972602740,0.2191780821917808219178082192,23.01369863013698630136986442,0E-28,0E-28,343,344,2035,BASE,0.2739726027397260273972602740,0.2191780821917808219178082192,0.06342653405892287483580409469,0.04566710452242446988177894818
23.01369863013698630136986442,0,0.000,23.01369863013698630136986442,0.2739726027397260273972602740,0.2191780821917808219178082192,22.73972602739726027397260415,0E-28,0E-28,344,345,2035,BASE,0.2739726027397260273972602740,0.2191780821917808219178082192,0.06267592418840307750046913502,0.04512666541565021580033777721
22.73972602739726027397260415,0,0.000,22.73972602739726027397260415,0.2739726027397260273972602740,0.2191780821917808219178082192,22.46575342465753424657534388,0E-28,0E-28,345,346,2035,BASE,0.2739726027397260273972602740,0.2191780821917808219178082192,0.06192531431788328016513417540,0.04458622630887596171889660629
22.46575342465753424657534388,0,0.000,22.46575342465753424657534388,0.2739726027397260273972602740,0.2191780821917808219178082192,22.19178082191780821917808361,0E-28,0E-28,346,347,2035,BASE,0.2739726027397260273972602740,0.2191780821917808219178082192,0.06117470444736348282979921573,0.04404578720210170763745543533
22.19178082191780821917808361,0,0.000,22.19178082191780821917808361,0.2739726027397260273972602740,0.2191780821917808219178082192,21.91780821917808219178082334,0E-28,0E-28,347,348,2035,BASE,0.2739726027397260273972602740,0.2191780821917808219178082192,0.06042409457684368549446425612,0.04350534809532745355601426441
21.91780821917808219178082334,0,0.000,21.91780821917808219178082334,0.2739726027397260273972602740,0.2191780821917808219178082192,21.64383561643835616438356307,0E-28,0E-28,348,349,2035,BASE,0.2739726027397260273972602740,0.2191780821917808219178082192,0.05967348470632388815912929644,0.04296490898855319947457309344
21.64383561643835616438356307,0,0.000,21.64383561643835616438356307,0.2739726027397260273972602740,0.2191780821917808219178082192,21.36986301369863013698630280,0E-28,0E-28,349,350,2035,BASE,0.2739726027397260273972602740,0.2191780821917808219178082192,0.05892287483580409082379433683,0.04242446988177894539313192252
21.36986301369863013698630280,0,0.000,21.36986301369863013698630280,0.2739726027397260273972602740,0.2191780821917808219178082192,21.09589041095890410958904253,0E-28,0E-28,350,351,2035,BASE,0.2739726027397260273972602740,0.2191780821917808219178082192,0.05817226496528429348845937716,0.04188403077500469131169075156
21.09589041095890410958904253,0,0.000,21.09589041095890410958904253,0.2739726027397260273972602740,0.2191780821917808219178082192,20.82191780821917808219178226,0E-28,0E-28,351,352,2035,BASE,0.2739726027397260273972602740,0.2191780821917808219178082192,0.05742165509476449615312441754,0.04134359166823043723024958063
20.82191780821917808219178226,0,0.000,20.82191780821917808219178226,0.2739726027397260273972602740,0.2191780821917808219178082192,20.54794520547945205479452199,0E-28,0E-28,352,353,2035,BASE,0.2739726027397260273972602740,0.2191780821917808219178082192,0.05667104522424469881778945787,0.04080315256145618314880840967
20.54794520547945205479452199,0,0.000,20.54794520547945205479452199,0.2739726027397260273972602740,0.2191780821917808219178082192,20.27397260273972602739726172,0E-28,0E-28,353,354,2035,BASE,0.2739726027397260273972602740,0.2191780821917808219178082192,0.05592043535372490148245449825,0.04026271345468192906736723874
20.27397260273972602739726172,0,0.000,20.27397260273972602739726172,0.2739726027397260273972602740,0.2191780821917808219178082192,20.00000000000000000000000145,0E-28,0E-28,354,355,2035,BASE,0.2739726027397260273972602740,0.2191780821917808219178082192,0.05516982548320510414711953858,0.03972227434790767498592606778
20.00000000000000000000000145,0,0.000,20.00000000000000000000000145,0.2739726027397260273972602740,0.2191780821917808219178082192,19.72602739726027397260274118,0E-28,0E-28,355,356,2035,BASE,0.2739726027397260273972602740,0.2191780821917808219178082192,0.05441921561268530681178457896,0.03918183524113342090448489685
19.72602739726027397260274118,0,0.000,19.72602739726027397260274118,0.2739726027397260273972602740,0.2191780821917808219178082192,19.45205479452054794520548091,0E-28,0E-28,356,357,2035,BASE,0.2739726027397260273972602740,0.2191780821917808219178082192,0.05366860574216550947644961929,0.03864139613435916682304372589
19.45205479452054794520548091,0,0.000,19.45205479452054794520548091,0.2739726027397260273972602740,0.2191780821917808219178082192,19.17808219178082191780822064,0E-28,0E-28,357,358,2035,BASE,0.2739726027397260273972602740,0.2191780821917808219178082192,0.05291799587164571214111465968,0.03810095702758491274160255497
19.17808219178082191780822064,0,0.000,19.17808219178082191780822064,0.2739726027397260273972602740,0.2191780821917808219178082192,18.90410958904109589041096037,0E-28,0E-28,358,359,2035,BASE,0.2739726027397260273972602740,0.2191780821917808219178082192,0.05216738600112591480577970001,0.03756051792081065866016138401
18.90410958904109589041096037,0,0.000,18.90410958904109589041096037,0.2739726027397260273972602740,0.2191780821917808219178082192,18.63013698630136986301370010,0E-28,0E-28,359,360,2035,BASE,0.2739726027397260273972602740,0.2191780821917808219178082192,0.05141677613060611747044474039,0.03702007881403640457872021308
18.63013698630136986301370010,0,0.000,18.63013698630136986301370010,0.2739726027397260273972602740,0.2191780821917808219178082192,18.35616438356164383561643983,0E-28,0E-28,360,361,2035,BASE,0.2739726027397260273972602740,0.2191780821917808219178082192,0.05066616626008632013510978072,0.03647963970726215049727904212
18.35616438356164383561643983,0,0.000,18.35616438356164383561643983,0.2739726027397260273972602740,0.2191780821917808219178082192,18.08219178082191780821917956,0E-28,0E-28,361,362,2035,BASE,0.2739726027397260273972602740,0.2191780821917808219178082192,0.04991555638956652279977482110,0.03593920060048789641583787119
18.08219178082191780821917956,0,0.000,18.08219178082191780821917956,0.2739726027397260273972602740,0.2191780821917808219178082192,17.80821917808219178082191929,0E-28,0E-28,362,363,2035,BASE,0.2739726027397260273972602740,0.2191780821917808219178082192,0.04916494651904672546443986143,0.03539876149371364233439670023
17.80821917808219178082191929,0,0.000,17.80821917808219178082191929,0.2739726027397260273972602740,0.2191780821917808219178082192,17.53424657534246575342465902,0E-28,0E-28,363,364,2035,BASE,0.2739726027397260273972602740,0.2191780821917808219178082192,0.04841433664852692812910490181,0.03485832238693938825295552930
17.53424657534246575342465902,0,0.000,17.53424657534246575342465902,0.2739726027397260273972602740,0.2191780821917808219178082192,17.26027397260273972602739875,0E-28,0E-28,364,365,2035,BASE,0.2739726027397260273972602740,0.2191780821917808219178082192,0.04766372677800713079376994214,0.03431788328016513417151435834
17.26027397260273972602739875,12.53768944601508282865314428,0.5641960250706787272893914926,29.23376739354714382739115154,0.3835616438356164383561643836,0.2876712328767123287671232877,28.85020574971152738903498716,0E-28,0E-28,365,366,2036,BASE,0.3835616438356164383561643836,0.2876712328767123287671232877,0.07956708649761461810469334069,0.05728830227828252503537920530
28.85020574971152738903498716,0,0.000,28.85020574971152738903498716,0.3835616438356164383561643836,0.2876712328767123287671232877,28.46664410587591095067882278,0E-28,0E-28,366,367,2036,BASE,0.3835616438356164383561643836,0.2876712328767123287671232877,0.07851623267888690183522439719,0.05653168752879856932136156598
28.46664410587591095067882278,0,0.000,28.46664410587591095067882278,0.3835616438356164383561643836,0.2876712328767123287671232877,28.08308246204029451232265840,0E-28,0E-28,367,368,2036,BASE,0.3835616438356164383561643836,0.2876712328767123287671232877,0.07746537886015918556575545368,0.05577507277931461360734392665
28.08308246204029451232265840,0,0.000,28.08308246204029451232265840,0.3835616438356164383561643836,0.2876712328767123287671232877,27.69952081820467807396649402,0E-28,0E-28,368,369,2036,BASE,0.3835616438356164383561643836,0.2876712328767123287671232877,0.07641452504143146929628651017,0.05501845802983065789332628732
27.69952081820467807396649402,0,0.000,27.69952081820467807396649402,0.3835616438356164383561643836,0.2876712328767123287671232877,27.31595917436906163561032964,0E-28,0E-28,369,370,2036,BASE,0.3835616438356164383561643836,0.2876712328767123287671232877,0.07536367122270375302681756667,0.05426184328034670217930864800
27.31595917436906163561032964,0,0.000,27.31595917436906163561032964,0.3835616438356164383561643836,0.2876712328767123287671232877,26.93239753053344519725416526,0E-28,0E-28,370,371,2036,BASE,0.3835616438356164383561643836,0.2876712328767123287671232877,0.07431281740397603675734862316,0.05350522853086274646529100868
26.93239753053344519725416526,0,0.000,26.93239753053344519725416526,0.3835616438356164383561643836,0.2876712328767123287671232877,26.54883588669782875889800088,0E-28,0E-28,371,372,2036,BASE,0.3835616438356164383561643836,0.2876712328767123287671232877,0.07326196358524832048787967965,0.05274861378137879075127336935
26.54883588669782875889800088,0,0.000,26.54883588669782875889800088,0.3835616438356164383561643836,0.2876712328767123287671232877,26.16527424286221232054183650,0E-28,0E-28,372,373,2036,BASE,0.3835616438356164383561643836,0.2876712328767123287671232877,0.07221110976652060421841073614,0.05199199903189483503725573002
26.16527424286221232054183650,0,0.000,26.16527424286221232054183650,0.3835616438356164383561643836,0.2876712328767123287671232877,25.78171259902659588218567212,0E-28,0E-28,373,374,2036,BASE,0.3835616438356164383561643836,0.2876712328767123287671232877,0.07116025594779288794894179264,0.05123538428241087932323809070
25.78171259902659588218567212,0,0.000,25.78171259902659588218567212,0.3835616438356164383561643836,0.2876712328767123287671232877,25.39815095519097944382950774,0E-28,0E-28,374,375,2036,BASE,0.3835616438356164383561643836,0.2876712328767123287671232877,0.07010940212906517167947284913,0.05047876953292692360922045137
25.39815095519097944382950774,0,0.000,25.39815095519097944382950774,0.3835616438356164383561643836,0.2876712328767123287671232877,25.01458931135536300547334336,0E-28,0E-28,375,376,2036,BASE,0.3835616438356164383561643836,0.2876712328767123287671232877,0.06905854831033745541000390562,0.04972215478344296789520281205
25.01458931135536300547334336,0,0.000,25.01458931135536300547334336,0.3835616438356164383561643836,0.2876712328767123287671232877,24.63102766751974656711717898,0E-28,0E-28,376,377,2036,BASE,0.3835616438356164383561643836,0.2876712328767123287671232877,0.06800769449160973914053496212,0.04896554003395901218118517273
24.63102766751974656711717898,0,0.000,24.63102766751974656711717898,0.3835616438356164383561643836,0.2876712328767123287671232877,24.24746602368413012876101460,0E-28,0E-28,377,378,2036,BASE,0.3835616438356164383561643836,0.2876712328767123287671232877,0.06695684067288202287106601861,0.04820892528447505646716753340
24.24746602368413012876101460,0,0.000,24.24746602368413012876101460,0.3835616438356164383561643836,0.2876712328767123287671232877,23.86390437984851369040485022,0E-28,0E-28,378,379,2036,BASE,0.3835616438356164383561643836,0.2876712328767123287671232877,0.06590598685415430660159707510,0.04745231053499110075314989407
23.86390437984851369040485022,0,0.000,23.86390437984851369040485022,0.3835616438356164383561643836,0.2876712328767123287671232877,23.48034273601289725204868584,0E-28,0E-28,379,380,2036,BASE,0.3835616438356164383561643836,0.2876712328767123287671232877,0.06485513303542659033212813160,0.04669569578550714503913225475
23.48034273601289725204868584,0,0.000,23.48034273601289725204868584,0.3835616438356164383561643836,0.2876712328767123287671232877,23.09678109217728081369252146,0E-28,0E-28,380,381,2036,BASE,0.3835616438356164383561643836,0.2876712328767123287671232877,0.06380427921669887406265918809,0.04593908103602318932511461542
23.09678109217728081369252146,0,0.000,23.09678109217728081369252146,0.3835616438356164383561643836,0.2876712328767123287671232877,22.71321944834166437533635708,0E-28,0E-28,381,382,2036,BASE,0.3835616438356164383561643836,0.2876712328767123287671232877,0.06275342539797115779319024458,0.04518246628653923361109697610
22.71321944834166437533635708,0,0.000,22.71321944834166437533635708,0.3835616438356164383561643836,0.2876712328767123287671232877,22.32965780450604793698019270,0E-28,0E-28,382,383,2036,BASE,0.3835616438356164383561643836,0.2876712328767123287671232877,0.06170257157924344152372130107,0.04442585153705527789707933677
22.32965780450604793698019270,0,0.000,22.32965780450604793698019270,0.3835616438356164383561643836,0.2876712328767123287671232877,21.94609616067043149862402832,0E-28,0E-28,383,384,2036,BASE,0.3835616438356164383561643836,0.2876712328767123287671232877,0.06065171776051572525425235757,0.04366923678757132218306169745
21.94609616067043149862402832,0,0.000,21.94609616067043149862402832,0.3835616438356164383561643836,0.2876712328767123287671232877,21.56253451683481506026786394,0E-28,0E-28,384,385,2036,BASE,0.3835616438356164383561643836,0.2876712328767123287671232877,0.05960086394178800898478341406,0.04291262203808736646904405812
21.56253451683481506026786394,0,0.000,21.56253451683481506026786394,0.3835616438356164383561643836,0.2876712328767123287671232877,21.17897287299919862191169956,0E-28,0E-28,385,386,2036,BASE,0.3835616438356164383561643836,0.2876712328767123287671232877,0.05855001012306029271531447055,0.04215600728860341075502641880
21.17897287299919862191169956,0,0.000,21.17897287299919862191169956,0.3835616438356164383561643836,0.2876712328767123287671232877,20.79541122916358218355553518,0E-28,0E-28,386,387,2036,BASE,0.3835616438356164383561643836,0.2876712328767123287671232877,0.05749915630433257644584552705,0.04139939253911945504100877948
20.79541122916358218355553518,0,0.000,20.79541122916358218355553518,0.3835616438356164383561643836,0.2876712328767123287671232877,20.41184958532796574519937080,0E-28,0E-28,387,388,2036,BASE,0.3835616438356164383561643836,0.2876712328767123287671232877,0.05644830248560486017637658354,0.04064277778963549932699114015
20.41184958532796574519937080,0,0.000,20.41184958532796574519937080,0.3835616438356164383561643836,0.2876712328767123287671232877,20.02828794149234930684320642,0E-28,0E-28,388,389,2036,BASE,0.3835616438356164383561643836,0.2876712328767123287671232877,0.05539744866687714390690764003,0.03988616304015154361297350082
20.02828794149234930684320642,0,0.000,20.02828794149234930684320642,0.3835616438356164383561643836,0.2876712328767123287671232877,19.64472629765673286848704204,0E-28,0E-28,389,390,2036,BASE,0.3835616438356164383561643836,0.2876712328767123287671232877,0.05434659484814942763743869653,0.03912954829066758789895586150
19.64472629765673286848704204,0,0.000,19.64472629765673286848704204,0.3835616438356164383561643836,0.2876712328767123287671232877,19.26116465382111643013087766,0E-28,0E-28,390,391,2036,BASE,0.3835616438356164383561643836,0.2876712328767123287671232877,0.05329574102942171136796975302,0.03837293354118363218493822217
19.26116465382111643013087766,0,0.000,19.26116465382111643013087766,0.3835616438356164383561643836,0.2876712328767123287671232877,18.87760300998549999177471328,0E-28,0E-28,391,392,2036,BASE,0.3835616438356164383561643836,0.2876712328767123287671232877,0.05224488721069399509850080951,0.03761631879169967647092058285
18.87760300998549999177471328,0,0.000,18.87760300998549999177471328,0.3835616438356164383561643836,0.2876712328767123287671232877,18.49404136614988355341854890,0E-28,0E-28,392,393,2036,BASE,0.3835616438356164383561643836,0.2876712328767123287671232877,0.05119403339196627882903186601,0.03685970404221572075690294353
18.49404136614988355341854890,0,0.000,18.49404136614988355341854890,0.3835616438356164383561643836,0.2876712328767123287671232877,18.11047972231426711506238452,0E-28,0E-28,393,394,2036,BASE,0.3835616438356164383561643836,0.2876712328767123287671232877,0.05014317957323856255956292250,0.03610308929273176504288530420
18.11047972231426711506238452,0,0.000,18.11047972231426711506238452,0.3835616438356164383561643836,0.2876712328767123287671232877,17.72691807847865067670622014,0E-28,0E-28,394,395,2036,BASE,0.3835616438356164383561643836,0.2876712328767123287671232877,0.04909232575451084629009397899,0.03534647454324780932886766487
17.72691807847865067670622014,0,0.000,17.72691807847865067670622014,0.1598173515981735159817351599,0.1198630136986301369863013699,17.56710072688047716072448498,0E-28,0E-28,395,4745/12,2036,BASE,0.1598173515981735159817351599,0.1198630136986301369863013699,0.02014498790260224191634172667,0.01450439128987361417976604320
17.56710072688047716072448498,12.53768944601508282865314428,0.5641960250706787272893914926,29.54059414782488126208823777,0.2237442922374429223744292237,0.1678082191780821917808219178,29.31684985558743833971380855,0E-28,0E-28,4745/12,396,2036,BASE,0.2237442922374429223744292237,0.1678082191780821917808219178,0.04703220411231578050372309637,0.03386318696086736196268062939
29.31684985558743833971380855,0,0.000,29.31684985558743833971380855,0.3835616438356164383561643836,0.2876712328767123287671232877,28.93328821175182190135764417,0E-28,0E-28,396,397,2036,BASE,0.3835616438356164383561643836,0.2876712328767123287671232877,0.07979470968128665786448144209,0.05745219097052639366242663830
28.93328821175182190135764417,0,0.000,28.93328821175182190135764417,0.3835616438356164383561643836,0.2876712328767123287671232877,28.54972656791620546300147979,0E-28,0E-28,397,398,2036,BASE,0.3835616438356164383561643836,0.2876712328767123287671232877,0.07874385586255894159501249858,0.05669557622104243794840899898
28.54972656791620546300147979,0,0.000,28.54972656791620546300147979,0.3835616438356164383561643836,0.2876712328767123287671232877,28.16616492408058902464531541,0E-28,0E-28,398,399,2036,BASE,0.3835616438356164383561643836,0.2876712328767123287671232877,0.07769300204383122532554355508,0.05593896147155848223439135966
28.16616492408058902464531541,0,0.000,28.16616492408058902464531541,0.3835616438356164383561643836,0.2876712328767123287671232877,27.78260328024497258628915103,0E-28,0E-28,399,400,2036,BASE,0.3835616438356164383561643836,0.2876712328767123287671232877,0.07664214822510350905607461157,0.05518234672207452652037372033
27.78260328024497258628915103,0,0.000,27.78260328024497258628915103,0.3835616438356164383561643836,0.2876712328767123287671232877,27.39904163640935614793298665,0E-28,0E-28,400,401,2036,BASE,0.3835616438356164383561643836,0.2876712328767123287671232877,0.07559129440637579278660566806,0.05442573197259057080635608100
27.39904163640935614793298665,0,0.000,27.39904163640935614793298665,0.3835616438356164383561643836,0.2876712328767123287671232877,27.01547999257373970957682227,0E-28,0E-28,401,402,2036,BASE,0.3835616438356164383561643836,0.2876712328767123287671232877,0.07454044058764807651713672456,0.05366911722310661509233844168
27.01547999257373970957682227,0,0.000,27.01547999257373970957682227,0.3835616438356164383561643836,0.2876712328767123287671232877,26.63191834873812327122065789,0E-28,0E-28,402,403,2036,BASE,0.3835616438356164383561643836,0.2876712328767123287671232877,0.07348958676892036024766778105,0.05291250247362265937832080236
26.63191834873812327122065789,0,0.000,26.63191834873812327122065789,0.3835616438356164383561643836,0.2876712328767123287671232877,26.24835670490250683286449351,0E-28,0E-28,403,404,2036,BASE,0.3835616438356164383561643836,0.2876712328767123287671232877,0.07243873295019264397819883754,0.05215588772413870366430316303
26.24835670490250683286449351,0,0.000,26.24835670490250683286449351,0.3835616438356164383561643836,0.2876712328767123287671232877,25.86479506106689039450832913,0E-28,0E-28,404,405,2036,BASE,0.3835616438356164383561643836,0.2876712328767123287671232877,0.07138787913146492770872989403,0.05139927297465474795028552370
25.86479506106689039450832913,0,0.000,25.86479506106689039450832913,0.3835616438356164383561643836,0.2876712328767123287671232877,25.48123341723127395615216475,0E-28,0E-28,405,406,2036,BASE,0.3835616438356164383561643836,0.2876712328767123287671232877,0.07033702531273721143926095053,0.05064265822517079223626788438
25.48123341723127395615216475,0,0.000,25.48123341723127395615216475,0.3835616438356164383561643836,0.2876712328767123287671232877,25.09767177339565751779600037,0E-28,0E-28,406,407,2036,BASE,0.3835616438356164383561643836,0.2876712328767123287671232877,0.06928617149400949516979200702,0.04988604347568683652225024505
25.09767177339565751779600037,0,0.000,25.09767177339565751779600037,0.3835616438356164383561643836,0.2876712328767123287671232877,24.71411012956004107943983599,0E-28,0E-28,407,408,2036,BASE,0.3835616438356164383561643836,0.2876712328767123287671232877,0.06823531767528177890032306351,0.04912942872620288080823260573
24.71411012956004107943983599,0,0.000,24.71411012956004107943983599,0.3835616438356164383561643836,0.2876712328767123287671232877,24.33054848572442464108367161,0E-28,0E-28,408,409,2036,BASE,0.3835616438356164383561643836,0.2876712328767123287671232877,0.06718446385655406263085412001,0.04837281397671892509421496641
24.33054848572442464108367161,0,0.000,24.33054848572442464108367161,0.3835616438356164383561643836,0.2876712328767123287671232877,23.94698684188880820272750723,0E-28,0E-28,409,410,2036,BASE,0.3835616438356164383561643836,0.2876712328767123287671232877,0.06613361003782634636138517650,0.04761619922723496938019732708
23.94698684188880820272750723,0,0.000,23.94698684188880820272750723,0.3835616438356164383561643836,0.2876712328767123287671232877,23.56342519805319176437134285,0E-28,0E-28,410,411,2036,BASE,0.3835616438356164383561643836,0.2876712328767123287671232877,0.06508275621909863009191623299,0.04685958447775101366617968775
23.56342519805319176437134285,0,0.000,23.56342519805319176437134285,0.3835616438356164383561643836,0.2876712328767123287671232877,23.17986355421757532601517847,0E-28,0E-28,411,412,2036,BASE,0.3835616438356164383561643836,0.2876712328767123287671232877,0.06403190240037091382244728949,0.04610296972826705795216204843
23.17986355421757532601517847,0,0.000,23.17986355421757532601517847,0.3835616438356164383561643836,0.2876712328767123287671232877,22.79630191038195888765901409,0E-28,0E-28,412,413,2036,BASE,0.3835616438356164383561643836,0.2876712328767123287671232877,0.06298104858164319755297834598,0.04534635497878310223814440911
22.79630191038195888765901409,0,0.000,22.79630191038195888765901409,0.3835616438356164383561643836,0.2876712328767123287671232877,22.41274026654634244930284971,0E-28,0E-28,413,414,2036,BASE,0.3835616438356164383561643836,0.2876712328767123287671232877,0.06193019476291548128350940247,0.04458974022929914652412676978
22.41274026654634244930284971,0,0.000,22.41274026654634244930284971,0.3835616438356164383561643836,0.2876712328767123287671232877,22.02917862271072601094668533,0E-28,0E-28,414,415,2036,BASE,0.3835616438356164383561643836,0.2876712328767123287671232877,0.06087934094418776501404045896,0.04383312547981519081010913045
22.02917862271072601094668533,0,0.000,22.02917862271072601094668533,0.3835616438356164383561643836,0.2876712328767123287671232877,21.64561697887510957259052095,0E-28,0E-28,415,416,2036,BASE,0.3835616438356164383561643836,0.2876712328767123287671232877,0.05982848712546004874457151546,0.04307651073033123509609149113
21.64561697887510957259052095,0,0.000,21.64561697887510957259052095,0.3835616438356164383561643836,0.2876712328767123287671232877,21.26205533503949313423435657,0E-28,0E-28,416,417,2036,BASE,0.3835616438356164383561643836,0.2876712328767123287671232877,0.05877763330673233247510257195,0.04231989598084727938207385180
21.26205533503949313423435657,0,0.000,21.26205533503949313423435657,0.3835616438356164383561643836,0.2876712328767123287671232877,20.87849369120387669587819219,0E-28,0E-28,417,418,2036,BASE,0.3835616438356164383561643836,0.2876712328767123287671232877,0.05772677948800461620563362844,0.04156328123136332366805621248
20.87849369120387669587819219,0,0.000,20.87849369120387669587819219,0.3835616438356164383561643836,0.2876712328767123287671232877,20.49493204736826025752202781,0E-28,0E-28,418,419,2036,BASE,0.3835616438356164383561643836,0.2876712328767123287671232877,0.05667592566927689993616468494,0.04080666648187936795403857316
20.49493204736826025752202781,0,0.000,20.49493204736826025752202781,0.3835616438356164383561643836,0.2876712328767123287671232877,20.11137040353264381916586343,0E-28,0E-28,419,420,2036,BASE,0.3835616438356164383561643836,0.2876712328767123287671232877,0.05562507185054918366669574143,0.04005005173239541224002093383
20.11137040353264381916586343,0,0.000,20.11137040353264381916586343,0.3835616438356164383561643836,0.2876712328767123287671232877,19.72780875969702738080969905,0E-28,0E-28,420,421,2036,BASE,0.3835616438356164383561643836,0.2876712328767123287671232877,0.05457421803182146739722679792,0.03929343698291145652600329450
19.72780875969702738080969905,0,0.000,19.72780875969702738080969905,0.3835616438356164383561643836,0.2876712328767123287671232877,19.34424711586141094245353467,0E-28,0E-28,421,422,2036,BASE,0.3835616438356164383561643836,0.2876712328767123287671232877,0.05352336421309375112775785442,0.03853682223342750081198565518
19.34424711586141094245353467,0,0.000,19.34424711586141094245353467,0.3835616438356164383561643836,0.2876712328767123287671232877,18.96068547202579450409737029,0E-28,0E-28,422,423,2036,BASE,0.3835616438356164383561643836,0.2876712328767123287671232877,0.05247251039436603485828891091,0.03778020748394354509796801586
18.96068547202579450409737029,0,0.000,18.96068547202579450409737029,0.3835616438356164383561643836,0.2876712328767123287671232877,18.57712382819017806574120591,0E-28,0E-28,423,424,2036,BASE,0.3835616438356164383561643836,0.2876712328767123287671232877,0.05142165657563831858881996740,0.03702359273445958938395037653
18.57712382819017806574120591,0,0.000,18.57712382819017806574120591,0.3835616438356164383561643836,0.2876712328767123287671232877,18.19356218435456162738504153,0E-28,0E-28,424,425,2036,BASE,0.3835616438356164383561643836,0.2876712328767123287671232877,0.05037080275691060231935102390,0.03626697798497563366993273721
18.19356218435456162738504153,0,0.000,18.19356218435456162738504153,0.3196347031963470319634703196,0.2397260273972602739726027397,17.87392748115821459542157121,0E-28,0E-28,425,2555/6,2036,BASE,0.3196347031963470319634703196,0.2397260273972602739726027397,0.04117293340811960756028152139,0.02964451205384611744340269540
17.87392748115821459542157121,12.53768944601508282865314428,0.5641960250706787272893914926,29.84742090210261869678532400,0.06392694063926940639269406394,0.04794520547945205479452054795,29.78349396146334929039262994,0E-29,0E-29,2555/6,426,2036,BASE,0.06392694063926940639269406394,0.04794520547945205479452054795,0.01361436412410181917515478401,0.009802342169353309806111444487
29.78349396146334929039262994,0,0.000,29.78349396146334929039262994,0.3835616438356164383561643836,0.2876712328767123287671232877,29.39993231762773285203646556,0E-28,0E-28,426,427,2036,BASE,0.3835616438356164383561643836,0.2876712328767123287671232877,0.08107318668368641389373848699,0.05837269441225421800349171063
29.39993231762773285203646556,0,0.000,29.39993231762773285203646556,0.3835616438356164383561643836,0.2876712328767123287671232877,29.01637067379211641368030118,0E-28,0E-28,427,428,2036,BASE,0.3835616438356164383561643836,0.2876712328767123287671232877,0.08002233286495869762426954349,0.05761607966277026228947407131
29.01637067379211641368030118,0,0.000,29.01637067379211641368030118,0.3835616438356164383561643836,0.2876712328767123287671232877,28.63280902995649997532413680,0E-28,0E-28,428,429,2036,BASE,0.3835616438356164383561643836,0.2876712328767123287671232877,0.07897147904623098135480059998,0.05685946491328630657545643199
28.63280902995649997532413680,0,0.000,28.63280902995649997532413680,0.3835616438356164383561643836,0.2876712328767123287671232877,28.24924738612088353696797242,0E-28,0E-28,429,430,2036,BASE,0.3835616438356164383561643836,0.2876712328767123287671232877,0.07792062522750326508533165647,0.05610285016380235086143879266
28.24924738612088353696797242,0,0.000,28.24924738612088353696797242,0.3835616438356164383561643836,0.2876712328767123287671232877,27.86568574228526709861180804,0E-28,0E-28,430,431,2036,BASE,0.3835616438356164383561643836,0.2876712328767123287671232877,0.07686977140877554881586271297,0.05534623541431839514742115334
27.86568574228526709861180804,0,0.000,27.86568574228526709861180804,0.3835616438356164383561643836,0.2876712328767123287671232877,27.48212409844965066025564366,0E-28,0E-28,431,432,2036,BASE,0.3835616438356164383561643836,0.2876712328767123287671232877,0.07581891759004783254639376946,0.05458962066483443943340351401
27.48212409844965066025564366,0,0.000,27.48212409844965066025564366,0.3835616438356164383561643836,0.2876712328767123287671232877,27.09856245461403422189947928,0E-28,0E-28,432,433,2036,BASE,0.3835616438356164383561643836,0.2876712328767123287671232877,0.07476806377132011627692482595,0.05383300591535048371938587468
27.09856245461403422189947928,0,0.000,27.09856245461403422189947928,0.3835616438356164383561643836,0.2876712328767123287671232877,26.71500081077841778354331490,0E-28,0E-28,433,434,2036,BASE,0.3835616438356164383561643836,0.2876712328767123287671232877,0.07371720995259240000745588245,0.05307639116586652800536823536
26.71500081077841778354331490,0,0.000,26.71500081077841778354331490,0.3835616438356164383561643836,0.2876712328767123287671232877,26.33143916694280134518715052,0E-28,0E-28,434,435,2036,BASE,0.3835616438356164383561643836,0.2876712328767123287671232877,0.07266635613386468373798693894,0.05231977641638257229135059604
26.33143916694280134518715052,0,0.000,26.33143916694280134518715052,0.3835616438356164383561643836,0.2876712328767123287671232877,25.94787752310718490683098614,0E-28,0E-28,435,436,2036,BASE,0.3835616438356164383561643836,0.2876712328767123287671232877,0.07161550231513696746851799543,0.05156316166689861657733295671
25.94787752310718490683098614,0,0.000,25.94787752310718490683098614,0.3835616438356164383561643836,0.2876712328767123287671232877,25.56431587927156846847482176,0E-28,0E-28,436,437,2036,BASE,0.3835616438356164383561643836,0.2876712328767123287671232877,0.07056464849640925119904905192,0.05080654691741466086331531738
25.56431587927156846847482176,0,0.000,25.56431587927156846847482176,0.3835616438356164383561643836,0.2876712328767123287671232877,25.18075423543595203011865738,0E-28,0E-28,437,438,2036,BASE,0.3835616438356164383561643836,0.2876712328767123287671232877,0.06951379467768153492958010842,0.05004993216793070514929767806
25.18075423543595203011865738,0,0.000,25.18075423543595203011865738,0.3835616438356164383561643836,0.2876712328767123287671232877,24.79719259160033559176249300,0E-28,0E-28,438,439,2036,BASE,0.3835616438356164383561643836,0.2876712328767123287671232877,0.06846294085895381866011116491,0.04929331741844674943528003874
24.79719259160033559176249300,0,0.000,24.79719259160033559176249300,0.3835616438356164383561643836,0.2876712328767123287671232877,24.41363094776471915340632862,0E-28,0E-28,439,440,2036,BASE,0.3835616438356164383561643836,0.2876712328767123287671232877,0.06741208704022610239064222140,0.04853670266896279372126239941
24.41363094776471915340632862,0,0.000,24.41363094776471915340632862,0.3835616438356164383561643836,0.2876712328767123287671232877,24.03006930392910271505016424,0E-28,0E-28,440,441,2036,BASE,0.3835616438356164383561643836,0.2876712328767123287671232877,0.06636123322149838612117327790,0.04778008791947883800724476009
24.03006930392910271505016424,0,0.000,24.03006930392910271505016424,0.3835616438356164383561643836,0.2876712328767123287671232877,23.64650766009348627669399986,0E-28,0E-28,441,442,2036,BASE,0.3835616438356164383561643836,0.2876712328767123287671232877,0.06531037940277066985170433439,0.04702347316999488229322712076
23.64650766009348627669399986,0,0.000,23.64650766009348627669399986,0.3835616438356164383561643836,0.2876712328767123287671232877,23.26294601625786983833783548,0E-28,0E-28,442,443,2036,BASE,0.3835616438356164383561643836,0.2876712328767123287671232877,0.06425952558404295358223539088,0.04626685842051092657920948143
23.26294601625786983833783548,0,0.000,23.26294601625786983833783548,0.3835616438356164383561643836,0.2876712328767123287671232877,22.87938437242225339998167110,0E-28,0E-28,443,444,2036,BASE,0.3835616438356164383561643836,0.2876712328767123287671232877,0.06320867176531523731276644738,0.04551024367102697086519184211
22.87938437242225339998167110,0,0.000,22.87938437242225339998167110,0.3835616438356164383561643836,0.2876712328767123287671232877,22.49582272858663696162550672,0E-28,0E-28,444,445,2036,BASE,0.3835616438356164383561643836,0.2876712328767123287671232877,0.06215781794658752104329750387,0.04475362892154301515117420279
22.49582272858663696162550672,0,0.000,22.49582272858663696162550672,0.3835616438356164383561643836,0.2876712328767123287671232877,22.11226108475102052326934234,0E-28,0E-28,445,446,2036,BASE,0.3835616438356164383561643836,0.2876712328767123287671232877,0.06110696412785980477382856036,0.04399701417205905943715656346
22.11226108475102052326934234,0,0.000,22.11226108475102052326934234,0.3835616438356164383561643836,0.2876712328767123287671232877,21.72869944091540408491317796,0E-28,0E-28,446,447,2036,BASE,0.3835616438356164383561643836,0.2876712328767123287671232877,0.06005611030913208850435961686,0.04324039942257510372313892414
21.72869944091540408491317796,0,0.000,21.72869944091540408491317796,0.3835616438356164383561643836,0.2876712328767123287671232877,21.34513779707978764655701358,0E-28,0E-28,447,448,2036,BASE,0.3835616438356164383561643836,0.2876712328767123287671232877,0.05900525649040437223489067335,0.04248378467309114800912128481
21.34513779707978764655701358,0,0.000,21.34513779707978764655701358,0.3835616438356164383561643836,0.2876712328767123287671232877,20.96157615324417120820084920,0E-28,0E-28,448,449,2036,BASE,0.3835616438356164383561643836,0.2876712328767123287671232877,0.05795440267167665596542172984,0.04172716992360719229510364548
20.96157615324417120820084920,0,0.000,20.96157615324417120820084920,0.3835616438356164383561643836,0.2876712328767123287671232877,20.57801450940855476984468482,0E-28,0E-28,449,450,2036,BASE,0.3835616438356164383561643836,0.2876712328767123287671232877,0.05690354885294893969595278633,0.04097055517412323658108600616
20.57801450940855476984468482,0,0.000,20.57801450940855476984468482,0.3835616438356164383561643836,0.2876712328767123287671232877,20.19445286557293833148852044,0E-28,0E-28,450,451,2036,BASE,0.3835616438356164383561643836,0.2876712328767123287671232877,0.05585269503422122342648384283,0.04021394042463928086706836684
20.19445286557293833148852044,0,0.000,20.19445286557293833148852044,0.3835616438356164383561643836,0.2876712328767123287671232877,19.81089122173732189313235606,0E-28,0E-28,451,452,2036,BASE,0.3835616438356164383561643836,0.2876712328767123287671232877,0.05480184121549350715701489932,0.03945732567515532515305072751
19.81089122173732189313235606,0,0.000,19.81089122173732189313235606,0.3835616438356164383561643836,0.2876712328767123287671232877,19.42732957790170545477619168,0E-28,0E-28,452,453,2036,BASE,0.3835616438356164383561643836,0.2876712328767123287671232877,0.05375098739676579088754595581,0.03870071092567136943903308818
19.42732957790170545477619168,0,0.000,19.42732957790170545477619168,0.3835616438356164383561643836,0.2876712328767123287671232877,19.04376793406608901642002730,0E-28,0E-28,453,454,2036,BASE,0.3835616438356164383561643836,0.2876712328767123287671232877,0.05270013357803807461807701231,0.03794409617618741372501544886
19.04376793406608901642002730,0,0.000,19.04376793406608901642002730,0.3835616438356164383561643836,0.2876712328767123287671232877,18.66020629023047257806386292,0E-28,0E-28,454,455,2036,BASE,0.3835616438356164383561643836,0.2876712328767123287671232877,0.05164927975931035834860806880,0.03718748142670345801099780954
18.66020629023047257806386292,0,0.000,18.66020629023047257806386292,0.3835616438356164383561643836,0.2876712328767123287671232877,18.27664464639485613970769854,0E-28,0E-28,455,456,2036,BASE,0.3835616438356164383561643836,0.2876712328767123287671232877,0.05059842594058264207913912529,0.03643086667721950229698017021
18.27664464639485613970769854,0,0.000,18.27664464639485613970769854,0.09589041095890410958904109589,0.07191780821917808219178082191,18.18075423543595203011865744,0E-29,0E-29,456,1825/4,2036,BASE,0.09589041095890410958904109589,0.07191780821917808219178082191,0.01248541057596945485268025890,0.008989495614698007493929786408
18.18075423543595203011865744,12.53768944601508282865314428,0.5641960250706787272893914926,30.15424765638035613148241023,0.2876712328767123287671232877,0.2157534246575342465753424658,29.86657642350364380271528694,0E-28,0E-28,1825/4,457,2036,BASE,0.2876712328767123287671232877,0.2157534246575342465753424658,0.06166523021905890404198393544,0.04439896575772241091022843352
29.86657642350364380271528694,0,0.000,29.86657642350364380271528694,0.3835616438356164383561643836,0.2876712328767123287671232877,29.48301477966802736435912256,0E-28,0E-28,457,458,2036,BASE,0.3835616438356164383561643836,0.2876712328767123287671232877,0.08130080986735845365352658836,0.05853658310449808663053914362
29.48301477966802736435912256,0,0.000,29.48301477966802736435912256,0.3835616438356164383561643836,0.2876712328767123287671232877,29.09945313583241092600295818,0E-28,0E-28,458,459,2036,BASE,0.3835616438356164383561643836,0.2876712328767123287671232877,0.08024995604863073738405764486,0.05777996835501413091652150430
29.09945313583241092600295818,0,0.000,29.09945313583241092600295818,0.3835616438356164383561643836,0.2876712328767123287671232877,28.71589149199679448764679380,0E-28,0E-28,459,460,2036,BASE,0.3835616438356164383561643836,0.2876712328767123287671232877,0.07919910222990302111458870135,0.05702335360553017520250386497
28.71589149199679448764679380,0,0.000,28.71589149199679448764679380,0.3835616438356164383561643836,0.2876712328767123287671232877,28.33232984816117804929062942,0E-28,0E-28,460,461,2036,BASE,0.3835616438356164383561643836,0.2876712328767123287671232877,0.07814824841117530484511975784,0.05626673885604621948848622564
28.33232984816117804929062942,0,0.000,28.33232984816117804929062942,0.3835616438356164383561643836,0.2876712328767123287671232877,27.94876820432556161093446504,0E-28,0E-28,461,462,2036,BASE,0.3835616438356164383561643836,0.2876712328767123287671232877,0.07709739459244758857565081434,0.05551012410656226377446858632
27.94876820432556161093446504,0,0.000,27.94876820432556161093446504,0.3835616438356164383561643836,0.2876712328767123287671232877,27.56520656048994517257830066,0E-28,0E-28,462,463,2036,BASE,0.3835616438356164383561643836,0.2876712328767123287671232877,0.07604654077371987230618187083,0.05475350935707830806045094700
27.56520656048994517257830066,0,0.000,27.56520656048994517257830066,0.3835616438356164383561643836,0.2876712328767123287671232877,27.18164491665432873422213628,0E-28,0E-28,463,464,2036,BASE,0.3835616438356164383561643836,0.2876712328767123287671232877,0.07499568695499215603671292732,0.05399689460759435234643330767
27.18164491665432873422213628,0,0.000,27.18164491665432873422213628,0.3835616438356164383561643836,0.2876712328767123287671232877,26.79808327281871229586597190,0E-28,0E-28,464,465,2036,BASE,0.3835616438356164383561643836,0.2876712328767123287671232877,0.07394483313626443976724398382,0.05324027985811039663241566835
26.79808327281871229586597190,0,0.000,26.79808327281871229586597190,0.3835616438356164383561643836,0.2876712328767123287671232877,26.41452162898309585750980752,0E-28,0E-28,465,466,2036,BASE,0.3835616438356164383561643836,0.2876712328767123287671232877,0.07289397931753672349777504031,0.05248366510862644091839802902
26.41452162898309585750980752,0,0.000,26.41452162898309585750980752,0.3835616438356164383561643836,0.2876712328767123287671232877,26.03095998514747941915364314,0E-28,0E-28,466,467,2036,BASE,0.3835616438356164383561643836,0.2876712328767123287671232877,0.07184312549880900722830609680,0.05172705035914248520438038970
26.03095998514747941915364314,0,0.000,26.03095998514747941915364314,0.3835616438356164383561643836,0.2876712328767123287671232877,25.64739834131186298079747876,0E-28,0E-28,467,468,2036,BASE,0.3835616438356164383561643836,0.2876712328767123287671232877,0.07079227168008129095883715329,0.05097043560965852949036275037
25.64739834131186298079747876,0,0.000,25.64739834131186298079747876,0.3835616438356164383561643836,0.2876712328767123287671232877,25.26383669747624654244131438,0E-28,0E-28,468,469,2036,BASE,0.3835616438356164383561643836,0.2876712328767123287671232877,0.06974141786135357468936820979,0.05021382086017457377634511105
25.26383669747624654244131438,0,0.000,25.26383669747624654244131438,0.3835616438356164383561643836,0.2876712328767123287671232877,24.88027505364063010408515000,0E-28,0E-28,469,470,2036,BASE,0.3835616438356164383561643836,0.2876712328767123287671232877,0.06869056404262585841989926628,0.04945720611069061806232747172
24.88027505364063010408515000,0,0.000,24.88027505364063010408515000,0.3835616438356164383561643836,0.2876712328767123287671232877,24.49671340980501366572898562,0E-28,0E-28,470,471,2036,BASE,0.3835616438356164383561643836,0.2876712328767123287671232877,0.06763971022389814215043032277,0.04870059136120666234830983239
24.49671340980501366572898562,0,0.000,24.49671340980501366572898562,0.3835616438356164383561643836,0.2876712328767123287671232877,24.11315176596939722737282124,0E-28,0E-28,471,472,2036,BASE,0.3835616438356164383561643836,0.2876712328767123287671232877,0.06658885640517042588096137927,0.04794397661172270663429219307
24.11315176596939722737282124,0,0.000,24.11315176596939722737282124,0.3835616438356164383561643836,0.2876712328767123287671232877,23.72959012213378078901665686,0E-28,0E-28,472,473,2036,BASE,0.3835616438356164383561643836,0.2876712328767123287671232877,0.06553800258644270961149243576,0.04718736186223875092027455375
23.72959012213378078901665686,0,0.000,23.72959012213378078901665686,0.3835616438356164383561643836,0.2876712328767123287671232877,23.34602847829816435066049248,0E-28,0E-28,473,474,2036,BASE,0.3835616438356164383561643836,0.2876712328767123287671232877,0.06448714876771499334202349225,0.04643074711275479520625691442
23.34602847829816435066049248,0,0.000,23.34602847829816435066049248,0.3835616438356164383561643836,0.2876712328767123287671232877,22.96246683446254791230432810,0E-28,0E-28,474,475,2036,BASE,0.3835616438356164383561643836,0.2876712328767123287671232877,0.06343629494898727707255454875,0.04567413236327083949223927510
22.96246683446254791230432810,0,0.000,22.96246683446254791230432810,0.3835616438356164383561643836,0.2876712328767123287671232877,22.57890519062693147394816372,0E-28,0E-28,475,476,2036,BASE,0.3835616438356164383561643836,0.2876712328767123287671232877,0.06238544113025956080308560524,0.04491751761378688377822163577
22.57890519062693147394816372,0,0.000,22.57890519062693147394816372,0.3835616438356164383561643836,0.2876712328767123287671232877,22.19534354679131503559199934,0E-28,0E-28,476,477,2036,BASE,0.3835616438356164383561643836,0.2876712328767123287671232877,0.06133458731153184453361666173,0.04416090286430292806420399645
22.19534354679131503559199934,0,0.000,22.19534354679131503559199934,0.3835616438356164383561643836,0.2876712328767123287671232877,21.81178190295569859723583496,0E-28,0E-28,477,478,2036,BASE,0.3835616438356164383561643836,0.2876712328767123287671232877,0.06028373349280412826414771823,0.04340428811481897235018635713
21.81178190295569859723583496,0,0.000,21.81178190295569859723583496,0.3835616438356164383561643836,0.2876712328767123287671232877,21.42822025912008215887967058,0E-28,0E-28,478,479,2036,BASE,0.3835616438356164383561643836,0.2876712328767123287671232877,0.05923287967407641199467877472,0.04264767336533501663616871780
21.42822025912008215887967058,0,0.000,21.42822025912008215887967058,0.3835616438356164383561643836,0.2876712328767123287671232877,21.04465861528446572052350620,0E-28,0E-28,479,480,2036,BASE,0.3835616438356164383561643836,0.2876712328767123287671232877,0.05818202585534869572520983121,0.04189105861585106092215107847
21.04465861528446572052350620,0,0.000,21.04465861528446572052350620,0.3835616438356164383561643836,0.2876712328767123287671232877,20.66109697144884928216734182,0E-28,0E-28,480,481,2036,BASE,0.3835616438356164383561643836,0.2876712328767123287671232877,0.05713117203662097945574088770,0.04113444386636710520813343914
20.66109697144884928216734182,0,0.000,20.66109697144884928216734182,0.3835616438356164383561643836,0.2876712328767123287671232877,20.27753532761323284381117744,0E-28,0E-28,481,482,2036,BASE,0.3835616438356164383561643836,0.2876712328767123287671232877,0.05608031821789326318627194420,0.04037782911688314949411579982
20.27753532761323284381117744,0,0.000,20.27753532761323284381117744,0.3835616438356164383561643836,0.2876712328767123287671232877,19.89397368377761640545501306,0E-28,0E-28,482,483,2036,BASE,0.3835616438356164383561643836,0.2876712328767123287671232877,0.05502946439916554691680300069,0.03962121436739919378009816050
19.89397368377761640545501306,0,0.000,19.89397368377761640545501306,0.3835616438356164383561643836,0.2876712328767123287671232877,19.51041203994199996709884868,0E-28,0E-28,483,484,2036,BASE,0.3835616438356164383561643836,0.2876712328767123287671232877,0.05397861058043783064733405718,0.03886459961791523806608052117
19.51041203994199996709884868,0,0.000,19.51041203994199996709884868,0.3835616438356164383561643836,0.2876712328767123287671232877,19.12685039610638352874268430,0E-28,0E-28,484,485,2036,BASE,0.3835616438356164383561643836,0.2876712328767123287671232877,0.05292775676171011437786511368,0.03810798486843128235206288185
19.12685039610638352874268430,0,0.000,19.12685039610638352874268430,0.3835616438356164383561643836,0.2876712328767123287671232877,18.74328875227076709038651992,0E-28,0E-28,485,486,2036,BASE,0.3835616438356164383561643836,0.2876712328767123287671232877,0.05187690294298239810839617017,0.03735137011894732663804524252
18.74328875227076709038651992,0,0.000,18.74328875227076709038651992,0.2557077625570776255707762558,0.1917808219178082191780821918,18.48758098971368946481574366,0E-28,0E-28,486,1460/3,2036,BASE,0.2557077625570776255707762558,0.1917808219178082191780821918,0.03400079428491731192255914483,0.02448057188514046458424258428
18.48758098971368946481574366,12.53768944601508282865314428,0.5641960250706787272893914926,30.46107441065809356617949645,0.1278538812785388127853881278,0.09589041095890410958904109589,30.33322052937955475339410832,0E-28,0E-29,1460/3,487,2036,BASE,0.1278538812785388127853881278,0.09589041095890410958904109589,0.02775995202741445128747653185,0.01998716545973840492698310293
30.33322052937955475339410832,0,0.000,30.33322052937955475339410832,0.3835616438356164383561643836,0.2876712328767123287671232877,29.94965888554393831503794394,0E-28,0E-28,487,488,2036,BASE,0.3835616438356164383561643836,0.2876712328767123287671232877,0.08257928686975820968278363324,0.05945708654622591097160421593
29.94965888554393831503794394,0,0.000,29.94965888554393831503794394,0.3835616438356164383561643836,0.2876712328767123287671232877,29.56609724170832187668177956,0E-28,0E-28,488,489,2036,BASE,0.3835616438356164383561643836,0.2876712328767123287671232877,0.08152843305103049341331468973,0.05870047179674195525758657661
29.56609724170832187668177956,0,0.000,29.56609724170832187668177956,0.3835616438356164383561643836,0.2876712328767123287671232877,29.18253559787270543832561518,0E-28,0E-28,489,490,2036,BASE,0.3835616438356164383561643836,0.2876712328767123287671232877,0.08047757923230277714384574623,0.05794385704725799954356893729
29.18253559787270543832561518,0,0.000,29.18253559787270543832561518,0.3835616438356164383561643836,0.2876712328767123287671232877,28.79897395403708899996945080,0E-28,0E-28,490,491,2036,BASE,0.3835616438356164383561643836,0.2876712328767123287671232877,0.07942672541357506087437680272,0.05718724229777404382955129796
28.79897395403708899996945080,0,0.000,28.79897395403708899996945080,0.3835616438356164383561643836,0.2876712328767123287671232877,28.41541231020147256161328642,0E-28,0E-28,491,492,2036,BASE,0.3835616438356164383561643836,0.2876712328767123287671232877,0.07837587159484734460490785921,0.05643062754829008811553365863
28.41541231020147256161328642,0,0.000,28.41541231020147256161328642,0.3835616438356164383561643836,0.2876712328767123287671232877,28.03185066636585612325712204,0E-28,0E-28,492,493,2036,BASE,0.3835616438356164383561643836,0.2876712328767123287671232877,0.07732501777611962833543891571,0.05567401279880613240151601931
28.03185066636585612325712204,0,0.000,28.03185066636585612325712204,0.3835616438356164383561643836,0.2876712328767123287671232877,27.64828902253023968490095766,0E-28,0E-28,493,494,2036,BASE,0.3835616438356164383561643836,0.2876712328767123287671232877,0.07627416395739191206596997220,0.05491739804932217668749837998
27.64828902253023968490095766,0,0.000,27.64828902253023968490095766,0.3835616438356164383561643836,0.2876712328767123287671232877,27.26472737869462324654479328,0E-28,0E-28,494,495,2036,BASE,0.3835616438356164383561643836,0.2876712328767123287671232877,0.07522331013866419579650102869,0.05416078329983822097348074066
27.26472737869462324654479328,0,0.000,27.26472737869462324654479328,0.3835616438356164383561643836,0.2876712328767123287671232877,26.88116573485900680818862890,0E-28,0E-28,495,496,2036,BASE,0.3835616438356164383561643836,0.2876712328767123287671232877,0.07417245631993647952703208519,0.05340416855035426525946310134
26.88116573485900680818862890,0,0.000,26.88116573485900680818862890,0.3835616438356164383561643836,0.2876712328767123287671232877,26.49760409102339036983246452,0E-28,0E-28,496,497,2036,BASE,0.3835616438356164383561643836,0.2876712328767123287671232877,0.07312160250120876325756314168,0.05264755380087030954544546201
26.49760409102339036983246452,0,0.000,26.49760409102339036983246452,0.3835616438356164383561643836,0.2876712328767123287671232877,26.11404244718777393147630014,0E-28,0E-28,497,498,2036,BASE,0.3835616438356164383561643836,0.2876712328767123287671232877,0.07207074868248104698809419817,0.05189093905138635383142782268
26.11404244718777393147630014,0,0.000,26.11404244718777393147630014,0.3835616438356164383561643836,0.2876712328767123287671232877,25.73048080335215749312013576,0E-28,0E-28,498,499,2036,BASE,0.3835616438356164383561643836,0.2876712328767123287671232877,0.07101989486375333071862525466,0.05113432430190239811741018336
25.73048080335215749312013576,0,0.000,25.73048080335215749312013576,0.3835616438356164383561643836,0.2876712328767123287671232877,25.34691915951654105476397138,0E-28,0E-28,499,500,2036,BASE,0.3835616438356164383561643836,0.2876712328767123287671232877,0.06996904104502561444915631116,0.05037770955241844240339254404
25.34691915951654105476397138,0,0.000,25.34691915951654105476397138,0.3835616438356164383561643836,0.2876712328767123287671232877,24.96335751568092461640780700,0E-28,0E-28,500,501,2036,BASE,0.3835616438356164383561643836,0.2876712328767123287671232877,0.06891818722629789817968736765,0.04962109480293448668937490471
24.96335751568092461640780700,0,0.000,24.96335751568092461640780700,0.3835616438356164383561643836,0.2876712328767123287671232877,24.57979587184530817805164262,0E-28,0E-28,501,502,2036,BASE,0.3835616438356164383561643836,0.2876712328767123287671232877,0.06786733340757018191021842414,0.04886448005345053097535726538
24.57979587184530817805164262,0,0.000,24.57979587184530817805164262,0.3835616438356164383561643836,0.2876712328767123287671232877,24.19623422800969173969547824,0E-28,0E-28,502,503,2036,BASE,0.3835616438356164383561643836,0.2876712328767123287671232877,0.06681647958884246564074948064,0.04810786530396657526133962606
24.19623422800969173969547824,0,0.000,24.19623422800969173969547824,0.3835616438356164383561643836,0.2876712328767123287671232877,23.81267258417407530133931386,0E-28,0E-28,503,504,2036,BASE,0.3835616438356164383561643836,0.2876712328767123287671232877,0.06576562577011474937128053713,0.04735125055448261954732198673
23.81267258417407530133931386,0,0.000,23.81267258417407530133931386,0.3835616438356164383561643836,0.2876712328767123287671232877,23.42911094033845886298314948,0E-28,0E-28,504,505,2036,BASE,0.3835616438356164383561643836,0.2876712328767123287671232877,0.06471477195138703310181159362,0.04659463580499866383330434741
23.42911094033845886298314948,0,0.000,23.42911094033845886298314948,0.3835616438356164383561643836,0.2876712328767123287671232877,23.04554929650284242462698510,0E-28,0E-28,505,506,2036,BASE,0.3835616438356164383561643836,0.2876712328767123287671232877,0.06366391813265931683234265012,0.04583802105551470811928670809
23.04554929650284242462698510,0,0.000,23.04554929650284242462698510,0.3835616438356164383561643836,0.2876712328767123287671232877,22.66198765266722598627082072,0E-28,0E-28,506,507,2036,BASE,0.3835616438356164383561643836,0.2876712328767123287671232877,0.06261306431393160056287370661,0.04508140630603075240526906876
22.66198765266722598627082072,0,0.000,22.66198765266722598627082072,0.3835616438356164383561643836,0.2876712328767123287671232877,22.27842600883160954791465634,0E-28,0E-28,507,508,2036,BASE,0.3835616438356164383561643836,0.2876712328767123287671232877,0.06156221049520388429340476310,0.04432479155654679669125142943
22.27842600883160954791465634,0,0.000,22.27842600883160954791465634,0.3835616438356164383561643836,0.2876712328767123287671232877,21.89486436499599310955849196,0E-28,0E-28,508,509,2036,BASE,0.3835616438356164383561643836,0.2876712328767123287671232877,0.06051135667647616802393581960,0.04356817680706284097723379011
21.89486436499599310955849196,0,0.000,21.89486436499599310955849196,0.3835616438356164383561643836,0.2876712328767123287671232877,21.51130272116037667120232758,0E-28,0E-28,509,510,2036,BASE,0.3835616438356164383561643836,0.2876712328767123287671232877,0.05946050285774845175446687609,0.04281156205757888526321615078
21.51130272116037667120232758,0,0.000,21.51130272116037667120232758,0.3835616438356164383561643836,0.2876712328767123287671232877,21.12774107732476023284616320,0E-28,0E-28,510,511,2036,BASE,0.3835616438356164383561643836,0.2876712328767123287671232877,0.05840964903902073548499793258,0.04205494730809492954919851146
21.12774107732476023284616320,0,0.000,21.12774107732476023284616320,0.3835616438356164383561643836,0.2876712328767123287671232877,20.74417943348914379448999882,0E-28,0E-28,511,512,2036,BASE,0.3835616438356164383561643836,0.2876712328767123287671232877,0.05735879522029301921552898907,0.04129833255861097383518087213
20.74417943348914379448999882,0,0.000,20.74417943348914379448999882,0.3835616438356164383561643836,0.2876712328767123287671232877,20.36061778965352735613383444,0E-28,0E-28,512,513,2036,BASE,0.3835616438356164383561643836,0.2876712328767123287671232877,0.05630794140156530294606004557,0.04054171780912701812116323281
20.36061778965352735613383444,0,0.000,20.36061778965352735613383444,0.3835616438356164383561643836,0.2876712328767123287671232877,19.97705614581791091777767006,0E-28,0E-28,513,514,2036,BASE,0.3835616438356164383561643836,0.2876712328767123287671232877,0.05525708758283758667659110206,0.03978510305964306240714559348
19.97705614581791091777767006,0,0.000,19.97705614581791091777767006,0.3835616438356164383561643836,0.2876712328767123287671232877,19.59349450198229447942150568,0E-28,0E-28,514,515,2036,BASE,0.3835616438356164383561643836,0.2876712328767123287671232877,0.05420623376410987040712215855,0.03902848831015910669312795416
19.59349450198229447942150568,0,0.000,19.59349450198229447942150568,0.3835616438356164383561643836,0.2876712328767123287671232877,19.20993285814667804106534130,0E-28,0E-28,515,516,2036,BASE,0.3835616438356164383561643836,0.2876712328767123287671232877,0.05315537994538215413765321505,0.03827187356067515097911031484
19.20993285814667804106534130,0,0.000,19.20993285814667804106534130,0.3835616438356164383561643836,0.2876712328767123287671232877,18.82637121431106160270917692,0E-28,0E-28,516,517,2036,BASE,0.3835616438356164383561643836,0.2876712328767123287671232877,0.05210452612665443786818427154,0.03751525881119119526509267551
18.82637121431106160270917692,0,0.000,18.82637121431106160270917692,0.03196347031963470319634703196,0.02397260273972602739726027397,18.79440774399142689951282989,0E-29,0E-29,517,6205/12,2036,BASE,0.03196347031963470319634703196,0.02397260273972602739726027397,0.004294609470125854851851827260,0.003092118818490615493333315627
18.79440774399142689951282989,12.53768944601508282865314428,0.5641960250706787272893914926,30.76790116493583100087658268,0.3515981735159817351598173517,0.2636986301369863013698630138,30.41630299141984926571676533,0E-28,0E-28,6205/12,518,2036,BASE,0.3515981735159817351598173517,0.2636986301369863013698630138,0.07682948010501284051741173837,0.05531722567560924517253645163
30.41630299141984926571676533,0,0.000,30.41630299141984926571676533,0.3835616438356164383561643836,0.2876712328767123287671232877,30.03274134758423282736060095,0E-28,0E-28,518,519,2036,BASE,0.3835616438356164383561643836,0.2876712328767123287671232877,0.08280691005343024944257173464,0.05962097523846977959865164894
30.03274134758423282736060095,0,0.000,30.03274134758423282736060095,0.3835616438356164383561643836,0.2876712328767123287671232877,29.64917970374861638900443657,0E-28,0E-28,519,520,2036,BASE,0.3835616438356164383561643836,0.2876712328767123287671232877,0.08175605623470253317310279113,0.05886436048898582388463400961
29.64917970374861638900443657,0,0.000,29.64917970374861638900443657,0.3835616438356164383561643836,0.2876712328767123287671232877,29.26561805991299995064827219,0E-28,0E-28,520,521,2036,BASE,0.3835616438356164383561643836,0.2876712328767123287671232877,0.08070520241597481690363384762,0.05810774573950186817061637029
29.26561805991299995064827219,0,0.000,29.26561805991299995064827219,0.3835616438356164383561643836,0.2876712328767123287671232877,28.88205641607738351229210781,0E-28,0E-28,521,522,2036,BASE,0.3835616438356164383561643836,0.2876712328767123287671232877,0.07965434859724710063416490412,0.05735113099001791245659873097
28.88205641607738351229210781,0,0.000,28.88205641607738351229210781,0.3835616438356164383561643836,0.2876712328767123287671232877,28.49849477224176707393594343,0E-28,0E-28,522,523,2036,BASE,0.3835616438356164383561643836,0.2876712328767123287671232877,0.07860349477851938436469596061,0.05659451624053395674258109164
28.49849477224176707393594343,0,0.000,28.49849477224176707393594343,0.3835616438356164383561643836,0.2876712328767123287671232877,28.11493312840615063557977905,0E-28,0E-28,523,524,2036,BASE,0.3835616438356164383561643836,0.2876712328767123287671232877,0.07755264095979166809522701710,0.05583790149105000102856345231
28.11493312840615063557977905,0,0.000,28.11493312840615063557977905,0.3835616438356164383561643836,0.2876712328767123287671232877,27.73137148457053419722361467,0E-28,0E-28,524,525,2036,BASE,0.3835616438356164383561643836,0.2876712328767123287671232877,0.07650178714106395182575807360,0.05508128674156604531454581299
27.73137148457053419722361467,0,0.000,27.73137148457053419722361467,0.3835616438356164383561643836,0.2876712328767123287671232877,27.34780984073491775886745029,0E-28,0E-28,525,526,2036,BASE,0.3835616438356164383561643836,0.2876712328767123287671232877,0.07545093332233623555628913009,0.05432467199208208960052817366
27.34780984073491775886745029,0,0.000,27.34780984073491775886745029,0.3835616438356164383561643836,0.2876712328767123287671232877,26.96424819689930132051128591,0E-28,0E-28,526,527,2036,BASE,0.3835616438356164383561643836,0.2876712328767123287671232877,0.07440007950360851928682018658,0.05356805724259813388651053434
26.96424819689930132051128591,0,0.000,26.96424819689930132051128591,0.3835616438356164383561643836,0.2876712328767123287671232877,26.58068655306368488215512153,0E-28,0E-28,527,528,2036,BASE,0.3835616438356164383561643836,0.2876712328767123287671232877,0.07334922568488080301735124308,0.05281144249311417817249289502
26.58068655306368488215512153,0,0.000,26.58068655306368488215512153,0.3835616438356164383561643836,0.2876712328767123287671232877,26.19712490922806844379895715,0E-28,0E-28,528,529,2036,BASE,0.3835616438356164383561643836,0.2876712328767123287671232877,0.07229837186615308674788229957,0.05205482774363022245847525569
26.19712490922806844379895715,0,0.000,26.19712490922806844379895715,0.3835616438356164383561643836,0.2876712328767123287671232877,25.81356326539245200544279277,0E-28,0E-28,529,530,2036,BASE,0.3835616438356164383561643836,0.2876712328767123287671232877,0.07124751804742537047841335606,0.05129821299414626674445761636
25.81356326539245200544279277,0,0.000,25.81356326539245200544279277,0.3835616438356164383561643836,0.2876712328767123287671232877,25.43000162155683556708662839,0E-28,0E-28,530,531,2036,BASE,0.3835616438356164383561643836,0.2876712328767123287671232877,0.07019666422869765420894441255,0.05054159824466231103043997704
25.43000162155683556708662839,0,0.000,25.43000162155683556708662839,0.3835616438356164383561643836,0.2876712328767123287671232877,25.04643997772121912873046401,0E-28,0E-28,531,532,2036,BASE,0.3835616438356164383561643836,0.2876712328767123287671232877,0.06914581040996993793947546905,0.04978498349517835531642233772
25.04643997772121912873046401,0,0.000,25.04643997772121912873046401,0.3835616438356164383561643836,0.2876712328767123287671232877,24.66287833388560269037429963,0E-28,0E-28,532,533,2036,BASE,0.3835616438356164383561643836,0.2876712328767123287671232877,0.06809495659124222167000652554,0.04902836874569439960240469839
24.66287833388560269037429963,0,0.000,24.66287833388560269037429963,0.3835616438356164383561643836,0.2876712328767123287671232877,24.27931669004998625201813525,0E-28,0E-28,533,534,2036,BASE,0.3835616438356164383561643836,0.2876712328767123287671232877,0.06704410277251450540053758203,0.04827175399621044388838705906
24.27931669004998625201813525,0,0.000,24.27931669004998625201813525,0.3835616438356164383561643836,0.2876712328767123287671232877,23.89575504621436981366197087,0E-28,0E-28,534,535,2036,BASE,0.3835616438356164383561643836,0.2876712328767123287671232877,0.06599324895378678913106863853,0.04751513924672648817436941974
23.89575504621436981366197087,0,0.000,23.89575504621436981366197087,0.3835616438356164383561643836,0.2876712328767123287671232877,23.51219340237875337530580649,0E-28,0E-28,535,536,2036,BASE,0.3835616438356164383561643836,0.2876712328767123287671232877,0.06494239513505907286159969502,0.04675852449724253246035178041
23.51219340237875337530580649,0,0.000,23.51219340237875337530580649,0.3835616438356164383561643836,0.2876712328767123287671232877,23.12863175854313693694964211,0E-28,0E-28,536,537,2036,BASE,0.3835616438356164383561643836,0.2876712328767123287671232877,0.06389154131633135659213075151,0.04600190974775857674633414109
23.12863175854313693694964211,0,0.000,23.12863175854313693694964211,0.3835616438356164383561643836,0.2876712328767123287671232877,22.74507011470752049859347773,0E-28,0E-28,537,538,2036,BASE,0.3835616438356164383561643836,0.2876712328767123287671232877,0.06284068749760364032266180801,0.04524529499827462103231650177
22.74507011470752049859347773,0,0.000,22.74507011470752049859347773,0.3835616438356164383561643836,0.2876712328767123287671232877,22.36150847087190406023731335,0E-28,0E-28,538,539,2036,BASE,0.3835616438356164383561643836,0.2876712328767123287671232877,0.06178983367887592405319286450,0.04448868024879066531829886244
22.36150847087190406023731335,0,0.000,22.36150847087190406023731335,0.3835616438356164383561643836,0.2876712328767123287671232877,21.97794682703628762188114897,0E-28,0E-28,539,540,2036,BASE,0.3835616438356164383561643836,0.2876712328767123287671232877,0.06073897986014820778372392099,0.04373206549930670960428122311
21.97794682703628762188114897,0,0.000,21.97794682703628762188114897,0.3835616438356164383561643836,0.2876712328767123287671232877,21.59438518320067118352498459,0E-28,0E-28,540,541,2036,BASE,0.3835616438356164383561643836,0.2876712328767123287671232877,0.05968812604142049151425497749,0.04297545074982275389026358379
21.59438518320067118352498459,0,0.000,21.59438518320067118352498459,0.3835616438356164383561643836,0.2876712328767123287671232877,21.21082353936505474516882021,0E-28,0E-28,541,542,2036,BASE,0.3835616438356164383561643836,0.2876712328767123287671232877,0.05863727222269277524478603398,0.04221883600033879817624594447
21.21082353936505474516882021,0,0.000,21.21082353936505474516882021,0.3835616438356164383561643836,0.2876712328767123287671232877,20.82726189552943830681265583,0E-28,0E-28,542,543,2036,BASE,0.3835616438356164383561643836,0.2876712328767123287671232877,0.05758641840396505897531709047,0.04146222125085484246222830514
20.82726189552943830681265583,0,0.000,20.82726189552943830681265583,0.3835616438356164383561643836,0.2876712328767123287671232877,20.44370025169382186845649145,0E-28,0E-28,543,544,2036,BASE,0.3835616438356164383561643836,0.2876712328767123287671232877,0.05653556458523734270584814696,0.04070560650137088674821066581
20.44370025169382186845649145,0,0.000,20.44370025169382186845649145,0.3835616438356164383561643836,0.2876712328767123287671232877,20.06013860785820543010032707,0E-28,0E-28,544,545,2036,BASE,0.3835616438356164383561643836,0.2876712328767123287671232877,0.05548471076650962643637920346,0.03994899175188693103419302649
20.06013860785820543010032707,0,0.000,20.06013860785820543010032707,0.3835616438356164383561643836,0.2876712328767123287671232877,19.67657696402258899174416269,0E-28,0E-28,545,546,2036,BASE,0.3835616438356164383561643836,0.2876712328767123287671232877,0.05443385694778191016691025995,0.03919237700240297532017538716
19.67657696402258899174416269,0,0.000,19.67657696402258899174416269,0.3835616438356164383561643836,0.2876712328767123287671232877,19.29301532018697255338799831,0E-28,0E-28,546,547,2036,BASE,0.3835616438356164383561643836,0.2876712328767123287671232877,0.05338300312905419389744131644,0.03843576225291901960615774784
19.29301532018697255338799831,0,0.000,19.29301532018697255338799831,0.1917808219178082191780821918,0.1438356164383561643835616438,19.10123449826916433420991612,0E-28,0E-28,547,1095/2,2036,BASE,0.1917808219178082191780821918,0.1438356164383561643835616438,0.02629743138250420334766980441,0.01893415059540302641032225918
19.10123449826916433420991612,12.53768944601508282865314428,0.1504522733521809939438377314,31.48847167093206616891922267,0.1917808219178082191780821918,0.1438356164383561643835616438,31.29669084901425794974114048,0E-28,0E-28,1095/2,548,2036,ZBO,0.1917808219178082191780821918,0.1438356164383561643835616438,0.04300353597256597542373997477,0.03096254590024750230509278183
31.29669084901425794974114048,0,0.000,31.29669084901425794974114048,0.3835616438356164383561643836,0.2876712328767123287671232877,30.91312920517864151138497610,0E-28,0E-28,548,549,2036,ZBO,0.3835616438356164383561643836,0.2876712328767123287671232877,0.08521893158108616364537824190,0.06135763073838203782467233417
30.91312920517864151138497610,0,0.000,30.91312920517864151138497610,0.3835616438356164383561643836,0.2876712328767123287671232877,30.52956756134302507302881172,0E-28,0E-28,549,550,2036,ZBO,0.3835616438356164383561643836,0.2876712328767123287671232877,0.08416807776235844737590929839,0.06060101598889808211065469484
30.52956756134302507302881172,0,0.000,30.52956756134302507302881172,0.3835616438356164383561643836,0.2876712328767123287671232877,30.14600591750740863467264734,0E-28,0E-28,550,551,2036,ZBO,0.3835616438356164383561643836,0.2876712328767123287671232877,0.08311722394363073110644035489,0.05984440123941412639663705552
30.14600591750740863467264734,0,0.000,30.14600591750740863467264734,0.3835616438356164383561643836,0.2876712328767123287671232877,29.76244427367179219631648296,0E-28,0E-28,551,552,2036,ZBO,0.3835616438356164383561643836,0.2876712328767123287671232877,0.08206637012490301483697141138,0.05908778648993017068261941619
29.76244427367179219631648296,0,0.000,29.76244427367179219631648296,0.3835616438356164383561643836,0.2876712328767123287671232877,29.37888262983617575796031858,0E-28,0E-28,552,553,2036,ZBO,0.3835616438356164383561643836,0.2876712328767123287671232877,0.08101551630617529856750246787,0.05833117174044621496860177687
29.37888262983617575796031858,0,0.000,29.37888262983617575796031858,0.3835616438356164383561643836,0.2876712328767123287671232877,28.99532098600055931960415420,0E-28,0E-28,553,554,2036,ZBO,0.3835616438356164383561643836,0.2876712328767123287671232877,0.07996466248744758229803352436,0.05757455699096225925458413754
28.99532098600055931960415420,0,0.000,28.99532098600055931960415420,0.3835616438356164383561643836,0.2876712328767123287671232877,28.61175934216494288124798982,0E-28,0E-28,554,555,2036,ZBO,0.3835616438356164383561643836,0.2876712328767123287671232877,0.07891380866871986602856458086,0.05681794224147830354056649822
28.61175934216494288124798982,0,0.000,28.61175934216494288124798982,0.3835616438356164383561643836,0.2876712328767123287671232877,28.22819769832932644289182544,0E-28,0E-28,555,556,2036,ZBO,0.3835616438356164383561643836,0.2876712328767123287671232877,0.07786295484999214975909563735,0.05606132749199434782654885889
28.22819769832932644289182544,0,0.000,28.22819769832932644289182544,0.3835616438356164383561643836,0.2876712328767123287671232877,27.84463605449371000453566106,0E-28,0E-28,556,557,2036,ZBO,0.3835616438356164383561643836,0.2876712328767123287671232877,0.07681210103126443348962669384,0.05530471274251039211253121956
27.84463605449371000453566106,0,0.000,27.84463605449371000453566106,0.3835616438356164383561643836,0.2876712328767123287671232877,27.46107441065809356617949668,0E-28,0E-28,557,558,2036,ZBO,0.3835616438356164383561643836,0.2876712328767123287671232877,0.07576124721253671722015775034,0.05454809799302643639851358024
27.46107441065809356617949668,0,0.000,27.46107441065809356617949668,0.3835616438356164383561643836,0.2876712328767123287671232877,27.07751276682247712782333230,0E-28,0E-28,558,559,2036,ZBO,0.3835616438356164383561643836,0.2876712328767123287671232877,0.07471039339380900095068880683,0.05379148324354248068449594092
27.07751276682247712782333230,0,0.000,27.07751276682247712782333230,0.3835616438356164383561643836,0.2876712328767123287671232877,26.69395112298686068946716792,0E-28,0E-28,559,560,2036,ZBO,0.3835616438356164383561643836,0.2876712328767123287671232877,0.07365953957508128468121986332,0.05303486849405852497047830159
26.69395112298686068946716792,0,0.000,26.69395112298686068946716792,0.3835616438356164383561643836,0.2876712328767123287671232877,26.31038947915124425111100354,0E-28,0E-28,560,561,2036,ZBO,0.3835616438356164383561643836,0.2876712328767123287671232877,0.07260868575635356841175091982,0.05227825374457456925646066227
26.31038947915124425111100354,0,0.000,26.31038947915124425111100354,0.3835616438356164383561643836,0.2876712328767123287671232877,25.92682783531562781275483916,0E-28,0E-28,561,562,2036,ZBO,0.3835616438356164383561643836,0.2876712328767123287671232877,0.07155783193762585214228197631,0.05152163899509061354244302294
25.92682783531562781275483916,0,0.000,25.92682783531562781275483916,0.3835616438356164383561643836,0.2876712328767123287671232877,25.54326619148001137439867478,0E-28,0E-28,562,563,2036,ZBO,0.3835616438356164383561643836,0.2876712328767123287671232877,0.07050697811889813587281303280,0.05076502424560665782842538362
25.54326619148001137439867478,0,0.000,25.54326619148001137439867478,0.3835616438356164383561643836,0.2876712328767123287671232877,25.15970454764439493604251040,0E-28,0E-28,563,564,2036,ZBO,0.3835616438356164383561643836,0.2876712328767123287671232877,0.06945612430017041960334408929,0.05000840949612270211440774429
25.15970454764439493604251040,0,0.000,25.15970454764439493604251040,0.3835616438356164383561643836,0.2876712328767123287671232877,24.77614290380877849768634602,0E-28,0E-28,564,565,2036,ZBO,0.3835616438356164383561643836,0.2876712328767123287671232877,0.06840527048144270333387514579,0.04925179474663874640039010497
24.77614290380877849768634602,0,0.000,24.77614290380877849768634602,0.3835616438356164383561643836,0.2876712328767123287671232877,24.39258125997316205933018164,0E-28,0E-28,565,566,2036,ZBO,0.3835616438356164383561643836,0.2876712328767123287671232877,0.06735441666271498706440620228,0.04849517999715479068637246564
24.39258125997316205933018164,0,0.000,24.39258125997316205933018164,0.3835616438356164383561643836,0.2876712328767123287671232877,24.00901961613754562097401726,0E-28,0E-28,566,567,2036,ZBO,0.3835616438356164383561643836,0.2876712328767123287671232877,0.06630356284398727079493725877,0.04773856524767083497235482631
24.00901961613754562097401726,0,0.000,24.00901961613754562097401726,0.3835616438356164383561643836,0.2876712328767123287671232877,23.62545797230192918261785288,0E-28,0E-28,567,568,2036,ZBO,0.3835616438356164383561643836,0.2876712328767123287671232877,0.06525270902525955452546831527,0.04698195049818687925833718699
23.62545797230192918261785288,0,0.000,23.62545797230192918261785288,0.3835616438356164383561643836,0.2876712328767123287671232877,23.24189632846631274426168850,0E-28,0E-28,568,569,2036,ZBO,0.3835616438356164383561643836,0.2876712328767123287671232877,0.06420185520653183825599937176,0.04622533574870292354431954767
23.24189632846631274426168850,0,0.000,23.24189632846631274426168850,0.3835616438356164383561643836,0.2876712328767123287671232877,22.85833468463069630590552412,0E-28,0E-28,569,570,2036,ZBO,0.3835616438356164383561643836,0.2876712328767123287671232877,0.06315100138780412198653042825,0.04546872099921896783030190834
22.85833468463069630590552412,0,0.000,22.85833468463069630590552412,0.3835616438356164383561643836,0.2876712328767123287671232877,22.47477304079507986754935974,0E-28,0E-28,570,571,2036,ZBO,0.3835616438356164383561643836,0.2876712328767123287671232877,0.06210014756907640571706148475,0.04471210624973501211628426902
22.47477304079507986754935974,0,0.000,22.47477304079507986754935974,0.3835616438356164383561643836,0.2876712328767123287671232877,22.09121139695946342919319536,0E-28,0E-28,571,572,2036,ZBO,0.3835616438356164383561643836,0.2876712328767123287671232877,0.06104929375034868944759254124,0.04395549150025105640226662969
22.09121139695946342919319536,0,0.000,22.09121139695946342919319536,0.3835616438356164383561643836,0.2876712328767123287671232877,21.70764975312384699083703098,0E-28,0E-28,572,573,2036,ZBO,0.3835616438356164383561643836,0.2876712328767123287671232877,0.05999843993162097317812359773,0.04319887675076710068824899037
21.70764975312384699083703098,0,0.000,21.70764975312384699083703098,0.3835616438356164383561643836,0.2876712328767123287671232877,21.32408810928823055248086660,0E-28,0E-28,573,574,2036,ZBO,0.3835616438356164383561643836,0.2876712328767123287671232877,0.05894758611289325690865465423,0.04244226200128314497423135105
21.32408810928823055248086660,0,0.000,21.32408810928823055248086660,0.3835616438356164383561643836,0.2876712328767123287671232877,20.94052646545261411412470222,0E-28,0E-28,574,575,2036,ZBO,0.3835616438356164383561643836,0.2876712328767123287671232877,0.05789673229416554063918571072,0.04168564725179918926021371172
20.94052646545261411412470222,0,0.000,20.94052646545261411412470222,0.3835616438356164383561643836,0.2876712328767123287671232877,20.55696482161699767576853784,0E-28,0E-28,575,576,2036,ZBO,0.3835616438356164383561643836,0.2876712328767123287671232877,0.05684587847543782436971676721,0.04092903250231523354619607239
20.55696482161699767576853784,0,0.000,20.55696482161699767576853784,0.3835616438356164383561643836,0.2876712328767123287671232877,20.17340317778138123741237346,0E-28,0E-28,576,577,2036,ZBO,0.3835616438356164383561643836,0.2876712328767123287671232877,0.05579502465671010810024782370,0.04017241775283127783217843306
20.17340317778138123741237346,0,0.000,20.17340317778138123741237346,0.3515981735159817351598173517,0.2636986301369863013698630138,19.82180500426539950225255611,0E-28,0E-28,577,6935/12,2036,ZBO,0.3515981735159817351598173517,0.2636986301369863013698630138,0.05022229337928248723017285677,0.03616005123308339080572445687
19.82180500426539950225255611,12.53768944601508282865314428,0.1504522733521809939438377314,32.20904217692830133696186266,0.03196347031963470319634703196,0.02397260273972602739726027397,32.17707870660866663376551563,0E-29,0E-29,6935/12,578,2036,ZBO,0.03196347031963470319634703196,0.02397260273972602739726027397,0.007350013799490521457845591128,0.005292009935633175449648825612
32.17707870660866663376551563,0,0.000,32.17707870660866663376551563,0.3835616438356164383561643836,0.2876712328767123287671232877,31.79351706277305019540935125,0E-28,0E-28,578,579,2036,ZBO,0.3835616438356164383561643836,0.2876712328767123287671232877,0.08763095310874207784818474916,0.06309428623829429605069301940
31.79351706277305019540935125,0,0.000,31.79351706277305019540935125,0.3835616438356164383561643836,0.2876712328767123287671232877,31.40995541893743375705318687,0E-28,0E-28,579,580,2036,ZBO,0.3835616438356164383561643836,0.2876712328767123287671232877,0.08658009929001436157871580565,0.06233767148881034033667538007
31.40995541893743375705318687,0,0.000,31.40995541893743375705318687,0.3835616438356164383561643836,0.2876712328767123287671232877,31.02639377510181731869702249,0E-28,0E-28,580,581,2036,ZBO,0.3835616438356164383561643836,0.2876712328767123287671232877,0.08552924547128664530924686215,0.06158105673932638462265774075
31.02639377510181731869702249,0,0.000,31.02639377510181731869702249,0.3835616438356164383561643836,0.2876712328767123287671232877,30.64283213126620088034085811,0E-28,0E-28,581,582,2036,ZBO,0.3835616438356164383561643836,0.2876712328767123287671232877,0.08447839165255892903977791864,0.06082444198984242890864010142
30.64283213126620088034085811,0,0.000,30.64283213126620088034085811,0.3835616438356164383561643836,0.2876712328767123287671232877,30.25927048743058444198469373,0E-28,0E-28,582,583,2036,ZBO,0.3835616438356164383561643836,0.2876712328767123287671232877,0.08342753783383121277030897513,0.06006782724035847319462246209
30.25927048743058444198469373,0,0.000,30.25927048743058444198469373,0.3835616438356164383561643836,0.2876712328767123287671232877,29.87570884359496800362852935,0E-28,0E-28,583,584,2036,ZBO,0.3835616438356164383561643836,0.2876712328767123287671232877,0.08237668401510349650084003162,0.05931121249087451748060482277
29.87570884359496800362852935,0,0.000,29.87570884359496800362852935,0.3835616438356164383561643836,0.2876712328767123287671232877,29.49214719975935156527236497,0E-28,0E-28,584,585,2036,ZBO,0.3835616438356164383561643836,0.2876712328767123287671232877,0.08132583019637578023137108812,0.05855459774139056176658718345
29.49214719975935156527236497,0,0.000,29.49214719975935156527236497,0.3835616438356164383561643836,0.2876712328767123287671232877,29.10858555592373512691620059,0E-28,0E-28,585,586,2036,ZBO,0.3835616438356164383561643836,0.2876712328767123287671232877,0.08027497637764806396190214461,0.05779798299190660605256954412
29.10858555592373512691620059,0,0.000,29.10858555592373512691620059,0.3835616438356164383561643836,0.2876712328767123287671232877,28.72502391208811868856003621,0E-28,0E-28,586,587,2036,ZBO,0.3835616438356164383561643836,0.2876712328767123287671232877,0.07922412255892034769243320110,0.05704136824242265033855190479
28.72502391208811868856003621,0,0.000,28.72502391208811868856003621,0.3835616438356164383561643836,0.2876712328767123287671232877,28.34146226825250225020387183,0E-28,0E-28,587,588,2036,ZBO,0.3835616438356164383561643836,0.2876712328767123287671232877,0.07817326874019263142296425760,0.05628475349293869462453426547
28.34146226825250225020387183,0,0.000,28.34146226825250225020387183,0.3835616438356164383561643836,0.2876712328767123287671232877,27.95790062441688581184770745,0E-28,0E-28,588,589,2036,ZBO,0.3835616438356164383561643836,0.2876712328767123287671232877,0.07712241492146491515349531409,0.05552813874345473891051662614
27.95790062441688581184770745,0,0.000,27.95790062441688581184770745,0.3835616438356164383561643836,0.2876712328767123287671232877,27.57433898058126937349154307,0E-28,0E-28,589,590,2036,ZBO,0.3835616438356164383561643836,0.2876712328767123287671232877,0.07607156110273719888402637058,0.05477152399397078319649898682
27.57433898058126937349154307,0,0.000,27.57433898058126937349154307,0.3835616438356164383561643836,0.2876712328767123287671232877,27.19077733674565293513537869,0E-28,0E-28,590,591,2036,ZBO,0.3835616438356164383561643836,0.2876712328767123287671232877,0.07502070728400948261455742708,0.05401490924448682748248134750
27.19077733674565293513537869,0,0.000,27.19077733674565293513537869,0.3835616438356164383561643836,0.2876712328767123287671232877,26.80721569291003649677921431,0E-28,0E-28,591,592,2036,ZBO,0.3835616438356164383561643836,0.2876712328767123287671232877,0.07396985346528176634508848357,0.05325829449500287176846370817
26.80721569291003649677921431,0,0.000,26.80721569291003649677921431,0.3835616438356164383561643836,0.2876712328767123287671232877,26.42365404907442005842304993,0E-28,0E-28,592,593,2036,ZBO,0.3835616438356164383561643836,0.2876712328767123287671232877,0.07291899964655405007561954006,0.05250167974551891605444606884
26.42365404907442005842304993,0,0.000,26.42365404907442005842304993,0.3835616438356164383561643836,0.2876712328767123287671232877,26.04009240523880362006688555,0E-28,0E-28,593,594,2036,ZBO,0.3835616438356164383561643836,0.2876712328767123287671232877,0.07186814582782633380615059656,0.05174506499603496034042842952
26.04009240523880362006688555,0,0.000,26.04009240523880362006688555,0.3835616438356164383561643836,0.2876712328767123287671232877,25.65653076140318718171072117,0E-28,0E-28,594,595,2036,ZBO,0.3835616438356164383561643836,0.2876712328767123287671232877,0.07081729200909861753668165305,0.05098845024655100462641079020
25.65653076140318718171072117,0,0.000,25.65653076140318718171072117,0.3835616438356164383561643836,0.2876712328767123287671232877,25.27296911756757074335455679,0E-28,0E-28,595,596,2036,ZBO,0.3835616438356164383561643836,0.2876712328767123287671232877,0.06976643819037090126721270954,0.05023183549706704891239315087
25.27296911756757074335455679,0,0.000,25.27296911756757074335455679,0.3835616438356164383561643836,0.2876712328767123287671232877,24.88940747373195430499839241,0E-28,0E-28,596,597,2036,ZBO,0.3835616438356164383561643836,0.2876712328767123287671232877,0.06871558437164318499774376603,0.04947522074758309319837551154
24.88940747373195430499839241,0,0.000,24.88940747373195430499839241,0.3835616438356164383561643836,0.2876712328767123287671232877,24.50584582989633786664222803,0E-28,0E-28,597,598,2036,ZBO,0.3835616438356164383561643836,0.2876712328767123287671232877,0.06766473055291546872827482253,0.04871860599809913748435787222
24.50584582989633786664222803,0,0.000,24.50584582989633786664222803,0.3835616438356164383561643836,0.2876712328767123287671232877,24.12228418606072142828606365,0E-28,0E-28,598,599,2036,ZBO,0.3835616438356164383561643836,0.2876712328767123287671232877,0.06661387673418775245880587902,0.04796199124861518177034023289
24.12228418606072142828606365,0,0.000,24.12228418606072142828606365,0.3835616438356164383561643836,0.2876712328767123287671232877,23.73872254222510498992989927,0E-28,0E-28,599,600,2036,ZBO,0.3835616438356164383561643836,0.2876712328767123287671232877,0.06556302291546003618933693551,0.04720537649913122605632259357
23.73872254222510498992989927,0,0.000,23.73872254222510498992989927,0.3835616438356164383561643836,0.2876712328767123287671232877,23.35516089838948855157373489,0E-28,0E-28,600,601,2036,ZBO,0.3835616438356164383561643836,0.2876712328767123287671232877,0.06451216909673231991986799201,0.04644876174964727034230495425
23.35516089838948855157373489,0,0.000,23.35516089838948855157373489,0.3835616438356164383561643836,0.2876712328767123287671232877,22.97159925455387211321757051,0E-28,0E-28,601,602,2036,ZBO,0.3835616438356164383561643836,0.2876712328767123287671232877,0.06346131527800460365039904850,0.04569214700016331462828731492
22.97159925455387211321757051,0,0.000,22.97159925455387211321757051,0.3835616438356164383561643836,0.2876712328767123287671232877,22.58803761071825567486140613,0E-28,0E-28,602,603,2036,ZBO,0.3835616438356164383561643836,0.2876712328767123287671232877,0.06241046145927688738093010499,0.04493553225067935891426967559
22.58803761071825567486140613,0,0.000,22.58803761071825567486140613,0.3835616438356164383561643836,0.2876712328767123287671232877,22.20447596688263923650524175,0E-28,0E-28,603,604,2036,ZBO,0.3835616438356164383561643836,0.2876712328767123287671232877,0.06135960764054917111146116149,0.04417891750119540320025203627
22.20447596688263923650524175,0,0.000,22.20447596688263923650524175,0.3835616438356164383561643836,0.2876712328767123287671232877,21.82091432304702279814907737,0E-28,0E-28,604,605,2036,ZBO,0.3835616438356164383561643836,0.2876712328767123287671232877,0.06030875382182145484199221798,0.04342230275171144748623439695
21.82091432304702279814907737,0,0.000,21.82091432304702279814907737,0.3835616438356164383561643836,0.2876712328767123287671232877,21.43735267921140635979291299,0E-28,0E-28,605,606,2036,ZBO,0.3835616438356164383561643836,0.2876712328767123287671232877,0.05925790000309373857252327447,0.04266568800222749177221675762
21.43735267921140635979291299,0,0.000,21.43735267921140635979291299,0.3835616438356164383561643836,0.2876712328767123287671232877,21.05379103537578992143674861,0E-28,0E-28,606,607,2036,ZBO,0.3835616438356164383561643836,0.2876712328767123287671232877,0.05820704618436602230305433096,0.04190907325274353605819911829
21.05379103537578992143674861,0,0.000,21.05379103537578992143674861,0.3835616438356164383561643836,0.2876712328767123287671232877,20.67022939154017348308058423,0E-28,0E-28,607,608,2036,ZBO,0.3835616438356164383561643836,0.2876712328767123287671232877,0.05715619236563830603358538746,0.04115245850325958034418147897
20.67022939154017348308058423,0,0.000,20.67022939154017348308058423,0.1278538812785388127853881278,0.09589041095890410958904109589,20.54237551026163467029519610,0E-28,0E-29,608,1825/3,2036,ZBO,0.1278538812785388127853881278,0.09589041095890410958904109589,0.01881854105105105395131314170,0.01354934955675675884494546202
20.54237551026163467029519610,12.53768944601508282865314428,0.1504522733521809939438377314,32.92961268292453650500450265,0.2557077625570776255707762558,0.1917808219178082191780821918,32.67390492036745887943372639,0E-28,0E-28,1825/3,609,2036,ZBO,0.2557077625570776255707762558,0.1917808219178082191780821918,0.05991188822218447067071984389,0.04313655951997281888291828760
32.67390492036745887943372639,0,0.000,32.67390492036745887943372639,0.3835616438356164383561643836,0.2876712328767123287671232877,32.29034327653184244107756201,0E-28,0E-28,609,610,2036,ZBO,0.3835616438356164383561643836,0.2876712328767123287671232877,0.08899212081767027578152231289,0.06407432698872259856269606528
32.29034327653184244107756201,0,0.000,32.29034327653184244107756201,0.3835616438356164383561643836,0.2876712328767123287671232877,31.90678163269622600272139763,0E-28,0E-28,610,611,2036,ZBO,0.3835616438356164383561643836,0.2876712328767123287671232877,0.08794126699894255951205336938,0.06331771223923864284867842595
31.90678163269622600272139763,0,0.000,31.90678163269622600272139763,0.3835616438356164383561643836,0.2876712328767123287671232877,31.52321998886060956436523325,0E-28,0E-28,611,612,2036,ZBO,0.3835616438356164383561643836,0.2876712328767123287671232877,0.08689041318021484324258442587,0.06256109748975468713466078663
31.52321998886060956436523325,0,0.000,31.52321998886060956436523325,0.3835616438356164383561643836,0.2876712328767123287671232877,31.13965834502499312600906887,0E-28,0E-28,612,613,2036,ZBO,0.3835616438356164383561643836,0.2876712328767123287671232877,0.08583955936148712697311548236,0.06180448274027073142064314730
31.13965834502499312600906887,0,0.000,31.13965834502499312600906887,0.3835616438356164383561643836,0.2876712328767123287671232877,30.75609670118937668765290449,0E-28,0E-28,613,614,2036,ZBO,0.3835616438356164383561643836,0.2876712328767123287671232877,0.08478870554275941070364653886,0.06104786799078677570662550798
30.75609670118937668765290449,0,0.000,30.75609670118937668765290449,0.3835616438356164383561643836,0.2876712328767123287671232877,30.37253505735376024929674011,0E-28,0E-28,614,615,2036,ZBO,0.3835616438356164383561643836,0.2876712328767123287671232877,0.08373785172403169443417759535,0.06029125324130281999260786865
30.37253505735376024929674011,0,0.000,30.37253505735376024929674011,0.3835616438356164383561643836,0.2876712328767123287671232877,29.98897341351814381094057573,0E-28,0E-28,615,616,2036,ZBO,0.3835616438356164383561643836,0.2876712328767123287671232877,0.08268699790530397816470865184,0.05953463849181886427859022932
29.98897341351814381094057573,0,0.000,29.98897341351814381094057573,0.3835616438356164383561643836,0.2876712328767123287671232877,29.60541176968252737258441135,0E-28,0E-28,616,617,2036,ZBO,0.3835616438356164383561643836,0.2876712328767123287671232877,0.08163614408657626189523970834,0.05877802374233490856457259000
29.60541176968252737258441135,0,0.000,29.60541176968252737258441135,0.3835616438356164383561643836,0.2876712328767123287671232877,29.22185012584691093422824697,0E-28,0E-28,617,618,2036,ZBO,0.3835616438356164383561643836,0.2876712328767123287671232877,0.08058529026784854562577076483,0.05802140899285095285055495068
29.22185012584691093422824697,0,0.000,29.22185012584691093422824697,0.3835616438356164383561643836,0.2876712328767123287671232877,28.83828848201129449587208259,0E-28,0E-28,618,619,2036,ZBO,0.3835616438356164383561643836,0.2876712328767123287671232877,0.07953443644912082935630182132,0.05726479424336699713653731135
28.83828848201129449587208259,0,0.000,28.83828848201129449587208259,0.3835616438356164383561643836,0.2876712328767123287671232877,28.45472683817567805751591821,0E-28,0E-28,619,620,2036,ZBO,0.3835616438356164383561643836,0.2876712328767123287671232877,0.07848358263039311308683287782,0.05650817949388304142251967203
28.45472683817567805751591821,0,0.000,28.45472683817567805751591821,0.3835616438356164383561643836,0.2876712328767123287671232877,28.07116519434006161915975383,0E-28,0E-28,620,621,2036,ZBO,0.3835616438356164383561643836,0.2876712328767123287671232877,0.07743272881166539681736393431,0.05575156474439908570850203270
28.07116519434006161915975383,0,0.000,28.07116519434006161915975383,0.3835616438356164383561643836,0.2876712328767123287671232877,27.68760355050444518080358945,0E-28,0E-28,621,622,2036,ZBO,0.3835616438356164383561643836,0.2876712328767123287671232877,0.07638187499293768054789499080,0.05499494999491512999448439338
27.68760355050444518080358945,0,0.000,27.68760355050444518080358945,0.3835616438356164383561643836,0.2876712328767123287671232877,27.30404190666882874244742507,0E-28,0E-28,622,623,2036,ZBO,0.3835616438356164383561643836,0.2876712328767123287671232877,0.07533102117420996427842604730,0.05423833524543117428046675406
27.30404190666882874244742507,0,0.000,27.30404190666882874244742507,0.3835616438356164383561643836,0.2876712328767123287671232877,26.92048026283321230409126069,0E-28,0E-28,623,624,2036,ZBO,0.3835616438356164383561643836,0.2876712328767123287671232877,0.07428016735548224800895710379,0.05348172049594721856644911473
26.92048026283321230409126069,0,0.000,26.92048026283321230409126069,0.3835616438356164383561643836,0.2876712328767123287671232877,26.53691861899759586573509631,0E-28,0E-28,624,625,2036,ZBO,0.3835616438356164383561643836,0.2876712328767123287671232877,0.07322931353675453173948816028,0.05272510574646326285243147540
26.53691861899759586573509631,0,0.000,26.53691861899759586573509631,0.3835616438356164383561643836,0.2876712328767123287671232877,26.15335697516197942737893193,0E-28,0E-28,625,626,2036,ZBO,0.3835616438356164383561643836,0.2876712328767123287671232877,0.07217845971802681547001921677,0.05196849099697930713841383607
26.15335697516197942737893193,0,0.000,26.15335697516197942737893193,0.3835616438356164383561643836,0.2876712328767123287671232877,25.76979533132636298902276755,0E-28,0E-28,626,627,2036,ZBO,0.3835616438356164383561643836,0.2876712328767123287671232877,0.07112760589929909920055027327,0.05121187624749535142439619675
25.76979533132636298902276755,0,0.000,25.76979533132636298902276755,0.3835616438356164383561643836,0.2876712328767123287671232877,25.38623368749074655066660317,0E-28,0E-28,627,628,2036,ZBO,0.3835616438356164383561643836,0.2876712328767123287671232877,0.07007675208057138293108132976,0.05045526149801139571037855743
25.38623368749074655066660317,0,0.000,25.38623368749074655066660317,0.3835616438356164383561643836,0.2876712328767123287671232877,25.00267204365513011231043879,0E-28,0E-28,628,629,2036,ZBO,0.3835616438356164383561643836,0.2876712328767123287671232877,0.06902589826184366666161238625,0.04969864674852743999636091810
25.00267204365513011231043879,0,0.000,25.00267204365513011231043879,0.3835616438356164383561643836,0.2876712328767123287671232877,24.61911039981951367395427441,0E-28,0E-28,629,630,2036,ZBO,0.3835616438356164383561643836,0.2876712328767123287671232877,0.06797504444311595039214344275,0.04894203199904348428234327878
24.61911039981951367395427441,0,0.000,24.61911039981951367395427441,0.3835616438356164383561643836,0.2876712328767123287671232877,24.23554875598389723559811003,0E-28,0E-28,630,631,2036,ZBO,0.3835616438356164383561643836,0.2876712328767123287671232877,0.06692419062438823412267449924,0.04818541724955952856832563945
24.23554875598389723559811003,0,0.000,24.23554875598389723559811003,0.3835616438356164383561643836,0.2876712328767123287671232877,23.85198711214828079724194565,0E-28,0E-28,631,632,2036,ZBO,0.3835616438356164383561643836,0.2876712328767123287671232877,0.06587333680566051785320555573,0.04742880250007557285430800013
23.85198711214828079724194565,0,0.000,23.85198711214828079724194565,0.3835616438356164383561643836,0.2876712328767123287671232877,23.46842546831266435888578127,0E-28,0E-28,632,633,2036,ZBO,0.3835616438356164383561643836,0.2876712328767123287671232877,0.06482248298693280158373661223,0.04667218775059161714029036081
23.46842546831266435888578127,0,0.000,23.46842546831266435888578127,0.3835616438356164383561643836,0.2876712328767123287671232877,23.08486382447704792052961689,0E-28,0E-28,633,634,2036,ZBO,0.3835616438356164383561643836,0.2876712328767123287671232877,0.06377162916820508531426766872,0.04591557300110766142627272148
23.08486382447704792052961689,0,0.000,23.08486382447704792052961689,0.3835616438356164383561643836,0.2876712328767123287671232877,22.70130218064143148217345251,0E-28,0E-28,634,635,2036,ZBO,0.3835616438356164383561643836,0.2876712328767123287671232877,0.06272077534947736904479872521,0.04515895825162370571225508215
22.70130218064143148217345251,0,0.000,22.70130218064143148217345251,0.3835616438356164383561643836,0.2876712328767123287671232877,22.31774053680581504381728813,0E-28,0E-28,635,636,2036,ZBO,0.3835616438356164383561643836,0.2876712328767123287671232877,0.06166992153074965277532978170,0.04440234350213974999823744282
22.31774053680581504381728813,0,0.000,22.31774053680581504381728813,0.3835616438356164383561643836,0.2876712328767123287671232877,21.93417889297019860546112375,0E-28,0E-28,636,637,2036,ZBO,0.3835616438356164383561643836,0.2876712328767123287671232877,0.06061906771202193650586083820,0.04364572875265579428421980350
21.93417889297019860546112375,0,0.000,21.93417889297019860546112375,0.3835616438356164383561643836,0.2876712328767123287671232877,21.55061724913458216710495937,0E-28,0E-28,637,638,2036,ZBO,0.3835616438356164383561643836,0.2876712328767123287671232877,0.05956821389329422023639189469,0.04288911400317183857020216418
21.55061724913458216710495937,0,0.000,21.55061724913458216710495937,0.2876712328767123287671232877,0.2157534246575342465753424658,21.26294601625786983833783608,0E-28,0E-28,638,2555/4,2036,ZBO,0.2876712328767123287671232877,0.2157534246575342465753424658,0.04398653760143060137545492683,0.03167030707303003299032754732
21.26294601625786983833783608,12.53768944601508282865314428,0.1504522733521809939438377314,33.65018318892077167304714263,0.09589041095890410958904109589,0.07191780821917808219178082191,33.55429277796186756345810153,0E-29,0E-29,2555/4,639,2036,ZBO,0.09589041095890410958904109589,0.07191780821917808219178082191,0.02301523149550775316318672745,0.01657096667676558227749444376
33.55429277796186756345810153,0,0.000,33.55429277796186756345810153,0.3835616438356164383561643836,0.2876712328767123287671232877,33.17073113412625112510193715,0E-28,0E-28,639,640,2036,ZBO,0.3835616438356164383561643836,0.2876712328767123287671232877,0.09140414234532618998432882012,0.06581098248863485678871675049
33.17073113412625112510193715,0,0.000,33.17073113412625112510193715,0.3835616438356164383561643836,0.2876712328767123287671232877,32.78716949029063468674577277,0E-28,0E-28,640,641,2036,ZBO,0.3835616438356164383561643836,0.2876712328767123287671232877,0.09035328852659847371485987661,0.06505436773915090107469911116
32.78716949029063468674577277,0,0.000,32.78716949029063468674577277,0.3835616438356164383561643836,0.2876712328767123287671232877,32.40360784645501824838960839,0E-28,0E-28,641,642,2036,ZBO,0.3835616438356164383561643836,0.2876712328767123287671232877,0.08930243470787075744539093310,0.06429775298966694536068147183
32.40360784645501824838960839,0,0.000,32.40360784645501824838960839,0.3835616438356164383561643836,0.2876712328767123287671232877,32.02004620261940181003344401,0E-28,0E-28,642,643,2036,ZBO,0.3835616438356164383561643836,0.2876712328767123287671232877,0.08825158088914304117592198960,0.06354113824018298964666383251
32.02004620261940181003344401,0,0.000,32.02004620261940181003344401,0.3835616438356164383561643836,0.2876712328767123287671232877,31.63648455878378537167727963,0E-28,0E-28,643,644,2036,ZBO,0.3835616438356164383561643836,0.2876712328767123287671232877,0.08720072707041532490645304609,0.06278452349069903393264619318
31.63648455878378537167727963,0,0.000,31.63648455878378537167727963,0.3835616438356164383561643836,0.2876712328767123287671232877,31.25292291494816893332111525,0E-28,0E-28,644,645,2036,ZBO,0.3835616438356164383561643836,0.2876712328767123287671232877,0.08614987325168760863698410258,0.06202790874121507821862855386
31.25292291494816893332111525,0,0.000,31.25292291494816893332111525,0.3835616438356164383561643836,0.2876712328767123287671232877,30.86936127111255249496495087,0E-28,0E-28,645,646,2036,ZBO,0.3835616438356164383561643836,0.2876712328767123287671232877,0.08509901943295989236751515908,0.06127129399173112250461091454
30.86936127111255249496495087,0,0.000,30.86936127111255249496495087,0.3835616438356164383561643836,0.2876712328767123287671232877,30.48579962727693605660878649,0E-28,0E-28,646,647,2036,ZBO,0.3835616438356164383561643836,0.2876712328767123287671232877,0.08404816561423217609804621557,0.06051467924224716679059327521
30.48579962727693605660878649,0,0.000,30.48579962727693605660878649,0.3835616438356164383561643836,0.2876712328767123287671232877,30.10223798344131961825262211,0E-28,0E-28,647,648,2036,ZBO,0.3835616438356164383561643836,0.2876712328767123287671232877,0.08299731179550445982857727206,0.05975806449276321107657563588
30.10223798344131961825262211,0,0.000,30.10223798344131961825262211,0.3835616438356164383561643836,0.2876712328767123287671232877,29.71867633960570317989645773,0E-28,0E-28,648,649,2036,ZBO,0.3835616438356164383561643836,0.2876712328767123287671232877,0.08194645797677674355910832856,0.05900144974327925536255799656
29.71867633960570317989645773,0,0.000,29.71867633960570317989645773,0.3835616438356164383561643836,0.2876712328767123287671232877,29.33511469577008674154029335,0E-28,0E-28,649,650,2036,ZBO,0.3835616438356164383561643836,0.2876712328767123287671232877,0.08089560415804902728963938505,0.05824483499379529964854035724
29.33511469577008674154029335,0,0.000,29.33511469577008674154029335,0.3835616438356164383561643836,0.2876712328767123287671232877,28.95155305193447030318412897,0E-28,0E-28,650,651,2036,ZBO,0.3835616438356164383561643836,0.2876712328767123287671232877,0.07984475033932131102017044154,0.05748822024431134393452271791
28.95155305193447030318412897,0,0.000,28.95155305193447030318412897,0.3835616438356164383561643836,0.2876712328767123287671232877,28.56799140809885386482796459,0E-28,0E-28,651,652,2036,ZBO,0.3835616438356164383561643836,0.2876712328767123287671232877,0.07879389652059359475070149804,0.05673160549482738822050507859
28.56799140809885386482796459,0,0.000,28.56799140809885386482796459,0.3835616438356164383561643836,0.2876712328767123287671232877,28.18442976426323742647180021,0E-28,0E-28,652,653,2036,ZBO,0.3835616438356164383561643836,0.2876712328767123287671232877,0.07774304270186587848123255453,0.05597499074534343250648743926
28.18442976426323742647180021,0,0.000,28.18442976426323742647180021,0.3835616438356164383561643836,0.2876712328767123287671232877,27.80086812042762098811563583,0E-28,0E-28,653,654,2036,ZBO,0.3835616438356164383561643836,0.2876712328767123287671232877,0.07669218888313816221176361102,0.05521837599585947679246979993
27.80086812042762098811563583,0,0.000,27.80086812042762098811563583,0.3835616438356164383561643836,0.2876712328767123287671232877,27.41730647659200454975947145,0E-28,0E-28,654,655,2036,ZBO,0.3835616438356164383561643836,0.2876712328767123287671232877,0.07564133506441044594229466751,0.05446176124637552107845216061
27.41730647659200454975947145,0,0.000,27.41730647659200454975947145,0.3835616438356164383561643836,0.2876712328767123287671232877,27.03374483275638811140330707,0E-28,0E-28,655,656,2036,ZBO,0.3835616438356164383561643836,0.2876712328767123287671232877,0.07459048124568272967282572401,0.05370514649689156536443452129
27.03374483275638811140330707,0,0.000,27.03374483275638811140330707,0.3835616438356164383561643836,0.2876712328767123287671232877,26.65018318892077167304714269,0E-28,0E-28,656,657,2036,ZBO,0.3835616438356164383561643836,0.2876712328767123287671232877,0.07353962742695501340335678050,0.05294853174740760965041688196
26.65018318892077167304714269,0,0.000,26.65018318892077167304714269,0.3835616438356164383561643836,0.2876712328767123287671232877,26.26662154508515523469097831,0E-28,0E-28,657,658,2036,ZBO,0.3835616438356164383561643836,0.2876712328767123287671232877,0.07248877360822729713388783699,0.05219191699792365393639924263
26.26662154508515523469097831,0,0.000,26.26662154508515523469097831,0.3835616438356164383561643836,0.2876712328767123287671232877,25.88305990124953879633481393,0E-28,0E-28,658,659,2036,ZBO,0.3835616438356164383561643836,0.2876712328767123287671232877,0.07143791978949958086441889349,0.05143530224843969822238160331
25.88305990124953879633481393,0,0.000,25.88305990124953879633481393,0.3835616438356164383561643836,0.2876712328767123287671232877,25.49949825741392235797864955,0E-28,0E-28,659,660,2036,ZBO,0.3835616438356164383561643836,0.2876712328767123287671232877,0.07038706597077186459494994998,0.05067868749895574250836396399
25.49949825741392235797864955,0,0.000,25.49949825741392235797864955,0.3835616438356164383561643836,0.2876712328767123287671232877,25.11593661357830591962248517,0E-28,0E-28,660,661,2036,ZBO,0.3835616438356164383561643836,0.2876712328767123287671232877,0.06933621215204414832548100647,0.04992207274947178679434632466
25.11593661357830591962248517,0,0.000,25.11593661357830591962248517,0.3835616438356164383561643836,0.2876712328767123287671232877,24.73237496974268948126632079,0E-28,0E-28,661,662,2036,ZBO,0.3835616438356164383561643836,0.2876712328767123287671232877,0.06828535833331643205601206297,0.04916545799998783108032868534
24.73237496974268948126632079,0,0.000,24.73237496974268948126632079,0.3835616438356164383561643836,0.2876712328767123287671232877,24.34881332590707304291015641,0E-28,0E-28,662,663,2036,ZBO,0.3835616438356164383561643836,0.2876712328767123287671232877,0.06723450451458871578654311946,0.04840884325050387536631104601
24.34881332590707304291015641,0,0.000,24.34881332590707304291015641,0.3835616438356164383561643836,0.2876712328767123287671232877,23.96525168207145660455399203,0E-28,0E-28,663,664,2036,ZBO,0.3835616438356164383561643836,0.2876712328767123287671232877,0.06618365069586099951707417595,0.04765222850101991965229340668
23.96525168207145660455399203,0,0.000,23.96525168207145660455399203,0.3835616438356164383561643836,0.2876712328767123287671232877,23.58169003823584016619782765,0E-28,0E-28,664,665,2036,ZBO,0.3835616438356164383561643836,0.2876712328767123287671232877,0.06513279687713328324760523244,0.04689561375153596393827576736
23.58169003823584016619782765,0,0.000,23.58169003823584016619782765,0.3835616438356164383561643836,0.2876712328767123287671232877,23.19812839440022372784166327,0E-28,0E-28,665,666,2036,ZBO,0.3835616438356164383561643836,0.2876712328767123287671232877,0.06408194305840556697813628894,0.04613899900205200822425812804
23.19812839440022372784166327,0,0.000,23.19812839440022372784166327,0.3835616438356164383561643836,0.2876712328767123287671232877,22.81456675056460728948549889,0E-28,0E-28,666,667,2036,ZBO,0.3835616438356164383561643836,0.2876712328767123287671232877,0.06303108923967785070866734543,0.04538238425256805251024048871
22.81456675056460728948549889,0,0.000,22.81456675056460728948549889,0.3835616438356164383561643836,0.2876712328767123287671232877,22.43100510672899085112933451,0E-28,0E-28,667,668,2036,ZBO,0.3835616438356164383561643836,0.2876712328767123287671232877,0.06198023542095013443919840192,0.04462576950308409679622284938
22.43100510672899085112933451,0,0.000,22.43100510672899085112933451,0.3835616438356164383561643836,0.2876712328767123287671232877,22.04744346289337441277317013,0E-28,0E-28,668,669,2036,ZBO,0.3835616438356164383561643836,0.2876712328767123287671232877,0.06092938160222241816972945842,0.04386915475360014108220521006
22.04744346289337441277317013,0,0.000,22.04744346289337441277317013,0.06392694063926940639269406394,0.04794520547945205479452054795,21.98351652225410500638047607,0E-29,0E-29,669,4015/6,2036,ZBO,0.06392694063926940639269406394,0.04794520547945205479452054795,0.01005273059021631950208987356,0.007237966024955750041504708963
21.98351652225410500638047607,12.53768944601508282865314428,0.1504522733521809939438377314,34.37075369491700684108978262,0.3196347031963470319634703196,0.2397260273972602739726027397,34.05111899172065980912631230,0E-28,0E-28,4015/6,670,2036,ZBO,0.3196347031963470319634703196,0.2397260273972602739726027397,0.07810716060118455097056631840,0.05623715563285287669880774925
34.05111899172065980912631230,0,0.000,34.05111899172065980912631230,0.3835616438356164383561643836,0.2876712328767123287671232877,33.66755734788504337077014792,0E-28,0E-28,670,671,2036,ZBO,0.3835616438356164383561643836,0.2876712328767123287671232877,0.09276531005425438791766638387,0.06679102323906315930071979639
33.66755734788504337077014792,0,0.000,33.66755734788504337077014792,0.3835616438356164383561643836,0.2876712328767123287671232877,33.28399570404942693241398354,0E-28,0E-28,671,672,2036,ZBO,0.3835616438356164383561643836,0.2876712328767123287671232877,0.09171445623552667164819744037,0.06603440848957920358670215707
33.28399570404942693241398354,0,0.000,33.28399570404942693241398354,0.3835616438356164383561643836,0.2876712328767123287671232877,32.90043406021381049405781916,0E-28,0E-28,672,673,2036,ZBO,0.3835616438356164383561643836,0.2876712328767123287671232877,0.09066360241679895537872849686,0.06527779374009524787268451774
32.90043406021381049405781916,0,0.000,32.90043406021381049405781916,0.3835616438356164383561643836,0.2876712328767123287671232877,32.51687241637819405570165478,0E-28,0E-28,673,674,2036,ZBO,0.3835616438356164383561643836,0.2876712328767123287671232877,0.08961274859807123910925955335,0.06452117899061129215866687841
32.51687241637819405570165478,0,0.000,32.51687241637819405570165478,0.3835616438356164383561643836,0.2876712328767123287671232877,32.13331077254257761734549040,0E-28,0E-28,674,675,2036,ZBO,0.3835616438356164383561643836,0.2876712328767123287671232877,0.08856189477934352283979060984,0.06376456424112733644464923908
32.13331077254257761734549040,0,0.000,32.13331077254257761734549040,0.3835616438356164383561643836,0.2876712328767123287671232877,31.74974912870696117898932602,0E-28,0E-28,675,676,2036,ZBO,0.3835616438356164383561643836,0.2876712328767123287671232877,0.08751104096061580657032166634,0.06300794949164338073063159976
31.74974912870696117898932602,0,0.000,31.74974912870696117898932602,0.3835616438356164383561643836,0.2876712328767123287671232877,31.36618748487134474063316164,0E-28,0E-28,676,677,2036,ZBO,0.3835616438356164383561643836,0.2876712328767123287671232877,0.08646018714188809030085272283,0.06225133474215942501661396044
31.36618748487134474063316164,0,0.000,31.36618748487134474063316164,0.3835616438356164383561643836,0.2876712328767123287671232877,30.98262584103572830227699726,0E-28,0E-28,677,678,2036,ZBO,0.3835616438356164383561643836,0.2876712328767123287671232877,0.08540933332316037403138377932,0.06149471999267546930259632111
30.98262584103572830227699726,0,0.000,30.98262584103572830227699726,0.3835616438356164383561643836,0.2876712328767123287671232877,30.59906419720011186392083288,0E-28,0E-28,678,679,2036,ZBO,0.3835616438356164383561643836,0.2876712328767123287671232877,0.08435847950443265776191483582,0.06073810524319151358857868179
30.59906419720011186392083288,0,0.000,30.59906419720011186392083288,0.3835616438356164383561643836,0.2876712328767123287671232877,30.21550255336449542556466850,0E-28,0E-28,679,680,2036,ZBO,0.3835616438356164383561643836,0.2876712328767123287671232877,0.08330762568570494149244589231,0.05998149049370755787456104246
30.21550255336449542556466850,0,0.000,30.21550255336449542556466850,0.3835616438356164383561643836,0.2876712328767123287671232877,29.83194090952887898720850412,0E-28,0E-28,680,681,2036,ZBO,0.3835616438356164383561643836,0.2876712328767123287671232877,0.08225677186697722522297694880,0.05922487574422360216054340314
29.83194090952887898720850412,0,0.000,29.83194090952887898720850412,0.3835616438356164383561643836,0.2876712328767123287671232877,29.44837926569326254885233974,0E-28,0E-28,681,682,2036,ZBO,0.3835616438356164383561643836,0.2876712328767123287671232877,0.08120591804824950895350800530,0.05846826099473964644652576382
29.44837926569326254885233974,0,0.000,29.44837926569326254885233974,0.3835616438356164383561643836,0.2876712328767123287671232877,29.06481762185764611049617536,0E-28,0E-28,682,683,2036,ZBO,0.3835616438356164383561643836,0.2876712328767123287671232877,0.08015506422952179268403906179,0.05771164624525569073250812449
29.06481762185764611049617536,0,0.000,29.06481762185764611049617536,0.3835616438356164383561643836,0.2876712328767123287671232877,28.68125597802202967214001098,0E-28,0E-28,683,684,2036,ZBO,0.3835616438356164383561643836,0.2876712328767123287671232877,0.07910421041079407641457011828,0.05695503149577173501849048516
28.68125597802202967214001098,0,0.000,28.68125597802202967214001098,0.3835616438356164383561643836,0.2876712328767123287671232877,28.29769433418641323378384660,0E-28,0E-28,684,685,2036,ZBO,0.3835616438356164383561643836,0.2876712328767123287671232877,0.07805335659206636014510117477,0.05619841674628777930447284583
28.29769433418641323378384660,0,0.000,28.29769433418641323378384660,0.3835616438356164383561643836,0.2876712328767123287671232877,27.91413269035079679542768222,0E-28,0E-28,685,686,2036,ZBO,0.3835616438356164383561643836,0.2876712328767123287671232877,0.07700250277333864387563223127,0.05544180199680382359045520651
27.91413269035079679542768222,0,0.000,27.91413269035079679542768222,0.3835616438356164383561643836,0.2876712328767123287671232877,27.53057104651518035707151784,0E-28,0E-28,686,687,2036,ZBO,0.3835616438356164383561643836,0.2876712328767123287671232877,0.07595164895461092760616328776,0.05468518724731986787643756719
27.53057104651518035707151784,0,0.000,27.53057104651518035707151784,0.3835616438356164383561643836,0.2876712328767123287671232877,27.14700940267956391871535346,0E-28,0E-28,687,688,2036,ZBO,0.3835616438356164383561643836,0.2876712328767123287671232877,0.07490079513588321133669434425,0.05392857249783591216241992786
27.14700940267956391871535346,0,0.000,27.14700940267956391871535346,0.3835616438356164383561643836,0.2876712328767123287671232877,26.76344775884394748035918908,0E-28,0E-28,688,689,2036,ZBO,0.3835616438356164383561643836,0.2876712328767123287671232877,0.07384994131715549506722540075,0.05317195774835195644840228854
26.76344775884394748035918908,0,0.000,26.76344775884394748035918908,0.3835616438356164383561643836,0.2876712328767123287671232877,26.37988611500833104200302470,0E-28,0E-28,689,690,2036,ZBO,0.3835616438356164383561643836,0.2876712328767123287671232877,0.07279908749842777879775645724,0.05241534299886800073438464921
26.37988611500833104200302470,0,0.000,26.37988611500833104200302470,0.3835616438356164383561643836,0.2876712328767123287671232877,25.99632447117271460364686032,0E-28,0E-28,690,691,2036,ZBO,0.3835616438356164383561643836,0.2876712328767123287671232877,0.07174823367970006252828751373,0.05165872824938404502036700989
25.99632447117271460364686032,0,0.000,25.99632447117271460364686032,0.3835616438356164383561643836,0.2876712328767123287671232877,25.61276282733709816529069594,0E-28,0E-28,691,692,2036,ZBO,0.3835616438356164383561643836,0.2876712328767123287671232877,0.07069737986097234625881857023,0.05090211349990008930634937057
25.61276282733709816529069594,0,0.000,25.61276282733709816529069594,0.3835616438356164383561643836,0.2876712328767123287671232877,25.22920118350148172693453156,0E-28,0E-28,692,693,2036,ZBO,0.3835616438356164383561643836,0.2876712328767123287671232877,0.06964652604224462998934962672,0.05014549875041613359233173124
25.22920118350148172693453156,0,0.000,25.22920118350148172693453156,0.3835616438356164383561643836,0.2876712328767123287671232877,24.84563953966586528857836718,0E-28,0E-28,693,694,2036,ZBO,0.3835616438356164383561643836,0.2876712328767123287671232877,0.06859567222351691371988068321,0.04938888400093217787831409191
24.84563953966586528857836718,0,0.000,24.84563953966586528857836718,0.3835616438356164383561643836,0.2876712328767123287671232877,24.46207789583024885022220280,0E-28,0E-28,694,695,2036,ZBO,0.3835616438356164383561643836,0.2876712328767123287671232877,0.06754481840478919745041173971,0.04863226925144822216429645259
24.46207789583024885022220280,0,0.000,24.46207789583024885022220280,0.3835616438356164383561643836,0.2876712328767123287671232877,24.07851625199463241186603842,0E-28,0E-28,695,696,2036,ZBO,0.3835616438356164383561643836,0.2876712328767123287671232877,0.06649396458606148118094279620,0.04787565450196426645027881326
24.07851625199463241186603842,0,0.000,24.07851625199463241186603842,0.3835616438356164383561643836,0.2876712328767123287671232877,23.69495460815901597350987404,0E-28,0E-28,696,697,2036,ZBO,0.3835616438356164383561643836,0.2876712328767123287671232877,0.06544311076733376491147385269,0.04711903975248031073626117394
23.69495460815901597350987404,0,0.000,23.69495460815901597350987404,0.3835616438356164383561643836,0.2876712328767123287671232877,23.31139296432339953515370966,0E-28,0E-28,697,698,2036,ZBO,0.3835616438356164383561643836,0.2876712328767123287671232877,0.06439225694860604864200490918,0.04636242500299635502224353461
23.31139296432339953515370966,0,0.000,23.31139296432339953515370966,0.3835616438356164383561643836,0.2876712328767123287671232877,22.92783132048778309679754528,0E-28,0E-28,698,699,2036,ZBO,0.3835616438356164383561643836,0.2876712328767123287671232877,0.06334140312987833237253596568,0.04560581025351239930822589529
22.92783132048778309679754528,0,0.000,22.92783132048778309679754528,0.2237442922374429223744292237,0.1678082191780821917808219178,22.70408702825034017442311606,0E-28,0E-28,699,8395/12,2036,ZBO,0.2237442922374429223744292237,0.1678082191780821917808219178,0.03646386169419713046787039148,0.02625398041982193393686668187
22.70408702825034017442311606,12.5376894460150828286531443,0.1504522733521809939438377316,35.09132420091324200913242263,0.1598173515981735159817351599,0.1198630136986301369863013699,34.93150684931506849315068747,0E-28,0E-28,8395/12,700,2036,ZBO,0.1598173515981735159817351599,0.1198630136986301369863013699,0.03996736932090656992139446925,0.02877650591105273034340401786
34.93150684931506849315068747,0,0.000,34.93150684931506849315068747,0.3835616438356164383561643836,0.2876712328767123287671232877,34.54794520547945205479452309,0E-28,0E-28,700,701,2036,ZBO,0.3835616438356164383561643836,0.2876712328767123287671232877,0.09517733158191030212047289119,0.06852767873897541752674048166
34.54794520547945205479452309,0,0.000,34.54794520547945205479452309,0.3835616438356164383561643836,0.2876712328767123287671232877,34.16438356164383561643835871,0E-28,0E-28,701,702,2036,ZBO,0.3835616438356164383561643836,0.2876712328767123287671232877,0.09412647776318258585100394768,0.06777106398949146181272284233
34.16438356164383561643835871,0,0.000,34.16438356164383561643835871,0.3835616438356164383561643836,0.2876712328767123287671232877,33.78082191780821917808219433,0E-28,0E-28,702,703,2036,ZBO,0.3835616438356164383561643836,0.2876712328767123287671232877,0.09307562394445486958153500417,0.06701444924000750609870520300
33.78082191780821917808219433,0,0.000,33.78082191780821917808219433,0.3835616438356164383561643836,0.2876712328767123287671232877,33.39726027397260273972602995,0E-28,0E-28,703,704,2036,ZBO,0.3835616438356164383561643836,0.2876712328767123287671232877,0.09202477012572715331206606067,0.06625783449052355038468756368
33.39726027397260273972602995,0,0.000,33.39726027397260273972602995,0.3835616438356164383561643836,0.2876712328767123287671232877,33.01369863013698630136986557,0E-28,0E-28,704,705,2036,ZBO,0.3835616438356164383561643836,0.2876712328767123287671232877,0.09097391630699943704259711716,0.06550121974103959467066992436
33.01369863013698630136986557,0,0.000,33.01369863013698630136986557,0.3835616438356164383561643836,0.2876712328767123287671232877,32.63013698630136986301370119,0E-28,0E-28,705,706,2036,ZBO,0.3835616438356164383561643836,0.2876712328767123287671232877,0.08992306248827172077312817365,0.06474460499155563895665228503
32.63013698630136986301370119,0,0.000,32.63013698630136986301370119,0.3835616438356164383561643836,0.2876712328767123287671232877,32.24657534246575342465753681,0E-28,0E-28,706,707,2036,ZBO,0.3835616438356164383561643836,0.2876712328767123287671232877,0.08887220866954400450365923015,0.06398799024207168324263464571
32.24657534246575342465753681,0,0.000,32.24657534246575342465753681,0.3835616438356164383561643836,0.2876712328767123287671232877,31.86301369863013698630137243,0E-28,0E-28,707,708,2036,ZBO,0.3835616438356164383561643836,0.2876712328767123287671232877,0.08782135485081628823419028664,0.06323137549258772752861700638
31.86301369863013698630137243,0,0.000,31.86301369863013698630137243,0.3835616438356164383561643836,0.2876712328767123287671232877,31.47945205479452054794520805,0E-28,0E-28,708,709,2036,ZBO,0.3835616438356164383561643836,0.2876712328767123287671232877,0.08677050103208857196472134313,0.06247476074310377181459936705
31.47945205479452054794520805,0,0.000,31.47945205479452054794520805,0.3835616438356164383561643836,0.2876712328767123287671232877,31.09589041095890410958904367,0E-28,0E-28,709,710,2036,ZBO,0.3835616438356164383561643836,0.2876712328767123287671232877,0.08571964721336085569525239963,0.06171814599361981610058172773
31.09589041095890410958904367,0,0.000,31.09589041095890410958904367,0.3835616438356164383561643836,0.2876712328767123287671232877,30.71232876712328767123287929,0E-28,0E-28,710,711,2036,ZBO,0.3835616438356164383561643836,0.2876712328767123287671232877,0.08466879339463313942578345612,0.06096153124413586038656408841
30.71232876712328767123287929,0,0.000,30.71232876712328767123287929,0.3835616438356164383561643836,0.2876712328767123287671232877,30.32876712328767123287671491,0E-28,0E-28,711,712,2036,ZBO,0.3835616438356164383561643836,0.2876712328767123287671232877,0.08361793957590542315631451261,0.06020491649465190467254644908
30.32876712328767123287671491,0,0.000,30.32876712328767123287671491,0.3835616438356164383561643836,0.2876712328767123287671232877,29.94520547945205479452055053,0E-28,0E-28,712,713,2036,ZBO,0.3835616438356164383561643836,0.2876712328767123287671232877,0.08256708575717770688684556910,0.05944830174516794895852880975
29.94520547945205479452055053,0,0.000,29.94520547945205479452055053,0.3835616438356164383561643836,0.2876712328767123287671232877,29.56164383561643835616438615,0E-28,0E-28,713,714,2036,ZBO,0.3835616438356164383561643836,0.2876712328767123287671232877,0.08151623193844999061737662560,0.05869168699568399324451117043
29.56164383561643835616438615,0,0.000,29.56164383561643835616438615,0.3835616438356164383561643836,0.2876712328767123287671232877,29.17808219178082191780822177,0E-28,0E-28,714,715,2036,ZBO,0.3835616438356164383561643836,0.2876712328767123287671232877,0.08046537811972227434790768209,0.05793507224620003753049353110
29.17808219178082191780822177,0,0.000,29.17808219178082191780822177,0.3835616438356164383561643836,0.2876712328767123287671232877,28.79452054794520547945205739,0E-28,0E-28,715,716,2036,ZBO,0.3835616438356164383561643836,0.2876712328767123287671232877,0.07941452430099455807843873858,0.05717845749671608181647589178
28.79452054794520547945205739,0,0.000,28.79452054794520547945205739,0.3835616438356164383561643836,0.2876712328767123287671232877,28.41095890410958904109589301,0E-28,0E-28,716,717,2036,ZBO,0.3835616438356164383561643836,0.2876712328767123287671232877,0.07836367048226684180896979508,0.05642184274723212610245825246
28.41095890410958904109589301,0,0.000,28.41095890410958904109589301,0.3835616438356164383561643836,0.2876712328767123287671232877,28.02739726027397260273972863,0E-28,0E-28,717,718,2036,ZBO,0.3835616438356164383561643836,0.2876712328767123287671232877,0.07731281666353912553950085157,0.05566522799774817038844061313
28.02739726027397260273972863,0,0.000,28.02739726027397260273972863,0.3835616438356164383561643836,0.2876712328767123287671232877,27.64383561643835616438356425,0E-28,0E-28,718,719,2036,ZBO,0.3835616438356164383561643836,0.2876712328767123287671232877,0.07626196284481140927003190806,0.05490861324826421467442297380
27.64383561643835616438356425,0,0.000,27.64383561643835616438356425,0.3835616438356164383561643836,0.2876712328767123287671232877,27.26027397260273972602739987,0E-28,0E-28,719,720,2036,ZBO,0.3835616438356164383561643836,0.2876712328767123287671232877,0.07521110902608369300056296456,0.05415199849878025896040533448
27.26027397260273972602739987,0,0.000,27.26027397260273972602739987,0.3835616438356164383561643836,0.2876712328767123287671232877,26.87671232876712328767123549,0E-28,0E-28,720,721,2036,ZBO,0.3835616438356164383561643836,0.2876712328767123287671232877,0.07416025520735597673109402105,0.05339538374929630324638769516
26.87671232876712328767123549,0,0.000,26.87671232876712328767123549,0.3835616438356164383561643836,0.2876712328767123287671232877,26.49315068493150684931507111,0E-28,0E-28,721,722,2036,ZBO,0.3835616438356164383561643836,0.2876712328767123287671232877,0.07310940138862826046162507754,0.05263876899981234753237005583
26.49315068493150684931507111,0,0.000,26.49315068493150684931507111,0.3835616438356164383561643836,0.2876712328767123287671232877,26.10958904109589041095890673,0E-28,0E-28,722,723,2036,ZBO,0.3835616438356164383561643836,0.2876712328767123287671232877,0.07205854756990054419215613403,0.05188215425032839181835241650
26.10958904109589041095890673,0,0.000,26.10958904109589041095890673,0.3835616438356164383561643836,0.2876712328767123287671232877,25.72602739726027397260274235,0E-28,0E-28,723,724,2036,ZBO,0.3835616438356164383561643836,0.2876712328767123287671232877,0.07100769375117282792268719053,0.05112553950084443610433477718
25.72602739726027397260274235,0,0.000,25.72602739726027397260274235,0.3835616438356164383561643836,0.2876712328767123287671232877,25.34246575342465753424657797,0E-28,0E-28,724,725,2036,ZBO,0.3835616438356164383561643836,0.2876712328767123287671232877,0.06995683993244511165321824702,0.05036892475136048039031713785
25.34246575342465753424657797,0,0.000,25.34246575342465753424657797,0.3835616438356164383561643836,0.2876712328767123287671232877,24.95890410958904109589041359,0E-28,0E-28,725,726,2036,ZBO,0.3835616438356164383561643836,0.2876712328767123287671232877,0.06890598611371739538374930351,0.04961231000187652467629949853
24.95890410958904109589041359,0,0.000,24.95890410958904109589041359,0.3835616438356164383561643836,0.2876712328767123287671232877,24.57534246575342465753424921,0E-28,0E-28,726,727,2036,ZBO,0.3835616438356164383561643836,0.2876712328767123287671232877,0.06785513229498967911428036001,0.04885569525239256896228185921
24.57534246575342465753424921,0,0.000,24.57534246575342465753424921,0.3835616438356164383561643836,0.2876712328767123287671232877,24.19178082191780821917808483,0E-28,0E-28,727,728,2036,ZBO,0.3835616438356164383561643836,0.2876712328767123287671232877,0.06680427847626196284481141650,0.04809908050290861324826421988
24.19178082191780821917808483,0,0.000,24.19178082191780821917808483,0.3835616438356164383561643836,0.2876712328767123287671232877,23.80821917808219178082192045,0E-28,0E-28,728,729,2036,ZBO,0.3835616438356164383561643836,0.2876712328767123287671232877,0.06575342465753424657534247299,0.04734246575342465753424658055
23.80821917808219178082192045,0,0.000,23.80821917808219178082192045,0.3835616438356164383561643836,0.2876712328767123287671232877,23.42465753424657534246575607,0E-28,0E-28,729,730,2036,ZBO,0.3835616438356164383561643836,0.2876712328767123287671232877,0.06470257083880653030587352949,0.04658585100394070182022894123
23.42465753424657534246575607,17.03951990091139334109773908,0.2044742388109367200931728690,40.25970319634703196347032228,0.5205479452054794520547945206,0.3698630136986301369863013699,39.73915525114155251141552776,0E-28,0E-28,730,731,2037,ZBO,0.5205479452054794520547945206,0.3698630136986301369863013699,0.1095874773253268280477888357,0.07890298367423531619440796170
39.73915525114155251141552776,0,0.000,39.73915525114155251141552776,0.5205479452054794520547945206,0.3698630136986301369863013699,39.21860730593607305936073324,0E-28,0E-28,731,732,2037,ZBO,0.5205479452054794520547945206,0.3698630136986301369863013699,0.1081613185713392131106524123,0.07787614937136423343966973686
39.21860730593607305936073324,0,0.000,39.21860730593607305936073324,0.5205479452054794520547945206,0.3698630136986301369863013699,38.69805936073059360730593872,0E-28,0E-28,732,733,2037,ZBO,0.5205479452054794520547945206,0.3698630136986301369863013699,0.1067351598173515981735159890,0.07684931506849315068493151208
38.69805936073059360730593872,0,0.000,38.69805936073059360730593872,0.5205479452054794520547945206,0.3698630136986301369863013699,38.17751141552511415525114420,0E-28,0E-28,733,734,2037,ZBO,0.5205479452054794520547945206,0.3698630136986301369863013699,0.1053090010633639832363795657,0.07582248076562206793019328730
38.17751141552511415525114420,0,0.000,38.17751141552511415525114420,0.5205479452054794520547945206,0.3698630136986301369863013699,37.65696347031963470319634968,0E-28,0E-28,734,735,2037,ZBO,0.5205479452054794520547945206,0.3698630136986301369863013699,0.1038828423093763682992431423,0.07479564646275098517545506246
37.65696347031963470319634968,0,0.000,37.65696347031963470319634968,0.5205479452054794520547945206,0.3698630136986301369863013699,37.13641552511415525114155516,0E-28,0E-28,735,736,2037,ZBO,0.5205479452054794520547945206,0.3698630136986301369863013699,0.1024566835553887533621067190,0.07376881215987990242071683768
37.13641552511415525114155516,0,0.000,37.13641552511415525114155516,0.5205479452054794520547945206,0.3698630136986301369863013699,36.61586757990867579908676064,0E-28,0E-28,736,737,2037,ZBO,0.5205479452054794520547945206,0.3698630136986301369863013699,0.1010305248014011384249702956,0.07274197785700881966597861283
36.61586757990867579908676064,0,0.000,36.61586757990867579908676064,0.5205479452054794520547945206,0.3698630136986301369863013699,36.09531963470319634703196612,0E-28,0E-28,737,738,2037,ZBO,0.5205479452054794520547945206,0.3698630136986301369863013699,0.09960436604741352348783387228,0.07171514355413773691124038804
36.09531963470319634703196612,0,0.000,36.09531963470319634703196612,0.5205479452054794520547945206,0.3698630136986301369863013699,35.57477168949771689497717160,0E-28,0E-28,738,739,2037,ZBO,0.5205479452054794520547945206,0.3698630136986301369863013699,0.09817820729342590855069744894,0.07068830925126665415650216324
35.57477168949771689497717160,0,0.000,35.57477168949771689497717160,0.5205479452054794520547945206,0.3698630136986301369863013699,35.05422374429223744292237708,0E-28,0E-28,739,740,2037,ZBO,0.5205479452054794520547945206,0.3698630136986301369863013699,0.09675204853943829361356102560,0.06966147494839557140176393843
35.05422374429223744292237708,0,0.000,35.05422374429223744292237708,0.5205479452054794520547945206,0.3698630136986301369863013699,34.53367579908675799086758256,0E-28,0E-28,740,741,2037,ZBO,0.5205479452054794520547945206,0.3698630136986301369863013699,0.09532588978545067867642460226,0.06863464064552448864702571363
34.53367579908675799086758256,0,0.000,34.53367579908675799086758256,0.5205479452054794520547945206,0.3698630136986301369863013699,34.01312785388127853881278804,0E-28,0E-28,741,742,2037,ZBO,0.5205479452054794520547945206,0.3698630136986301369863013699,0.09389973103146306373928817891,0.06760780634265340589228748882
34.01312785388127853881278804,0,0.000,34.01312785388127853881278804,0.5205479452054794520547945206,0.3698630136986301369863013699,33.49257990867579908675799352,0E-28,0E-28,742,743,2037,ZBO,0.5205479452054794520547945206,0.3698630136986301369863013699,0.09247357227747544880215175557,0.06658097203978232313754926401
33.49257990867579908675799352,0,0.000,33.49257990867579908675799352,0.5205479452054794520547945206,0.3698630136986301369863013699,32.97203196347031963470319900,0E-28,0E-28,743,744,2037,ZBO,0.5205479452054794520547945206,0.3698630136986301369863013699,0.09104741352348783386501533223,0.06555413773691124038281103921
32.97203196347031963470319900,0,0.000,32.97203196347031963470319900,0.5205479452054794520547945206,0.3698630136986301369863013699,32.45148401826484018264840448,0E-28,0E-28,744,745,2037,ZBO,0.5205479452054794520547945206,0.3698630136986301369863013699,0.08962125476950021892787890889,0.06452730343404015762807281440
32.45148401826484018264840448,0,0.000,32.45148401826484018264840448,0.5205479452054794520547945206,0.3698630136986301369863013699,31.93093607305936073059360996,0E-28,0E-28,745,746,2037,ZBO,0.5205479452054794520547945206,0.3698630136986301369863013699,0.08819509601551260399074248554,0.06350046913116907487333458959
31.93093607305936073059360996,0,0.000,31.93093607305936073059360996,0.5205479452054794520547945206,0.3698630136986301369863013699,31.41038812785388127853881544,0E-28,0E-28,746,747,2037,ZBO,0.5205479452054794520547945206,0.3698630136986301369863013699,0.08676893726152498905360606220,0.06247363482829799211859636478
31.41038812785388127853881544,0,0.000,31.41038812785388127853881544,0.5205479452054794520547945206,0.3698630136986301369863013699,30.88984018264840182648402092,0E-28,0E-28,747,748,2037,ZBO,0.5205479452054794520547945206,0.3698630136986301369863013699,0.08534277850753737411646963886,0.06144680052542690936385813998
30.88984018264840182648402092,0,0.000,30.88984018264840182648402092,0.5205479452054794520547945206,0.3698630136986301369863013699,30.36929223744292237442922640,0E-28,0E-28,748,749,2037,ZBO,0.5205479452054794520547945206,0.3698630136986301369863013699,0.08391661975354975917933321552,0.06041996622255582660911991517
30.36929223744292237442922640,0,0.000,30.36929223744292237442922640,0.5205479452054794520547945206,0.3698630136986301369863013699,29.84874429223744292237443188,0E-28,0E-28,749,750,2037,ZBO,0.5205479452054794520547945206,0.3698630136986301369863013699,0.08249046099956214424219679217,0.05939313191968474385438169036
29.84874429223744292237443188,0,0.000,29.84874429223744292237443188,0.5205479452054794520547945206,0.3698630136986301369863013699,29.32819634703196347031963736,0E-28,0E-28,750,751,2037,ZBO,0.5205479452054794520547945206,0.3698630136986301369863013699,0.08106430224557452930506036883,0.05836629761681366109964346556
29.32819634703196347031963736,0,0.000,29.32819634703196347031963736,0.5205479452054794520547945206,0.3698630136986301369863013699,28.80764840182648401826484284,0E-28,0E-28,751,752,2037,ZBO,0.5205479452054794520547945206,0.3698630136986301369863013699,0.07963814349158691436792394549,0.05733946331394257834490524075
28.80764840182648401826484284,0,0.000,28.80764840182648401826484284,0.5205479452054794520547945206,0.3698630136986301369863013699,28.28710045662100456621004832,0E-28,0E-28,752,753,2037,ZBO,0.5205479452054794520547945206,0.3698630136986301369863013699,0.07821198473759929943078752214,0.05631262901107149559016701594
28.28710045662100456621004832,0,0.000,28.28710045662100456621004832,0.5205479452054794520547945206,0.3698630136986301369863013699,27.76655251141552511415525380,0E-28,0E-28,753,754,2037,ZBO,0.5205479452054794520547945206,0.3698630136986301369863013699,0.07678582598361168449365109880,0.05528579470820041283542879114
27.76655251141552511415525380,0,0.000,27.76655251141552511415525380,0.5205479452054794520547945206,0.3698630136986301369863013699,27.24600456621004566210045928,0E-28,0E-28,754,755,2037,ZBO,0.5205479452054794520547945206,0.3698630136986301369863013699,0.07535966722962406955651467546,0.05425896040532933008069056633
27.24600456621004566210045928,0,0.000,27.24600456621004566210045928,0.5205479452054794520547945206,0.3698630136986301369863013699,26.72545662100456621004566476,0E-28,0E-28,755,756,2037,ZBO,0.5205479452054794520547945206,0.3698630136986301369863013699,0.07393350847563645461937825212,0.05323212610245824732595234153
26.72545662100456621004566476,0,0.000,26.72545662100456621004566476,0.5205479452054794520547945206,0.3698630136986301369863013699,26.20490867579908675799087024,0E-28,0E-28,756,757,2037,ZBO,0.5205479452054794520547945206,0.3698630136986301369863013699,0.07250734972164883968224182877,0.05220529179958716457121411671
26.20490867579908675799087024,0,0.000,26.20490867579908675799087024,0.5205479452054794520547945206,0.3698630136986301369863013699,25.68436073059360730593607572,0E-28,0E-28,757,758,2037,ZBO,0.5205479452054794520547945206,0.3698630136986301369863013699,0.07108119096766122474510540543,0.05117845749671608181647589191
25.68436073059360730593607572,0,0.000,25.68436073059360730593607572,0.5205479452054794520547945206,0.3698630136986301369863013699,25.16381278538812785388128120,0E-28,0E-28,758,759,2037,ZBO,0.5205479452054794520547945206,0.3698630136986301369863013699,0.06965503221367360980796898209,0.05015162319384499906173766710
25.16381278538812785388128120,0,0.000,25.16381278538812785388128120,0.5205479452054794520547945206,0.3698630136986301369863013699,24.64326484018264840182648668,0E-28,0E-28,759,760,2037,ZBO,0.5205479452054794520547945206,0.3698630136986301369863013699,0.06822887345968599487083255875,0.04912478889097391630699944230
24.64326484018264840182648668,0,0.000,24.64326484018264840182648668,0.2168949771689497716894977170,0.1541095890410958904109589042,24.42636986301369863013698896,0E-28,0E-28,760,9125/12,2037,ZBO,0.2168949771689497716894977170,0.1541095890410958904109589042,0.02800778236483809762098371898,0.02016560330268343028710827767
24.42636986301369863013698896,17.03951990091139334109773908,0.2044742388109367200931728690,41.26141552511415525114155517,0.3036529680365296803652968036,0.2157534246575342465753424657,40.95776255707762557077625837,0E-28,0E-28,9125/12,761,2037,ZBO,0.3036529680365296803652968036,0.2157534246575342465753424657,0.06570025645837242759742291036,0.04730418465002814787014449546
40.95776255707762557077625837,0,0.000,40.95776255707762557077625837,0.5205479452054794520547945206,0.3698630136986301369863013699,40.43721461187214611872146385,0E-28,0E-28,761,762,2037,ZBO,0.5205479452054794520547945206,0.3698630136986301369863013699,0.1114999687245887283417777017,0.08027997748170388440607994522
40.43721461187214611872146385,0,0.000,40.43721461187214611872146385,0.5205479452054794520547945206,0.3698630136986301369863013699,39.91666666666666666666666933,0E-28,0E-28,762,763,2037,ZBO,0.5205479452054794520547945206,0.3698630136986301369863013699,0.1100738099706011134046412783,0.07925314317883280165134172038
39.91666666666666666666666933,0,0.000,39.91666666666666666666666933,0.5205479452054794520547945206,0.3698630136986301369863013699,39.39611872146118721461187481,0E-28,0E-28,763,764,2037,ZBO,0.5205479452054794520547945206,0.3698630136986301369863013699,0.1086476512166134984675048550,0.07822630887596171889660349560
39.39611872146118721461187481,0,0.000,39.39611872146118721461187481,0.5205479452054794520547945206,0.3698630136986301369863013699,38.87557077625570776255708029,0E-28,0E-28,764,765,2037,ZBO,0.5205479452054794520547945206,0.3698630136986301369863013699,0.1072214924626258835303684317,0.07719947457309063614186527082
38.87557077625570776255708029,0,0.000,38.87557077625570776255708029,0.5205479452054794520547945206,0.3698630136986301369863013699,38.35502283105022831050228577,0E-28,0E-28,765,766,2037,ZBO,0.5205479452054794520547945206,0.3698630136986301369863013699,0.1057953337086382685932320083,0.07617264027021955338712704598
38.35502283105022831050228577,0,0.000,38.35502283105022831050228577,0.5205479452054794520547945206,0.3698630136986301369863013699,37.83447488584474885844749125,0E-28,0E-28,766,767,2037,ZBO,0.5205479452054794520547945206,0.3698630136986301369863013699,0.1043691749546506536560955850,0.07514580596734847063238882120
37.83447488584474885844749125,0,0.000,37.83447488584474885844749125,0.5205479452054794520547945206,0.3698630136986301369863013699,37.31392694063926940639269673,0E-28,0E-28,767,768,2037,ZBO,0.5205479452054794520547945206,0.3698630136986301369863013699,0.1029430162006630387189591616,0.07411897166447738787765059635
37.31392694063926940639269673,0,0.000,37.31392694063926940639269673,0.5205479452054794520547945206,0.3698630136986301369863013699,36.79337899543378995433790221,0E-28,0E-28,768,769,2037,ZBO,0.5205479452054794520547945206,0.3698630136986301369863013699,0.1015168574466754237818227383,0.07309213736160630512291237158
36.79337899543378995433790221,0,0.000,36.79337899543378995433790221,0.5205479452054794520547945206,0.3698630136986301369863013699,36.27283105022831050228310769,0E-28,0E-28,769,770,2037,ZBO,0.5205479452054794520547945206,0.3698630136986301369863013699,0.1000906986926878088446863149,0.07206530305873522236817414673
36.27283105022831050228310769,0,0.000,36.27283105022831050228310769,0.5205479452054794520547945206,0.3698630136986301369863013699,35.75228310502283105022831317,0E-28,0E-28,770,771,2037,ZBO,0.5205479452054794520547945206,0.3698630136986301369863013699,0.09866453993870019390754989160,0.07103846875586413961343592195
35.75228310502283105022831317,0,0.000,35.75228310502283105022831317,0.5205479452054794520547945206,0.3698630136986301369863013699,35.23173515981735159817351865,0E-28,0E-28,771,772,2037,ZBO,0.5205479452054794520547945206,0.3698630136986301369863013699,0.09723838118471257897041346826,0.07001163445299305685869769715
35.23173515981735159817351865,0,0.000,35.23173515981735159817351865,0.5205479452054794520547945206,0.3698630136986301369863013699,34.71118721461187214611872413,0E-28,0E-28,772,773,2037,ZBO,0.5205479452054794520547945206,0.3698630136986301369863013699,0.09581222243072496403327704491,0.06898480015012197410395947234
34.71118721461187214611872413,0,0.000,34.71118721461187214611872413,0.5205479452054794520547945206,0.3698630136986301369863013699,34.19063926940639269406392961,0E-28,0E-28,773,774,2037,ZBO,0.5205479452054794520547945206,0.3698630136986301369863013699,0.09438606367673734909614062157,0.06795796584725089134922124753
34.19063926940639269406392961,0,0.000,34.19063926940639269406392961,0.5205479452054794520547945206,0.3698630136986301369863013699,33.67009132420091324200913509,0E-28,0E-28,774,775,2037,ZBO,0.5205479452054794520547945206,0.3698630136986301369863013699,0.09295990492274973415900419823,0.06693113154437980859448302273
33.67009132420091324200913509,0,0.000,33.67009132420091324200913509,0.5205479452054794520547945206,0.3698630136986301369863013699,33.14954337899543378995434057,0E-28,0E-28,775,776,2037,ZBO,0.5205479452054794520547945206,0.3698630136986301369863013699,0.09153374616876211922186777489,0.06590429724150872583974479792
33.14954337899543378995434057,0,0.000,33.14954337899543378995434057,0.5205479452054794520547945206,0.3698630136986301369863013699,32.62899543378995433789954605,0E-28,0E-28,776,777,2037,ZBO,0.5205479452054794520547945206,0.3698630136986301369863013699,0.09010758741477450428473135154,0.06487746293863764308500657311
32.62899543378995433789954605,0,0.000,32.62899543378995433789954605,0.5205479452054794520547945206,0.3698630136986301369863013699,32.10844748858447488584475153,0E-28,0E-28,777,778,2037,ZBO,0.5205479452054794520547945206,0.3698630136986301369863013699,0.08868142866078688934759492820,0.06385062863576656033026834830
32.10844748858447488584475153,0,0.000,32.10844748858447488584475153,0.5205479452054794520547945206,0.3698630136986301369863013699,31.58789954337899543378995701,0E-28,0E-28,778,779,2037,ZBO,0.5205479452054794520547945206,0.3698630136986301369863013699,0.08725526990679927441045850486,0.06282379433289547757553012350
31.58789954337899543378995701,0,0.000,31.58789954337899543378995701,0.5205479452054794520547945206,0.3698630136986301369863013699,31.06735159817351598173516249,0E-28,0E-28,779,780,2037,ZBO,0.5205479452054794520547945206,0.3698630136986301369863013699,0.08582911115281165947332208152,0.06179696003002439482079189869
31.06735159817351598173516249,0,0.000,31.06735159817351598173516249,0.5205479452054794520547945206,0.3698630136986301369863013699,30.54680365296803652968036797,0E-28,0E-28,780,781,2037,ZBO,0.5205479452054794520547945206,0.3698630136986301369863013699,0.08440295239882404453618565817,0.06077012572715331206605367388
30.54680365296803652968036797,0,0.000,30.54680365296803652968036797,0.5205479452054794520547945206,0.3698630136986301369863013699,30.02625570776255707762557345,0E-28,0E-28,781,782,2037,ZBO,0.5205479452054794520547945206,0.3698630136986301369863013699,0.08297679364483642959904923483,0.05974329142428222931131544908
30.02625570776255707762557345,0,0.000,30.02625570776255707762557345,0.5205479452054794520547945206,0.3698630136986301369863013699,29.50570776255707762557077893,0E-28,0E-28,782,783,2037,ZBO,0.5205479452054794520547945206,0.3698630136986301369863013699,0.08155063489084881466191281149,0.05871645712141114655657722427
29.50570776255707762557077893,0,0.000,29.50570776255707762557077893,0.5205479452054794520547945206,0.3698630136986301369863013699,28.98515981735159817351598441,0E-28,0E-28,783,784,2037,ZBO,0.5205479452054794520547945206,0.3698630136986301369863013699,0.08012447613686119972477638814,0.05768962281854006380183899946
28.98515981735159817351598441,0,0.000,28.98515981735159817351598441,0.5205479452054794520547945206,0.3698630136986301369863013699,28.46461187214611872146118989,0E-28,0E-28,784,785,2037,ZBO,0.5205479452054794520547945206,0.3698630136986301369863013699,0.07869831738287358478763996480,0.05666278851566898104710077466
28.46461187214611872146118989,0,0.000,28.46461187214611872146118989,0.5205479452054794520547945206,0.3698630136986301369863013699,27.94406392694063926940639537,0E-28,0E-28,785,786,2037,ZBO,0.5205479452054794520547945206,0.3698630136986301369863013699,0.07727215862888596985050354146,0.05563595421279789829236254985
27.94406392694063926940639537,0,0.000,27.94406392694063926940639537,0.5205479452054794520547945206,0.3698630136986301369863013699,27.42351598173515981735160085,0E-28,0E-28,786,787,2037,ZBO,0.5205479452054794520547945206,0.3698630136986301369863013699,0.07584599987489835491336711812,0.05460911990992681553762432505
27.42351598173515981735160085,0,0.000,27.42351598173515981735160085,0.5205479452054794520547945206,0.3698630136986301369863013699,26.90296803652968036529680633,0E-28,0E-28,787,788,2037,ZBO,0.5205479452054794520547945206,0.3698630136986301369863013699,0.07441984112091073997623069477,0.05358228560705573278288610023
26.90296803652968036529680633,0,0.000,26.90296803652968036529680633,0.5205479452054794520547945206,0.3698630136986301369863013699,26.38242009132420091324201181,0E-28,0E-28,788,789,2037,ZBO,0.5205479452054794520547945206,0.3698630136986301369863013699,0.07299368236692312503909427143,0.05255545130418465002814787543
26.38242009132420091324201181,0,0.000,26.38242009132420091324201181,0.5205479452054794520547945206,0.3698630136986301369863013699,25.86187214611872146118721729,0E-28,0E-28,789,790,2037,ZBO,0.5205479452054794520547945206,0.3698630136986301369863013699,0.07156752361293551010195784809,0.05152861700131356727340965062
25.86187214611872146118721729,0,0.000,25.86187214611872146118721729,0.4337899543378995433789954338,0.3082191780821917808219178082,25.42808219178082191780822186,0E-28,0E-28,790,4745/6,2037,ZBO,0.4337899543378995433789954338,0.3082191780821917808219178082,0.05855017618481683034131899447,0.04215612685306811784574967602
25.42808219178082191780822186,17.03951990091139334109773908,0.2044742388109367200931728690,42.26312785388127853881278807,0.08675799086757990867579908677,0.06164383561643835616438356165,42.17636986301369863013698898,0E-29,0E-29,4745/6,791,2037,ZBO,0.08675799086757990867579908677,0.06164383561643835616438356165,0.01927842413627739204770542855,0.01388046537811972227434790856
42.17636986301369863013698898,0,0.000,42.17636986301369863013698898,0.5205479452054794520547945206,0.3698630136986301369863013699,41.65582191780821917808219446,0E-28,0E-28,791,792,2037,ZBO,0.5205479452054794520547945206,0.3698630136986301369863013699,0.1148386188778382435729029910,0.08268380559204353537249015352
41.65582191780821917808219446,0,0.000,41.65582191780821917808219446,0.5205479452054794520547945206,0.3698630136986301369863013699,41.13527397260273972602739994,0E-28,0E-28,792,793,2037,ZBO,0.5205479452054794520547945206,0.3698630136986301369863013699,0.1134124601238506286357665677,0.08165697128917245261775192874
41.13527397260273972602739994,0,0.000,41.13527397260273972602739994,0.5205479452054794520547945206,0.3698630136986301369863013699,40.61472602739726027397260542,0E-28,0E-28,793,794,2037,ZBO,0.5205479452054794520547945206,0.3698630136986301369863013699,0.1119863013698630136986301443,0.08063013698630136986301370390
40.61472602739726027397260542,0,0.000,40.61472602739726027397260542,0.5205479452054794520547945206,0.3698630136986301369863013699,40.09417808219178082191781090,0E-28,0E-28,794,795,2037,ZBO,0.5205479452054794520547945206,0.3698630136986301369863013699,0.1105601426158753987614937210,0.07960330268343028710827547912
40.09417808219178082191781090,0,0.000,40.09417808219178082191781090,0.5205479452054794520547945206,0.3698630136986301369863013699,39.57363013698630136986301638,0E-28,0E-28,795,796,2037,ZBO,0.5205479452054794520547945206,0.3698630136986301369863013699,0.1091339838618877838243572977,0.07857646838055920435353725434
39.57363013698630136986301638,0,0.000,39.57363013698630136986301638,0.5205479452054794520547945206,0.3698630136986301369863013699,39.05308219178082191780822186,0E-28,0E-28,796,797,2037,ZBO,0.5205479452054794520547945206,0.3698630136986301369863013699,0.1077078251079001688872208743,0.07754963407768812159879902950
39.05308219178082191780822186,0,0.000,39.05308219178082191780822186,0.5205479452054794520547945206,0.3698630136986301369863013699,38.53253424657534246575342734,0E-28,0E-28,797,798,2037,ZBO,0.5205479452054794520547945206,0.3698630136986301369863013699,0.1062816663539125539500844510,0.07652279977481703884406080472
38.53253424657534246575342734,0,0.000,38.53253424657534246575342734,0.5205479452054794520547945206,0.3698630136986301369863013699,38.01198630136986301369863282,0E-28,0E-28,798,799,2037,ZBO,0.5205479452054794520547945206,0.3698630136986301369863013699,0.1048555075999249390129480276,0.07549596547194595608932257987
38.01198630136986301369863282,0,0.000,38.01198630136986301369863282,0.5205479452054794520547945206,0.3698630136986301369863013699,37.49143835616438356164383830,0E-28,0E-28,799,800,2037,ZBO,0.5205479452054794520547945206,0.3698630136986301369863013699,0.1034293488459373240758116043,0.07446913116907487333458435510
37.49143835616438356164383830,0,0.000,37.49143835616438356164383830,0.5205479452054794520547945206,0.3698630136986301369863013699,36.97089041095890410958904378,0E-28,0E-28,800,801,2037,ZBO,0.5205479452054794520547945206,0.3698630136986301369863013699,0.1020031900919497091386751809,0.07344229686620379057984613025
36.97089041095890410958904378,0,0.000,36.97089041095890410958904378,0.5205479452054794520547945206,0.3698630136986301369863013699,36.45034246575342465753424926,0E-28,0E-28,801,802,2037,ZBO,0.5205479452054794520547945206,0.3698630136986301369863013699,0.1005770313379620942015387576,0.07241546256333270782510790547
36.45034246575342465753424926,0,0.000,36.45034246575342465753424926,0.5205479452054794520547945206,0.3698630136986301369863013699,35.92979452054794520547945474,0E-28,0E-28,802,803,2037,ZBO,0.5205479452054794520547945206,0.3698630136986301369863013699,0.09915087258397447926440233426,0.07138862826046162507036968067
35.92979452054794520547945474,0,0.000,35.92979452054794520547945474,0.5205479452054794520547945206,0.3698630136986301369863013699,35.40924657534246575342466022,0E-28,0E-28,803,804,2037,ZBO,0.5205479452054794520547945206,0.3698630136986301369863013699,0.09772471382998686432726591091,0.07036179395759054231563145586
35.40924657534246575342466022,0,0.000,35.40924657534246575342466022,0.5205479452054794520547945206,0.3698630136986301369863013699,34.88869863013698630136986570,0E-28,0E-28,804,805,2037,ZBO,0.5205479452054794520547945206,0.3698630136986301369863013699,0.09629855507599924939012948757,0.06933495965471945956089323105
34.88869863013698630136986570,0,0.000,34.88869863013698630136986570,0.5205479452054794520547945206,0.3698630136986301369863013699,34.36815068493150684931507118,0E-28,0E-28,805,806,2037,ZBO,0.5205479452054794520547945206,0.3698630136986301369863013699,0.09487239632201163445299306423,0.06830812535184837680615500625
34.36815068493150684931507118,0,0.000,34.36815068493150684931507118,0.5205479452054794520547945206,0.3698630136986301369863013699,33.84760273972602739726027666,0E-28,0E-28,806,807,2037,ZBO,0.5205479452054794520547945206,0.3698630136986301369863013699,0.09344623756802401951585664089,0.06728129104897729405141678144
33.84760273972602739726027666,0,0.000,33.84760273972602739726027666,0.5205479452054794520547945206,0.3698630136986301369863013699,33.32705479452054794520548214,0E-28,0E-28,807,808,2037,ZBO,0.5205479452054794520547945206,0.3698630136986301369863013699,0.09202007881403640457872021754,0.06625445674610621129667855663
33.32705479452054794520548214,0,0.000,33.32705479452054794520548214,0.5205479452054794520547945206,0.3698630136986301369863013699,32.80650684931506849315068762,0E-28,0E-28,808,809,2037,ZBO,0.5205479452054794520547945206,0.3698630136986301369863013699,0.09059392006004878964158379420,0.06522762244323512854194033182
32.80650684931506849315068762,0,0.000,32.80650684931506849315068762,0.5205479452054794520547945206,0.3698630136986301369863013699,32.28595890410958904109589310,0E-28,0E-28,809,810,2037,ZBO,0.5205479452054794520547945206,0.3698630136986301369863013699,0.08916776130606117470444737086,0.06420078814036404578720210702
32.28595890410958904109589310,0,0.000,32.28595890410958904109589310,0.5205479452054794520547945206,0.3698630136986301369863013699,31.76541095890410958904109858,0E-28,0E-28,810,811,2037,ZBO,0.5205479452054794520547945206,0.3698630136986301369863013699,0.08774160255207355976731094752,0.06317395383749296303246388221
31.76541095890410958904109858,0,0.000,31.76541095890410958904109858,0.5205479452054794520547945206,0.3698630136986301369863013699,31.24486301369863013698630406,0E-28,0E-28,811,812,2037,ZBO,0.5205479452054794520547945206,0.3698630136986301369863013699,0.08631544379808594483017452417,0.06214711953462188027772565740
31.24486301369863013698630406,0,0.000,31.24486301369863013698630406,0.5205479452054794520547945206,0.3698630136986301369863013699,30.72431506849315068493150954,0E-28,0E-28,812,813,2037,ZBO,0.5205479452054794520547945206,0.3698630136986301369863013699,0.08488928504409832989303810083,0.06112028523175079752298743260
30.72431506849315068493150954,0,0.000,30.72431506849315068493150954,0.5205479452054794520547945206,0.3698630136986301369863013699,30.20376712328767123287671502,0E-28,0E-28,813,814,2037,ZBO,0.5205479452054794520547945206,0.3698630136986301369863013699,0.08346312629011071495590167749,0.06009345092887971476824920779
30.20376712328767123287671502,0,0.000,30.20376712328767123287671502,0.5205479452054794520547945206,0.3698630136986301369863013699,29.68321917808219178082192050,0E-28,0E-28,814,815,2037,ZBO,0.5205479452054794520547945206,0.3698630136986301369863013699,0.08203696753612310001876525415,0.05906661662600863201351098299
29.68321917808219178082192050,0,0.000,29.68321917808219178082192050,0.5205479452054794520547945206,0.3698630136986301369863013699,29.16267123287671232876712598,0E-28,0E-28,815,816,2037,ZBO,0.5205479452054794520547945206,0.3698630136986301369863013699,0.08061080878213548508162883080,0.05803978232313754925877275818
29.16267123287671232876712598,0,0.000,29.16267123287671232876712598,0.5205479452054794520547945206,0.3698630136986301369863013699,28.64212328767123287671233146,0E-28,0E-28,816,817,2037,ZBO,0.5205479452054794520547945206,0.3698630136986301369863013699,0.07918465002814787014449240746,0.05701294802026646650403453337
28.64212328767123287671233146,0,0.000,28.64212328767123287671233146,0.5205479452054794520547945206,0.3698630136986301369863013699,28.12157534246575342465753694,0E-28,0E-28,817,818,2037,ZBO,0.5205479452054794520547945206,0.3698630136986301369863013699,0.07775849127416025520735598412,0.05598611371739538374929630857
28.12157534246575342465753694,0,0.000,28.12157534246575342465753694,0.5205479452054794520547945206,0.3698630136986301369863013699,27.60102739726027397260274242,0E-28,0E-28,818,819,2037,ZBO,0.5205479452054794520547945206,0.3698630136986301369863013699,0.07633233252017264027021956077,0.05495927941452430099455808375
27.60102739726027397260274242,0,0.000,27.60102739726027397260274242,0.5205479452054794520547945206,0.3698630136986301369863013699,27.08047945205479452054794790,0E-28,0E-28,819,820,2037,ZBO,0.5205479452054794520547945206,0.3698630136986301369863013699,0.07490617376618502533308313743,0.05393244511165321823981985895
27.08047945205479452054794790,0,0.000,27.08047945205479452054794790,0.5205479452054794520547945206,0.3698630136986301369863013699,26.55993150684931506849315338,0E-28,0E-28,820,821,2037,ZBO,0.5205479452054794520547945206,0.3698630136986301369863013699,0.07348001501219741039594671409,0.05290561080878213548508163414
26.55993150684931506849315338,0,0.000,26.55993150684931506849315338,0.1301369863013698630136986301,0.09246575342465753424657534246,26.42979452054794520547945475,0E-28,0E-29,821,3285/4,2037,ZBO,0.1301369863013698630136986301,0.09246575342465753424657534246,0.01814716644773878776505911237,0.01306595984237192719084256091
26.42979452054794520547945475,17.03951990091139334109773908,0.2044742388109367200931728690,43.26484018264840182648402096,0.3904109589041095890410958904,0.2773972602739726027397260274,42.87442922374429223744292507,0E-28,0E-28,3285/4,822,2037,ZBO,0.3904109589041095890410958904,0.2773972602739726027397260274,0.08849924939012948020266467060,0.06371945956089322574591856283
42.87442922374429223744292507,0,0.000,42.87442922374429223744292507,0.5205479452054794520547945206,0.3698630136986301369863013699,42.35388127853881278538813055,0E-28,0E-28,822,823,2037,ZBO,0.5205479452054794520547945206,0.3698630136986301369863013699,0.1167511102771001438668918570,0.08406079939951210358416213704
42.35388127853881278538813055,0,0.000,42.35388127853881278538813055,0.5205479452054794520547945206,0.3698630136986301369863013699,41.83333333333333333333333603,0E-28,0E-28,823,824,2037,ZBO,0.5205479452054794520547945206,0.3698630136986301369863013699,0.1153249515231125289297554337,0.08303396509664102082942391226
41.83333333333333333333333603,0,0.000,41.83333333333333333333333603,0.5205479452054794520547945206,0.3698630136986301369863013699,41.31278538812785388127854151,0E-28,0E-28,824,825,2037,ZBO,0.5205479452054794520547945206,0.3698630136986301369863013699,0.1138987927691249139926190103,0.08200713079376993807468568742
41.31278538812785388127854151,0,0.000,41.31278538812785388127854151,0.5205479452054794520547945206,0.3698630136986301369863013699,40.79223744292237442922374699,0E-28,0E-28,825,826,2037,ZBO,0.5205479452054794520547945206,0.3698630136986301369863013699,0.1124726340151372990554825870,0.08098029649089885531994746264
40.79223744292237442922374699,0,0.000,40.79223744292237442922374699,0.5205479452054794520547945206,0.3698630136986301369863013699,40.27168949771689497716895247,0E-28,0E-28,826,827,2037,ZBO,0.5205479452054794520547945206,0.3698630136986301369863013699,0.1110464752611496841183461637,0.07995346218802777256520923786
40.27168949771689497716895247,0,0.000,40.27168949771689497716895247,0.5205479452054794520547945206,0.3698630136986301369863013699,39.75114155251141552511415795,0E-28,0E-28,827,828,2037,ZBO,0.5205479452054794520547945206,0.3698630136986301369863013699,0.1096203165071620691812097403,0.07892662788515668981047101302
39.75114155251141552511415795,0,0.000,39.75114155251141552511415795,0.5205479452054794520547945206,0.3698630136986301369863013699,39.23059360730593607305936343,0E-28,0E-28,828,829,2037,ZBO,0.5205479452054794520547945206,0.3698630136986301369863013699,0.1081941577531744542440733170,0.07789979358228560705573278824
39.23059360730593607305936343,0,0.000,39.23059360730593607305936343,0.5205479452054794520547945206,0.3698630136986301369863013699,38.71004566210045662100456891,0E-28,0E-28,829,830,2037,ZBO,0.5205479452054794520547945206,0.3698630136986301369863013699,0.1067679989991868393069368936,0.07687295927941452430099456339
38.71004566210045662100456891,0,0.000,38.71004566210045662100456891,0.5205479452054794520547945206,0.3698630136986301369863013699,38.18949771689497716894977439,0E-28,0E-28,830,831,2037,ZBO,0.5205479452054794520547945206,0.3698630136986301369863013699,0.1053418402451992243698004703,0.07584612497654344154625633862
38.18949771689497716894977439,0,0.000,38.18949771689497716894977439,0.5205479452054794520547945206,0.3698630136986301369863013699,37.66894977168949771689497987,0E-28,0E-28,831,832,2037,ZBO,0.5205479452054794520547945206,0.3698630136986301369863013699,0.1039156814912116094326640469,0.07481929067367235879151811377
37.66894977168949771689497987,0,0.000,37.66894977168949771689497987,0.5205479452054794520547945206,0.3698630136986301369863013699,37.14840182648401826484018535,0E-28,0E-28,832,833,2037,ZBO,0.5205479452054794520547945206,0.3698630136986301369863013699,0.1024895227372239944955276236,0.07379245637080127603677988899
37.14840182648401826484018535,0,0.000,37.14840182648401826484018535,0.5205479452054794520547945206,0.3698630136986301369863013699,36.62785388127853881278539083,0E-28,0E-28,833,834,2037,ZBO,0.5205479452054794520547945206,0.3698630136986301369863013699,0.1010633639832363795583912003,0.07276562206793019328204166422
36.62785388127853881278539083,0,0.000,36.62785388127853881278539083,0.5205479452054794520547945206,0.3698630136986301369863013699,36.10730593607305936073059631,0E-28,0E-28,834,835,2037,ZBO,0.5205479452054794520547945206,0.3698630136986301369863013699,0.09963720522924876462125477691,0.07173878776505911052730343938
36.10730593607305936073059631,0,0.000,36.10730593607305936073059631,0.5205479452054794520547945206,0.3698630136986301369863013699,35.58675799086757990867580179,0E-28,0E-28,835,836,2037,ZBO,0.5205479452054794520547945206,0.3698630136986301369863013699,0.09821104647526114968411835357,0.07071195346218802777256521457
35.58675799086757990867580179,0,0.000,35.58675799086757990867580179,0.5205479452054794520547945206,0.3698630136986301369863013699,35.06621004566210045662100727,0E-28,0E-28,836,837,2037,ZBO,0.5205479452054794520547945206,0.3698630136986301369863013699,0.09678488772127353474698193023,0.06968511915931694501782698977
35.06621004566210045662100727,0,0.000,35.06621004566210045662100727,0.5205479452054794520547945206,0.3698630136986301369863013699,34.54566210045662100456621275,0E-28,0E-28,837,838,2037,ZBO,0.5205479452054794520547945206,0.3698630136986301369863013699,0.09535872896728591980984550689,0.06865828485644586226308876496
34.54566210045662100456621275,0,0.000,34.54566210045662100456621275,0.5205479452054794520547945206,0.3698630136986301369863013699,34.02511415525114155251141823,0E-28,0E-28,838,839,2037,ZBO,0.5205479452054794520547945206,0.3698630136986301369863013699,0.09393257021329830487270908354,0.06763145055357477950835054015
34.02511415525114155251141823,0,0.000,34.02511415525114155251141823,0.5205479452054794520547945206,0.3698630136986301369863013699,33.50456621004566210045662371,0E-28,0E-28,839,840,2037,ZBO,0.5205479452054794520547945206,0.3698630136986301369863013699,0.09250641145931068993557266020,0.06660461625070369675361231534
33.50456621004566210045662371,0,0.000,33.50456621004566210045662371,0.5205479452054794520547945206,0.3698630136986301369863013699,32.98401826484018264840182919,0E-28,0E-28,840,841,2037,ZBO,0.5205479452054794520547945206,0.3698630136986301369863013699,0.09108025270532307499843623686,0.06557778194783261399887409054
32.98401826484018264840182919,0,0.000,32.98401826484018264840182919,0.5205479452054794520547945206,0.3698630136986301369863013699,32.46347031963470319634703467,0E-28,0E-28,841,842,2037,ZBO,0.5205479452054794520547945206,0.3698630136986301369863013699,0.08965409395133546006129981352,0.06455094764496153124413586573
32.46347031963470319634703467,0,0.000,32.46347031963470319634703467,0.5205479452054794520547945206,0.3698630136986301369863013699,31.94292237442922374429224015,0E-28,0E-28,842,843,2037,ZBO,0.5205479452054794520547945206,0.3698630136986301369863013699,0.08822793519734784512416339017,0.06352411334209044848939764092
31.94292237442922374429224015,0,0.000,31.94292237442922374429224015,0.5205479452054794520547945206,0.3698630136986301369863013699,31.42237442922374429223744563,0E-28,0E-28,843,844,2037,ZBO,0.5205479452054794520547945206,0.3698630136986301369863013699,0.08680177644336023018702696683,0.06249727903921936573465941612
31.42237442922374429223744563,0,0.000,31.42237442922374429223744563,0.5205479452054794520547945206,0.3698630136986301369863013699,30.90182648401826484018265111,0E-28,0E-28,844,845,2037,ZBO,0.5205479452054794520547945206,0.3698630136986301369863013699,0.08537561768937261524989054349,0.06147044473634828297992119131
30.90182648401826484018265111,0,0.000,30.90182648401826484018265111,0.5205479452054794520547945206,0.3698630136986301369863013699,30.38127853881278538812785659,0E-28,0E-28,845,846,2037,ZBO,0.5205479452054794520547945206,0.3698630136986301369863013699,0.08394945893538500031275412015,0.06044361043347720022518296651
30.38127853881278538812785659,0,0.000,30.38127853881278538812785659,0.5205479452054794520547945206,0.3698630136986301369863013699,29.86073059360730593607306207,0E-28,0E-28,846,847,2037,ZBO,0.5205479452054794520547945206,0.3698630136986301369863013699,0.08252330018139738537561769680,0.05941677613060611747044474170
29.86073059360730593607306207,0,0.000,29.86073059360730593607306207,0.5205479452054794520547945206,0.3698630136986301369863013699,29.34018264840182648401826755,0E-28,0E-28,847,848,2037,ZBO,0.5205479452054794520547945206,0.3698630136986301369863013699,0.08109714142740977043848127346,0.05838994182773503471570651689
29.34018264840182648401826755,0,0.000,29.34018264840182648401826755,0.5205479452054794520547945206,0.3698630136986301369863013699,28.81963470319634703196347303,0E-28,0E-28,848,849,2037,ZBO,0.5205479452054794520547945206,0.3698630136986301369863013699,0.07967098267342215550134485012,0.05736310752486395196096829209
28.81963470319634703196347303,0,0.000,28.81963470319634703196347303,0.5205479452054794520547945206,0.3698630136986301369863013699,28.29908675799086757990867851,0E-28,0E-28,849,850,2037,ZBO,0.5205479452054794520547945206,0.3698630136986301369863013699,0.07824482391943454056420842677,0.05633627322199286920623006727
28.29908675799086757990867851,0,0.000,28.29908675799086757990867851,0.5205479452054794520547945206,0.3698630136986301369863013699,27.77853881278538812785388399,0E-28,0E-28,850,851,2037,ZBO,0.5205479452054794520547945206,0.3698630136986301369863013699,0.07681866516544692562707200343,0.05530943891912178645149184247
27.77853881278538812785388399,0,0.000,27.77853881278538812785388399,0.3470319634703196347031963471,0.2465753424657534246575342466,27.43150684931506849315068764,0E-28,0E-28,851,2555/3,2037,ZBO,0.3470319634703196347031963471,0.2465753424657534246575342466,0.05042013302474927545297221156,0.03630249577781947832613999232
27.43150684931506849315068764,17.03951990091139334109773908,0.2044742388109367200931728690,44.26655251141552511415525385,0.1735159817351598173515981735,0.1232876712328767123287671233,44.09303652968036529680365568,0E-28,0E-28,2555/3,852,2037,ZBO,0.1735159817351598173515981735,0.1232876712328767123287671233,0.04034684431100268968536936508,0.02904972790392193657346594286
44.09303652968036529680365568,0,0.000,44.09303652968036529680365568,0.5205479452054794520547945206,0.3698630136986301369863013699,43.57248858447488584474886116,0E-28,0E-28,852,853,2037,ZBO,0.5205479452054794520547945206,0.3698630136986301369863013699,0.1200897604303496590980171464,0.08646462750985175455057234541
43.57248858447488584474886116,0,0.000,43.57248858447488584474886116,0.5205479452054794520547945206,0.3698630136986301369863013699,43.05194063926940639269406664,0E-28,0E-28,853,854,2037,ZBO,0.5205479452054794520547945206,0.3698630136986301369863013699,0.1186636016763620441608807230,0.08543779320698067179583412056
43.05194063926940639269406664,0,0.000,43.05194063926940639269406664,0.5205479452054794520547945206,0.3698630136986301369863013699,42.53139269406392694063927212,0E-28,0E-28,854,855,2037,ZBO,0.5205479452054794520547945206,0.3698630136986301369863013699,0.1172374429223744292237442997,0.08441095890410958904109589578
42.53139269406392694063927212,0,0.000,42.53139269406392694063927212,0.5205479452054794520547945206,0.3698630136986301369863013699,42.01084474885844748858447760,0E-28,0E-28,855,856,2037,ZBO,0.5205479452054794520547945206,0.3698630136986301369863013699,0.1158112841683868142866078763,0.08338412460123850628635767094
42.01084474885844748858447760,0,0.000,42.01084474885844748858447760,0.5205479452054794520547945206,0.3698630136986301369863013699,41.49029680365296803652968308,0E-28,0E-28,856,857,2037,ZBO,0.5205479452054794520547945206,0.3698630136986301369863013699,0.1143851254143991993494714530,0.08235729029836742353161944616
41.49029680365296803652968308,0,0.000,41.49029680365296803652968308,0.5205479452054794520547945206,0.3698630136986301369863013699,40.96974885844748858447488856,0E-28,0E-28,857,858,2037,ZBO,0.5205479452054794520547945206,0.3698630136986301369863013699,0.1129589666604115844123350297,0.08133045599549634077688122138
40.96974885844748858447488856,0,0.000,40.96974885844748858447488856,0.5205479452054794520547945206,0.3698630136986301369863013699,40.44920091324200913242009404,0E-28,0E-28,858,859,2037,ZBO,0.5205479452054794520547945206,0.3698630136986301369863013699,0.1115328079064239694751986063,0.08030362169262525802214299654
40.44920091324200913242009404,0,0.000,40.44920091324200913242009404,0.5205479452054794520547945206,0.3698630136986301369863013699,39.92865296803652968036529952,0E-28,0E-28,859,860,2037,ZBO,0.5205479452054794520547945206,0.3698630136986301369863013699,0.1101066491524363545380621830,0.07927678738975417526740477176
39.92865296803652968036529952,0,0.000,39.92865296803652968036529952,0.5205479452054794520547945206,0.3698630136986301369863013699,39.40810502283105022831050500,0E-28,0E-28,860,861,2037,ZBO,0.5205479452054794520547945206,0.3698630136986301369863013699,0.1086804903984487396009257596,0.07824995308688309251266654691
39.40810502283105022831050500,0,0.000,39.40810502283105022831050500,0.5205479452054794520547945206,0.3698630136986301369863013699,38.88755707762557077625571048,0E-28,0E-28,861,862,2037,ZBO,0.5205479452054794520547945206,0.3698630136986301369863013699,0.1072543316444611246637893363,0.07722311878401200975792832214
38.88755707762557077625571048,0,0.000,38.88755707762557077625571048,0.5205479452054794520547945206,0.3698630136986301369863013699,38.36700913242009132420091596,0E-28,0E-28,862,863,2037,ZBO,0.5205479452054794520547945206,0.3698630136986301369863013699,0.1058281728904735097266529129,0.07619628448114092700319009729
38.36700913242009132420091596,0,0.000,38.36700913242009132420091596,0.5205479452054794520547945206,0.3698630136986301369863013699,37.84646118721461187214612144,0E-28,0E-28,863,864,2037,ZBO,0.5205479452054794520547945206,0.3698630136986301369863013699,0.1044020141364858947895164896,0.07516945017826984424845187251
37.84646118721461187214612144,0,0.000,37.84646118721461187214612144,0.5205479452054794520547945206,0.3698630136986301369863013699,37.32591324200913242009132692,0E-28,0E-28,864,865,2037,ZBO,0.5205479452054794520547945206,0.3698630136986301369863013699,0.1029758553824982798523800663,0.07414261587539876149371364774
37.32591324200913242009132692,0,0.000,37.32591324200913242009132692,0.5205479452054794520547945206,0.3698630136986301369863013699,36.80536529680365296803653240,0E-28,0E-28,865,866,2037,ZBO,0.5205479452054794520547945206,0.3698630136986301369863013699,0.1015496966285106649152436429,0.07311578157252767873897542289
36.80536529680365296803653240,0,0.000,36.80536529680365296803653240,0.5205479452054794520547945206,0.3698630136986301369863013699,36.28481735159817351598173788,0E-28,0E-28,866,867,2037,ZBO,0.5205479452054794520547945206,0.3698630136986301369863013699,0.1001235378745230499781072196,0.07208894726965659598423719811
36.28481735159817351598173788,0,0.000,36.28481735159817351598173788,0.5205479452054794520547945206,0.3698630136986301369863013699,35.76426940639269406392694336,0E-28,0E-28,867,868,2037,ZBO,0.5205479452054794520547945206,0.3698630136986301369863013699,0.09869737912053543504097079623,0.07106211296678551322949897329
35.76426940639269406392694336,0,0.000,35.76426940639269406392694336,0.5205479452054794520547945206,0.3698630136986301369863013699,35.24372146118721461187214884,0E-28,0E-28,868,869,2037,ZBO,0.5205479452054794520547945206,0.3698630136986301369863013699,0.09727122036654782010383437289,0.07003527866391443047476074848
35.24372146118721461187214884,0,0.000,35.24372146118721461187214884,0.5205479452054794520547945206,0.3698630136986301369863013699,34.72317351598173515981735432,0E-28,0E-28,869,870,2037,ZBO,0.5205479452054794520547945206,0.3698630136986301369863013699,0.09584506161256020516669794954,0.06900844436104334772002252367
34.72317351598173515981735432,0,0.000,34.72317351598173515981735432,0.5205479452054794520547945206,0.3698630136986301369863013699,34.20262557077625570776255980,0E-28,0E-28,870,871,2037,ZBO,0.5205479452054794520547945206,0.3698630136986301369863013699,0.09441890285857259022956152620,0.06798161005817226496528429886
34.20262557077625570776255980,0,0.000,34.20262557077625570776255980,0.5205479452054794520547945206,0.3698630136986301369863013699,33.68207762557077625570776528,0E-28,0E-28,871,872,2037,ZBO,0.5205479452054794520547945206,0.3698630136986301369863013699,0.09299274410458497529242510286,0.06695477575530118221054607406
33.68207762557077625570776528,0,0.000,33.68207762557077625570776528,0.5205479452054794520547945206,0.3698630136986301369863013699,33.16152968036529680365297076,0E-28,0E-28,872,873,2037,ZBO,0.5205479452054794520547945206,0.3698630136986301369863013699,0.09156658535059736035528867952,0.06592794145243009945580784925
33.16152968036529680365297076,0,0.000,33.16152968036529680365297076,0.5205479452054794520547945206,0.3698630136986301369863013699,32.64098173515981735159817624,0E-28,0E-28,873,874,2037,ZBO,0.5205479452054794520547945206,0.3698630136986301369863013699,0.09014042659660974541815225617,0.06490110714955901670106962444
32.64098173515981735159817624,0,0.000,32.64098173515981735159817624,0.5205479452054794520547945206,0.3698630136986301369863013699,32.12043378995433789954338172,0E-28,0E-28,874,875,2037,ZBO,0.5205479452054794520547945206,0.3698630136986301369863013699,0.08871426784262213048101583283,0.06387427284668793394633139964
32.12043378995433789954338172,0,0.000,32.12043378995433789954338172,0.5205479452054794520547945206,0.3698630136986301369863013699,31.59988584474885844748858720,0E-28,0E-28,875,876,2037,ZBO,0.5205479452054794520547945206,0.3698630136986301369863013699,0.08728810908863451554387940949,0.06284743854381685119159317483
31.59988584474885844748858720,0,0.000,31.59988584474885844748858720,0.5205479452054794520547945206,0.3698630136986301369863013699,31.07933789954337899543379268,0E-28,0E-28,876,877,2037,ZBO,0.5205479452054794520547945206,0.3698630136986301369863013699,0.08586195033464690060674298615,0.06182060424094576843685495003
31.07933789954337899543379268,0,0.000,31.07933789954337899543379268,0.5205479452054794520547945206,0.3698630136986301369863013699,30.55878995433789954337899816,0E-28,0E-28,877,878,2037,ZBO,0.5205479452054794520547945206,0.3698630136986301369863013699,0.08443579158065928566960656280,0.06079376993807468568211672522
30.55878995433789954337899816,0,0.000,30.55878995433789954337899816,0.5205479452054794520547945206,0.3698630136986301369863013699,30.03824200913242009132420364,0E-28,0E-28,878,879,2037,ZBO,0.5205479452054794520547945206,0.3698630136986301369863013699,0.08300963282667167073247013946,0.05976693563520360292737850041
30.03824200913242009132420364,0,0.000,30.03824200913242009132420364,0.5205479452054794520547945206,0.3698630136986301369863013699,29.51769406392694063926940912,0E-28,0E-28,879,880,2037,ZBO,0.5205479452054794520547945206,0.3698630136986301369863013699,0.08158347407268405579533371612,0.05874010133233252017264027561
29.51769406392694063926940912,0,0.000,29.51769406392694063926940912,0.5205479452054794520547945206,0.3698630136986301369863013699,28.99714611872146118721461460,0E-28,0E-28,880,881,2037,ZBO,0.5205479452054794520547945206,0.3698630136986301369863013699,0.08015731531869644085819729278,0.05771326702946143741790205080
28.99714611872146118721461460,0,0.000,28.99714611872146118721461460,0.5205479452054794520547945206,0.3698630136986301369863013699,28.47659817351598173515982008,0E-28,0E-28,881,882,2037,ZBO,0.5205479452054794520547945206,0.3698630136986301369863013699,0.07873115656470882592106086943,0.05668643272659035466316382599
28.47659817351598173515982008,0,0.000,28.47659817351598173515982008,0.04337899543378995433789954338,0.03082191780821917808219178082,28.43321917808219178082192054,0E-29,0E-29,882,10585/12,2037,ZBO,0.04337899543378995433789954338,0.03082191780821917808219178082,0.006496554492191572319175997787,0.004677519234377932069806718407
28.43321917808219178082192054,17.03951990091139334109773908,0.2044742388109367200931728690,45.26826484018264840182648675,0.4771689497716894977168949773,0.3390410958904109589041095891,44.79109589041095890410959177,0E-28,0E-28,10585/12,883,2037,ZBO,0.4771689497716894977168949773,0.3390410958904109589041095891,0.1130882383603344383978649388,0.08142353161944079564646275594
44.79109589041095890410959177,0,0.000,44.79109589041095890410959177,0.5205479452054794520547945206,0.3698630136986301369863013699,44.27054794520547945205479725,0E-28,0E-28,883,884,2037,ZBO,0.5205479452054794520547945206,0.3698630136986301369863013699,0.1220022518296115593920060124,0.08784162131732032276224432893
44.27054794520547945205479725,0,0.000,44.27054794520547945205479725,0.5205479452054794520547945206,0.3698630136986301369863013699,43.75000000000000000000000273,0E-28,0E-28,884,885,2037,ZBO,0.5205479452054794520547945206,0.3698630136986301369863013699,0.1205760930756239444548695890,0.08681478701444924000750610408
43.75000000000000000000000273,0,0.000,43.75000000000000000000000273,0.5205479452054794520547945206,0.3698630136986301369863013699,43.22945205479452054794520821,0E-28,0E-28,885,886,2037,ZBO,0.5205479452054794520547945206,0.3698630136986301369863013699,0.1191499343216363295177331657,0.08578795271157815725276787930
43.22945205479452054794520821,0,0.000,43.22945205479452054794520821,0.5205479452054794520547945206,0.3698630136986301369863013699,42.70890410958904109589041369,0E-28,0E-28,886,887,2037,ZBO,0.5205479452054794520547945206,0.3698630136986301369863013699,0.1177237755676487145805967423,0.08476111840870707449802965446
42.70890410958904109589041369,0,0.000,42.70890410958904109589041369,0.5205479452054794520547945206,0.3698630136986301369863013699,42.18835616438356164383561917,0E-28,0E-28,887,888,2037,ZBO,0.5205479452054794520547945206,0.3698630136986301369863013699,0.1162976168136610996434603190,0.08373428410583599174329142968
42.18835616438356164383561917,0,0.000,42.18835616438356164383561917,0.5205479452054794520547945206,0.3698630136986301369863013699,41.66780821917808219178082465,0E-28,0E-28,888,889,2037,ZBO,0.5205479452054794520547945206,0.3698630136986301369863013699,0.1148714580596734847063238957,0.08270744980296490898855320490
41.66780821917808219178082465,0,0.000,41.66780821917808219178082465,0.5205479452054794520547945206,0.3698630136986301369863013699,41.14726027397260273972603013,0E-28,0E-28,889,890,2037,ZBO,0.5205479452054794520547945206,0.3698630136986301369863013699,0.1134452993056858697691874723,0.08168061550009382623381498006
41.14726027397260273972603013,0,0.000,41.14726027397260273972603013,0.5205479452054794520547945206,0.3698630136986301369863013699,40.62671232876712328767123561,0E-28,0E-28,890,891,2037,ZBO,0.5205479452054794520547945206,0.3698630136986301369863013699,0.1120191405516982548320510490,0.08065378119722274347907675528
40.62671232876712328767123561,0,0.000,40.62671232876712328767123561,0.5205479452054794520547945206,0.3698630136986301369863013699,40.10616438356164383561644109,0E-28,0E-28,891,892,2037,ZBO,0.5205479452054794520547945206,0.3698630136986301369863013699,0.1105929817977106398949146256,0.07962694689435166072433853043
40.10616438356164383561644109,0,0.000,40.10616438356164383561644109,0.5205479452054794520547945206,0.3698630136986301369863013699,39.58561643835616438356164657,0E-28,0E-28,892,893,2037,ZBO,0.5205479452054794520547945206,0.3698630136986301369863013699,0.1091668230437230249577782023,0.07860011259148057796960030566
39.58561643835616438356164657,0,0.000,39.58561643835616438356164657,0.5205479452054794520547945206,0.3698630136986301369863013699,39.06506849315068493150685205,0E-28,0E-28,893,894,2037,ZBO,0.5205479452054794520547945206,0.3698630136986301369863013699,0.1077406642897354100206417789,0.07757327828860949521486208081
39.06506849315068493150685205,0,0.000,39.06506849315068493150685205,0.5205479452054794520547945206,0.3698630136986301369863013699,38.54452054794520547945205753,0E-28,0E-28,894,895,2037,ZBO,0.5205479452054794520547945206,0.3698630136986301369863013699,0.1063145055357477950835053556,0.07654644398573841246012385603
38.54452054794520547945205753,0,0.000,38.54452054794520547945205753,0.5205479452054794520547945206,0.3698630136986301369863013699,38.02397260273972602739726301,0E-28,0E-28,895,896,2037,ZBO,0.5205479452054794520547945206,0.3698630136986301369863013699,0.1048883467817601801463689323,0.07551960968286732970538563126
38.02397260273972602739726301,0,0.000,38.02397260273972602739726301,0.5205479452054794520547945206,0.3698630136986301369863013699,37.50342465753424657534246849,0E-28,0E-28,896,897,2037,ZBO,0.5205479452054794520547945206,0.3698630136986301369863013699,0.1034621880277725652092325089,0.07449277537999624695064740641
37.50342465753424657534246849,0,0.000,37.50342465753424657534246849,0.5205479452054794520547945206,0.3698630136986301369863013699,36.98287671232876712328767397,0E-28,0E-28,897,898,2037,ZBO,0.5205479452054794520547945206,0.3698630136986301369863013699,0.1020360292737849502720960856,0.07346594107712516419590918163
36.98287671232876712328767397,0,0.000,36.98287671232876712328767397,0.5205479452054794520547945206,0.3698630136986301369863013699,36.46232876712328767123287945,0E-28,0E-28,898,899,2037,ZBO,0.5205479452054794520547945206,0.3698630136986301369863013699,0.1006098705197973353349596622,0.07243910677425408144117095678
36.46232876712328767123287945,0,0.000,36.46232876712328767123287945,0.5205479452054794520547945206,0.3698630136986301369863013699,35.94178082191780821917808493,0E-28,0E-28,899,900,2037,ZBO,0.5205479452054794520547945206,0.3698630136986301369863013699,0.09918371176580972039782323889,0.07141227247138299868643273200
35.94178082191780821917808493,0,0.000,35.94178082191780821917808493,0.5205479452054794520547945206,0.3698630136986301369863013699,35.42123287671232876712329041,0E-28,0E-28,900,901,2037,ZBO,0.5205479452054794520547945206,0.3698630136986301369863013699,0.09775755301182210546068681554,0.07038543816851191593169450719
35.42123287671232876712329041,0,0.000,35.42123287671232876712329041,0.5205479452054794520547945206,0.3698630136986301369863013699,34.90068493150684931506849589,0E-28,0E-28,901,902,2037,ZBO,0.5205479452054794520547945206,0.3698630136986301369863013699,0.09633139425783449052355039220,0.06935860386564083317695628238
34.90068493150684931506849589,0,0.000,34.90068493150684931506849589,0.5205479452054794520547945206,0.3698630136986301369863013699,34.38013698630136986301370137,0E-28,0E-28,902,903,2037,ZBO,0.5205479452054794520547945206,0.3698630136986301369863013699,0.09490523550384687558641396886,0.06833176956276975042221805758
34.38013698630136986301370137,0,0.000,34.38013698630136986301370137,0.5205479452054794520547945206,0.3698630136986301369863013699,33.85958904109589041095890685,0E-28,0E-28,903,904,2037,ZBO,0.5205479452054794520547945206,0.3698630136986301369863013699,0.09347907674985926064927754552,0.06730493525989866766747983277
33.85958904109589041095890685,0,0.000,33.85958904109589041095890685,0.5205479452054794520547945206,0.3698630136986301369863013699,33.33904109589041095890411233,0E-28,0E-28,904,905,2037,ZBO,0.5205479452054794520547945206,0.3698630136986301369863013699,0.09205291799587164571214112217,0.06627810095702758491274160796
33.33904109589041095890411233,0,0.000,33.33904109589041095890411233,0.5205479452054794520547945206,0.3698630136986301369863013699,32.81849315068493150684931781,0E-28,0E-28,905,906,2037,ZBO,0.5205479452054794520547945206,0.3698630136986301369863013699,0.09062675924188403077500469883,0.06525126665415650215800338316
32.81849315068493150684931781,0,0.000,32.81849315068493150684931781,0.5205479452054794520547945206,0.3698630136986301369863013699,32.29794520547945205479452329,0E-28,0E-28,906,907,2037,ZBO,0.5205479452054794520547945206,0.3698630136986301369863013699,0.08920060048789641583786827549,0.06422443235128541940326515835
32.29794520547945205479452329,0,0.000,32.29794520547945205479452329,0.5205479452054794520547945206,0.3698630136986301369863013699,31.77739726027397260273972877,0E-28,0E-28,907,908,2037,ZBO,0.5205479452054794520547945206,0.3698630136986301369863013699,0.08777444173390880090073185215,0.06319759804841433664852693355
31.77739726027397260273972877,0,0.000,31.77739726027397260273972877,0.5205479452054794520547945206,0.3698630136986301369863013699,31.25684931506849315068493425,0E-28,0E-28,908,909,2037,ZBO,0.5205479452054794520547945206,0.3698630136986301369863013699,0.08634828297992118596359542880,0.06217076374554325389378870874
31.25684931506849315068493425,0,0.000,31.25684931506849315068493425,0.5205479452054794520547945206,0.3698630136986301369863013699,30.73630136986301369863013973,0E-28,0E-28,909,910,2037,ZBO,0.5205479452054794520547945206,0.3698630136986301369863013699,0.08492212422593357102645900546,0.06114392944267217113905048393
30.73630136986301369863013973,0,0.000,30.73630136986301369863013973,0.5205479452054794520547945206,0.3698630136986301369863013699,30.21575342465753424657534521,0E-28,0E-28,910,911,2037,ZBO,0.5205479452054794520547945206,0.3698630136986301369863013699,0.08349596547194595608932258212,0.06011709513980108838431225913
30.21575342465753424657534521,0,0.000,30.21575342465753424657534521,0.5205479452054794520547945206,0.3698630136986301369863013699,29.69520547945205479452055069,0E-28,0E-28,911,912,2037,ZBO,0.5205479452054794520547945206,0.3698630136986301369863013699,0.08206980671795834115218615878,0.05909026083693000562957403432
29.69520547945205479452055069,0,0.000,29.69520547945205479452055069,0.2602739726027397260273972603,0.1849315068493150684931506850,29.43493150684931506849315343,0E-28,0E-28,912,1825/2,2037,ZBO,0.2602739726027397260273972603,0.1849315068493150684931506850,0.04050009382623381497466692063,0.02916006755488834678176018285
29.43493150684931506849315343,17.03951990091139334109773908,0.2044742388109367200931728690,46.26997716894977168949771964,0.2602739726027397260273972603,0.1849315068493150684931506850,46.00970319634703196347032238,0E-28,0E-28,1825/2,913,2037,ZBO,0.2602739726027397260273972603,0.1849315068493150684931506850,0.06320526052417589291299180961,0.04550778757740664289735410292
46.00970319634703196347032238,0,0.000,46.00970319634703196347032238,0.5205479452054794520547945206,0.3698630136986301369863013699,45.48915525114155251141552786,0E-28,0E-28,913,914,2037,ZBO,0.5205479452054794520547945206,0.3698630136986301369863013699,0.1253409019828610746231313017,0.09024544942765997372865453722
45.48915525114155251141552786,0,0.000,45.48915525114155251141552786,0.5205479452054794520547945206,0.3698630136986301369863013699,44.96860730593607305936073334,0E-28,0E-28,914,915,2037,ZBO,0.5205479452054794520547945206,0.3698630136986301369863013699,0.1239147432288734596859948784,0.08921861512478889097391631245
44.96860730593607305936073334,0,0.000,44.96860730593607305936073334,0.5205479452054794520547945206,0.3698630136986301369863013699,44.44805936073059360730593882,0E-28,0E-28,915,916,2037,ZBO,0.5205479452054794520547945206,0.3698630136986301369863013699,0.1224885844748858447488584550,0.08819178082191780821917808760
44.44805936073059360730593882,0,0.000,44.44805936073059360730593882,0.5205479452054794520547945206,0.3698630136986301369863013699,43.92751141552511415525114430,0E-28,0E-28,916,917,2037,ZBO,0.5205479452054794520547945206,0.3698630136986301369863013699,0.1210624257208982298117220317,0.08716494651904672546443986282
43.92751141552511415525114430,0,0.000,43.92751141552511415525114430,0.5205479452054794520547945206,0.3698630136986301369863013699,43.40696347031963470319634978,0E-28,0E-28,917,918,2037,ZBO,0.5205479452054794520547945206,0.3698630136986301369863013699,0.1196362669669106148745856083,0.08613811221617564270970163798
43.40696347031963470319634978,0,0.000,43.40696347031963470319634978,0.5205479452054794520547945206,0.3698630136986301369863013699,42.88641552511415525114155526,0E-28,0E-28,918,919,2037,ZBO,0.5205479452054794520547945206,0.3698630136986301369863013699,0.1182101082129229999374491850,0.08511127791330455995496341320
42.88641552511415525114155526,0,0.000,42.88641552511415525114155526,0.5205479452054794520547945206,0.3698630136986301369863013699,42.36586757990867579908676074,0E-28,0E-28,919,920,2037,ZBO,0.5205479452054794520547945206,0.3698630136986301369863013699,0.1167839494589353850003127617,0.08408444361043347720022518842
42.36586757990867579908676074,0,0.000,42.36586757990867579908676074,0.5205479452054794520547945206,0.3698630136986301369863013699,41.84531963470319634703196622,0E-28,0E-28,920,921,2037,ZBO,0.5205479452054794520547945206,0.3698630136986301369863013699,0.1153577907049477700631763383,0.08305760930756239444548696358
41.84531963470319634703196622,0,0.000,41.84531963470319634703196622,0.5205479452054794520547945206,0.3698630136986301369863013699,41.32477168949771689497717170,0E-28,0E-28,921,922,2037,ZBO,0.5205479452054794520547945206,0.3698630136986301369863013699,0.1139316319509601551260399150,0.08203077500469131169074873880
41.32477168949771689497717170,0,0.000,41.32477168949771689497717170,0.5205479452054794520547945206,0.3698630136986301369863013699,40.80422374429223744292237718,0E-28,0E-28,922,923,2037,ZBO,0.5205479452054794520547945206,0.3698630136986301369863013699,0.1125054731969725401889034916,0.08100394070182022893601051395
40.80422374429223744292237718,0,0.000,40.80422374429223744292237718,0.5205479452054794520547945206,0.3698630136986301369863013699,40.28367579908675799086758266,0E-28,0E-28,923,924,2037,ZBO,0.5205479452054794520547945206,0.3698630136986301369863013699,0.1110793144429849252517670683,0.07997710639894914618127228918
40.28367579908675799086758266,0,0.000,40.28367579908675799086758266,0.5205479452054794520547945206,0.3698630136986301369863013699,39.76312785388127853881278814,0E-28,0E-28,924,925,2037,ZBO,0.5205479452054794520547945206,0.3698630136986301369863013699,0.1096531556889973103146306449,0.07895027209607806342653406433
39.76312785388127853881278814,0,0.000,39.76312785388127853881278814,0.5205479452054794520547945206,0.3698630136986301369863013699,39.24257990867579908675799362,0E-28,0E-28,925,926,2037,ZBO,0.5205479452054794520547945206,0.3698630136986301369863013699,0.1082269969350096953774942216,0.07792343779320698067179583955
39.24257990867579908675799362,0,0.000,39.24257990867579908675799362,0.5205479452054794520547945206,0.3698630136986301369863013699,38.72203196347031963470319910,0E-28,0E-28,926,927,2037,ZBO,0.5205479452054794520547945206,0.3698630136986301369863013699,0.1068008381810220804403577983,0.07689660349033589791705761478
38.72203196347031963470319910,0,0.000,38.72203196347031963470319910,0.5205479452054794520547945206,0.3698630136986301369863013699,38.20148401826484018264840458,0E-28,0E-28,927,928,2037,ZBO,0.5205479452054794520547945206,0.3698630136986301369863013699,0.1053746794270344655032213749,0.07586976918746481516231938993
38.20148401826484018264840458,0,0.000,38.20148401826484018264840458,0.5205479452054794520547945206,0.3698630136986301369863013699,37.68093607305936073059361006,0E-28,0E-28,928,929,2037,ZBO,0.5205479452054794520547945206,0.3698630136986301369863013699,0.1039485206730468505660849516,0.07484293488459373240758116515
37.68093607305936073059361006,0,0.000,37.68093607305936073059361006,0.5205479452054794520547945206,0.3698630136986301369863013699,37.16038812785388127853881554,0E-28,0E-28,929,930,2037,ZBO,0.5205479452054794520547945206,0.3698630136986301369863013699,0.1025223619190592356289485282,0.07381610058172264965284294030
37.16038812785388127853881554,0,0.000,37.16038812785388127853881554,0.5205479452054794520547945206,0.3698630136986301369863013699,36.63984018264840182648402102,0E-28,0E-28,930,931,2037,ZBO,0.5205479452054794520547945206,0.3698630136986301369863013699,0.1010962031650716206918121049,0.07278926627885156689810471553
36.63984018264840182648402102,0,0.000,36.63984018264840182648402102,0.5205479452054794520547945206,0.3698630136986301369863013699,36.11929223744292237442922650,0E-28,0E-28,931,932,2037,ZBO,0.5205479452054794520547945206,0.3698630136986301369863013699,0.09967004441108400575467568154,0.07176243197598048414336649071
36.11929223744292237442922650,0,0.000,36.11929223744292237442922650,0.5205479452054794520547945206,0.3698630136986301369863013699,35.59874429223744292237443198,0E-28,0E-28,932,933,2037,ZBO,0.5205479452054794520547945206,0.3698630136986301369863013699,0.09824388565709639081753925820,0.07073559767310940138862826590
35.59874429223744292237443198,0,0.000,35.59874429223744292237443198,0.5205479452054794520547945206,0.3698630136986301369863013699,35.07819634703196347031963746,0E-28,0E-28,933,934,2037,ZBO,0.5205479452054794520547945206,0.3698630136986301369863013699,0.09681772690310877588040283486,0.06970876337023831863389004110
35.07819634703196347031963746,0,0.000,35.07819634703196347031963746,0.5205479452054794520547945206,0.3698630136986301369863013699,34.55764840182648401826484294,0E-28,0E-28,934,935,2037,ZBO,0.5205479452054794520547945206,0.3698630136986301369863013699,0.09539156814912116094326641152,0.06868192906736723587915181629
34.55764840182648401826484294,0,0.000,34.55764840182648401826484294,0.5205479452054794520547945206,0.3698630136986301369863013699,34.03710045662100456621004842,0E-28,0E-28,935,936,2037,ZBO,0.5205479452054794520547945206,0.3698630136986301369863013699,0.09396540939513354600612998817,0.06765509476449615312441359148
34.03710045662100456621004842,0,0.000,34.03710045662100456621004842,0.5205479452054794520547945206,0.3698630136986301369863013699,33.51655251141552511415525390,0E-28,0E-28,936,937,2037,ZBO,0.5205479452054794520547945206,0.3698630136986301369863013699,0.09253925064114593106899356483,0.06662826046162507036967536668
33.51655251141552511415525390,0,0.000,33.51655251141552511415525390,0.5205479452054794520547945206,0.3698630136986301369863013699,32.99600456621004566210045938,0E-28,0E-28,937,938,2037,ZBO,0.5205479452054794520547945206,0.3698630136986301369863013699,0.09111309188715831613185714149,0.06560142615875398761493714187
32.99600456621004566210045938,0,0.000,32.99600456621004566210045938,0.5205479452054794520547945206,0.3698630136986301369863013699,32.47545662100456621004566486,0E-28,0E-28,938,939,2037,ZBO,0.5205479452054794520547945206,0.3698630136986301369863013699,0.08968693313317070119472071815,0.06457459185588290486019891707
32.47545662100456621004566486,0,0.000,32.47545662100456621004566486,0.5205479452054794520547945206,0.3698630136986301369863013699,31.95490867579908675799087034,0E-28,0E-28,939,940,2037,ZBO,0.5205479452054794520547945206,0.3698630136986301369863013699,0.08826077437918308625758429480,0.06354775755301182210546069226
31.95490867579908675799087034,0,0.000,31.95490867579908675799087034,0.5205479452054794520547945206,0.3698630136986301369863013699,31.43436073059360730593607582,0E-28,0E-28,940,941,2037,ZBO,0.5205479452054794520547945206,0.3698630136986301369863013699,0.08683461562519547132044787146,0.06252092325014073935072246745
31.43436073059360730593607582,0,0.000,31.43436073059360730593607582,0.5205479452054794520547945206,0.3698630136986301369863013699,30.91381278538812785388128130,0E-28,0E-28,941,942,2037,ZBO,0.5205479452054794520547945206,0.3698630136986301369863013699,0.08540845687120785638331144812,0.06149408894726965659598424265
30.91381278538812785388128130,0,0.000,30.91381278538812785388128130,0.4771689497716894977168949773,0.3390410958904109589041095891,30.43664383561643835616438632,0E-28,0E-28,942,11315/12,2037,ZBO,0.4771689497716894977168949773,0.3390410958904109589041095891,0.07703824461541669272950940000,0.05546753612310001876524676800
30.43664383561643835616438632,17.03951990091139334109773908,0.2044742388109367200931728690,47.27168949771689497716895253,0.04337899543378995433789954338,0.03082191780821917808219178082,47.22831050228310502283105299,0E-29,0E-29,11315/12,943,2037,ZBO,0.04337899543378995433789954338,0.03082191780821917808219178082,0.01078767123287671232876712392,0.007767123287671232876712329222
47.22831050228310502283105299,0,0.000,47.22831050228310502283105299,0.5205479452054794520547945206,0.3698630136986301369863013699,46.70776255707762557077625847,0E-28,0E-28,943,944,2037,ZBO,0.5205479452054794520547945206,0.3698630136986301369863013699,0.1286795521361105898542565911,0.09264927753799962469506474559
46.70776255707762557077625847,0,0.000,46.70776255707762557077625847,0.5205479452054794520547945206,0.3698630136986301369863013699,46.18721461187214611872146395,0E-28,0E-28,944,945,2037,ZBO,0.5205479452054794520547945206,0.3698630136986301369863013699,0.1272533933821229749171201677,0.09162244323512854194032652074
46.18721461187214611872146395,0,0.000,46.18721461187214611872146395,0.5205479452054794520547945206,0.3698630136986301369863013699,45.66666666666666666666666943,0E-28,0E-28,945,946,2037,ZBO,0.5205479452054794520547945206,0.3698630136986301369863013699,0.1258272346281353599799837444,0.09059560893225745918558829597
45.66666666666666666666666943,0,0.000,45.66666666666666666666666943,0.5205479452054794520547945206,0.3698630136986301369863013699,45.14611872146118721461187491,0E-28,0E-28,946,947,2037,ZBO,0.5205479452054794520547945206,0.3698630136986301369863013699,0.1244010758741477450428473210,0.08956877462938637643085007112
45.14611872146118721461187491,0,0.000,45.14611872146118721461187491,0.5205479452054794520547945206,0.3698630136986301369863013699,44.62557077625570776255708039,0E-28,0E-28,947,948,2037,ZBO,0.5205479452054794520547945206,0.3698630136986301369863013699,0.1229749171201601301057108977,0.08854194032651529367611184634
44.62557077625570776255708039,0,0.000,44.62557077625570776255708039,0.5205479452054794520547945206,0.3698630136986301369863013699,44.10502283105022831050228587,0E-28,0E-28,948,949,2037,ZBO,0.5205479452054794520547945206,0.3698630136986301369863013699,0.1215487583661725151685744743,0.08751510602364421092137362150
44.10502283105022831050228587,0,0.000,44.10502283105022831050228587,0.5205479452054794520547945206,0.3698630136986301369863013699,43.58447488584474885844749135,0E-28,0E-28,949,950,2037,ZBO,0.5205479452054794520547945206,0.3698630136986301369863013699,0.1201225996121849002314380510,0.08648827172077312816663539672
43.58447488584474885844749135,0,0.000,43.58447488584474885844749135,0.5205479452054794520547945206,0.3698630136986301369863013699,43.06392694063926940639269683,0E-28,0E-28,950,951,2037,ZBO,0.5205479452054794520547945206,0.3698630136986301369863013699,0.1186964408581972852943016277,0.08546143741790204541189717194
43.06392694063926940639269683,0,0.000,43.06392694063926940639269683,0.5205479452054794520547945206,0.3698630136986301369863013699,42.54337899543378995433790231,0E-28,0E-28,951,952,2037,ZBO,0.5205479452054794520547945206,0.3698630136986301369863013699,0.1172702821042096703571652043,0.08443460311503096265715894710
42.54337899543378995433790231,0,0.000,42.54337899543378995433790231,0.5205479452054794520547945206,0.3698630136986301369863013699,42.02283105022831050228310779,0E-28,0E-28,952,953,2037,ZBO,0.5205479452054794520547945206,0.3698630136986301369863013699,0.1158441233502220554200287810,0.08340776881215987990242072232
42.02283105022831050228310779,0,0.000,42.02283105022831050228310779,0.5205479452054794520547945206,0.3698630136986301369863013699,41.50228310502283105022831327,0E-28,0E-28,953,954,2037,ZBO,0.5205479452054794520547945206,0.3698630136986301369863013699,0.1144179645962344404828923576,0.08238093450928879714768249747
41.50228310502283105022831327,0,0.000,41.50228310502283105022831327,0.5205479452054794520547945206,0.3698630136986301369863013699,40.98173515981735159817351875,0E-28,0E-28,954,955,2037,ZBO,0.5205479452054794520547945206,0.3698630136986301369863013699,0.1129918058422468255457559343,0.08135410020641771439294427270
40.98173515981735159817351875,0,0.000,40.98173515981735159817351875,0.5205479452054794520547945206,0.3698630136986301369863013699,40.46118721461187214611872423,0E-28,0E-28,955,956,2037,ZBO,0.5205479452054794520547945206,0.3698630136986301369863013699,0.1115656470882592106086195109,0.08032726590354663163820604785
40.46118721461187214611872423,0,0.000,40.46118721461187214611872423,0.5205479452054794520547945206,0.3698630136986301369863013699,39.94063926940639269406392971,0E-28,0E-28,956,957,2037,ZBO,0.5205479452054794520547945206,0.3698630136986301369863013699,0.1101394883342715956714830876,0.07930043160067554888346782307
39.94063926940639269406392971,0,0.000,39.94063926940639269406392971,0.5205479452054794520547945206,0.3698630136986301369863013699,39.42009132420091324200913519,0E-28,0E-28,957,958,2037,ZBO,0.5205479452054794520547945206,0.3698630136986301369863013699,0.1087133295802839807343466643,0.07827359729780446612872959830
39.42009132420091324200913519,0,0.000,39.42009132420091324200913519,0.5205479452054794520547945206,0.3698630136986301369863013699,38.89954337899543378995434067,0E-28,0E-28,958,959,2037,ZBO,0.5205479452054794520547945206,0.3698630136986301369863013699,0.1072871708262963657972102409,0.07724676299493338337399137345
38.89954337899543378995434067,0,0.000,38.89954337899543378995434067,0.5205479452054794520547945206,0.3698630136986301369863013699,38.37899543378995433789954615,0E-28,0E-28,959,960,2037,ZBO,0.5205479452054794520547945206,0.3698630136986301369863013699,0.1058610120723087508600738176,0.07621992869206230061925314867
38.37899543378995433789954615,0,0.000,38.37899543378995433789954615,0.5205479452054794520547945206,0.3698630136986301369863013699,37.85844748858447488584475163,0E-28,0E-28,960,961,2037,ZBO,0.5205479452054794520547945206,0.3698630136986301369863013699,0.1044348533183211359229373942,0.07519309438919121786451492382
37.85844748858447488584475163,0,0.000,37.85844748858447488584475163,0.5205479452054794520547945206,0.3698630136986301369863013699,37.33789954337899543378995711,0E-28,0E-28,961,962,2037,ZBO,0.5205479452054794520547945206,0.3698630136986301369863013699,0.1030086945643335209858009709,0.07416626008632013510977669905
37.33789954337899543378995711,0,0.000,37.33789954337899543378995711,0.5205479452054794520547945206,0.3698630136986301369863013699,36.81735159817351598173516259,0E-28,0E-28,962,963,2037,ZBO,0.5205479452054794520547945206,0.3698630136986301369863013699,0.1015825358103459060486645475,0.07313942578344905235503847420
36.81735159817351598173516259,0,0.000,36.81735159817351598173516259,0.5205479452054794520547945206,0.3698630136986301369863013699,36.29680365296803652968036807,0E-28,0E-28,963,964,2037,ZBO,0.5205479452054794520547945206,0.3698630136986301369863013699,0.1001563770563582911115281242,0.07211259148057796960030024942
36.29680365296803652968036807,0,0.000,36.29680365296803652968036807,0.5205479452054794520547945206,0.3698630136986301369863013699,35.77625570776255707762557355,0E-28,0E-28,964,965,2037,ZBO,0.5205479452054794520547945206,0.3698630136986301369863013699,0.09873021830237067617439170086,0.07108575717770688684556202462
35.77625570776255707762557355,0,0.000,35.77625570776255707762557355,0.5205479452054794520547945206,0.3698630136986301369863013699,35.25570776255707762557077903,0E-28,0E-28,965,966,2037,ZBO,0.5205479452054794520547945206,0.3698630136986301369863013699,0.09730405954838306123725527752,0.07005892287483580409082379981
35.25570776255707762557077903,0,0.000,35.25570776255707762557077903,0.5205479452054794520547945206,0.3698630136986301369863013699,34.73515981735159817351598451,0E-28,0E-28,966,967,2037,ZBO,0.5205479452054794520547945206,0.3698630136986301369863013699,0.09587790079439544630011885417,0.06903208857196472133608557500
34.73515981735159817351598451,0,0.000,34.73515981735159817351598451,0.5205479452054794520547945206,0.3698630136986301369863013699,34.21461187214611872146118999,0E-28,0E-28,967,968,2037,ZBO,0.5205479452054794520547945206,0.3698630136986301369863013699,0.09445174204040783136298243083,0.06800525426909363858134735020
34.21461187214611872146118999,0,0.000,34.21461187214611872146118999,0.5205479452054794520547945206,0.3698630136986301369863013699,33.69406392694063926940639547,0E-28,0E-28,968,969,2037,ZBO,0.5205479452054794520547945206,0.3698630136986301369863013699,0.09302558328642021642584600749,0.06697841996622255582660912539
33.69406392694063926940639547,0,0.000,33.69406392694063926940639547,0.5205479452054794520547945206,0.3698630136986301369863013699,33.17351598173515981735160095,0E-28,0E-28,969,970,2037,ZBO,0.5205479452054794520547945206,0.3698630136986301369863013699,0.09159942453243260148870958415,0.06595158566335147307187090059
33.17351598173515981735160095,0,0.000,33.17351598173515981735160095,0.5205479452054794520547945206,0.3698630136986301369863013699,32.65296803652968036529680643,0E-28,0E-28,970,971,2037,ZBO,0.5205479452054794520547945206,0.3698630136986301369863013699,0.09017326577844498655157316080,0.06492475136048039031713267578
32.65296803652968036529680643,0,0.000,32.65296803652968036529680643,0.5205479452054794520547945206,0.3698630136986301369863013699,32.13242009132420091324201191,0E-28,0E-28,971,972,2037,ZBO,0.5205479452054794520547945206,0.3698630136986301369863013699,0.08874710702445737161443673746,0.06389791705760930756239445097
32.13242009132420091324201191,0,0.000,32.13242009132420091324201191,0.5205479452054794520547945206,0.3698630136986301369863013699,31.61187214611872146118721739,0E-28,0E-28,972,973,2037,ZBO,0.5205479452054794520547945206,0.3698630136986301369863013699,0.08732094827046975667730031412,0.06287108275473822480765622617
31.61187214611872146118721739,0,0.000,31.61187214611872146118721739,0.1735159817351598173515981735,0.1232876712328767123287671233,31.43835616438356164383561922,0E-28,0E-28,973,2920/3,2037,ZBO,0.1735159817351598173515981735,0.1232876712328767123287671233,0.02879005858927044890640312173,0.02072884218427472321261024765
31.43835616438356164383561922,17.03951990091139334109773908,0.2044742388109367200931728690,48.27340182648401826484018543,0.3470319634703196347031963471,0.2465753424657534246575342466,47.92636986301369863013698908,0E-28,0E-28,2920/3,974,2037,ZBO,0.3470319634703196347031963471,0.2465753424657534246575342466,0.08785367277579700173057276214,0.06325464439857384124601238874
47.92636986301369863013698908,0,0.000,47.92636986301369863013698908,0.5205479452054794520547945206,0.3698630136986301369863013699,47.40582191780821917808219456,0E-28,0E-28,974,975,2037,ZBO,0.5205479452054794520547945206,0.3698630136986301369863013699,0.1305920435353724901482454571,0.09402627134546819290673672911
47.40582191780821917808219456,0,0.000,47.40582191780821917808219456,0.5205479452054794520547945206,0.3698630136986301369863013699,46.88527397260273972602740004,0E-28,0E-28,975,976,2037,ZBO,0.5205479452054794520547945206,0.3698630136986301369863013699,0.1291658847813848752111090337,0.09299943704259711015199850426
46.88527397260273972602740004,0,0.000,46.88527397260273972602740004,0.5205479452054794520547945206,0.3698630136986301369863013699,46.36472602739726027397260552,0E-28,0E-28,976,977,2037,ZBO,0.5205479452054794520547945206,0.3698630136986301369863013699,0.1277397260273972602739726104,0.09197260273972602739726027949
46.36472602739726027397260552,0,0.000,46.36472602739726027397260552,0.5205479452054794520547945206,0.3698630136986301369863013699,45.84417808219178082191781100,0E-28,0E-28,977,978,2037,ZBO,0.5205479452054794520547945206,0.3698630136986301369863013699,0.1263135672734096453368361870,0.09094576843685494464252205464
45.84417808219178082191781100,0,0.000,45.84417808219178082191781100,0.5205479452054794520547945206,0.3698630136986301369863013699,45.32363013698630136986301648,0E-28,0E-28,978,979,2037,ZBO,0.5205479452054794520547945206,0.3698630136986301369863013699,0.1248874085194220303996997637,0.08991893413398386188778382986
45.32363013698630136986301648,0,0.000,45.32363013698630136986301648,0.5205479452054794520547945206,0.3698630136986301369863013699,44.80308219178082191780822196,0E-28,0E-28,979,980,2037,ZBO,0.5205479452054794520547945206,0.3698630136986301369863013699,0.1234612497654344154625633403,0.08889209983111277913304560502
44.80308219178082191780822196,0,0.000,44.80308219178082191780822196,0.5205479452054794520547945206,0.3698630136986301369863013699,44.28253424657534246575342744,0E-28,0E-28,980,981,2037,ZBO,0.5205479452054794520547945206,0.3698630136986301369863013699,0.1220350910114468005254269170,0.08786526552824169637830738024
44.28253424657534246575342744,0,0.000,44.28253424657534246575342744,0.5205479452054794520547945206,0.3698630136986301369863013699,43.76198630136986301369863292,0E-28,0E-28,981,982,2037,ZBO,0.5205479452054794520547945206,0.3698630136986301369863013699,0.1206089322574591855882904937,0.08683843122537061362356915546
43.76198630136986301369863292,0,0.000,43.76198630136986301369863292,0.5205479452054794520547945206,0.3698630136986301369863013699,43.24143835616438356164383840,0E-28,0E-28,982,983,2037,ZBO,0.5205479452054794520547945206,0.3698630136986301369863013699,0.1191827735034715706511540703,0.08581159692249953086883093062
43.24143835616438356164383840,0,0.000,43.24143835616438356164383840,0.5205479452054794520547945206,0.3698630136986301369863013699,42.72089041095890410958904388,0E-28,0E-28,983,984,2037,ZBO,0.5205479452054794520547945206,0.3698630136986301369863013699,0.1177566147494839557140176470,0.08478476261962844811409270584
42.72089041095890410958904388,0,0.000,42.72089041095890410958904388,0.5205479452054794520547945206,0.3698630136986301369863013699,42.20034246575342465753424936,0E-28,0E-28,984,985,2037,ZBO,0.5205479452054794520547945206,0.3698630136986301369863013699,0.1163304559954963407768812236,0.08375792831675736535935448099
42.20034246575342465753424936,0,0.000,42.20034246575342465753424936,0.5205479452054794520547945206,0.3698630136986301369863013699,41.67979452054794520547945484,0E-28,0E-28,985,986,2037,ZBO,0.5205479452054794520547945206,0.3698630136986301369863013699,0.1149042972415087258397448003,0.08273109401388628260461625622
41.67979452054794520547945484,0,0.000,41.67979452054794520547945484,0.5205479452054794520547945206,0.3698630136986301369863013699,41.15924657534246575342466032,0E-28,0E-28,986,987,2037,ZBO,0.5205479452054794520547945206,0.3698630136986301369863013699,0.1134781384875211109026083769,0.08170425971101519984987803137
41.15924657534246575342466032,0,0.000,41.15924657534246575342466032,0.5205479452054794520547945206,0.3698630136986301369863013699,40.63869863013698630136986580,0E-28,0E-28,987,988,2037,ZBO,0.5205479452054794520547945206,0.3698630136986301369863013699,0.1120519797335334959654719536,0.08067742540814411709513980659
40.63869863013698630136986580,0,0.000,40.63869863013698630136986580,0.5205479452054794520547945206,0.3698630136986301369863013699,40.11815068493150684931507128,0E-28,0E-28,988,989,2037,ZBO,0.5205479452054794520547945206,0.3698630136986301369863013699,0.1106258209795458810283355303,0.07965059110527303434040158182
40.11815068493150684931507128,0,0.000,40.11815068493150684931507128,0.5205479452054794520547945206,0.3698630136986301369863013699,39.59760273972602739726027676,0E-28,0E-28,989,990,2037,ZBO,0.5205479452054794520547945206,0.3698630136986301369863013699,0.1091996622255582660911991069,0.07862375680240195158566335697
39.59760273972602739726027676,0,0.000,39.59760273972602739726027676,0.5205479452054794520547945206,0.3698630136986301369863013699,39.07705479452054794520548224,0E-28,0E-28,990,991,2037,ZBO,0.5205479452054794520547945206,0.3698630136986301369863013699,0.1077735034715706511540626836,0.07759692249953086883092513219
39.07705479452054794520548224,0,0.000,39.07705479452054794520548224,0.5205479452054794520547945206,0.3698630136986301369863013699,38.55650684931506849315068772,0E-28,0E-28,991,992,2037,ZBO,0.5205479452054794520547945206,0.3698630136986301369863013699,0.1063473447175830362169262602,0.07657008819665978607618690734
38.55650684931506849315068772,0,0.000,38.55650684931506849315068772,0.5205479452054794520547945206,0.3698630136986301369863013699,38.03595890410958904109589320,0E-28,0E-28,992,993,2037,ZBO,0.5205479452054794520547945206,0.3698630136986301369863013699,0.1049211859635954212797898369,0.07554325389378870332144868257
38.03595890410958904109589320,0,0.000,38.03595890410958904109589320,0.5205479452054794520547945206,0.3698630136986301369863013699,37.51541095890410958904109868,0E-28,0E-28,993,994,2037,ZBO,0.5205479452054794520547945206,0.3698630136986301369863013699,0.1034950272096078063426534135,0.07451641959091762056671045772
37.51541095890410958904109868,0,0.000,37.51541095890410958904109868,0.5205479452054794520547945206,0.3698630136986301369863013699,36.99486301369863013698630416,0E-28,0E-28,994,995,2037,ZBO,0.5205479452054794520547945206,0.3698630136986301369863013699,0.1020688684556201914055169902,0.07348958528804653781197223294
36.99486301369863013698630416,0,0.000,36.99486301369863013698630416,0.5205479452054794520547945206,0.3698630136986301369863013699,36.47431506849315068493150964,0E-28,0E-28,995,996,2037,ZBO,0.5205479452054794520547945206,0.3698630136986301369863013699,0.1006427097016325764683805669,0.07246275098517545505723400817
36.47431506849315068493150964,0,0.000,36.47431506849315068493150964,0.5205479452054794520547945206,0.3698630136986301369863013699,35.95376712328767123287671512,0E-28,0E-28,996,997,2037,ZBO,0.5205479452054794520547945206,0.3698630136986301369863013699,0.09921655094764496153124414352,0.07143591668230437230249578333
35.95376712328767123287671512,0,0.000,35.95376712328767123287671512,0.5205479452054794520547945206,0.3698630136986301369863013699,35.43321917808219178082192060,0E-28,0E-28,997,998,2037,ZBO,0.5205479452054794520547945206,0.3698630136986301369863013699,0.09779039219365734659410772017,0.07040908237943328954775755852
35.43321917808219178082192060,0,0.000,35.43321917808219178082192060,0.5205479452054794520547945206,0.3698630136986301369863013699,34.91267123287671232876712608,0E-28,0E-28,998,999,2037,ZBO,0.5205479452054794520547945206,0.3698630136986301369863013699,0.09636423343966973165697129683,0.06938224807656220679301933372
34.91267123287671232876712608,0,0.000,34.91267123287671232876712608,0.5205479452054794520547945206,0.3698630136986301369863013699,34.39212328767123287671233156,0E-28,0E-28,999,1000,2037,ZBO,0.5205479452054794520547945206,0.3698630136986301369863013699,0.09493807468568211671983487349,0.06835541377369112403828110891
34.39212328767123287671233156,0,0.000,34.39212328767123287671233156,0.5205479452054794520547945206,0.3698630136986301369863013699,33.87157534246575342465753704,0E-28,0E-28,1000,1001,2037,ZBO,0.5205479452054794520547945206,0.3698630136986301369863013699,0.09351191593169450178269845015,0.06732857947082004128354288411
33.87157534246575342465753704,0,0.000,33.87157534246575342465753704,0.5205479452054794520547945206,0.3698630136986301369863013699,33.35102739726027397260274252,0E-28,0E-28,1001,1002,2037,ZBO,0.5205479452054794520547945206,0.3698630136986301369863013699,0.09208575717770688684556202680,0.06630174516794895852880465930
33.35102739726027397260274252,0,0.000,33.35102739726027397260274252,0.5205479452054794520547945206,0.3698630136986301369863013699,32.83047945205479452054794800,0E-28,0E-28,1002,1003,2037,ZBO,0.5205479452054794520547945206,0.3698630136986301369863013699,0.09065959842371927190842560346,0.06527491086507787577406643449
32.83047945205479452054794800,0,0.000,32.83047945205479452054794800,0.3904109589041095890410958904,0.2773972602739726027397260274,32.44006849315068493150685211,0E-28,0E-28,1003,4015/4,2037,ZBO,0.3904109589041095890410958904,0.2773972602739726027397260274,0.06705878213548508162882342479,0.04828232313754925877275286585
32.44006849315068493150685211,17.03951990091139334109773908,0.2044742388109367200931728690,49.27511415525114155251141832,0.1301369863013698630136986301,0.09246575342465753424657534246,49.14497716894977168949771969,0E-28,0E-29,4015/4,1004,2037,ZBO,0.1301369863013698630136986301,0.09246575342465753424657534246,0.03370551072746606617877025274,0.02426796772377556764871458197
49.14497716894977168949771969,0,0.000,49.14497716894977168949771969,0.5205479452054794520547945206,0.3698630136986301369863013699,48.62442922374429223744292517,0E-28,0E-28,1004,1005,2037,ZBO,0.5205479452054794520547945206,0.3698630136986301369863013699,0.1339306936886220053793707464,0.09643009945580784387314693741
48.62442922374429223744292517,0,0.000,48.62442922374429223744292517,0.5205479452054794520547945206,0.3698630136986301369863013699,48.10388127853881278538813065,0E-28,0E-28,1005,1006,2037,ZBO,0.5205479452054794520547945206,0.3698630136986301369863013699,0.1325045349346343904422343231,0.09540326515293676111840871263
48.10388127853881278538813065,0,0.000,48.10388127853881278538813065,0.5205479452054794520547945206,0.3698630136986301369863013699,47.58333333333333333333333613,0E-28,0E-28,1006,1007,2037,ZBO,0.5205479452054794520547945206,0.3698630136986301369863013699,0.1310783761806467755050978997,0.09437643085006567836367048778
47.58333333333333333333333613,0,0.000,47.58333333333333333333333613,0.5205479452054794520547945206,0.3698630136986301369863013699,47.06278538812785388127854161,0E-28,0E-28,1007,1008,2037,ZBO,0.5205479452054794520547945206,0.3698630136986301369863013699,0.1296522174266591605679614764,0.09334959654719459560893226301
47.06278538812785388127854161,0,0.000,47.06278538812785388127854161,0.5205479452054794520547945206,0.3698630136986301369863013699,46.54223744292237442922374709,0E-28,0E-28,1008,1009,2037,ZBO,0.5205479452054794520547945206,0.3698630136986301369863013699,0.1282260586726715456308250530,0.09232276224432351285419403816
46.54223744292237442922374709,0,0.000,46.54223744292237442922374709,0.5205479452054794520547945206,0.3698630136986301369863013699,46.02168949771689497716895257,0E-28,0E-28,1009,1010,2037,ZBO,0.5205479452054794520547945206,0.3698630136986301369863013699,0.1267998999186839306936886297,0.09129592794145243009945581338
46.02168949771689497716895257,0,0.000,46.02168949771689497716895257,0.5205479452054794520547945206,0.3698630136986301369863013699,45.50114155251141552511415805,0E-28,0E-28,1010,1011,2037,ZBO,0.5205479452054794520547945206,0.3698630136986301369863013699,0.1253737411646963157565522063,0.09026909363858134734471758854
45.50114155251141552511415805,0,0.000,45.50114155251141552511415805,0.5205479452054794520547945206,0.3698630136986301369863013699,44.98059360730593607305936353,0E-28,0E-28,1011,1012,2037,ZBO,0.5205479452054794520547945206,0.3698630136986301369863013699,0.1239475824107087008194157830,0.08924225933571026458997936376
44.98059360730593607305936353,0,0.000,44.98059360730593607305936353,0.5205479452054794520547945206,0.3698630136986301369863013699,44.46004566210045662100456901,0E-28,0E-28,1012,1013,2037,ZBO,0.5205479452054794520547945206,0.3698630136986301369863013699,0.1225214236567210858822793597,0.08821542503283918183524113898
44.46004566210045662100456901,0,0.000,44.46004566210045662100456901,0.5205479452054794520547945206,0.3698630136986301369863013699,43.93949771689497716894977449,0E-28,0E-28,1013,1014,2037,ZBO,0.5205479452054794520547945206,0.3698630136986301369863013699,0.1210952649027334709451429363,0.08718859072996809908050291414
43.93949771689497716894977449,0,0.000,43.93949771689497716894977449,0.5205479452054794520547945206,0.3698630136986301369863013699,43.41894977168949771689497997,0E-28,0E-28,1014,1015,2037,ZBO,0.5205479452054794520547945206,0.3698630136986301369863013699,0.1196691061487458560080065130,0.08616175642709701632576468936
43.41894977168949771689497997,0,0.000,43.41894977168949771689497997,0.5205479452054794520547945206,0.3698630136986301369863013699,42.89840182648401826484018545,0E-28,0E-28,1015,1016,2037,ZBO,0.5205479452054794520547945206,0.3698630136986301369863013699,0.1182429473947582410708700896,0.08513492212422593357102646451
42.89840182648401826484018545,0,0.000,42.89840182648401826484018545,0.5205479452054794520547945206,0.3698630136986301369863013699,42.37785388127853881278539093,0E-28,0E-28,1016,1017,2037,ZBO,0.5205479452054794520547945206,0.3698630136986301369863013699,0.1168167886407706261337336663,0.08410808782135485081628823974
42.37785388127853881278539093,0,0.000,42.37785388127853881278539093,0.5205479452054794520547945206,0.3698630136986301369863013699,41.85730593607305936073059641,0E-28,0E-28,1017,1018,2037,ZBO,0.5205479452054794520547945206,0.3698630136986301369863013699,0.1153906298867830111965972429,0.08308125351848376806155001489
41.85730593607305936073059641,0,0.000,41.85730593607305936073059641,0.5205479452054794520547945206,0.3698630136986301369863013699,41.33675799086757990867580189,0E-28,0E-28,1018,1019,2037,ZBO,0.5205479452054794520547945206,0.3698630136986301369863013699,0.1139644711327953962594608196,0.08205441921561268530681179011
41.33675799086757990867580189,0,0.000,41.33675799086757990867580189,0.5205479452054794520547945206,0.3698630136986301369863013699,40.81621004566210045662100737,0E-28,0E-28,1019,1020,2037,ZBO,0.5205479452054794520547945206,0.3698630136986301369863013699,0.1125383123788077813223243963,0.08102758491274160255207356534
40.81621004566210045662100737,0,0.000,40.81621004566210045662100737,0.5205479452054794520547945206,0.3698630136986301369863013699,40.29566210045662100456621285,0E-28,0E-28,1020,1021,2037,ZBO,0.5205479452054794520547945206,0.3698630136986301369863013699,0.1111121536248201663851879729,0.08000075060987051979733534049
40.29566210045662100456621285,0,0.000,40.29566210045662100456621285,0.5205479452054794520547945206,0.3698630136986301369863013699,39.77511415525114155251141833,0E-28,0E-28,1021,1022,2037,ZBO,0.5205479452054794520547945206,0.3698630136986301369863013699,0.1096859948708325514480515496,0.07897391630699943704259711571
39.77511415525114155251141833,0,0.000,39.77511415525114155251141833,0.5205479452054794520547945206,0.3698630136986301369863013699,39.25456621004566210045662381,0E-28,0E-28,1022,1023,2037,ZBO,0.5205479452054794520547945206,0.3698630136986301369863013699,0.1082598361168449365109151262,0.07794708200412835428785889086
39.25456621004566210045662381,0,0.000,39.25456621004566210045662381,0.5205479452054794520547945206,0.3698630136986301369863013699,38.73401826484018264840182929,0E-28,0E-28,1023,1024,2037,ZBO,0.5205479452054794520547945206,0.3698630136986301369863013699,0.1068336773628573215737787029,0.07692024770125727153312066609
38.73401826484018264840182929,0,0.000,38.73401826484018264840182929,0.5205479452054794520547945206,0.3698630136986301369863013699,38.21347031963470319634703477,0E-28,0E-28,1024,1025,2037,ZBO,0.5205479452054794520547945206,0.3698630136986301369863013699,0.1054075186088697066366422795,0.07589341339838618877838244124
38.21347031963470319634703477,0,0.000,38.21347031963470319634703477,0.5205479452054794520547945206,0.3698630136986301369863013699,37.69292237442922374429224025,0E-28,0E-28,1025,1026,2037,ZBO,0.5205479452054794520547945206,0.3698630136986301369863013699,0.1039813598548820916995058562,0.07486657909551510602364421646
37.69292237442922374429224025,0,0.000,37.69292237442922374429224025,0.5205479452054794520547945206,0.3698630136986301369863013699,37.17237442922374429223744573,0E-28,0E-28,1026,1027,2037,ZBO,0.5205479452054794520547945206,0.3698630136986301369863013699,0.1025552011008944767623694329,0.07383974479264402326890599169
37.17237442922374429223744573,0,0.000,37.17237442922374429223744573,0.5205479452054794520547945206,0.3698630136986301369863013699,36.65182648401826484018265121,0E-28,0E-28,1027,1028,2037,ZBO,0.5205479452054794520547945206,0.3698630136986301369863013699,0.1011290423469068618252330095,0.07281291048977294051416776684
36.65182648401826484018265121,0,0.000,36.65182648401826484018265121,0.5205479452054794520547945206,0.3698630136986301369863013699,36.13127853881278538812785669,0E-28,0E-28,1028,1029,2037,ZBO,0.5205479452054794520547945206,0.3698630136986301369863013699,0.09970288359291924688809658617,0.07178607618690185775942954204
36.13127853881278538812785669,0,0.000,36.13127853881278538812785669,0.5205479452054794520547945206,0.3698630136986301369863013699,35.61073059360730593607306217,0E-28,0E-28,1029,1030,2037,ZBO,0.5205479452054794520547945206,0.3698630136986301369863013699,0.09827672483893163195096016283,0.07075924188403077500469131724
35.61073059360730593607306217,0,0.000,35.61073059360730593607306217,0.5205479452054794520547945206,0.3698630136986301369863013699,35.09018264840182648401826765,0E-28,0E-28,1030,1031,2037,ZBO,0.5205479452054794520547945206,0.3698630136986301369863013699,0.09685056608494401701382373949,0.06973240758115969224995309243
35.09018264840182648401826765,0,0.000,35.09018264840182648401826765,0.5205479452054794520547945206,0.3698630136986301369863013699,34.56963470319634703196347313,0E-28,0E-28,1031,1032,2037,ZBO,0.5205479452054794520547945206,0.3698630136986301369863013699,0.09542440733095640207668731615,0.06870557327828860949521486763
34.56963470319634703196347313,0,0.000,34.56963470319634703196347313,0.5205479452054794520547945206,0.3698630136986301369863013699,34.04908675799086757990867861,0E-28,0E-28,1032,1033,2037,ZBO,0.5205479452054794520547945206,0.3698630136986301369863013699,0.09399824857696878713955089280,0.06767873897541752674047664282
34.04908675799086757990867861,0,0.000,34.04908675799086757990867861,0.5205479452054794520547945206,0.3698630136986301369863013699,33.52853881278538812785388409,0E-28,0E-28,1033,1034,2037,ZBO,0.5205479452054794520547945206,0.3698630136986301369863013699,0.09257208982298117220241446946,0.06665190467254644398573841801
33.52853881278538812785388409,0,0.000,33.52853881278538812785388409,0.08675799086757990867579908677,0.06164383561643835616438356165,33.44178082191780821917808500,0E-29,0E-29,1034,6205/6,2037,ZBO,0.08675799086757990867579908677,0.06164383561643835616438356165,0.01529002731385917724818081486,0.01100881966597860761869018670
33.44178082191780821917808500,17.03951990091139334109773908,0.2044742388109367200931728690,50.27682648401826484018265121,0.4337899543378995433789954338,0.3082191780821917808219178082,49.84303652968036529680365578,0E-28,0E-28,6205/6,1035,2037,ZBO,0.4337899543378995433789954338,0.3082191780821917808219178082,0.1142920810658660161381122226,0.08229029836742353161944080027
49.84303652968036529680365578,0,0.000,49.84303652968036529680365578,0.5205479452054794520547945206,0.3698630136986301369863013699,49.32248858447488584474886126,0E-28,0E-28,1035,1036,2037,ZBO,0.5205479452054794520547945206,0.3698630136986301369863013699,0.1358431850878839056733596124,0.09780709326327641208481892093
49.32248858447488584474886126,0,0.000,49.32248858447488584474886126,0.5205479452054794520547945206,0.3698630136986301369863013699,48.80194063926940639269406674,0E-28,0E-28,1036,1037,2037,ZBO,0.5205479452054794520547945206,0.3698630136986301369863013699,0.1344170263338962907362231891,0.09678025896040532933008069615
48.80194063926940639269406674,0,0.000,48.80194063926940639269406674,0.5205479452054794520547945206,0.3698630136986301369863013699,48.28139269406392694063927222,0E-28,0E-28,1037,1038,2037,ZBO,0.5205479452054794520547945206,0.3698630136986301369863013699,0.1329908675799086757990867657,0.09575342465753424657534247130
48.28139269406392694063927222,0,0.000,48.28139269406392694063927222,0.5205479452054794520547945206,0.3698630136986301369863013699,47.76084474885844748858447770,0E-28,0E-28,1038,1039,2037,ZBO,0.5205479452054794520547945206,0.3698630136986301369863013699,0.1315647088259210608619503424,0.09472659035466316382060424653
47.76084474885844748858447770,0,0.000,47.76084474885844748858447770,0.5205479452054794520547945206,0.3698630136986301369863013699,47.24029680365296803652968318,0E-28,0E-28,1039,1040,2037,ZBO,0.5205479452054794520547945206,0.3698630136986301369863013699,0.1301385500719334459248139190,0.09369975605179208106586602168
47.24029680365296803652968318,0,0.000,47.24029680365296803652968318,0.5205479452054794520547945206,0.3698630136986301369863013699,46.71974885844748858447488866,0E-28,0E-28,1040,1041,2037,ZBO,0.5205479452054794520547945206,0.3698630136986301369863013699,0.1287123913179458309876774957,0.09267292174892099831112779690
46.71974885844748858447488866,0,0.000,46.71974885844748858447488866,0.5205479452054794520547945206,0.3698630136986301369863013699,46.19920091324200913242009414,0E-28,0E-28,1041,1042,2037,ZBO,0.5205479452054794520547945206,0.3698630136986301369863013699,0.1272862325639582160505410723,0.09164608744604991555638957206
46.19920091324200913242009414,0,0.000,46.19920091324200913242009414,0.5205479452054794520547945206,0.3698630136986301369863013699,45.67865296803652968036529962,0E-28,0E-28,1042,1043,2037,ZBO,0.5205479452054794520547945206,0.3698630136986301369863013699,0.1258600738099706011134046490,0.09061925314317883280165134728
45.67865296803652968036529962,0,0.000,45.67865296803652968036529962,0.5205479452054794520547945206,0.3698630136986301369863013699,45.15810502283105022831050510,0E-28,0E-28,1043,1044,2037,ZBO,0.5205479452054794520547945206,0.3698630136986301369863013699,0.1244339150559829861762682257,0.08959241884030775004691312250
45.15810502283105022831050510,0,0.000,45.15810502283105022831050510,0.5205479452054794520547945206,0.3698630136986301369863013699,44.63755707762557077625571058,0E-28,0E-28,1044,1045,2037,ZBO,0.5205479452054794520547945206,0.3698630136986301369863013699,0.1230077563019953712391318023,0.08856558453743666729217489766
44.63755707762557077625571058,0,0.000,44.63755707762557077625571058,0.5205479452054794520547945206,0.3698630136986301369863013699,44.11700913242009132420091606,0E-28,0E-28,1045,1046,2037,ZBO,0.5205479452054794520547945206,0.3698630136986301369863013699,0.1215815975480077563019953790,0.08753875023456558453743667288
44.11700913242009132420091606,0,0.000,44.11700913242009132420091606,0.5205479452054794520547945206,0.3698630136986301369863013699,43.59646118721461187214612154,0E-28,0E-28,1046,1047,2037,ZBO,0.5205479452054794520547945206,0.3698630136986301369863013699,0.1201554387940201413648589556,0.08651191593169450178269844803
43.59646118721461187214612154,0,0.000,43.59646118721461187214612154,0.5205479452054794520547945206,0.3698630136986301369863013699,43.07591324200913242009132702,0E-28,0E-28,1047,1048,2037,ZBO,0.5205479452054794520547945206,0.3698630136986301369863013699,0.1187292800400325264277225323,0.08548508162882341902796022326
43.07591324200913242009132702,0,0.000,43.07591324200913242009132702,0.5205479452054794520547945206,0.3698630136986301369863013699,42.55536529680365296803653250,0E-28,0E-28,1048,1049,2037,ZBO,0.5205479452054794520547945206,0.3698630136986301369863013699,0.1173031212860449114905861089,0.08445824732595233627322199841
42.55536529680365296803653250,0,0.000,42.55536529680365296803653250,0.5205479452054794520547945206,0.3698630136986301369863013699,42.03481735159817351598173798,0E-28,0E-28,1049,1050,2037,ZBO,0.5205479452054794520547945206,0.3698630136986301369863013699,0.1158769625320572965534496856,0.08343141302308125351848377363
42.03481735159817351598173798,0,0.000,42.03481735159817351598173798,0.5205479452054794520547945206,0.3698630136986301369863013699,41.51426940639269406392694346,0E-28,0E-28,1050,1051,2037,ZBO,0.5205479452054794520547945206,0.3698630136986301369863013699,0.1144508037780696816163132623,0.08240457872021017076374554886
41.51426940639269406392694346,0,0.000,41.51426940639269406392694346,0.5205479452054794520547945206,0.3698630136986301369863013699,40.99372146118721461187214894,0E-28,0E-28,1051,1052,2037,ZBO,0.5205479452054794520547945206,0.3698630136986301369863013699,0.1130246450240820666791768389,0.08137774441733908800900732401
40.99372146118721461187214894,0,0.000,40.99372146118721461187214894,0.5205479452054794520547945206,0.3698630136986301369863013699,40.47317351598173515981735442,0E-28,0E-28,1052,1053,2037,ZBO,0.5205479452054794520547945206,0.3698630136986301369863013699,0.1115984862700944517420404156,0.08035091011446800525426909923
40.47317351598173515981735442,0,0.000,40.47317351598173515981735442,0.5205479452054794520547945206,0.3698630136986301369863013699,39.95262557077625570776255990,0E-28,0E-28,1053,1054,2037,ZBO,0.5205479452054794520547945206,0.3698630136986301369863013699,0.1101723275161068368049039922,0.07932407581159692249953087438
39.95262557077625570776255990,0,0.000,39.95262557077625570776255990,0.5205479452054794520547945206,0.3698630136986301369863013699,39.43207762557077625570776538,0E-28,0E-28,1054,1055,2037,ZBO,0.5205479452054794520547945206,0.3698630136986301369863013699,0.1087461687621192218677675689,0.07829724150872583974479264961
39.43207762557077625570776538,0,0.000,39.43207762557077625570776538,0.5205479452054794520547945206,0.3698630136986301369863013699,38.91152968036529680365297086,0E-28,0E-28,1055,1056,2037,ZBO,0.5205479452054794520547945206,0.3698630136986301369863013699,0.1073200100081316069306311455,0.07727040720585475699005442476
38.91152968036529680365297086,0,0.000,38.91152968036529680365297086,0.5205479452054794520547945206,0.3698630136986301369863013699,38.39098173515981735159817634,0E-28,0E-28,1056,1057,2037,ZBO,0.5205479452054794520547945206,0.3698630136986301369863013699,0.1058938512541439919934947222,0.07624357290298367423531619998
38.39098173515981735159817634,0,0.000,38.39098173515981735159817634,0.5205479452054794520547945206,0.3698630136986301369863013699,37.87043378995433789954338182,0E-28,0E-28,1057,1058,2037,ZBO,0.5205479452054794520547945206,0.3698630136986301369863013699,0.1044676925001563770563582989,0.07521673860011259148057797521
37.87043378995433789954338182,0,0.000,37.87043378995433789954338182,0.5205479452054794520547945206,0.3698630136986301369863013699,37.34988584474885844748858730,0E-28,0E-28,1058,1059,2037,ZBO,0.5205479452054794520547945206,0.3698630136986301369863013699,0.1030415337461687621192218755,0.07418990429724150872583975036
37.34988584474885844748858730,0,0.000,37.34988584474885844748858730,0.5205479452054794520547945206,0.3698630136986301369863013699,36.82933789954337899543379278,0E-28,0E-28,1059,1060,2037,ZBO,0.5205479452054794520547945206,0.3698630136986301369863013699,0.1016153749921811471820854522,0.07316306999437042597110152558
36.82933789954337899543379278,0,0.000,36.82933789954337899543379278,0.5205479452054794520547945206,0.3698630136986301369863013699,36.30878995433789954337899826,0E-28,0E-28,1060,1061,2037,ZBO,0.5205479452054794520547945206,0.3698630136986301369863013699,0.1001892162381935322449490288,0.07213623569149934321636330074
36.30878995433789954337899826,0,0.000,36.30878995433789954337899826,0.5205479452054794520547945206,0.3698630136986301369863013699,35.78824200913242009132420374,0E-28,0E-28,1061,1062,2037,ZBO,0.5205479452054794520547945206,0.3698630136986301369863013699,0.09876305748420591730781260549,0.07110940138862826046162507595
35.78824200913242009132420374,0,0.000,35.78824200913242009132420374,0.5205479452054794520547945206,0.3698630136986301369863013699,35.26769406392694063926940922,0E-28,0E-28,1062,1063,2037,ZBO,0.5205479452054794520547945206,0.3698630136986301369863013699,0.09733689873021830237067618215,0.07008256708575717770688685115
35.26769406392694063926940922,0,0.000,35.26769406392694063926940922,0.5205479452054794520547945206,0.3698630136986301369863013699,34.74714611872146118721461470,0E-28,0E-28,1063,1064,2037,ZBO,0.5205479452054794520547945206,0.3698630136986301369863013699,0.09591073997623068743353975880,0.06905573278288609495214862634
34.74714611872146118721461470,0,0.000,34.74714611872146118721461470,0.3036529680365296803652968036,0.2157534246575342465753424657,34.44349315068493150684931790,0E-28,0E-28,1064,12775/12,2037,ZBO,0.3036529680365296803652968036,0.2157534246575342465753424657,0.05528932361710556493817894157,0.03980831300431600675548883793
34.44349315068493150684931790,17.03951990091139334109773926,0.2044742388109367200931728711,51.27853881278538812785388429,0.2168949771689497716894977170,0.1541095890410958904109589042,51.06164383561643835616438657,0E-28,0E-28,12775/12,1065,2037,ZBO,0.2168949771689497716894977170,0.1541095890410958904109589042,0.05841334626050332561873188981,0.04205760930756239444548696066
51.06164383561643835616438657,0,0.000,51.06164383561643835616438657,0.5205479452054794520547945206,0.3698630136986301369863013699,50.54109589041095890410959205,0E-28,0E-28,1065,1066,2037,ZBO,0.5205479452054794520547945206,0.3698630136986301369863013699,0.1391818352411334209044849022,0.1002109213736160630512291296
50.54109589041095890410959205,0,0.000,50.54109589041095890410959205,0.5205479452054794520547945206,0.3698630136986301369863013699,50.02054794520547945205479753,0E-28,0E-28,1066,1067,2037,ZBO,0.5205479452054794520547945206,0.3698630136986301369863013699,0.1377556764871458059673484789,0.09918408707074498029649090481
50.02054794520547945205479753,0,0.000,50.02054794520547945205479753,0.5205479452054794520547945206,0.3698630136986301369863013699,49.50000000000000000000000301,0E-28,0E-28,1067,1068,2037,ZBO,0.5205479452054794520547945206,0.3698630136986301369863013699,0.1363295177331581910302120555,0.09815725276787389754175267996
49.50000000000000000000000301,0,0.000,49.50000000000000000000000301,0.5205479452054794520547945206,0.3698630136986301369863013699,48.97945205479452054794520849,0E-28,0E-28,1068,1069,2037,ZBO,0.5205479452054794520547945206,0.3698630136986301369863013699,0.1349033589791705760930756322,0.09713041846500281478701445518
48.97945205479452054794520849,0,0.000,48.97945205479452054794520849,0.5205479452054794520547945206,0.3698630136986301369863013699,48.45890410958904109589041397,0E-28,0E-28,1069,1070,2037,ZBO,0.5205479452054794520547945206,0.3698630136986301369863013699,0.1334772002251829611559392089,0.09610358416213173203227623041
48.45890410958904109589041397,0,0.000,48.45890410958904109589041397,0.5205479452054794520547945206,0.3698630136986301369863013699,47.93835616438356164383561945,0E-28,0E-28,1070,1071,2037,ZBO,0.5205479452054794520547945206,0.3698630136986301369863013699,0.1320510414711953462188027855,0.09507674985926064927753800556
47.93835616438356164383561945,0,0.000,47.93835616438356164383561945,0.5205479452054794520547945206,0.3698630136986301369863013699,47.41780821917808219178082493,0E-28,0E-28,1071,1072,2037,ZBO,0.5205479452054794520547945206,0.3698630136986301369863013699,0.1306248827172077312816663622,0.09404991555638956652279978078
47.41780821917808219178082493,0,0.000,47.41780821917808219178082493,0.5205479452054794520547945206,0.3698630136986301369863013699,46.89726027397260273972603041,0E-28,0E-28,1072,1073,2037,ZBO,0.5205479452054794520547945206,0.3698630136986301369863013699,0.1291987239632201163445299388,0.09302308125351848376806155594
46.89726027397260273972603041,0,0.000,46.89726027397260273972603041,0.5205479452054794520547945206,0.3698630136986301369863013699,46.37671232876712328767123589,0E-28,0E-28,1073,1074,2037,ZBO,0.5205479452054794520547945206,0.3698630136986301369863013699,0.1277725652092325014073935155,0.09199624695064740101332333116
46.37671232876712328767123589,0,0.000,46.37671232876712328767123589,0.5205479452054794520547945206,0.3698630136986301369863013699,45.85616438356164383561644137,0E-28,0E-28,1074,1075,2037,ZBO,0.5205479452054794520547945206,0.3698630136986301369863013699,0.1263464064552448864702570921,0.09096941264777631825858510631
45.85616438356164383561644137,0,0.000,45.85616438356164383561644137,0.5205479452054794520547945206,0.3698630136986301369863013699,45.33561643835616438356164685,0E-28,0E-28,1075,1076,2037,ZBO,0.5205479452054794520547945206,0.3698630136986301369863013699,0.1249202477012572715331206688,0.08994257834490523550384688154
45.33561643835616438356164685,0,0.000,45.33561643835616438356164685,0.5205479452054794520547945206,0.3698630136986301369863013699,44.81506849315068493150685233,0E-28,0E-28,1076,1077,2037,ZBO,0.5205479452054794520547945206,0.3698630136986301369863013699,0.1234940889472696565959842455,0.08891574404203415274910865676
44.81506849315068493150685233,0,0.000,44.81506849315068493150685233,0.5205479452054794520547945206,0.3698630136986301369863013699,44.29452054794520547945205781,0E-28,0E-28,1077,1078,2037,ZBO,0.5205479452054794520547945206,0.3698630136986301369863013699,0.1220679301932820416588478221,0.08788890973916306999437043191
44.29452054794520547945205781,0,0.000,44.29452054794520547945205781,0.5205479452054794520547945206,0.3698630136986301369863013699,43.77397260273972602739726329,0E-28,0E-28,1078,1079,2037,ZBO,0.5205479452054794520547945206,0.3698630136986301369863013699,0.1206417714392944267217113988,0.08686207543629198723963220714
43.77397260273972602739726329,0,0.000,43.77397260273972602739726329,0.5205479452054794520547945206,0.3698630136986301369863013699,43.25342465753424657534246877,0E-28,0E-28,1079,1080,2037,ZBO,0.5205479452054794520547945206,0.3698630136986301369863013699,0.1192156126853068117845749754,0.08583524113342090448489398229
43.25342465753424657534246877,0,0.000,43.25342465753424657534246877,0.5205479452054794520547945206,0.3698630136986301369863013699,42.73287671232876712328767425,0E-28,0E-28,1080,1081,2037,ZBO,0.5205479452054794520547945206,0.3698630136986301369863013699,0.1177894539313191968474385521,0.08480840683054982173015575751
42.73287671232876712328767425,0,0.000,42.73287671232876712328767425,0.5205479452054794520547945206,0.3698630136986301369863013699,42.21232876712328767123287973,0E-28,0E-28,1081,1082,2037,ZBO,0.5205479452054794520547945206,0.3698630136986301369863013699,0.1163632951773315819103021288,0.08378157252767873897541753274
42.21232876712328767123287973,0,0.000,42.21232876712328767123287973,0.5205479452054794520547945206,0.3698630136986301369863013699,41.69178082191780821917808521,0E-28,0E-28,1082,1083,2037,ZBO,0.5205479452054794520547945206,0.3698630136986301369863013699,0.1149371364233439669731657054,0.08275473822480765622067930789
41.69178082191780821917808521,0,0.000,41.69178082191780821917808521,0.5205479452054794520547945206,0.3698630136986301369863013699,41.17123287671232876712329069,0E-28,0E-28,1083,1084,2037,ZBO,0.5205479452054794520547945206,0.3698630136986301369863013699,0.1135109776693563520360292821,0.08172790392193657346594108311
41.17123287671232876712329069,0,0.000,41.17123287671232876712329069,0.5205479452054794520547945206,0.3698630136986301369863013699,40.65068493150684931506849617,0E-28,0E-28,1084,1085,2037,ZBO,0.5205479452054794520547945206,0.3698630136986301369863013699,0.1120848189153687370988928587,0.08070106961906549071120285826
40.65068493150684931506849617,0,0.000,40.65068493150684931506849617,0.5205479452054794520547945206,0.3698630136986301369863013699,40.13013698630136986301370165,0E-28,0E-28,1085,1086,2037,ZBO,0.5205479452054794520547945206,0.3698630136986301369863013699,0.1106586601613811221617564354,0.07967423531619440795646463349
40.13013698630136986301370165,0,0.000,40.13013698630136986301370165,0.5205479452054794520547945206,0.3698630136986301369863013699,39.60958904109589041095890713,0E-28,0E-28,1086,1087,2037,ZBO,0.5205479452054794520547945206,0.3698630136986301369863013699,0.1092325014073935072246200120,0.07864740101332332520172640864
39.60958904109589041095890713,0,0.000,39.60958904109589041095890713,0.5205479452054794520547945206,0.3698630136986301369863013699,39.08904109589041095890411261,0E-28,0E-28,1087,1088,2037,ZBO,0.5205479452054794520547945206,0.3698630136986301369863013699,0.1078063426534058922874835887,0.07762056671045224244698818386
39.08904109589041095890411261,0,0.000,39.08904109589041095890411261,0.5205479452054794520547945206,0.3698630136986301369863013699,38.56849315068493150684931809,0E-28,0E-28,1088,1089,2037,ZBO,0.5205479452054794520547945206,0.3698630136986301369863013699,0.1063801838994182773503471654,0.07659373240758115969224995909
38.56849315068493150684931809,0,0.000,38.56849315068493150684931809,0.5205479452054794520547945206,0.3698630136986301369863013699,38.04794520547945205479452357,0E-28,0E-28,1089,1090,2037,ZBO,0.5205479452054794520547945206,0.3698630136986301369863013699,0.1049540251454306624132107420,0.07556689810471007693751173424
38.04794520547945205479452357,0,0.000,38.04794520547945205479452357,0.5205479452054794520547945206,0.3698630136986301369863013699,37.52739726027397260273972905,0E-28,0E-28,1090,1091,2037,ZBO,0.5205479452054794520547945206,0.3698630136986301369863013699,0.1035278663914430474760743187,0.07454006380183899418277350946
37.52739726027397260273972905,0,0.000,37.52739726027397260273972905,0.5205479452054794520547945206,0.3698630136986301369863013699,37.00684931506849315068493453,0E-28,0E-28,1091,1092,2037,ZBO,0.5205479452054794520547945206,0.3698630136986301369863013699,0.1021017076374554325389378953,0.07351322949896791142803528462
37.00684931506849315068493453,0,0.000,37.00684931506849315068493453,0.5205479452054794520547945206,0.3698630136986301369863013699,36.48630136986301369863014001,0E-28,0E-28,1092,1093,2037,ZBO,0.5205479452054794520547945206,0.3698630136986301369863013699,0.1006755488834678176018014720,0.07248639519609682867329705984
36.48630136986301369863014001,0,0.000,36.48630136986301369863014001,0.5205479452054794520547945206,0.3698630136986301369863013699,35.96575342465753424657534549,0E-28,0E-28,1093,1094,2037,ZBO,0.5205479452054794520547945206,0.3698630136986301369863013699,0.09924939012948020266466504864,0.07145956089322574591855883502
35.96575342465753424657534549,0,0.000,35.96575342465753424657534549,0.5205479452054794520547945206,0.3698630136986301369863013699,35.44520547945205479452055097,0E-28,0E-28,1094,1095,2037,ZBO,0.5205479452054794520547945206,0.3698630136986301369863013699,0.09782323137549258772752862530,0.07043272659035466316382061022
35.44520547945205479452055097,15.83333333333333333333333333,0.1900000000000000000000000000,51.08853881278538812785388430,0.6849315068493150684931506850,0.4657534246575342465753424658,50.40360730593607305936073362,0E-28,0E-28,1095,1096,2038,ZBO,0.6849315068493150684931506850,0.4657534246575342465753424658,0.1390303371489335084756364629,0.1001018427472321261024582533
50.40360730593607305936073362,0,0.000,50.40360730593607305936073362,0.6849315068493150684931506850,0.4657534246575342465753424658,49.71867579908675799086758294,0E-28,0E-28,1096,1097,2038,ZBO,0.6849315068493150684931506850,0.4657534246575342465753424658,0.1371538124726340151372990638,0.09875074498029649089885532594
49.71867579908675799086758294,0,0.000,49.71867579908675799086758294,0.6849315068493150684931506850,0.4657534246575342465753424658,49.03374429223744292237443226,0E-28,0E-28,1097,1098,2038,ZBO,0.6849315068493150684931506850,0.4657534246575342465753424658,0.1352772877963345217989616647,0.09739964721336085569525239858
49.03374429223744292237443226,0,0.000,49.03374429223744292237443226,0.6849315068493150684931506850,0.4657534246575342465753424658,48.34881278538812785388128158,0E-28,0E-28,1098,1099,2038,ZBO,0.6849315068493150684931506850,0.4657534246575342465753424658,0.1334007631200350284606242655,0.09604854944642522049164947116
48.34881278538812785388128158,0,0.000,48.34881278538812785388128158,0.6849315068493150684931506850,0.4657534246575342465753424658,47.66388127853881278538813090,0E-28,0E-28,1099,1100,2038,ZBO,0.6849315068493150684931506850,0.4657534246575342465753424658,0.1315242384437355351222868664,0.09469745167948958528804654381
47.66388127853881278538813090,0,0.000,47.66388127853881278538813090,0.6849315068493150684931506850,0.4657534246575342465753424658,46.97894977168949771689498022,0E-28,0E-28,1100,1101,2038,ZBO,0.6849315068493150684931506850,0.4657534246575342465753424658,0.1296477137674360417839494673,0.09334635391255395008444361646
46.97894977168949771689498022,0,0.000,46.97894977168949771689498022,0.6849315068493150684931506850,0.4657534246575342465753424658,46.29401826484018264840182954,0E-28,0E-28,1101,1102,2038,ZBO,0.6849315068493150684931506850,0.4657534246575342465753424658,0.1277711890911365484456120682,0.09199525614561831488084068910
46.29401826484018264840182954,0,0.000,46.29401826484018264840182954,0.6849315068493150684931506850,0.4657534246575342465753424658,45.60908675799086757990867886,0E-28,0E-28,1102,1103,2038,ZBO,0.6849315068493150684931506850,0.4657534246575342465753424658,0.1258946644148370551072746691,0.09064415837868267967723776175
45.60908675799086757990867886,0,0.000,45.60908675799086757990867886,0.6849315068493150684931506850,0.4657534246575342465753424658,44.92415525114155251141552818,0E-28,0E-28,1103,1104,2038,ZBO,0.6849315068493150684931506850,0.4657534246575342465753424658,0.1240181397385375617689372699,0.08929306061174704447363483433
44.92415525114155251141552818,0,0.000,44.92415525114155251141552818,0.6849315068493150684931506850,0.4657534246575342465753424658,44.23922374429223744292237750,0E-28,0E-28,1104,1105,2038,ZBO,0.6849315068493150684931506850,0.4657534246575342465753424658,0.1221416150622380684305998708,0.08794196284481140927003190698
44.23922374429223744292237750,0,0.000,44.23922374429223744292237750,0.6849315068493150684931506850,0.4657534246575342465753424658,43.55429223744292237442922682,0E-28,0E-28,1105,1106,2038,ZBO,0.6849315068493150684931506850,0.4657534246575342465753424658,0.1202650903859385750922624717,0.08659086507787577406642897962
43.55429223744292237442922682,0,0.000,43.55429223744292237442922682,0.6849315068493150684931506850,0.4657534246575342465753424658,42.86936073059360730593607614,0E-28,0E-28,1106,1107,2038,ZBO,0.6849315068493150684931506850,0.4657534246575342465753424658,0.1183885657096390817539250726,0.08523976731094013886282605227
42.86936073059360730593607614,0,0.000,42.86936073059360730593607614,0.6849315068493150684931506850,0.4657534246575342465753424658,42.18442922374429223744292546,0E-28,0E-28,1107,1108,2038,ZBO,0.6849315068493150684931506850,0.4657534246575342465753424658,0.1165120410333395884155876734,0.08388866954400450365922312485
42.18442922374429223744292546,0,0.000,42.18442922374429223744292546,0.6849315068493150684931506850,0.4657534246575342465753424658,41.49949771689497716894977478,0E-28,0E-28,1108,1109,2038,ZBO,0.6849315068493150684931506850,0.4657534246575342465753424658,0.1146355163570400950772502743,0.08253757177706886845562019750
41.49949771689497716894977478,0,0.000,41.49949771689497716894977478,0.6849315068493150684931506850,0.4657534246575342465753424658,40.81456621004566210045662410,0E-28,0E-28,1109,1110,2038,ZBO,0.6849315068493150684931506850,0.4657534246575342465753424658,0.1127589916807406017389128752,0.08118647401013323325201727014
40.81456621004566210045662410,0,0.000,40.81456621004566210045662410,0.6849315068493150684931506850,0.4657534246575342465753424658,40.12963470319634703196347342,0E-28,0E-28,1110,1111,2038,ZBO,0.6849315068493150684931506850,0.4657534246575342465753424658,0.1108824670044411084005754761,0.07983537624319759804841434279
40.12963470319634703196347342,0,0.000,40.12963470319634703196347342,0.6849315068493150684931506850,0.4657534246575342465753424658,39.44470319634703196347032274,0E-28,0E-28,1111,1112,2038,ZBO,0.6849315068493150684931506850,0.4657534246575342465753424658,0.1090059423281416150622380769,0.07848427847626196284481141537
39.44470319634703196347032274,0,0.000,39.44470319634703196347032274,0.6849315068493150684931506850,0.4657534246575342465753424658,38.75977168949771689497717206,0E-28,0E-28,1112,1113,2038,ZBO,0.6849315068493150684931506850,0.4657534246575342465753424658,0.1071294176518421217239006778,0.07713318070932632764120848802
38.75977168949771689497717206,0,0.000,38.75977168949771689497717206,0.6849315068493150684931506850,0.4657534246575342465753424658,38.07484018264840182648402138,0E-28,0E-28,1113,1114,2038,ZBO,0.6849315068493150684931506850,0.4657534246575342465753424658,0.1052528929755426283855632787,0.07578208294239069243760556066
38.07484018264840182648402138,0,0.000,38.07484018264840182648402138,0.6849315068493150684931506850,0.4657534246575342465753424658,37.38990867579908675799087070,0E-28,0E-28,1114,1115,2038,ZBO,0.6849315068493150684931506850,0.4657534246575342465753424658,0.1033763682992431350472258796,0.07443098517545505723400263331
37.38990867579908675799087070,0,0.000,37.38990867579908675799087070,0.6849315068493150684931506850,0.4657534246575342465753424658,36.70497716894977168949772002,0E-28,0E-28,1115,1116,2038,ZBO,0.6849315068493150684931506850,0.4657534246575342465753424658,0.1014998436229436417088884804,0.07307988740851942203039970589
36.70497716894977168949772002,0,0.000,36.70497716894977168949772002,0.6849315068493150684931506850,0.4657534246575342465753424658,36.02004566210045662100456934,0E-28,0E-28,1116,1117,2038,ZBO,0.6849315068493150684931506850,0.4657534246575342465753424658,0.09962331894664414837055108133,0.07172878964158378682679677856
36.02004566210045662100456934,0,0.000,36.02004566210045662100456934,0.6849315068493150684931506850,0.4657534246575342465753424658,35.33511415525114155251141866,0E-28,0E-28,1117,1118,2038,ZBO,0.6849315068493150684931506850,0.4657534246575342465753424658,0.09774679427034465503221368220,0.07037769187464815162319385118
35.33511415525114155251141866,0,0.000,35.33511415525114155251141866,0.6849315068493150684931506850,0.4657534246575342465753424658,34.65018264840182648401826798,0E-28,0E-28,1118,1119,2038,ZBO,0.6849315068493150684931506850,0.4657534246575342465753424658,0.09587026959404516169387628308,0.06902659410771251641959092382
34.65018264840182648401826798,0,0.000,34.65018264840182648401826798,0.6849315068493150684931506850,0.4657534246575342465753424658,33.96525114155251141552511730,0E-28,0E-28,1119,1120,2038,ZBO,0.6849315068493150684931506850,0.4657534246575342465753424658,0.09399374491774566835553888395,0.06767549634077688121598799644
33.96525114155251141552511730,0,0.000,33.96525114155251141552511730,0.6849315068493150684931506850,0.4657534246575342465753424658,33.28031963470319634703196662,0E-28,0E-28,1120,1121,2038,ZBO,0.6849315068493150684931506850,0.4657534246575342465753424658,0.09211722024144617501720148483,0.06632439857384124601238506908
33.28031963470319634703196662,0,0.000,33.28031963470319634703196662,0.6849315068493150684931506850,0.4657534246575342465753424658,32.59538812785388127853881594,0E-28,0E-28,1121,1122,2038,ZBO,0.6849315068493150684931506850,0.4657534246575342465753424658,0.09024069556514668167886408571,0.06497330080690561080878214171
32.59538812785388127853881594,0,0.000,32.59538812785388127853881594,0.6849315068493150684931506850,0.4657534246575342465753424658,31.91045662100456621004566526,0E-28,0E-28,1122,1123,2038,ZBO,0.6849315068493150684931506850,0.4657534246575342465753424658,0.08836417088884718834052668658,0.06362220303996997560517921434
31.91045662100456621004566526,0,0.000,31.91045662100456621004566526,0.6849315068493150684931506850,0.4657534246575342465753424658,31.22552511415525114155251458,0E-28,0E-28,1123,1124,2038,ZBO,0.6849315068493150684931506850,0.4657534246575342465753424658,0.08648764621254769500218928746,0.06227110527303434040157628697
31.22552511415525114155251458,0,0.000,31.22552511415525114155251458,0.6849315068493150684931506850,0.4657534246575342465753424658,30.54059360730593607305936390,0E-28,0E-28,1124,1125,2038,ZBO,0.6849315068493150684931506850,0.4657534246575342465753424658,0.08461112153624820166385188834,0.06092000750609870519797335960
30.54059360730593607305936390,0,0.000,30.54059360730593607305936390,0.2853881278538812785388127855,0.1940639269406392694063926941,30.25520547945205479452055111,0E-28,0E-28,1125,13505/12,2038,ZBO,0.2853881278538812785388127855,0.1940639269406392694063926941,0.03470079856550113633994287387,0.02498457496716081816475886919
30.25520547945205479452055111,15.83333333333333333333333333,0.1900000000000000000000000000,45.89853881278538812785388444,0.3995433789954337899543378995,0.2716894977168949771689497717,45.49899543378995433789954654,0E-28,0E-28,13505/12,1126,2038,ZBO,0.3995433789954337899543378995,0.2716894977168949771689497717,0.07303455932945518233564771881,0.05258488271720773128166635754
45.49899543378995433789954654,0,0.000,45.49899543378995433789954654,0.6849315068493150684931506850,0.4657534246575342465753424658,44.81406392694063926940639586,0E-28,0E-28,1126,1127,2038,ZBO,0.6849315068493150684931506850,0.4657534246575342465753424658,0.1237165196722336898730218389,0.08907589416400825670857572401
44.81406392694063926940639586,0,0.000,44.81406392694063926940639586,0.6849315068493150684931506850,0.4657534246575342465753424658,44.12913242009132420091324518,0E-28,0E-28,1127,1128,2038,ZBO,0.6849315068493150684931506850,0.4657534246575342465753424658,0.1218399949959341965346844398,0.08772479639707262150497279666
44.12913242009132420091324518,0,0.000,44.12913242009132420091324518,0.6849315068493150684931506850,0.4657534246575342465753424658,43.44420091324200913242009450,0E-28,0E-28,1128,1129,2038,ZBO,0.6849315068493150684931506850,0.4657534246575342465753424658,0.1199634703196347031963470407,0.08637369863013698630136986930
43.44420091324200913242009450,0,0.000,43.44420091324200913242009450,0.6849315068493150684931506850,0.4657534246575342465753424658,42.75926940639269406392694382,0E-28,0E-28,1129,1130,2038,ZBO,0.6849315068493150684931506850,0.4657534246575342465753424658,0.1180869456433352098580096415,0.08502260086320135109776694188
42.75926940639269406392694382,0,0.000,42.75926940639269406392694382,0.6849315068493150684931506850,0.4657534246575342465753424658,42.07433789954337899543379314,0E-28,0E-28,1130,1131,2038,ZBO,0.6849315068493150684931506850,0.4657534246575342465753424658,0.1162104209670357165196722424,0.08367150309626571589416401453
42.07433789954337899543379314,0,0.000,42.07433789954337899543379314,0.6849315068493150684931506850,0.4657534246575342465753424658,41.38940639269406392694064246,0E-28,0E-28,1131,1132,2038,ZBO,0.6849315068493150684931506850,0.4657534246575342465753424658,0.1143338962907362231813348433,0.08232040532933008069056108718
41.38940639269406392694064246,0,0.000,41.38940639269406392694064246,0.6849315068493150684931506850,0.4657534246575342465753424658,40.70447488584474885844749178,0E-28,0E-28,1132,1133,2038,ZBO,0.6849315068493150684931506850,0.4657534246575342465753424658,0.1124573716144367298429974442,0.08096930756239444548695815982
40.70447488584474885844749178,0,0.000,40.70447488584474885844749178,0.6849315068493150684931506850,0.4657534246575342465753424658,40.01954337899543378995434110,0E-28,0E-28,1133,1134,2038,ZBO,0.6849315068493150684931506850,0.4657534246575342465753424658,0.1105808469381372365046600451,0.07961820979545881028335523247
40.01954337899543378995434110,0,0.000,40.01954337899543378995434110,0.6849315068493150684931506850,0.4657534246575342465753424658,39.33461187214611872146119042,0E-28,0E-28,1134,1135,2038,ZBO,0.6849315068493150684931506850,0.4657534246575342465753424658,0.1087043222618377431663226459,0.07826711202852317507975230505
39.33461187214611872146119042,0,0.000,39.33461187214611872146119042,0.6849315068493150684931506850,0.4657534246575342465753424658,38.64968036529680365296803974,0E-28,0E-28,1135,1136,2038,ZBO,0.6849315068493150684931506850,0.4657534246575342465753424658,0.1068277975855382498279852468,0.07691601426158753987614937770
38.64968036529680365296803974,0,0.000,38.64968036529680365296803974,0.6849315068493150684931506850,0.4657534246575342465753424658,37.96474885844748858447488906,0E-28,0E-28,1136,1137,2038,ZBO,0.6849315068493150684931506850,0.4657534246575342465753424658,0.1049512729092387564896478477,0.07556491649465190467254645034
37.96474885844748858447488906,0,0.000,37.96474885844748858447488906,0.6849315068493150684931506850,0.4657534246575342465753424658,37.27981735159817351598173838,0E-28,0E-28,1137,1138,2038,ZBO,0.6849315068493150684931506850,0.4657534246575342465753424658,0.1030747482329392631513104486,0.07421381872771626946894352299
37.27981735159817351598173838,0,0.000,37.27981735159817351598173838,0.6849315068493150684931506850,0.4657534246575342465753424658,36.59488584474885844748858770,0E-28,0E-28,1138,1139,2038,ZBO,0.6849315068493150684931506850,0.4657534246575342465753424658,0.1011982235566397698129730494,0.07286272096078063426534059557
36.59488584474885844748858770,0,0.000,36.59488584474885844748858770,0.6849315068493150684931506850,0.4657534246575342465753424658,35.90995433789954337899543702,0E-28,0E-28,1139,1140,2038,ZBO,0.6849315068493150684931506850,0.4657534246575342465753424658,0.09932169888034027647463565031,0.07151162319384499906173766822
35.90995433789954337899543702,0,0.000,35.90995433789954337899543702,0.6849315068493150684931506850,0.4657534246575342465753424658,35.22502283105022831050228634,0E-28,0E-28,1140,1141,2038,ZBO,0.6849315068493150684931506850,0.4657534246575342465753424658,0.09744517420404078313629825119,0.07016052542690936385813474086
35.22502283105022831050228634,0,0.000,35.22502283105022831050228634,0.6849315068493150684931506850,0.4657534246575342465753424658,34.54009132420091324200913566,0E-28,0E-28,1141,1142,2038,ZBO,0.6849315068493150684931506850,0.4657534246575342465753424658,0.09556864952774128979796085206,0.06880942765997372865453181348
34.54009132420091324200913566,0,0.000,34.54009132420091324200913566,0.6849315068493150684931506850,0.4657534246575342465753424658,33.85515981735159817351598498,0E-28,0E-28,1142,1143,2038,ZBO,0.6849315068493150684931506850,0.4657534246575342465753424658,0.09369212485144179645962345294,0.06745832989303809345092888612
33.85515981735159817351598498,0,0.000,33.85515981735159817351598498,0.6849315068493150684931506850,0.4657534246575342465753424658,33.17022831050228310502283430,0E-28,0E-28,1143,1144,2038,ZBO,0.6849315068493150684931506850,0.4657534246575342465753424658,0.09181560017514230312128605382,0.06610723212610245824732595875
33.17022831050228310502283430,0,0.000,33.17022831050228310502283430,0.6849315068493150684931506850,0.4657534246575342465753424658,32.48529680365296803652968362,0E-28,0E-28,1144,1145,2038,ZBO,0.6849315068493150684931506850,0.4657534246575342465753424658,0.08993907549884280978294865469,0.06475613435916682304372303138
32.48529680365296803652968362,0,0.000,32.48529680365296803652968362,0.6849315068493150684931506850,0.4657534246575342465753424658,31.80036529680365296803653294,0E-28,0E-28,1145,1146,2038,ZBO,0.6849315068493150684931506850,0.4657534246575342465753424658,0.08806255082254331644461125557,0.06340503659223118784012010401
31.80036529680365296803653294,0,0.000,31.80036529680365296803653294,0.6849315068493150684931506850,0.4657534246575342465753424658,31.11543378995433789954338226,0E-28,0E-28,1146,1147,2038,ZBO,0.6849315068493150684931506850,0.4657534246575342465753424658,0.08618602614624382310627385645,0.06205393882529555263651717664
31.11543378995433789954338226,0,0.000,31.11543378995433789954338226,0.6849315068493150684931506850,0.4657534246575342465753424658,30.43050228310502283105023158,0E-28,0E-28,1147,1148,2038,ZBO,0.6849315068493150684931506850,0.4657534246575342465753424658,0.08430950146994432976793645732,0.06070284105835991743291424927
30.43050228310502283105023158,0,0.000,30.43050228310502283105023158,0.6849315068493150684931506850,0.4657534246575342465753424658,29.74557077625570776255708090,0E-28,0E-28,1148,1149,2038,ZBO,0.6849315068493150684931506850,0.4657534246575342465753424658,0.08243297679364483642959905820,0.05935174329142428222931132190
29.74557077625570776255708090,0,0.000,29.74557077625570776255708090,0.6849315068493150684931506850,0.4657534246575342465753424658,29.06063926940639269406393022,0E-28,0E-28,1149,1150,2038,ZBO,0.6849315068493150684931506850,0.4657534246575342465753424658,0.08055645211734534309126165908,0.05800064552448864702570839454
29.06063926940639269406393022,0,0.000,29.06063926940639269406393022,0.6849315068493150684931506850,0.4657534246575342465753424658,28.37570776255707762557077954,0E-28,0E-28,1150,1151,2038,ZBO,0.6849315068493150684931506850,0.4657534246575342465753424658,0.07867992744104584975292425995,0.05664954775755301182210546716
28.37570776255707762557077954,0,0.000,28.37570776255707762557077954,0.6849315068493150684931506850,0.4657534246575342465753424658,27.69077625570776255707762886,0E-28,0E-28,1151,1152,2038,ZBO,0.6849315068493150684931506850,0.4657534246575342465753424658,0.07680340276474635641458686083,0.05529844999061737661850253980
27.69077625570776255707762886,0,0.000,27.69077625570776255707762886,0.6849315068493150684931506850,0.4657534246575342465753424658,27.00584474885844748858447818,0E-28,0E-28,1152,1153,2038,ZBO,0.6849315068493150684931506850,0.4657534246575342465753424658,0.07492687808844686307624946171,0.05394735222368174141489961243
27.00584474885844748858447818,0,0.000,27.00584474885844748858447818,0.6849315068493150684931506850,0.4657534246575342465753424658,26.32091324200913242009132750,0E-28,0E-28,1153,1154,2038,ZBO,0.6849315068493150684931506850,0.4657534246575342465753424658,0.07305035341214736973791206258,0.05259625445674610621129668506
26.32091324200913242009132750,0,0.000,26.32091324200913242009132750,0.6849315068493150684931506850,0.4657534246575342465753424658,25.63598173515981735159817682,0E-28,0E-28,1154,1155,2038,ZBO,0.6849315068493150684931506850,0.4657534246575342465753424658,0.07117382873584787639957466346,0.05124515668981047100769375769
25.63598173515981735159817682,0,0.000,25.63598173515981735159817682,0.5707762557077625570776255708,0.3881278538812785388127853881,25.06520547945205479452055125,0E-28,0E-28,1155,6935/6,2038,ZBO,0.5707762557077625570776255708,0.3881278538812785388127853881,0.05787806759658889514397115077,0.04167220866954400450365922855
25.06520547945205479452055125,15.83333333333333333333333333,0.1900000000000000000000000000,40.70853881278538812785388458,0.1141552511415525114155251142,0.07762557077625570776255707764,40.59438356164383561643835947,0E-28,0E-29,6935/6,1156,2038,ZBO,0.1141552511415525114155251142,0.07762557077625570776255707764,0.01856231104439023373157357170,0.01336486395196096828673297162
40.59438356164383561643835947,0,0.000,40.59438356164383561643835947,0.6849315068493150684931506850,0.4657534246575342465753424658,39.90945205479452054794520878,0E-28,0E-28,1156,1157,2038,ZBO,0.6849315068493150684931506850,0.4657534246575342465753424658,0.1102792268718333646087446140,0.07940104334772002251829612208
39.90945205479452054794520878,0,0.000,39.90945205479452054794520878,0.6849315068493150684931506850,0.4657534246575342465753424658,39.22452054794520547945205810,0E-28,0E-28,1157,1158,2038,ZBO,0.6849315068493150684931506850,0.4657534246575342465753424658,0.1084027021955338712704072149,0.07804994558078438731469319473
39.22452054794520547945205810,0,0.000,39.22452054794520547945205810,0.6849315068493150684931506850,0.4657534246575342465753424658,38.53958904109589041095890742,0E-28,0E-28,1158,1159,2038,ZBO,0.6849315068493150684931506850,0.4657534246575342465753424658,0.1065261775192343779320698158,0.07669884781384875211109026738
38.53958904109589041095890742,0,0.000,38.53958904109589041095890742,0.6849315068493150684931506850,0.4657534246575342465753424658,37.85465753424657534246575674,0E-28,0E-28,1159,1160,2038,ZBO,0.6849315068493150684931506850,0.4657534246575342465753424658,0.1046496528429348845937324167,0.07534775004691311690748734002
37.85465753424657534246575674,0,0.000,37.85465753424657534246575674,0.6849315068493150684931506850,0.4657534246575342465753424658,37.16972602739726027397260606,0E-28,0E-28,1160,1161,2038,ZBO,0.6849315068493150684931506850,0.4657534246575342465753424658,0.1027731281666353912553950175,0.07399665227997748170388441260
37.16972602739726027397260606,0,0.000,37.16972602739726027397260606,0.6849315068493150684931506850,0.4657534246575342465753424658,36.48479452054794520547945538,0E-28,0E-28,1161,1162,2038,ZBO,0.6849315068493150684931506850,0.4657534246575342465753424658,0.1008966034903358979170576184,0.07264555451304184650028148525
36.48479452054794520547945538,0,0.000,36.48479452054794520547945538,0.6849315068493150684931506850,0.4657534246575342465753424658,35.79986301369863013698630470,0E-28,0E-28,1162,1163,2038,ZBO,0.6849315068493150684931506850,0.4657534246575342465753424658,0.09902007881403640457872021930,0.07129445674610621129667855790
35.79986301369863013698630470,0,0.000,35.79986301369863013698630470,0.6849315068493150684931506850,0.4657534246575342465753424658,35.11493150684931506849315402,0E-28,0E-28,1163,1164,2038,ZBO,0.6849315068493150684931506850,0.4657534246575342465753424658,0.09714355413773691124038282017,0.06994335897917057609307563052
35.11493150684931506849315402,0,0.000,35.11493150684931506849315402,0.6849315068493150684931506850,0.4657534246575342465753424658,34.43000000000000000000000334,0E-28,0E-28,1164,1165,2038,ZBO,0.6849315068493150684931506850,0.4657534246575342465753424658,0.09526702946143741790204542105,0.06859226121223494088947270316
34.43000000000000000000000334,0,0.000,34.43000000000000000000000334,0.6849315068493150684931506850,0.4657534246575342465753424658,33.74506849315068493150685266,0E-28,0E-28,1165,1166,2038,ZBO,0.6849315068493150684931506850,0.4657534246575342465753424658,0.09339050478513792456370802193,0.06724116344529930568586977579
33.74506849315068493150685266,0,0.000,33.74506849315068493150685266,0.6849315068493150684931506850,0.4657534246575342465753424658,33.06013698630136986301370198,0E-28,0E-28,1166,1167,2038,ZBO,0.6849315068493150684931506850,0.4657534246575342465753424658,0.09151398010883843122537062280,0.06589006567836367048226684842
33.06013698630136986301370198,0,0.000,33.06013698630136986301370198,0.6849315068493150684931506850,0.4657534246575342465753424658,32.37520547945205479452055130,0E-28,0E-28,1167,1168,2038,ZBO,0.6849315068493150684931506850,0.4657534246575342465753424658,0.08963745543253893788703322368,0.06453896791142803527866392105
32.37520547945205479452055130,0,0.000,32.37520547945205479452055130,0.6849315068493150684931506850,0.4657534246575342465753424658,31.69027397260273972602740062,0E-28,0E-28,1168,1169,2038,ZBO,0.6849315068493150684931506850,0.4657534246575342465753424658,0.08776093075623944454869582456,0.06318787014449240007506099368
31.69027397260273972602740062,0,0.000,31.69027397260273972602740062,0.6849315068493150684931506850,0.4657534246575342465753424658,31.00534246575342465753424994,0E-28,0E-28,1169,1170,2038,ZBO,0.6849315068493150684931506850,0.4657534246575342465753424658,0.08588440607993995121035842543,0.06183677237755676487145806631
31.00534246575342465753424994,0,0.000,31.00534246575342465753424994,0.6849315068493150684931506850,0.4657534246575342465753424658,30.32041095890410958904109926,0E-28,0E-28,1170,1171,2038,ZBO,0.6849315068493150684931506850,0.4657534246575342465753424658,0.08400788140364045787202102631,0.06048567461062112966785513894
30.32041095890410958904109926,0,0.000,30.32041095890410958904109926,0.6849315068493150684931506850,0.4657534246575342465753424658,29.63547945205479452054794858,0E-28,0E-28,1171,1172,2038,ZBO,0.6849315068493150684931506850,0.4657534246575342465753424658,0.08213135672734096453368362719,0.05913457684368549446425221158
29.63547945205479452054794858,0,0.000,29.63547945205479452054794858,0.6849315068493150684931506850,0.4657534246575342465753424658,28.95054794520547945205479790,0E-28,0E-28,1172,1173,2038,ZBO,0.6849315068493150684931506850,0.4657534246575342465753424658,0.08025483205104147119534622806,0.05778347907674985926064928420
28.95054794520547945205479790,0,0.000,28.95054794520547945205479790,0.6849315068493150684931506850,0.4657534246575342465753424658,28.26561643835616438356164722,0E-28,0E-28,1173,1174,2038,ZBO,0.6849315068493150684931506850,0.4657534246575342465753424658,0.07837830737474197785700882894,0.05643238130981422405704635684
28.26561643835616438356164722,0,0.000,28.26561643835616438356164722,0.6849315068493150684931506850,0.4657534246575342465753424658,27.58068493150684931506849654,0E-28,0E-28,1174,1175,2038,ZBO,0.6849315068493150684931506850,0.4657534246575342465753424658,0.07650178269844248451867142982,0.05508128354287858885344342947
27.58068493150684931506849654,0,0.000,27.58068493150684931506849654,0.6849315068493150684931506850,0.4657534246575342465753424658,26.89575342465753424657534586,0E-28,0E-28,1175,1176,2038,ZBO,0.6849315068493150684931506850,0.4657534246575342465753424658,0.07462525802214299118033403069,0.05373018577594295364984050210
26.89575342465753424657534586,0,0.000,26.89575342465753424657534586,0.6849315068493150684931506850,0.4657534246575342465753424658,26.21082191780821917808219518,0E-28,0E-28,1176,1177,2038,ZBO,0.6849315068493150684931506850,0.4657534246575342465753424658,0.07274873334584349784199663157,0.05237908800900731844623757473
26.21082191780821917808219518,0,0.000,26.21082191780821917808219518,0.6849315068493150684931506850,0.4657534246575342465753424658,25.52589041095890410958904450,0E-28,0E-28,1177,1178,2038,ZBO,0.6849315068493150684931506850,0.4657534246575342465753424658,0.07087220866954400450365923245,0.05102799024207168324263464736
25.52589041095890410958904450,0,0.000,25.52589041095890410958904450,0.6849315068493150684931506850,0.4657534246575342465753424658,24.84095890410958904109589382,0E-28,0E-28,1178,1179,2038,ZBO,0.6849315068493150684931506850,0.4657534246575342465753424658,0.06899568399324451116532183332,0.04967689247513604803903171999
24.84095890410958904109589382,0,0.000,24.84095890410958904109589382,0.6849315068493150684931506850,0.4657534246575342465753424658,24.15602739726027397260274314,0E-28,0E-28,1179,1180,2038,ZBO,0.6849315068493150684931506850,0.4657534246575342465753424658,0.06711915931694501782698443420,0.04832579470820041283542879262
24.15602739726027397260274314,0,0.000,24.15602739726027397260274314,0.6849315068493150684931506850,0.4657534246575342465753424658,23.47109589041095890410959246,0E-28,0E-28,1180,1181,2038,ZBO,0.6849315068493150684931506850,0.4657534246575342465753424658,0.06524263464064552448864703508,0.04697469694126477763182586526
23.47109589041095890410959246,0,0.000,23.47109589041095890410959246,0.6849315068493150684931506850,0.4657534246575342465753424658,22.78616438356164383561644178,0E-28,0E-28,1181,1182,2038,ZBO,0.6849315068493150684931506850,0.4657534246575342465753424658,0.06336610996434603115030963595,0.04562359917432914242822293788
22.78616438356164383561644178,0,0.000,22.78616438356164383561644178,0.6849315068493150684931506850,0.4657534246575342465753424658,22.10123287671232876712329110,0E-28,0E-28,1182,1183,2038,ZBO,0.6849315068493150684931506850,0.4657534246575342465753424658,0.06148958528804653781197223683,0.04427250140739350722462001052
22.10123287671232876712329110,0,0.000,22.10123287671232876712329110,0.6849315068493150684931506850,0.4657534246575342465753424658,21.41630136986301369863014042,0E-28,0E-28,1183,1184,2038,ZBO,0.6849315068493150684931506850,0.4657534246575342465753424658,0.05961306061174704447363483770,0.04292140364045787202101708314
21.41630136986301369863014042,0,0.000,21.41630136986301369863014042,0.6849315068493150684931506850,0.4657534246575342465753424658,20.73136986301369863013698974,0E-28,0E-28,1184,1185,2038,ZBO,0.6849315068493150684931506850,0.4657534246575342465753424658,0.05773653593544755113529743858,0.04157030587352223681741415578
20.73136986301369863013698974,0,0.000,20.73136986301369863013698974,0.6849315068493150684931506850,0.4657534246575342465753424658,20.04643835616438356164383906,0E-28,0E-28,1185,1186,2038,ZBO,0.6849315068493150684931506850,0.4657534246575342465753424658,0.05586001125914805779696003946,0.04021920810658660161381122841
20.04643835616438356164383906,0,0.000,20.04643835616438356164383906,0.1712328767123287671232876712,0.1164383561643835616438356164,19.87520547945205479452055139,0E-28,0E-28,1186,4745/4,2038,ZBO,0.1712328767123287671232876712,0.1164383561643835616438356164,0.01367179583411521861512479125,0.009843693000562957402889849700
19.87520547945205479452055139,15.83333333333333333333333333,0.1900000000000000000000000000,35.51853881278538812785388472,0.5136986301369863013698630138,0.3493150684931506849315068494,35.00484018264840182648402171,0E-28,0E-28,4745/4,1187,2038,ZBO,0.5136986301369863013698630138,0.3493150684931506849315068494,0.07245552636517170200788141073,0.05216797898292362544567461573
35.00484018264840182648402171,0,0.000,35.00484018264840182648402171,0.6849315068493150684931506850,0.4657534246575342465753424658,34.31990867579908675799087102,0E-28,0E-28,1187,1188,2038,ZBO,0.6849315068493150684931506850,0.4657534246575342465753424658,0.09496540939513354600612999004,0.06837509476449615312441359283
34.31990867579908675799087102,0,0.000,34.31990867579908675799087102,0.6849315068493150684931506850,0.4657534246575342465753424658,33.63497716894977168949772034,0E-28,0E-28,1188,1189,2038,ZBO,0.6849315068493150684931506850,0.4657534246575342465753424658,0.09308888471883405266779259091,0.06702399699756051792081066546
33.63497716894977168949772034,0,0.000,33.63497716894977168949772034,0.6849315068493150684931506850,0.4657534246575342465753424658,32.95004566210045662100456966,0E-28,0E-28,1189,1190,2038,ZBO,0.6849315068493150684931506850,0.4657534246575342465753424658,0.09121236004253455932945519179,0.06567289923062488271720773809
32.95004566210045662100456966,0,0.000,32.95004566210045662100456966,0.6849315068493150684931506850,0.4657534246575342465753424658,32.26511415525114155251141898,0E-28,0E-28,1190,1191,2038,ZBO,0.6849315068493150684931506850,0.4657534246575342465753424658,0.08933583536623506599111779267,0.06432180146368924751360481072
32.26511415525114155251141898,0,0.000,32.26511415525114155251141898,0.6849315068493150684931506850,0.4657534246575342465753424658,31.58018264840182648401826830,0E-28,0E-28,1191,1192,2038,ZBO,0.6849315068493150684931506850,0.4657534246575342465753424658,0.08745931068993557265278039354,0.06297070369675361231000188335
31.58018264840182648401826830,0,0.000,31.58018264840182648401826830,0.6849315068493150684931506850,0.4657534246575342465753424658,30.89525114155251141552511762,0E-28,0E-28,1192,1193,2038,ZBO,0.6849315068493150684931506850,0.4657534246575342465753424658,0.08558278601363607931444299442,0.06161960592981797710639895598
30.89525114155251141552511762,0,0.000,30.89525114155251141552511762,0.6849315068493150684931506850,0.4657534246575342465753424658,30.21031963470319634703196694,0E-28,0E-28,1193,1194,2038,ZBO,0.6849315068493150684931506850,0.4657534246575342465753424658,0.08370626133733658597610559530,0.06026850816288234190279602862
30.21031963470319634703196694,0,0.000,30.21031963470319634703196694,0.6849315068493150684931506850,0.4657534246575342465753424658,29.52538812785388127853881626,0E-28,0E-28,1194,1195,2038,ZBO,0.6849315068493150684931506850,0.4657534246575342465753424658,0.08182973666103709263776819617,0.05891741039594670669919310124
29.52538812785388127853881626,0,0.000,29.52538812785388127853881626,0.6849315068493150684931506850,0.4657534246575342465753424658,28.84045662100456621004566558,0E-28,0E-28,1195,1196,2038,ZBO,0.6849315068493150684931506850,0.4657534246575342465753424658,0.07995321198473759929943079705,0.05756631262901107149559017388
28.84045662100456621004566558,0,0.000,28.84045662100456621004566558,0.6849315068493150684931506850,0.4657534246575342465753424658,28.15552511415525114155251490,0E-28,0E-28,1196,1197,2038,ZBO,0.6849315068493150684931506850,0.4657534246575342465753424658,0.07807668730843810596109339793,0.05621521486207543629198724651
28.15552511415525114155251490,0,0.000,28.15552511415525114155251490,0.6849315068493150684931506850,0.4657534246575342465753424658,27.47059360730593607305936422,0E-28,0E-28,1197,1198,2038,ZBO,0.6849315068493150684931506850,0.4657534246575342465753424658,0.07620016263213861262275599880,0.05486411709513980108838431914
27.47059360730593607305936422,0,0.000,27.47059360730593607305936422,0.6849315068493150684931506850,0.4657534246575342465753424658,26.78566210045662100456621354,0E-28,0E-28,1198,1199,2038,ZBO,0.6849315068493150684931506850,0.4657534246575342465753424658,0.07432363795583911928441859968,0.05351301932820416588478139177
26.78566210045662100456621354,0,0.000,26.78566210045662100456621354,0.6849315068493150684931506850,0.4657534246575342465753424658,26.10073059360730593607306286,0E-28,0E-28,1199,1200,2038,ZBO,0.6849315068493150684931506850,0.4657534246575342465753424658,0.07244711327953962594608120056,0.05216192156126853068117846440
26.10073059360730593607306286,0,0.000,26.10073059360730593607306286,0.6849315068493150684931506850,0.4657534246575342465753424658,25.41579908675799086757991218,0E-28,0E-28,1200,1201,2038,ZBO,0.6849315068493150684931506850,0.4657534246575342465753424658,0.07057058860324013260774380143,0.05081082379433289547757553703
25.41579908675799086757991218,0,0.000,25.41579908675799086757991218,0.6849315068493150684931506850,0.4657534246575342465753424658,24.73086757990867579908676150,0E-28,0E-28,1201,1202,2038,ZBO,0.6849315068493150684931506850,0.4657534246575342465753424658,0.06869406392694063926940640231,0.04945972602739726027397260966
24.73086757990867579908676150,0,0.000,24.73086757990867579908676150,0.6849315068493150684931506850,0.4657534246575342465753424658,24.04593607305936073059361082,0E-28,0E-28,1202,1203,2038,ZBO,0.6849315068493150684931506850,0.4657534246575342465753424658,0.06681753925064114593106900318,0.04810862826046162507036968229
24.04593607305936073059361082,0,0.000,24.04593607305936073059361082,0.6849315068493150684931506850,0.4657534246575342465753424658,23.36100456621004566210046014,0E-28,0E-28,1203,1204,2038,ZBO,0.6849315068493150684931506850,0.4657534246575342465753424658,0.06494101457434165259273160406,0.04675753049352598986676675492
23.36100456621004566210046014,0,0.000,23.36100456621004566210046014,0.6849315068493150684931506850,0.4657534246575342465753424658,22.67607305936073059360730946,0E-28,0E-28,1204,1205,2038,ZBO,0.6849315068493150684931506850,0.4657534246575342465753424658,0.06306448989804215925439420494,0.04540643272659035466316382756
22.67607305936073059360730946,0,0.000,22.67607305936073059360730946,0.6849315068493150684931506850,0.4657534246575342465753424658,21.99114155251141552511415878,0E-28,0E-28,1205,1206,2038,ZBO,0.6849315068493150684931506850,0.4657534246575342465753424658,0.06118796522174266591605680581,0.04405533495965471945956090018
21.99114155251141552511415878,0,0.000,21.99114155251141552511415878,0.6849315068493150684931506850,0.4657534246575342465753424658,21.30621004566210045662100810,0E-28,0E-28,1206,1207,2038,ZBO,0.6849315068493150684931506850,0.4657534246575342465753424658,0.05931144054544317257771940669,0.04270423719271908425595797282
21.30621004566210045662100810,0,0.000,21.30621004566210045662100810,0.6849315068493150684931506850,0.4657534246575342465753424658,20.62127853881278538812785742,0E-28,0E-28,1207,1208,2038,ZBO,0.6849315068493150684931506850,0.4657534246575342465753424658,0.05743491586914367923938200757,0.04135313942578344905235504545
20.62127853881278538812785742,0,0.000,20.62127853881278538812785742,0.6849315068493150684931506850,0.4657534246575342465753424658,19.93634703196347031963470674,0E-28,0E-28,1208,1209,2038,ZBO,0.6849315068493150684931506850,0.4657534246575342465753424658,0.05555839119284418590104460844,0.04000204165884781384875211808
19.93634703196347031963470674,0,0.000,19.93634703196347031963470674,0.6849315068493150684931506850,0.4657534246575342465753424658,19.25141552511415525114155606,0E-28,0E-28,1209,1210,2038,ZBO,0.6849315068493150684931506850,0.4657534246575342465753424658,0.05368186651654469256270720932,0.03865094389191217864514919071
19.25141552511415525114155606,0,0.000,19.25141552511415525114155606,0.6849315068493150684931506850,0.4657534246575342465753424658,18.56648401826484018264840538,0E-28,0E-28,1210,1211,2038,ZBO,0.6849315068493150684931506850,0.4657534246575342465753424658,0.05180534184024519922436981020,0.03729984612497654344154626334
18.56648401826484018264840538,0,0.000,18.56648401826484018264840538,0.6849315068493150684931506850,0.4657534246575342465753424658,17.88155251141552511415525470,0E-28,0E-28,1211,1212,2038,ZBO,0.6849315068493150684931506850,0.4657534246575342465753424658,0.04992881716394570588603241107,0.03594874835804090823794333597
17.88155251141552511415525470,0,0.000,17.88155251141552511415525470,0.6849315068493150684931506850,0.4657534246575342465753424658,17.19662100456621004566210402,0E-28,0E-28,1212,1213,2038,ZBO,0.6849315068493150684931506850,0.4657534246575342465753424658,0.04805229248764621254769501195,0.03459765059110527303434040860
17.19662100456621004566210402,0,0.000,17.19662100456621004566210402,0.6849315068493150684931506850,0.4657534246575342465753424658,16.51168949771689497716895334,0E-28,0E-28,1213,1214,2038,ZBO,0.6849315068493150684931506850,0.4657534246575342465753424658,0.04617576781134671920935761283,0.03324655282416963783073748124
16.51168949771689497716895334,0,0.000,16.51168949771689497716895334,0.6849315068493150684931506850,0.4657534246575342465753424658,15.82675799086757990867580266,0E-28,0E-28,1214,1215,2038,ZBO,0.6849315068493150684931506850,0.4657534246575342465753424658,0.04429924313504722587102021370,0.03189545505723400262713455386
15.82675799086757990867580266,0,0.000,15.82675799086757990867580266,0.6849315068493150684931506850,0.4657534246575342465753424658,15.14182648401826484018265198,0E-28,0E-28,1215,1216,2038,ZBO,0.6849315068493150684931506850,0.4657534246575342465753424658,0.04242271845874773253268281458,0.03054435729029836742353162650
15.14182648401826484018265198,0,0.000,15.14182648401826484018265198,0.4566210045662100456621004568,0.3105022831050228310502283106,14.68520547945205479452055152,0E-28,0E-28,1216,3650/3,2038,ZBO,0.4566210045662100456621004568,0.3105022831050228310502283106,0.02723929859677654761160109909,0.01961229498967911428035279134
14.68520547945205479452055152,24.96853798088477252139833250,0.2996224557706172702567799900,39.35412100456621004566210403,0.2283105022831050228310502283,0.1552511415525114155251141552,39.12581050228310502283105380,0E-28,0E-28,3650/3,1217,2038,ZBO,0.2283105022831050228310502283,0.1552511415525114155251141552,0.03583558516294489272533934148,0.02580162131732032276224432587
39.12581050228310502283105380,0,0.000,39.12581050228310502283105380,0.6849315068493150684931506850,0.4657534246575342465753424658,38.44087899543378995433790312,0E-28,0E-28,1217,1218,2038,ZBO,0.6849315068493150684931506850,0.4657534246575342465753424658,0.1062557390379683492837930917,0.07650413210733721148433102602
38.44087899543378995433790312,0,0.000,38.44087899543378995433790312,0.6849315068493150684931506850,0.4657534246575342465753424658,37.75594748858447488584475244,0E-28,0E-28,1218,1219,2038,ZBO,0.6849315068493150684931506850,0.4657534246575342465753424658,0.1043792143616688559454556926,0.07515303434040157628072809867
37.75594748858447488584475244,0,0.000,37.75594748858447488584475244,0.6849315068493150684931506850,0.4657534246575342465753424658,37.07101598173515981735160176,0E-28,0E-28,1219,1220,2038,ZBO,0.6849315068493150684931506850,0.4657534246575342465753424658,0.1025026896853693626071182934,0.07380193657346594107712517125
37.07101598173515981735160176,0,0.000,37.07101598173515981735160176,0.6849315068493150684931506850,0.4657534246575342465753424658,36.38608447488584474885845108,0E-28,0E-28,1220,1221,2038,ZBO,0.6849315068493150684931506850,0.4657534246575342465753424658,0.1006261650090698692687808943,0.07245083880653030587352224390
36.38608447488584474885845108,0,0.000,36.38608447488584474885845108,0.6849315068493150684931506850,0.4657534246575342465753424658,35.70115296803652968036530040,0E-28,0E-28,1221,1222,2038,ZBO,0.6849315068493150684931506850,0.4657534246575342465753424658,0.09874964033277037593044349519,0.07109974103959467066991931654
35.70115296803652968036530040,0,0.000,35.70115296803652968036530040,0.6849315068493150684931506850,0.4657534246575342465753424658,35.01622146118721461187214972,0E-28,0E-28,1222,1223,2038,ZBO,0.6849315068493150684931506850,0.4657534246575342465753424658,0.09687311565647088259210609606,0.06974864327265903546631638916
35.01622146118721461187214972,0,0.000,35.01622146118721461187214972,0.6849315068493150684931506850,0.4657534246575342465753424658,34.33128995433789954337899904,0E-28,0E-28,1223,1224,2038,ZBO,0.6849315068493150684931506850,0.4657534246575342465753424658,0.09499659098017138925376869694,0.06839754550572340026271346180
34.33128995433789954337899904,0,0.000,34.33128995433789954337899904,0.6849315068493150684931506850,0.4657534246575342465753424658,33.64635844748858447488584836,0E-28,0E-28,1224,1225,2038,ZBO,0.6849315068493150684931506850,0.4657534246575342465753424658,0.09312006630387189591543129782,0.06704644773878776505911053443
33.64635844748858447488584836,0,0.000,33.64635844748858447488584836,0.6849315068493150684931506850,0.4657534246575342465753424658,32.96142694063926940639269768,0E-28,0E-28,1225,1226,2038,ZBO,0.6849315068493150684931506850,0.4657534246575342465753424658,0.09124354162757240257709389869,0.06569534997185212985550760706
32.96142694063926940639269768,0,0.000,32.96142694063926940639269768,0.6849315068493150684931506850,0.4657534246575342465753424658,32.27649543378995433789954700,0E-28,0E-28,1226,1227,2038,ZBO,0.6849315068493150684931506850,0.4657534246575342465753424658,0.08936701695127290923875649957,0.06434425220491649465190467969
32.27649543378995433789954700,0,0.000,32.27649543378995433789954700,0.6849315068493150684931506850,0.4657534246575342465753424658,31.59156392694063926940639632,0E-28,0E-28,1227,1228,2038,ZBO,0.6849315068493150684931506850,0.4657534246575342465753424658,0.08749049227497341590041910045,0.06299315443798085944830175232
31.59156392694063926940639632,0,0.000,31.59156392694063926940639632,0.6849315068493150684931506850,0.4657534246575342465753424658,30.90663242009132420091324564,0E-28,0E-28,1228,1229,2038,ZBO,0.6849315068493150684931506850,0.4657534246575342465753424658,0.08561396759867392256208170132,0.06164205667104522424469882495
30.90663242009132420091324564,0,0.000,30.90663242009132420091324564,0.6849315068493150684931506850,0.4657534246575342465753424658,30.22170091324200913242009496,0E-28,0E-28,1229,1230,2038,ZBO,0.6849315068493150684931506850,0.4657534246575342465753424658,0.08373744292237442922374430220,0.06029095890410958904109589758
30.22170091324200913242009496,0,0.000,30.22170091324200913242009496,0.6849315068493150684931506850,0.4657534246575342465753424658,29.53676940639269406392694428,0E-28,0E-28,1230,1231,2038,ZBO,0.6849315068493150684931506850,0.4657534246575342465753424658,0.08186091824607493588540690308,0.05893986113717395383749297022
29.53676940639269406392694428,0,0.000,29.53676940639269406392694428,0.6849315068493150684931506850,0.4657534246575342465753424658,28.85183789954337899543379360,0E-28,0E-28,1231,1232,2038,ZBO,0.6849315068493150684931506850,0.4657534246575342465753424658,0.07998439356977544254706950395,0.05758876337023831863389004284
28.85183789954337899543379360,0,0.000,28.85183789954337899543379360,0.6849315068493150684931506850,0.4657534246575342465753424658,28.16690639269406392694064292,0E-28,0E-28,1232,1233,2038,ZBO,0.6849315068493150684931506850,0.4657534246575342465753424658,0.07810786889347594920873210483,0.05623766560330268343028711548
28.16690639269406392694064292,0,0.000,28.16690639269406392694064292,0.6849315068493150684931506850,0.4657534246575342465753424658,27.48197488584474885844749224,0E-28,0E-28,1233,1234,2038,ZBO,0.6849315068493150684931506850,0.4657534246575342465753424658,0.07623134421717645587039470571,0.05488656783636704822668418811
27.48197488584474885844749224,0,0.000,27.48197488584474885844749224,0.6849315068493150684931506850,0.4657534246575342465753424658,26.79704337899543378995434156,0E-28,0E-28,1234,1235,2038,ZBO,0.6849315068493150684931506850,0.4657534246575342465753424658,0.07435481954087696253205730658,0.05353547006943141302308126074
26.79704337899543378995434156,0,0.000,26.79704337899543378995434156,0.6849315068493150684931506850,0.4657534246575342465753424658,26.11211187214611872146119088,0E-28,0E-28,1235,1236,2038,ZBO,0.6849315068493150684931506850,0.4657534246575342465753424658,0.07247829486457746919371990746,0.05218437230249577781947833337
26.11211187214611872146119088,0,0.000,26.11211187214611872146119088,0.6849315068493150684931506850,0.4657534246575342465753424658,25.42718036529680365296804020,0E-28,0E-28,1236,1237,2038,ZBO,0.6849315068493150684931506850,0.4657534246575342465753424658,0.07060177018827797585538250834,0.05083327453556014261587540600
25.42718036529680365296804020,0,0.000,25.42718036529680365296804020,0.6849315068493150684931506850,0.4657534246575342465753424658,24.74224885844748858447488952,0E-28,0E-28,1237,1238,2038,ZBO,0.6849315068493150684931506850,0.4657534246575342465753424658,0.06872524551197848251704510921,0.04948217676862450741227247863
24.74224885844748858447488952,0,0.000,24.74224885844748858447488952,0.6849315068493150684931506850,0.4657534246575342465753424658,24.05731735159817351598173884,0E-28,0E-28,1238,1239,2038,ZBO,0.6849315068493150684931506850,0.4657534246575342465753424658,0.06684872083567898917870771009,0.04813107900168887220866955126
24.05731735159817351598173884,0,0.000,24.05731735159817351598173884,0.6849315068493150684931506850,0.4657534246575342465753424658,23.37238584474885844748858816,0E-28,0E-28,1239,1240,2038,ZBO,0.6849315068493150684931506850,0.4657534246575342465753424658,0.06497219615937949584037031097,0.04677998123475323700506662390
23.37238584474885844748858816,0,0.000,23.37238584474885844748858816,0.6849315068493150684931506850,0.4657534246575342465753424658,22.68745433789954337899543748,0E-28,0E-28,1240,1241,2038,ZBO,0.6849315068493150684931506850,0.4657534246575342465753424658,0.06309567148308000250203291184,0.04542888346781760180146369652
22.68745433789954337899543748,0,0.000,22.68745433789954337899543748,0.6849315068493150684931506850,0.4657534246575342465753424658,22.00252283105022831050228680,0E-28,0E-28,1241,1242,2038,ZBO,0.6849315068493150684931506850,0.4657534246575342465753424658,0.06121914680678050916369551272,0.04407778570088196659786076916
22.00252283105022831050228680,0,0.000,22.00252283105022831050228680,0.6849315068493150684931506850,0.4657534246575342465753424658,21.31759132420091324200913612,0E-28,0E-28,1242,1243,2038,ZBO,0.6849315068493150684931506850,0.4657534246575342465753424658,0.05934262213048101582535811359,0.04272668793394633139425784178
21.31759132420091324200913612,0,0.000,21.31759132420091324200913612,0.6849315068493150684931506850,0.4657534246575342465753424658,20.63265981735159817351598544,0E-28,0E-28,1243,1244,2038,ZBO,0.6849315068493150684931506850,0.4657534246575342465753424658,0.05746609745418152248702071447,0.04137559016701069619065491442
20.63265981735159817351598544,0,0.000,20.63265981735159817351598544,0.6849315068493150684931506850,0.4657534246575342465753424658,19.94772831050228310502283476,0E-28,0E-28,1244,1245,2038,ZBO,0.6849315068493150684931506850,0.4657534246575342465753424658,0.05558957277788202914868331535,0.04002449240007506098705198705
19.94772831050228310502283476,0,0.000,19.94772831050228310502283476,0.6849315068493150684931506850,0.4657534246575342465753424658,19.26279680365296803652968408,0E-28,0E-28,1245,1246,2038,ZBO,0.6849315068493150684931506850,0.4657534246575342465753424658,0.05371304810158253581034591622,0.03867339463313942578344905968
19.26279680365296803652968408,0,0.000,19.26279680365296803652968408,0.6849315068493150684931506850,0.4657534246575342465753424658,18.57786529680365296803653340,0E-28,0E-28,1246,1247,2038,ZBO,0.6849315068493150684931506850,0.4657534246575342465753424658,0.05183652342528304247200851710,0.03732229686620379057984613231
18.57786529680365296803653340,0,0.000,18.57786529680365296803653340,0.05707762557077625570776255708,0.03881278538812785388127853881,18.52078767123287671232877084,0E-29,0E-29,1247,14965/12,2038,ZBO,0.05707762557077625570776255708,0.03881278538812785388127853881,0.004235006046579512520589646603,0.003049204353537249014824545554
18.52078767123287671232877084,24.96853798088477252139833250,0.2996224557706172702567799900,43.18970319634703196347032335,0.6278538812785388127853881280,0.4269406392694063926940639270,42.56184931506849315068493522,0E-28,0E-28,14965/12,1248,2038,ZBO,0.6278538812785388127853881280,0.4269406392694063926940639270,0.1076788901399053397552177905,0.07752880090073184462375680916
42.56184931506849315068493522,0,0.000,42.56184931506849315068493522,0.6849315068493150684931506850,0.4657534246575342465753424658,41.87691780821917808219178454,0E-28,0E-28,1248,1249,2038,ZBO,0.6849315068493150684931506850,0.4657534246575342465753424658,0.1156695440045036592231187942,0.08328207168324263464064553182
41.87691780821917808219178454,0,0.000,41.87691780821917808219178454,0.6849315068493150684931506850,0.4657534246575342465753424658,41.19198630136986301369863386,0E-28,0E-28,1249,1250,2038,ZBO,0.6849315068493150684931506850,0.4657534246575342465753424658,0.1137930193282041658847813951,0.08193097391630699943704260447
41.19198630136986301369863386,0,0.000,41.19198630136986301369863386,0.6849315068493150684931506850,0.4657534246575342465753424658,40.50705479452054794520548318,0E-28,0E-28,1250,1251,2038,ZBO,0.6849315068493150684931506850,0.4657534246575342465753424658,0.1119164946519046725464439960,0.08057987614937136423343967712
40.50705479452054794520548318,0,0.000,40.50705479452054794520548318,0.6849315068493150684931506850,0.4657534246575342465753424658,39.82212328767123287671233250,0E-28,0E-28,1251,1252,2038,ZBO,0.6849315068493150684931506850,0.4657534246575342465753424658,0.1100399699756051792081065968,0.07922877838243572902983674970
39.82212328767123287671233250,0,0.000,39.82212328767123287671233250,0.6849315068493150684931506850,0.4657534246575342465753424658,39.13719178082191780821918182,0E-28,0E-28,1252,1253,2038,ZBO,0.6849315068493150684931506850,0.4657534246575342465753424658,0.1081634452993056858697691977,0.07787768061550009382623382234
39.13719178082191780821918182,0,0.000,39.13719178082191780821918182,0.6849315068493150684931506850,0.4657534246575342465753424658,38.45226027397260273972603114,0E-28,0E-28,1253,1254,2038,ZBO,0.6849315068493150684931506850,0.4657534246575342465753424658,0.1062869206230061925314317986,0.07652658284856445862263089499
38.45226027397260273972603114,0,0.000,38.45226027397260273972603114,0.6849315068493150684931506850,0.4657534246575342465753424658,37.76732876712328767123288046,0E-28,0E-28,1254,1255,2038,ZBO,0.6849315068493150684931506850,0.4657534246575342465753424658,0.1044103959467066991930943995,0.07517548508162882341902796764
37.76732876712328767123288046,0,0.000,37.76732876712328767123288046,0.6849315068493150684931506850,0.4657534246575342465753424658,37.08239726027397260273972978,0E-28,0E-28,1255,1256,2038,ZBO,0.6849315068493150684931506850,0.4657534246575342465753424658,0.1025338712704072058547570003,0.07382438731469318821542504022
37.08239726027397260273972978,0,0.000,37.08239726027397260273972978,0.6849315068493150684931506850,0.4657534246575342465753424658,36.39746575342465753424657910,0E-28,0E-28,1256,1257,2038,ZBO,0.6849315068493150684931506850,0.4657534246575342465753424658,0.1006573465941077125164196012,0.07247328954775755301182211286
36.39746575342465753424657910,0,0.000,36.39746575342465753424657910,0.6849315068493150684931506850,0.4657534246575342465753424658,35.71253424657534246575342842,0E-28,0E-28,1257,1258,2038,ZBO,0.6849315068493150684931506850,0.4657534246575342465753424658,0.09878082191780821917808220209,0.07112219178082191780821918550
35.71253424657534246575342842,0,0.000,35.71253424657534246575342842,0.6849315068493150684931506850,0.4657534246575342465753424658,35.02760273972602739726027774,0E-28,0E-28,1258,1259,2038,ZBO,0.6849315068493150684931506850,0.4657534246575342465753424658,0.09690429724150872583974480297,0.06977109401388628260461625814
35.02760273972602739726027774,0,0.000,35.02760273972602739726027774,0.6849315068493150684931506850,0.4657534246575342465753424658,34.34267123287671232876712706,0E-28,0E-28,1259,1260,2038,ZBO,0.6849315068493150684931506850,0.4657534246575342465753424658,0.09502777256520923250140740385,0.06841999624695064740101333077
34.34267123287671232876712706,0,0.000,34.34267123287671232876712706,0.6849315068493150684931506850,0.4657534246575342465753424658,33.65773972602739726027397638,0E-28,0E-28,1260,1261,2038,ZBO,0.6849315068493150684931506850,0.4657534246575342465753424658,0.09315124788890973916307000472,0.06706889848001501219741040340
33.65773972602739726027397638,0,0.000,33.65773972602739726027397638,0.6849315068493150684931506850,0.4657534246575342465753424658,32.97280821917808219178082570,0E-28,0E-28,1261,1262,2038,ZBO,0.6849315068493150684931506850,0.4657534246575342465753424658,0.09127472321261024582473260560,0.06571780071307937699380747603
32.97280821917808219178082570,0,0.000,32.97280821917808219178082570,0.6849315068493150684931506850,0.4657534246575342465753424658,32.28787671232876712328767502,0E-28,0E-28,1262,1263,2038,ZBO,0.6849315068493150684931506850,0.4657534246575342465753424658,0.08939819853631075248639520647,0.06436670294614374179020454866
32.28787671232876712328767502,0,0.000,32.28787671232876712328767502,0.6849315068493150684931506850,0.4657534246575342465753424658,31.60294520547945205479452434,0E-28,0E-28,1263,1264,2038,ZBO,0.6849315068493150684931506850,0.4657534246575342465753424658,0.08752167386001125914805780735,0.06301560517920810658660162129
31.60294520547945205479452434,0,0.000,31.60294520547945205479452434,0.6849315068493150684931506850,0.4657534246575342465753424658,30.91801369863013698630137366,0E-28,0E-28,1264,1265,2038,ZBO,0.6849315068493150684931506850,0.4657534246575342465753424658,0.08564514918371176580972040823,0.06166450741227247138299869393
30.91801369863013698630137366,0,0.000,30.91801369863013698630137366,0.6849315068493150684931506850,0.4657534246575342465753424658,30.23308219178082191780822298,0E-28,0E-28,1265,1266,2038,ZBO,0.6849315068493150684931506850,0.4657534246575342465753424658,0.08376862450741227247138300910,0.06031340964533683617939576655
30.23308219178082191780822298,0,0.000,30.23308219178082191780822298,0.6849315068493150684931506850,0.4657534246575342465753424658,29.54815068493150684931507230,0E-28,0E-28,1266,1267,2038,ZBO,0.6849315068493150684931506850,0.4657534246575342465753424658,0.08189209983111277913304560998,0.05896231187840120097579283919
29.54815068493150684931507230,0,0.000,29.54815068493150684931507230,0.6849315068493150684931506850,0.4657534246575342465753424658,28.86321917808219178082192162,0E-28,0E-28,1267,1268,2038,ZBO,0.6849315068493150684931506850,0.4657534246575342465753424658,0.08001557515481328579470821086,0.05761121411146556577218991182
28.86321917808219178082192162,0,0.000,28.86321917808219178082192162,0.6849315068493150684931506850,0.4657534246575342465753424658,28.17828767123287671232877094,0E-28,0E-28,1268,1269,2038,ZBO,0.6849315068493150684931506850,0.4657534246575342465753424658,0.07813905047851379245637081173,0.05626011634452993056858698445
28.17828767123287671232877094,0,0.000,28.17828767123287671232877094,0.6849315068493150684931506850,0.4657534246575342465753424658,27.49335616438356164383562026,0E-28,0E-28,1269,1270,2038,ZBO,0.6849315068493150684931506850,0.4657534246575342465753424658,0.07626252580221429911803341261,0.05490901857759429536498405708
27.49335616438356164383562026,0,0.000,27.49335616438356164383562026,0.6849315068493150684931506850,0.4657534246575342465753424658,26.80842465753424657534246958,0E-28,0E-28,1270,1271,2038,ZBO,0.6849315068493150684931506850,0.4657534246575342465753424658,0.07438600112591480577969601349,0.05355792081065866016138112971
26.80842465753424657534246958,0,0.000,26.80842465753424657534246958,0.6849315068493150684931506850,0.4657534246575342465753424658,26.12349315068493150684931890,0E-28,0E-28,1271,1272,2038,ZBO,0.6849315068493150684931506850,0.4657534246575342465753424658,0.07250947644961531244135861436,0.05220682304372302495777820234
26.12349315068493150684931890,0,0.000,26.12349315068493150684931890,0.6849315068493150684931506850,0.4657534246575342465753424658,25.43856164383561643835616822,0E-28,0E-28,1272,1273,2038,ZBO,0.6849315068493150684931506850,0.4657534246575342465753424658,0.07063295177331581910302121524,0.05085572527678738975417527497
25.43856164383561643835616822,0,0.000,25.43856164383561643835616822,0.6849315068493150684931506850,0.4657534246575342465753424658,24.75363013698630136986301754,0E-28,0E-28,1273,1274,2038,ZBO,0.6849315068493150684931506850,0.4657534246575342465753424658,0.06875642709701632576468381612,0.04950462750985175455057234761
24.75363013698630136986301754,0,0.000,24.75363013698630136986301754,0.6849315068493150684931506850,0.4657534246575342465753424658,24.06869863013698630136986686,0E-28,0E-28,1274,1275,2038,ZBO,0.6849315068493150684931506850,0.4657534246575342465753424658,0.06687990242071683242634641699,0.04815352974291611934696942023
24.06869863013698630136986686,0,0.000,24.06869863013698630136986686,0.6849315068493150684931506850,0.4657534246575342465753424658,23.38376712328767123287671618,0E-28,0E-28,1275,1276,2038,ZBO,0.6849315068493150684931506850,0.4657534246575342465753424658,0.06500337774441733908800901787,0.04680243197598048414336649287
23.38376712328767123287671618,0,0.000,23.38376712328767123287671618,0.6849315068493150684931506850,0.4657534246575342465753424658,22.69883561643835616438356550,0E-28,0E-28,1276,1277,2038,ZBO,0.6849315068493150684931506850,0.4657534246575342465753424658,0.06312685306811784574967161875,0.04545133420904484893976356550
22.69883561643835616438356550,0,0.000,22.69883561643835616438356550,0.3424657534246575342465753425,0.2328767123287671232876712329,22.35636986301369863013699016,0E-28,0E-28,1277,2555/2,2038,ZBO,0.3424657534246575342465753425,0.2328767123287671232876712329,0.03085972978044661287295928470,0.02221900544192156126853068498
22.35636986301369863013699016,24.96853798088477252139833250,0.2996224557706172702567799900,47.02528538812785388127854267,0.3424657534246575342465753425,0.2328767123287671232876712329,46.68281963470319634703196733,0E-28,0E-28,2555/2,1278,2038,ZBO,0.3424657534246575342465753425,0.2328767123287671232876712329,0.06418363357728154125226747261,0.04621221617564270970163258028
46.68281963470319634703196733,0,0.000,46.68281963470319634703196733,0.6849315068493150684931506850,0.4657534246575342465753424658,45.99788812785388127853881664,0E-28,0E-28,1278,1279,2038,ZBO,0.6849315068493150684931506850,0.4657534246575342465753424658,0.1269598736473384625007818958,0.09141110902608369300056296498
45.99788812785388127853881664,0,0.000,45.99788812785388127853881664,0.6849315068493150684931506850,0.4657534246575342465753424658,45.31295662100456621004566596,0E-28,0E-28,1279,1280,2038,ZBO,0.6849315068493150684931506850,0.4657534246575342465753424658,0.1250833489710389691624444967,0.09006001125914805779696003762
45.31295662100456621004566596,0,0.000,45.31295662100456621004566596,0.6849315068493150684931506850,0.4657534246575342465753424658,44.62802511415525114155251528,0E-28,0E-28,1280,1281,2038,ZBO,0.6849315068493150684931506850,0.4657534246575342465753424658,0.1232068242947394758241070976,0.08870891349221242259335711027
44.62802511415525114155251528,0,0.000,44.62802511415525114155251528,0.6849315068493150684931506850,0.4657534246575342465753424658,43.94309360730593607305936460,0E-28,0E-28,1281,1282,2038,ZBO,0.6849315068493150684931506850,0.4657534246575342465753424658,0.1213302996184399824857696985,0.08735781572527678738975418292
43.94309360730593607305936460,0,0.000,43.94309360730593607305936460,0.6849315068493150684931506850,0.4657534246575342465753424658,43.25816210045662100456621392,0E-28,0E-28,1282,1283,2038,ZBO,0.6849315068493150684931506850,0.4657534246575342465753424658,0.1194537749421404891474322994,0.08600671795834115218615125557
43.25816210045662100456621392,0,0.000,43.25816210045662100456621392,0.6849315068493150684931506850,0.4657534246575342465753424658,42.57323059360730593607306324,0E-28,0E-28,1283,1284,2038,ZBO,0.6849315068493150684931506850,0.4657534246575342465753424658,0.1175772502658409958090949002,0.08465562019140551698254832814
42.57323059360730593607306324,0,0.000,42.57323059360730593607306324,0.6849315068493150684931506850,0.4657534246575342465753424658,41.88829908675799086757991256,0E-28,0E-28,1284,1285,2038,ZBO,0.6849315068493150684931506850,0.4657534246575342465753424658,0.1157007255895415024707575011,0.08330452242446988177894540079
41.88829908675799086757991256,0,0.000,41.88829908675799086757991256,0.6849315068493150684931506850,0.4657534246575342465753424658,41.20336757990867579908676188,0E-28,0E-28,1285,1286,2038,ZBO,0.6849315068493150684931506850,0.4657534246575342465753424658,0.1138242009132420091324201020,0.08195342465753424657534247344
41.20336757990867579908676188,0,0.000,41.20336757990867579908676188,0.6849315068493150684931506850,0.4657534246575342465753424658,40.51843607305936073059361120,0E-28,0E-28,1286,1287,2038,ZBO,0.6849315068493150684931506850,0.4657534246575342465753424658,0.1119476762369425157940827029,0.08060232689059861137173954609
40.51843607305936073059361120,0,0.000,40.51843607305936073059361120,0.6849315068493150684931506850,0.4657534246575342465753424658,39.83350456621004566210046052,0E-28,0E-28,1287,1288,2038,ZBO,0.6849315068493150684931506850,0.4657534246575342465753424658,0.1100711515606430224557453037,0.07925122912366297616813661866
39.83350456621004566210046052,0,0.000,39.83350456621004566210046052,0.6849315068493150684931506850,0.4657534246575342465753424658,39.14857305936073059360730984,0E-28,0E-28,1288,1289,2038,ZBO,0.6849315068493150684931506850,0.4657534246575342465753424658,0.1081946268843435291174079046,0.07790013135672734096453369131
39.14857305936073059360730984,0,0.000,39.14857305936073059360730984,0.6849315068493150684931506850,0.4657534246575342465753424658,38.46364155251141552511415916,0E-28,0E-28,1289,1290,2038,ZBO,0.6849315068493150684931506850,0.4657534246575342465753424658,0.1063181022080440357790705055,0.07654903358979170576093076396
38.46364155251141552511415916,0,0.000,38.46364155251141552511415916,0.6849315068493150684931506850,0.4657534246575342465753424658,37.77871004566210045662100848,0E-28,0E-28,1290,1291,2038,ZBO,0.6849315068493150684931506850,0.4657534246575342465753424658,0.1044415775317445424407331064,0.07519793582285607055732783661
37.77871004566210045662100848,0,0.000,37.77871004566210045662100848,0.6849315068493150684931506850,0.4657534246575342465753424658,37.09377853881278538812785780,0E-28,0E-28,1291,1292,2038,ZBO,0.6849315068493150684931506850,0.4657534246575342465753424658,0.1025650528554450491023957072,0.07384683805592043535372490918
37.09377853881278538812785780,0,0.000,37.09377853881278538812785780,0.6849315068493150684931506850,0.4657534246575342465753424658,36.40884703196347031963470712,0E-28,0E-28,1292,1293,2038,ZBO,0.6849315068493150684931506850,0.4657534246575342465753424658,0.1006885281791455557640583081,0.07249574028898480015012198183
36.40884703196347031963470712,0,0.000,36.40884703196347031963470712,0.6849315068493150684931506850,0.4657534246575342465753424658,35.72391552511415525114155644,0E-28,0E-28,1293,1294,2038,ZBO,0.6849315068493150684931506850,0.4657534246575342465753424658,0.09881200350284606242572090900,0.07114464252204916494651905448
35.72391552511415525114155644,0,0.000,35.72391552511415525114155644,0.6849315068493150684931506850,0.4657534246575342465753424658,35.03898401826484018264840576,0E-28,0E-28,1294,1295,2038,ZBO,0.6849315068493150684931506850,0.4657534246575342465753424658,0.09693547882654656908738350987,0.06979354475511352974291612711
35.03898401826484018264840576,0,0.000,35.03898401826484018264840576,0.6849315068493150684931506850,0.4657534246575342465753424658,34.35405251141552511415525508,0E-28,0E-28,1295,1296,2038,ZBO,0.6849315068493150684931506850,0.4657534246575342465753424658,0.09505895415024707574904611075,0.06844244698817789453931319974
34.35405251141552511415525508,0,0.000,34.35405251141552511415525508,0.6849315068493150684931506850,0.4657534246575342465753424658,33.66912100456621004566210440,0E-28,0E-28,1296,1297,2038,ZBO,0.6849315068493150684931506850,0.4657534246575342465753424658,0.09318242947394758241070871163,0.06709134922124225933571027237
33.66912100456621004566210440,0,0.000,33.66912100456621004566210440,0.6849315068493150684931506850,0.4657534246575342465753424658,32.98418949771689497716895372,0E-28,0E-28,1297,1298,2038,ZBO,0.6849315068493150684931506850,0.4657534246575342465753424658,0.09130590479764808907237131250,0.06574025145430662413210734500
32.98418949771689497716895372,0,0.000,32.98418949771689497716895372,0.6849315068493150684931506850,0.4657534246575342465753424658,32.29925799086757990867580304,0E-28,0E-28,1298,1299,2038,ZBO,0.6849315068493150684931506850,0.4657534246575342465753424658,0.08942938012134859573403391338,0.06438915368737098892850441763
32.29925799086757990867580304,0,0.000,32.29925799086757990867580304,0.6849315068493150684931506850,0.4657534246575342465753424658,31.61432648401826484018265236,0E-28,0E-28,1299,1300,2038,ZBO,0.6849315068493150684931506850,0.4657534246575342465753424658,0.08755285544504910239569651426,0.06303805592043535372490149027
31.61432648401826484018265236,0,0.000,31.61432648401826484018265236,0.6849315068493150684931506850,0.4657534246575342465753424658,30.92939497716894977168950168,0E-28,0E-28,1300,1301,2038,ZBO,0.6849315068493150684931506850,0.4657534246575342465753424658,0.08567633076874960905735911513,0.06168695815349971852129856289
30.92939497716894977168950168,0,0.000,30.92939497716894977168950168,0.6849315068493150684931506850,0.4657534246575342465753424658,30.24446347031963470319635100,0E-28,0E-28,1301,1302,2038,ZBO,0.6849315068493150684931506850,0.4657534246575342465753424658,0.08379980609245011571902171601,0.06033586038656408331769563553
30.24446347031963470319635100,0,0.000,30.24446347031963470319635100,0.6849315068493150684931506850,0.4657534246575342465753424658,29.55953196347031963470320032,0E-28,0E-28,1302,1303,2038,ZBO,0.6849315068493150684931506850,0.4657534246575342465753424658,0.08192328141615062238068431688,0.05898476261962844811409270815
29.55953196347031963470320032,0,0.000,29.55953196347031963470320032,0.6849315068493150684931506850,0.4657534246575342465753424658,28.87460045662100456621004964,0E-28,0E-28,1303,1304,2038,ZBO,0.6849315068493150684931506850,0.4657534246575342465753424658,0.08004675673985112904234691776,0.05763366485269281291048978079
28.87460045662100456621004964,0,0.000,28.87460045662100456621004964,0.6849315068493150684931506850,0.4657534246575342465753424658,28.18966894977168949771689896,0E-28,0E-28,1304,1305,2038,ZBO,0.6849315068493150684931506850,0.4657534246575342465753424658,0.07817023206355163570400951864,0.05628256708575717770688685342
28.18966894977168949771689896,0,0.000,28.18966894977168949771689896,0.6849315068493150684931506850,0.4657534246575342465753424658,27.50473744292237442922374828,0E-28,0E-28,1305,1306,2038,ZBO,0.6849315068493150684931506850,0.4657534246575342465753424658,0.07629370738725214236567211951,0.05493146931882154250328392605
27.50473744292237442922374828,0,0.000,27.50473744292237442922374828,0.6849315068493150684931506850,0.4657534246575342465753424658,26.81980593607305936073059760,0E-28,0E-28,1306,1307,2038,ZBO,0.6849315068493150684931506850,0.4657534246575342465753424658,0.07441718271095264902733472039,0.05358037155188590729968099868
26.81980593607305936073059760,0,0.000,26.81980593607305936073059760,0.6278538812785388127853881280,0.4269406392694063926940639270,26.19195205479452054794520947,0E-28,0E-28,1307,15695/12,2038,ZBO,0.6278538812785388127853881280,0.4269406392694063926940639270,0.06656727601592960947436459795,0.04792843873146931882154251052
26.19195205479452054794520947,24.96853798088477252139833250,0.2996224557706172702567799900,50.86086757990867579908676198,0.05707762557077625570776255708,0.03881278538812785388127853881,50.80378995433789954337899942,0E-29,0E-29,15695/12,1308,2038,ZBO,0.05707762557077625570776255708,0.03881278538812785388127853881,0.01160555451304184650028147961,0.008355999249390129480202665319
50.80378995433789954337899942,0,0.000,50.80378995433789954337899942,0.6849315068493150684931506850,0.4657534246575342465753424658,50.11885844748858447488584874,0E-28,0E-28,1308,1309,2038,ZBO,0.6849315068493150684931506850,0.4657534246575342465753424658,0.1382502032901732657784449975,0.09954014636892475136048039820
50.11885844748858447488584874,0,0.000,50.11885844748858447488584874,0.6849315068493150684931506850,0.4657534246575342465753424658,49.43392694063926940639269806,0E-28,0E-28,1309,1310,2038,ZBO,0.6849315068493150684931506850,0.4657534246575342465753424658,0.1363736786138737724401075984,0.09818904860198911615687747085
49.43392694063926940639269806,0,0.000,49.43392694063926940639269806,0.6849315068493150684931506850,0.4657534246575342465753424658,48.74899543378995433789954738,0E-28,0E-28,1310,1311,2038,ZBO,0.6849315068493150684931506850,0.4657534246575342465753424658,0.1344971539375742791017701992,0.09683795083505348095327454342
48.74899543378995433789954738,0,0.000,48.74899543378995433789954738,0.6849315068493150684931506850,0.4657534246575342465753424658,48.06406392694063926940639670,0E-28,0E-28,1311,1312,2038,ZBO,0.6849315068493150684931506850,0.4657534246575342465753424658,0.1326206292612747857634328001,0.09548685306811784574967161607
48.06406392694063926940639670,0,0.000,48.06406392694063926940639670,0.6849315068493150684931506850,0.4657534246575342465753424658,47.37913242009132420091324602,0E-28,0E-28,1312,1313,2038,ZBO,0.6849315068493150684931506850,0.4657534246575342465753424658,0.1307441045849752924250954010,0.09413575530118221054606868872
47.37913242009132420091324602,0,0.000,47.37913242009132420091324602,0.6849315068493150684931506850,0.4657534246575342465753424658,46.69420091324200913242009534,0E-28,0E-28,1313,1314,2038,ZBO,0.6849315068493150684931506850,0.4657534246575342465753424658,0.1288675799086757990867580019,0.09278465753424657534246576137
46.69420091324200913242009534,0,0.000,46.69420091324200913242009534,0.6849315068493150684931506850,0.4657534246575342465753424658,46.00926940639269406392694466,0E-28,0E-28,1314,1315,2038,ZBO,0.6849315068493150684931506850,0.4657534246575342465753424658,0.1269910552323763057484206028,0.09143355976731094013886283402
46.00926940639269406392694466,0,0.000,46.00926940639269406392694466,0.6849315068493150684931506850,0.4657534246575342465753424658,45.32433789954337899543379398,0E-28,0E-28,1315,1316,2038,ZBO,0.6849315068493150684931506850,0.4657534246575342465753424658,0.1251145305560768124100832036,0.09008246200037530493525990659
45.32433789954337899543379398,0,0.000,45.32433789954337899543379398,0.6849315068493150684931506850,0.4657534246575342465753424658,44.63940639269406392694064330,0E-28,0E-28,1316,1317,2038,ZBO,0.6849315068493150684931506850,0.4657534246575342465753424658,0.1232380058797773190717458045,0.08873136423343966973165697924
44.63940639269406392694064330,0,0.000,44.63940639269406392694064330,0.6849315068493150684931506850,0.4657534246575342465753424658,43.95447488584474885844749262,0E-28,0E-28,1317,1318,2038,ZBO,0.6849315068493150684931506850,0.4657534246575342465753424658,0.1213614812034778257334084054,0.08738026646650403452805405189
43.95447488584474885844749262,0,0.000,43.95447488584474885844749262,0.6849315068493150684931506850,0.4657534246575342465753424658,43.26954337899543378995434194,0E-28,0E-28,1318,1319,2038,ZBO,0.6849315068493150684931506850,0.4657534246575342465753424658,0.1194849565271783323950710063,0.08602916869956839932445112454
43.26954337899543378995434194,0,0.000,43.26954337899543378995434194,0.6849315068493150684931506850,0.4657534246575342465753424658,42.58461187214611872146119126,0E-28,0E-28,1319,1320,2038,ZBO,0.6849315068493150684931506850,0.4657534246575342465753424658,0.1176084318508788390567336071,0.08467807093263276412084819711
42.58461187214611872146119126,0,0.000,42.58461187214611872146119126,0.6849315068493150684931506850,0.4657534246575342465753424658,41.89968036529680365296804058,0E-28,0E-28,1320,1321,2038,ZBO,0.6849315068493150684931506850,0.4657534246575342465753424658,0.1157319071745793457183962080,0.08332697316569712891724526976
41.89968036529680365296804058,0,0.000,41.89968036529680365296804058,0.6849315068493150684931506850,0.4657534246575342465753424658,41.21474885844748858447488990,0E-28,0E-28,1321,1322,2038,ZBO,0.6849315068493150684931506850,0.4657534246575342465753424658,0.1138553824982798523800588089,0.08197587539876149371364234241
41.21474885844748858447488990,0,0.000,41.21474885844748858447488990,0.6849315068493150684931506850,0.4657534246575342465753424658,40.52981735159817351598173922,0E-28,0E-28,1322,1323,2038,ZBO,0.6849315068493150684931506850,0.4657534246575342465753424658,0.1119788578219803590417214098,0.08062477763182585851003941506
40.52981735159817351598173922,0,0.000,40.52981735159817351598173922,0.6849315068493150684931506850,0.4657534246575342465753424658,39.84488584474885844748858854,0E-28,0E-28,1323,1324,2038,ZBO,0.6849315068493150684931506850,0.4657534246575342465753424658,0.1101023331456808657033840106,0.07927367986489022330643648763
39.84488584474885844748858854,0,0.000,39.84488584474885844748858854,0.6849315068493150684931506850,0.4657534246575342465753424658,39.15995433789954337899543786,0E-28,0E-28,1324,1325,2038,ZBO,0.6849315068493150684931506850,0.4657534246575342465753424658,0.1082258084693813723650466115,0.07792258209795458810283356028
39.15995433789954337899543786,0,0.000,39.15995433789954337899543786,0.6849315068493150684931506850,0.4657534246575342465753424658,38.47502283105022831050228718,0E-28,0E-28,1325,1326,2038,ZBO,0.6849315068493150684931506850,0.4657534246575342465753424658,0.1063492837930818790267092124,0.07657148433101895289923063293
38.47502283105022831050228718,0,0.000,38.47502283105022831050228718,0.6849315068493150684931506850,0.4657534246575342465753424658,37.79009132420091324200913650,0E-28,0E-28,1326,1327,2038,ZBO,0.6849315068493150684931506850,0.4657534246575342465753424658,0.1044727591167823856883718133,0.07522038656408331769562770558
37.79009132420091324200913650,0,0.000,37.79009132420091324200913650,0.6849315068493150684931506850,0.4657534246575342465753424658,37.10515981735159817351598582,0E-28,0E-28,1327,1328,2038,ZBO,0.6849315068493150684931506850,0.4657534246575342465753424658,0.1025962344404828923500344141,0.07386928879714768249202477815
37.10515981735159817351598582,0,0.000,37.10515981735159817351598582,0.6849315068493150684931506850,0.4657534246575342465753424658,36.42022831050228310502283514,0E-28,0E-28,1328,1329,2038,ZBO,0.6849315068493150684931506850,0.4657534246575342465753424658,0.1007197097641833990116970150,0.07251819103021204728842185080
36.42022831050228310502283514,0,0.000,36.42022831050228310502283514,0.6849315068493150684931506850,0.4657534246575342465753424658,35.73529680365296803652968446,0E-28,0E-28,1329,1330,2038,ZBO,0.6849315068493150684931506850,0.4657534246575342465753424658,0.09884318508788390567335961590,0.07116709326327641208481892345
35.73529680365296803652968446,0,0.000,35.73529680365296803652968446,0.6849315068493150684931506850,0.4657534246575342465753424658,35.05036529680365296803653378,0E-28,0E-28,1330,1331,2038,ZBO,0.6849315068493150684931506850,0.4657534246575342465753424658,0.09696666041158441233502221678,0.06981599549634077688121599608
35.05036529680365296803653378,0,0.000,35.05036529680365296803653378,0.6849315068493150684931506850,0.4657534246575342465753424658,34.36543378995433789954338310,0E-28,0E-28,1331,1332,2038,ZBO,0.6849315068493150684931506850,0.4657534246575342465753424658,0.09509013573528491899668481765,0.06846489772940514167761306871
34.36543378995433789954338310,0,0.000,34.36543378995433789954338310,0.6849315068493150684931506850,0.4657534246575342465753424658,33.68050228310502283105023242,0E-28,0E-28,1332,1333,2038,ZBO,0.6849315068493150684931506850,0.4657534246575342465753424658,0.09321361105898542565834741853,0.06711379996246950647401014134
33.68050228310502283105023242,0,0.000,33.68050228310502283105023242,0.6849315068493150684931506850,0.4657534246575342465753424658,32.99557077625570776255708174,0E-28,0E-28,1333,1334,2038,ZBO,0.6849315068493150684931506850,0.4657534246575342465753424658,0.09133708638268593232001001941,0.06576270219553387127040721398
32.99557077625570776255708174,0,0.000,32.99557077625570776255708174,0.6849315068493150684931506850,0.4657534246575342465753424658,32.31063926940639269406393106,0E-28,0E-28,1334,1335,2038,ZBO,0.6849315068493150684931506850,0.4657534246575342465753424658,0.08946056170638643898167262028,0.06441160442859823606680428660
32.31063926940639269406393106,0,0.000,32.31063926940639269406393106,0.6849315068493150684931506850,0.4657534246575342465753424658,31.62570776255707762557078038,0E-28,0E-28,1335,1336,2038,ZBO,0.6849315068493150684931506850,0.4657534246575342465753424658,0.08758403703008694564333522116,0.06306050666166260086320135924
31.62570776255707762557078038,0,0.000,31.62570776255707762557078038,0.6849315068493150684931506850,0.4657534246575342465753424658,30.94077625570776255707762970,0E-28,0E-28,1336,1337,2038,ZBO,0.6849315068493150684931506850,0.4657534246575342465753424658,0.08570751235378745230499782204,0.06170940889472696565959843187
30.94077625570776255707762970,0,0.000,30.94077625570776255707762970,0.6849315068493150684931506850,0.4657534246575342465753424658,30.25584474885844748858447902,0E-28,0E-28,1337,1338,2038,ZBO,0.6849315068493150684931506850,0.4657534246575342465753424658,0.08383098767748795896666042291,0.06035831112779133045599550450
30.25584474885844748858447902,0,0.000,30.25584474885844748858447902,0.2283105022831050228310502283,0.1552511415525114155251141552,30.02753424657534246575342879,0E-28,0E-28,1338,4015/3,2038,ZBO,0.2283105022831050228310502283,0.1552511415525114155251141552,0.02752665707554054335814516338,0.01981919309438919121786451763
30.02753424657534246575342879,24.96853798088477252139833250,0.2996224557706172702567799900,54.69644977168949771689498130,0.4566210045662100456621004568,0.3105022831050228310502283106,54.23982876712328767123288084,0E-28,0E-28,4015/3,1339,2038,ZBO,0.4566210045662100456621004568,0.3105022831050228310502283106,0.09948518588019432455536791062,0.07162933383373991367986489565
54.23982876712328767123288084,0,0.000,54.23982876712328767123288084,0.6849315068493150684931506850,0.4657534246575342465753424658,53.55489726027397260273973016,0E-28,0E-28,1339,1340,2038,ZBO,0.6849315068493150684931506850,0.4657534246575342465753424658,0.1476640082567085757177707000,0.1063180859448301745167949040
53.55489726027397260273973016,0,0.000,53.55489726027397260273973016,0.6849315068493150684931506850,0.4657534246575342465753424658,52.86996575342465753424657948,0E-28,0E-28,1340,1341,2038,ZBO,0.6849315068493150684931506850,0.4657534246575342465753424658,0.1457874835804090823794333008,0.1049669881778945393131919766
52.86996575342465753424657948,0,0.000,52.86996575342465753424657948,0.6849315068493150684931506850,0.4657534246575342465753424658,52.18503424657534246575342880,0E-28,0E-28,1341,1342,2038,ZBO,0.6849315068493150684931506850,0.4657534246575342465753424658,0.1439109589041095890410959018,0.1036158904109589041095890493
52.18503424657534246575342880,0,0.000,52.18503424657534246575342880,0.6849315068493150684931506850,0.4657534246575342465753424658,51.50010273972602739726027812,0E-28,0E-28,1342,1343,2038,ZBO,0.6849315068493150684931506850,0.4657534246575342465753424658,0.1420344342278100957027585026,0.1022647926440232689059861219
51.50010273972602739726027812,0,0.000,51.50010273972602739726027812,0.6849315068493150684931506850,0.4657534246575342465753424658,50.81517123287671232876712744,0E-28,0E-28,1343,1344,2038,ZBO,0.6849315068493150684931506850,0.4657534246575342465753424658,0.1401579095515106023644211036,0.1009136948770876337023831946
50.81517123287671232876712744,0,0.000,50.81517123287671232876712744,0.6849315068493150684931506850,0.4657534246575342465753424658,50.13023972602739726027397676,0E-28,0E-28,1344,1345,2038,ZBO,0.6849315068493150684931506850,0.4657534246575342465753424658,0.1382813848752111090260837044,0.09956259711015199849878026717
50.13023972602739726027397676,0,0.000,50.13023972602739726027397676,0.6849315068493150684931506850,0.4657534246575342465753424658,49.44530821917808219178082608,0E-28,0E-28,1345,1346,2038,ZBO,0.6849315068493150684931506850,0.4657534246575342465753424658,0.1364048601989116156877463053,0.09821149934321636329517733982
49.44530821917808219178082608,0,0.000,49.44530821917808219178082608,0.6849315068493150684931506850,0.4657534246575342465753424658,48.76037671232876712328767540,0E-28,0E-28,1346,1347,2038,ZBO,0.6849315068493150684931506850,0.4657534246575342465753424658,0.1345283355226121223494089062,0.09686040157628072809157441246
48.76037671232876712328767540,0,0.000,48.76037671232876712328767540,0.6849315068493150684931506850,0.4657534246575342465753424658,48.07544520547945205479452472,0E-28,0E-28,1347,1348,2038,ZBO,0.6849315068493150684931506850,0.4657534246575342465753424658,0.1326518108463126290110715070,0.09550930380934509288797148504
48.07544520547945205479452472,0,0.000,48.07544520547945205479452472,0.6849315068493150684931506850,0.4657534246575342465753424658,47.39051369863013698630137404,0E-28,0E-28,1348,1349,2038,ZBO,0.6849315068493150684931506850,0.4657534246575342465753424658,0.1307752861700131356727341079,0.09415820604240945768436855769
47.39051369863013698630137404,0,0.000,47.39051369863013698630137404,0.6849315068493150684931506850,0.4657534246575342465753424658,46.70558219178082191780822336,0E-28,0E-28,1349,1350,2038,ZBO,0.6849315068493150684931506850,0.4657534246575342465753424658,0.1288987614937136423343967088,0.09280710827547382248076563034
46.70558219178082191780822336,0,0.000,46.70558219178082191780822336,0.6849315068493150684931506850,0.4657534246575342465753424658,46.02065068493150684931507268,0E-28,0E-28,1350,1351,2038,ZBO,0.6849315068493150684931506850,0.4657534246575342465753424658,0.1270222368174141489960593097,0.09145601050853818727716270298
46.02065068493150684931507268,0,0.000,46.02065068493150684931507268,0.6849315068493150684931506850,0.4657534246575342465753424658,45.33571917808219178082192200,0E-28,0E-28,1351,1352,2038,ZBO,0.6849315068493150684931506850,0.4657534246575342465753424658,0.1251457121411146556577219105,0.09010491274160255207355977556
45.33571917808219178082192200,0,0.000,45.33571917808219178082192200,0.6849315068493150684931506850,0.4657534246575342465753424658,44.65078767123287671232877132,0E-28,0E-28,1352,1353,2038,ZBO,0.6849315068493150684931506850,0.4657534246575342465753424658,0.1232691874648151623193845114,0.08875381497466691686995684821
44.65078767123287671232877132,0,0.000,44.65078767123287671232877132,0.6849315068493150684931506850,0.4657534246575342465753424658,43.96585616438356164383562064,0E-28,0E-28,1353,1354,2038,ZBO,0.6849315068493150684931506850,0.4657534246575342465753424658,0.1213926627885156689810471123,0.08740271720773128166635392086
43.96585616438356164383562064,0,0.000,43.96585616438356164383562064,0.6849315068493150684931506850,0.4657534246575342465753424658,43.28092465753424657534246996,0E-28,0E-28,1354,1355,2038,ZBO,0.6849315068493150684931506850,0.4657534246575342465753424658,0.1195161381122161756427097132,0.08605161944079564646275099350
43.28092465753424657534246996,0,0.000,43.28092465753424657534246996,0.6849315068493150684931506850,0.4657534246575342465753424658,42.59599315068493150684931928,0E-28,0E-28,1355,1356,2038,ZBO,0.6849315068493150684931506850,0.4657534246575342465753424658,0.1176396134359166823043723140,0.08470052167386001125914806608
42.59599315068493150684931928,0,0.000,42.59599315068493150684931928,0.6849315068493150684931506850,0.4657534246575342465753424658,41.91106164383561643835616860,0E-28,0E-28,1356,1357,2038,ZBO,0.6849315068493150684931506850,0.4657534246575342465753424658,0.1157630887596171889660349149,0.08334942390692437605554513873
41.91106164383561643835616860,0,0.000,41.91106164383561643835616860,0.6849315068493150684931506850,0.4657534246575342465753424658,41.22613013698630136986301792,0E-28,0E-28,1357,1358,2038,ZBO,0.6849315068493150684931506850,0.4657534246575342465753424658,0.1138865640833176956276975158,0.08199832613998874085194221138
41.22613013698630136986301792,0,0.000,41.22613013698630136986301792,0.6849315068493150684931506850,0.4657534246575342465753424658,40.54119863013698630136986724,0E-28,0E-28,1358,1359,2038,ZBO,0.6849315068493150684931506850,0.4657534246575342465753424658,0.1120100394070182022893601167,0.08064722837305310564833928402
40.54119863013698630136986724,0,0.000,40.54119863013698630136986724,0.6849315068493150684931506850,0.4657534246575342465753424658,39.85626712328767123287671656,0E-28,0E-28,1359,1360,2038,ZBO,0.6849315068493150684931506850,0.4657534246575342465753424658,0.1101335147307187089510227175,0.07929613060611747044473635660
39.85626712328767123287671656,0,0.000,39.85626712328767123287671656,0.6849315068493150684931506850,0.4657534246575342465753424658,39.17133561643835616438356588,0E-28,0E-28,1360,1361,2038,ZBO,0.6849315068493150684931506850,0.4657534246575342465753424658,0.1082569900544192156126853184,0.07794503283918183524113342925
39.17133561643835616438356588,0,0.000,39.17133561643835616438356588,0.6849315068493150684931506850,0.4657534246575342465753424658,38.48640410958904109589041520,0E-28,0E-28,1361,1362,2038,ZBO,0.6849315068493150684931506850,0.4657534246575342465753424658,0.1063804653781197222743479193,0.07659393507224620003753050190
38.48640410958904109589041520,0,0.000,38.48640410958904109589041520,0.6849315068493150684931506850,0.4657534246575342465753424658,37.80147260273972602739726452,0E-28,0E-28,1362,1363,2038,ZBO,0.6849315068493150684931506850,0.4657534246575342465753424658,0.1045039407018202289360105202,0.07524283730531056483392757454
37.80147260273972602739726452,0,0.000,37.80147260273972602739726452,0.6849315068493150684931506850,0.4657534246575342465753424658,37.11654109589041095890411384,0E-28,0E-28,1363,1364,2038,ZBO,0.6849315068493150684931506850,0.4657534246575342465753424658,0.1026274160255207355976731211,0.07389173953837492963032464719
37.11654109589041095890411384,0,0.000,37.11654109589041095890411384,0.6849315068493150684931506850,0.4657534246575342465753424658,36.43160958904109589041096316,0E-28,0E-28,1364,1365,2038,ZBO,0.6849315068493150684931506850,0.4657534246575342465753424658,0.1007508913492212422593357219,0.07254064177143929442672171977
36.43160958904109589041096316,0,0.000,36.43160958904109589041096316,0.6849315068493150684931506850,0.4657534246575342465753424658,35.74667808219178082191781248,0E-28,0E-28,1365,1366,2038,ZBO,0.6849315068493150684931506850,0.4657534246575342465753424658,0.09887436667292174892099832280,0.07118954400450365922311879242
35.74667808219178082191781248,0,0.000,35.74667808219178082191781248,0.6849315068493150684931506850,0.4657534246575342465753424658,35.06174657534246575342466180,0E-28,0E-28,1366,1367,2038,ZBO,0.6849315068493150684931506850,0.4657534246575342465753424658,0.09699784199662225558266092368,0.06983844623756802401951586505
35.06174657534246575342466180,0,0.000,35.06174657534246575342466180,0.6849315068493150684931506850,0.4657534246575342465753424658,34.37681506849315068493151112,0E-28,0E-28,1367,1368,2038,ZBO,0.6849315068493150684931506850,0.4657534246575342465753424658,0.09512131732032276224432352456,0.06848734847063238881591293768
34.37681506849315068493151112,0,0.000,34.37681506849315068493151112,0.5136986301369863013698630138,0.3493150684931506849315068494,33.86311643835616438356164811,0E-28,0E-28,1368,5475/4,2038,ZBO,0.5136986301369863013698630138,0.3493150684931506849315068494,0.07010951867142052917995872525,0.05047885344342278100957028218
33.86311643835616438356164811,24.96853798088477252139833250,0.2996224557706172702567799900,58.53203196347031963470320062,0.1712328767123287671232876712,0.1164383561643835616438356164,58.36079908675799086757991295,0E-28,0E-28,5475/4,1369,2038,ZBO,0.1712328767123287671232876712,0.1164383561643835616438356164,0.04003179145555764058297366904,0.02882288984800150121974104171
58.36079908675799086757991295,0,0.000,58.36079908675799086757991295,0.6849315068493150684931506850,0.4657534246575342465753424658,57.67586757990867579908676226,0E-28,0E-28,1369,1370,2038,ZBO,0.6849315068493150684931506850,0.4657534246575342465753424658,0.1589543378995433789954338017,0.1144471232876712328767123372
57.67586757990867579908676226,0,0.000,57.67586757990867579908676226,0.6849315068493150684931506850,0.4657534246575342465753424658,56.99093607305936073059361158,0E-28,0E-28,1370,1371,2038,ZBO,0.6849315068493150684931506850,0.4657534246575342465753424658,0.1570778132232438856570964025,0.1130960255207355976731094098
56.99093607305936073059361158,0,0.000,56.99093607305936073059361158,0.6849315068493150684931506850,0.4657534246575342465753424658,56.30600456621004566210046090,0E-28,0E-28,1371,1372,2038,ZBO,0.6849315068493150684931506850,0.4657534246575342465753424658,0.1552012885469443923187590034,0.1117449277537999624695064824
56.30600456621004566210046090,0,0.000,56.30600456621004566210046090,0.6849315068493150684931506850,0.4657534246575342465753424658,55.62107305936073059360731022,0E-28,0E-28,1372,1373,2038,ZBO,0.6849315068493150684931506850,0.4657534246575342465753424658,0.1533247638706448989804216043,0.1103938299868643272659035551
55.62107305936073059360731022,0,0.000,55.62107305936073059360731022,0.6849315068493150684931506850,0.4657534246575342465753424658,54.93614155251141552511415954,0E-28,0E-28,1373,1374,2038,ZBO,0.6849315068493150684931506850,0.4657534246575342465753424658,0.1514482391943454056420842052,0.1090427322199286920623006277
54.93614155251141552511415954,0,0.000,54.93614155251141552511415954,0.6849315068493150684931506850,0.4657534246575342465753424658,54.25121004566210045662100886,0E-28,0E-28,1374,1375,2038,ZBO,0.6849315068493150684931506850,0.4657534246575342465753424658,0.1495717145180459123037468060,0.1076916344529930568586977003
54.25121004566210045662100886,0,0.000,54.25121004566210045662100886,0.6849315068493150684931506850,0.4657534246575342465753424658,53.56627853881278538812785818,0E-28,0E-28,1375,1376,2038,ZBO,0.6849315068493150684931506850,0.4657534246575342465753424658,0.1476951898417464189654094069,0.1063405366860574216550947730
53.56627853881278538812785818,0,0.000,53.56627853881278538812785818,0.6849315068493150684931506850,0.4657534246575342465753424658,52.88134703196347031963470750,0E-28,0E-28,1376,1377,2038,ZBO,0.6849315068493150684931506850,0.4657534246575342465753424658,0.1458186651654469256270720078,0.1049894389191217864514918456
52.88134703196347031963470750,0,0.000,52.88134703196347031963470750,0.6849315068493150684931506850,0.4657534246575342465753424658,52.19641552511415525114155682,0E-28,0E-28,1377,1378,2038,ZBO,0.6849315068493150684931506850,0.4657534246575342465753424658,0.1439421404891474322887346086,0.1036383411521861512478889182
52.19641552511415525114155682,0,0.000,52.19641552511415525114155682,0.6849315068493150684931506850,0.4657534246575342465753424658,51.51148401826484018264840614,0E-28,0E-28,1378,1379,2038,ZBO,0.6849315068493150684931506850,0.4657534246575342465753424658,0.1420656158128479389503972096,0.1022872433852505160442859909
51.51148401826484018264840614,0,0.000,51.51148401826484018264840614,0.6849315068493150684931506850,0.4657534246575342465753424658,50.82655251141552511415525546,0E-28,0E-28,1379,1380,2038,ZBO,0.6849315068493150684931506850,0.4657534246575342465753424658,0.1401890911365484456120598104,0.1009361456183148808406830635
50.82655251141552511415525546,0,0.000,50.82655251141552511415525546,0.6849315068493150684931506850,0.4657534246575342465753424658,50.14162100456621004566210478,0E-28,0E-28,1380,1381,2038,ZBO,0.6849315068493150684931506850,0.4657534246575342465753424658,0.1383125664602489522737224112,0.09958504785137924563708013606
50.14162100456621004566210478,0,0.000,50.14162100456621004566210478,0.6849315068493150684931506850,0.4657534246575342465753424658,49.45668949771689497716895410,0E-28,0E-28,1381,1382,2038,ZBO,0.6849315068493150684931506850,0.4657534246575342465753424658,0.1364360417839494589353850122,0.09823395008444361043347720878
49.45668949771689497716895410,0,0.000,49.45668949771689497716895410,0.6849315068493150684931506850,0.4657534246575342465753424658,48.77175799086757990867580342,0E-28,0E-28,1382,1383,2038,ZBO,0.6849315068493150684931506850,0.4657534246575342465753424658,0.1345595171076499655970476131,0.09688285231750797522987428143
48.77175799086757990867580342,0,0.000,48.77175799086757990867580342,0.6849315068493150684931506850,0.4657534246575342465753424658,48.08682648401826484018265274,0E-28,0E-28,1383,1384,2038,ZBO,0.6849315068493150684931506850,0.4657534246575342465753424658,0.1326829924313504722587102139,0.09553175455057234002627135401
48.08682648401826484018265274,0,0.000,48.08682648401826484018265274,0.6849315068493150684931506850,0.4657534246575342465753424658,47.40189497716894977168950206,0E-28,0E-28,1384,1385,2038,ZBO,0.6849315068493150684931506850,0.4657534246575342465753424658,0.1308064677550509789203728148,0.09418065678363670482266842666
47.40189497716894977168950206,0,0.000,47.40189497716894977168950206,0.6849315068493150684931506850,0.4657534246575342465753424658,46.71696347031963470319635138,0E-28,0E-28,1385,1386,2038,ZBO,0.6849315068493150684931506850,0.4657534246575342465753424658,0.1289299430787514855820354157,0.09282955901670106961906549930
46.71696347031963470319635138,0,0.000,46.71696347031963470319635138,0.6849315068493150684931506850,0.4657534246575342465753424658,46.03203196347031963470320070,0E-28,0E-28,1386,1387,2038,ZBO,0.6849315068493150684931506850,0.4657534246575342465753424658,0.1270534184024519922436980166,0.09147846124976543441546257195
46.03203196347031963470320070,0,0.000,46.03203196347031963470320070,0.6849315068493150684931506850,0.4657534246575342465753424658,45.34710045662100456621005002,0E-28,0E-28,1387,1388,2038,ZBO,0.6849315068493150684931506850,0.4657534246575342465753424658,0.1251768937261524989053606174,0.09012736348282979921185964453
45.34710045662100456621005002,0,0.000,45.34710045662100456621005002,0.6849315068493150684931506850,0.4657534246575342465753424658,44.66216894977168949771689934,0E-28,0E-28,1388,1389,2038,ZBO,0.6849315068493150684931506850,0.4657534246575342465753424658,0.1233003690498530055670232183,0.08877626571589416400825671718
44.66216894977168949771689934,0,0.000,44.66216894977168949771689934,0.6849315068493150684931506850,0.4657534246575342465753424658,43.97723744292237442922374866,0E-28,0E-28,1389,1390,2038,ZBO,0.6849315068493150684931506850,0.4657534246575342465753424658,0.1214238443735535122286858192,0.08742516794895852880465378982
43.97723744292237442922374866,0,0.000,43.97723744292237442922374866,0.6849315068493150684931506850,0.4657534246575342465753424658,43.29230593607305936073059798,0E-28,0E-28,1390,1391,2038,ZBO,0.6849315068493150684931506850,0.4657534246575342465753424658,0.1195473196972540188903484201,0.08607407018202289360105086247
43.29230593607305936073059798,0,0.000,43.29230593607305936073059798,0.6849315068493150684931506850,0.4657534246575342465753424658,42.60737442922374429223744730,0E-28,0E-28,1391,1392,2038,ZBO,0.6849315068493150684931506850,0.4657534246575342465753424658,0.1176707950209545255520110209,0.08472297241508725839744793505
42.60737442922374429223744730,0,0.000,42.60737442922374429223744730,0.6849315068493150684931506850,0.4657534246575342465753424658,41.92244292237442922374429662,0E-28,0E-28,1392,1393,2038,ZBO,0.6849315068493150684931506850,0.4657534246575342465753424658,0.1157942703446550322136736218,0.08337187464815162319384500770
41.92244292237442922374429662,0,0.000,41.92244292237442922374429662,0.6849315068493150684931506850,0.4657534246575342465753424658,41.23751141552511415525114594,0E-28,0E-28,1393,1394,2038,ZBO,0.6849315068493150684931506850,0.4657534246575342465753424658,0.1139177456683555388753362227,0.08202077688121598799024208034
41.23751141552511415525114594,0,0.000,41.23751141552511415525114594,0.6849315068493150684931506850,0.4657534246575342465753424658,40.55257990867579908675799526,0E-28,0E-28,1394,1395,2038,ZBO,0.6849315068493150684931506850,0.4657534246575342465753424658,0.1120412209920560455369988236,0.08066967911428035278663915299
40.55257990867579908675799526,0,0.000,40.55257990867579908675799526,0.6849315068493150684931506850,0.4657534246575342465753424658,39.86764840182648401826484458,0E-28,0E-28,1395,1396,2038,ZBO,0.6849315068493150684931506850,0.4657534246575342465753424658,0.1101646963157565521986614244,0.07931858134734471758303622557
39.86764840182648401826484458,0,0.000,39.86764840182648401826484458,0.6849315068493150684931506850,0.4657534246575342465753424658,39.18271689497716894977169390,0E-28,0E-28,1396,1397,2038,ZBO,0.6849315068493150684931506850,0.4657534246575342465753424658,0.1082881716394570588603240253,0.07796748358040908237943329822
39.18271689497716894977169390,0,0.000,39.18271689497716894977169390,0.6849315068493150684931506850,0.4657534246575342465753424658,38.49778538812785388127854322,0E-28,0E-28,1397,1398,2038,ZBO,0.6849315068493150684931506850,0.4657534246575342465753424658,0.1064116469631575655219866262,0.07661638581347344717583037086
38.49778538812785388127854322,0,0.000,38.49778538812785388127854322,0.6849315068493150684931506850,0.4657534246575342465753424658,37.81285388127853881278539254,0E-28,0E-28,1398,1399,2038,ZBO,0.6849315068493150684931506850,0.4657534246575342465753424658,0.1045351222868580721836492271,0.07526528804653781197222744351
37.81285388127853881278539254,0,0.000,37.81285388127853881278539254,0.1141552511415525114155251142,0.07762557077625570776255707764,37.69869863013698630136986743,0E-28,0E-29,1399,8395/6,2038,ZBO,0.1141552511415525114155251142,0.07762557077625570776255707764,0.01724008048205833906715873515,0.01241285794708200412835428931
37.69869863013698630136986743,24.96853798088477252139833250,0.2996224557706172702567799900,62.36761415525114155251141994,0.5707762557077625570776255708,0.3881278538812785388127853881,61.79683789954337899543379437,0E-28,0E-28,8395/6,1400,2038,ZBO,0.5707762557077625570776255708,0.3881278538812785388127853881,0.1417402420716832426346406556,0.1020529742916119346969412720
61.79683789954337899543379437,0,0.000,61.79683789954337899543379437,0.6849315068493150684931506850,0.4657534246575342465753424658,61.11190639269406392694064368,0E-28,0E-28,1400,1401,2038,ZBO,0.6849315068493150684931506850,0.4657534246575342465753424658,0.1683681428660786889347595041,0.1212250628635766560330268430
61.11190639269406392694064368,0,0.000,61.11190639269406392694064368,0.6849315068493150684931506850,0.4657534246575342465753424658,60.42697488584474885844749300,0E-28,0E-28,1401,1402,2038,ZBO,0.6849315068493150684931506850,0.4657534246575342465753424658,0.1664916181897791955964221051,0.1198739650966410208294239157
60.42697488584474885844749300,0,0.000,60.42697488584474885844749300,0.6849315068493150684931506850,0.4657534246575342465753424658,59.74204337899543378995434232,0E-28,0E-28,1402,1403,2038,ZBO,0.6849315068493150684931506850,0.4657534246575342465753424658,0.1646150935134797022580847059,0.1185228673297053856258209882
59.74204337899543378995434232,0,0.000,59.74204337899543378995434232,0.6849315068493150684931506850,0.4657534246575342465753424658,59.05711187214611872146119164,0E-28,0E-28,1403,1404,2038,ZBO,0.6849315068493150684931506850,0.4657534246575342465753424658,0.1627385688371802089197473069,0.1171717695627697504222180610
59.05711187214611872146119164,0,0.000,59.05711187214611872146119164,0.6849315068493150684931506850,0.4657534246575342465753424658,58.37218036529680365296804096,0E-28,0E-28,1404,1405,2038,ZBO,0.6849315068493150684931506850,0.4657534246575342465753424658,0.1608620441608807155814099077,0.1158206717958341152186151335
58.37218036529680365296804096,0,0.000,58.37218036529680365296804096,0.6849315068493150684931506850,0.4657534246575342465753424658,57.68724885844748858447489028,0E-28,0E-28,1405,1406,2038,ZBO,0.6849315068493150684931506850,0.4657534246575342465753424658,0.1589855194845812222430725085,0.1144695740288984800150122061
57.68724885844748858447489028,0,0.000,57.68724885844748858447489028,0.6849315068493150684931506850,0.4657534246575342465753424658,57.00231735159817351598173960,0E-28,0E-28,1406,1407,2038,ZBO,0.6849315068493150684931506850,0.4657534246575342465753424658,0.1571089948082817289047351095,0.1131184762619628448114092788
57.00231735159817351598173960,0,0.000,57.00231735159817351598173960,0.6849315068493150684931506850,0.4657534246575342465753424658,56.31738584474885844748858892,0E-28,0E-28,1407,1408,2038,ZBO,0.6849315068493150684931506850,0.4657534246575342465753424658,0.1552324701319822355663977103,0.1117673784950272096078063514
56.31738584474885844748858892,0,0.000,56.31738584474885844748858892,0.6849315068493150684931506850,0.4657534246575342465753424658,55.63245433789954337899543824,0E-28,0E-28,1408,1409,2038,ZBO,0.6849315068493150684931506850,0.4657534246575342465753424658,0.1533559454556827422280603112,0.1104162807280915744042034241
55.63245433789954337899543824,0,0.000,55.63245433789954337899543824,0.6849315068493150684931506850,0.4657534246575342465753424658,54.94752283105022831050228756,0E-28,0E-28,1409,1410,2038,ZBO,0.6849315068493150684931506850,0.4657534246575342465753424658,0.1514794207793832488897229121,0.1090651829611559392006004967
54.94752283105022831050228756,0,0.000,54.94752283105022831050228756,0.6849315068493150684931506850,0.4657534246575342465753424658,54.26259132420091324200913688,0E-28,0E-28,1410,1411,2038,ZBO,0.6849315068493150684931506850,0.4657534246575342465753424658,0.1496028961030837555513855129,0.1077140851942203039969975693
54.26259132420091324200913688,0,0.000,54.26259132420091324200913688,0.6849315068493150684931506850,0.4657534246575342465753424658,53.57765981735159817351598620,0E-28,0E-28,1411,1412,2038,ZBO,0.6849315068493150684931506850,0.4657534246575342465753424658,0.1477263714267842622130481139,0.1063629874272846687933946420
53.57765981735159817351598620,0,0.000,53.57765981735159817351598620,0.6849315068493150684931506850,0.4657534246575342465753424658,52.89272831050228310502283552,0E-28,0E-28,1412,1413,2038,ZBO,0.6849315068493150684931506850,0.4657534246575342465753424658,0.1458498467504847688747107147,0.1050118896603490335897917146
52.89272831050228310502283552,0,0.000,52.89272831050228310502283552,0.6849315068493150684931506850,0.4657534246575342465753424658,52.20779680365296803652968484,0E-28,0E-28,1413,1414,2038,ZBO,0.6849315068493150684931506850,0.4657534246575342465753424658,0.1439733220741852755363733156,0.1036607918934133983861887872
52.20779680365296803652968484,0,0.000,52.20779680365296803652968484,0.6849315068493150684931506850,0.4657534246575342465753424658,51.52286529680365296803653416,0E-28,0E-28,1414,1415,2038,ZBO,0.6849315068493150684931506850,0.4657534246575342465753424658,0.1420967973978857821980359165,0.1023096941264777631825858599
51.52286529680365296803653416,0,0.000,51.52286529680365296803653416,0.6849315068493150684931506850,0.4657534246575342465753424658,50.83793378995433789954338348,0E-28,0E-28,1415,1416,2038,ZBO,0.6849315068493150684931506850,0.4657534246575342465753424658,0.1402202727215862888596985173,0.1009585963595421279789829325
50.83793378995433789954338348,0,0.000,50.83793378995433789954338348,0.6849315068493150684931506850,0.4657534246575342465753424658,50.15300228310502283105023280,0E-28,0E-28,1416,1417,2038,ZBO,0.6849315068493150684931506850,0.4657534246575342465753424658,0.1383437480452867955213611182,0.09960749859260649277538000510
50.15300228310502283105023280,0,0.000,50.15300228310502283105023280,0.6849315068493150684931506850,0.4657534246575342465753424658,49.46807077625570776255708212,0E-28,0E-28,1417,1418,2038,ZBO,0.6849315068493150684931506850,0.4657534246575342465753424658,0.1364672233689873021830237191,0.09825640082567085757177707775
49.46807077625570776255708212,0,0.000,49.46807077625570776255708212,0.6849315068493150684931506850,0.4657534246575342465753424658,48.78313926940639269406393144,0E-28,0E-28,1418,1419,2038,ZBO,0.6849315068493150684931506850,0.4657534246575342465753424658,0.1345906986926878088446863200,0.09690530305873522236817415040
48.78313926940639269406393144,0,0.000,48.78313926940639269406393144,0.6849315068493150684931506850,0.4657534246575342465753424658,48.09820776255707762557078076,0E-28,0E-28,1419,1420,2038,ZBO,0.6849315068493150684931506850,0.4657534246575342465753424658,0.1327141740163883155063489208,0.09555420529179958716457122298
48.09820776255707762557078076,0,0.000,48.09820776255707762557078076,0.6849315068493150684931506850,0.4657534246575342465753424658,47.41327625570776255707763008,0E-28,0E-28,1420,1421,2038,ZBO,0.6849315068493150684931506850,0.4657534246575342465753424658,0.1308376493400888221680115217,0.09420310752486395196096829562
47.41327625570776255707763008,0,0.000,47.41327625570776255707763008,0.6849315068493150684931506850,0.4657534246575342465753424658,46.72834474885844748858447940,0E-28,0E-28,1421,1422,2038,ZBO,0.6849315068493150684931506850,0.4657534246575342465753424658,0.1289611246637893288296741226,0.09285200975792831675736536827
46.72834474885844748858447940,0,0.000,46.72834474885844748858447940,0.6849315068493150684931506850,0.4657534246575342465753424658,46.04341324200913242009132872,0E-28,0E-28,1422,1423,2038,ZBO,0.6849315068493150684931506850,0.4657534246575342465753424658,0.1270845999874898354913367235,0.09150091199099268155376244092
46.04341324200913242009132872,0,0.000,46.04341324200913242009132872,0.6849315068493150684931506850,0.4657534246575342465753424658,45.35848173515981735159817804,0E-28,0E-28,1423,1424,2038,ZBO,0.6849315068493150684931506850,0.4657534246575342465753424658,0.1252080753111903421529993243,0.09014981422405704635015951350
45.35848173515981735159817804,0,0.000,45.35848173515981735159817804,0.6849315068493150684931506850,0.4657534246575342465753424658,44.67355022831050228310502736,0E-28,0E-28,1424,1425,2038,ZBO,0.6849315068493150684931506850,0.4657534246575342465753424658,0.1233315506348908488146619252,0.08879871645712141114655658614
44.67355022831050228310502736,0,0.000,44.67355022831050228310502736,0.6849315068493150684931506850,0.4657534246575342465753424658,43.98861872146118721461187668,0E-28,0E-28,1425,1426,2038,ZBO,0.6849315068493150684931506850,0.4657534246575342465753424658,0.1214550259585913554763245261,0.08744761869018577594295365879
43.98861872146118721461187668,0,0.000,43.98861872146118721461187668,0.6849315068493150684931506850,0.4657534246575342465753424658,43.30368721461187214611872600,0E-28,0E-28,1426,1427,2038,ZBO,0.6849315068493150684931506850,0.4657534246575342465753424658,0.1195785012822918621379871270,0.08609652092325014073935073144
43.30368721461187214611872600,0,0.000,43.30368721461187214611872600,0.6849315068493150684931506850,0.4657534246575342465753424658,42.61875570776255707762557532,0E-28,0E-28,1427,1428,2038,ZBO,0.6849315068493150684931506850,0.4657534246575342465753424658,0.1177019766059923687996497278,0.08474542315631450553574780402
42.61875570776255707762557532,0,0.000,42.61875570776255707762557532,0.6849315068493150684931506850,0.4657534246575342465753424658,41.93382420091324200913242464,0E-28,0E-28,1428,1429,2038,ZBO,0.6849315068493150684931506850,0.4657534246575342465753424658,0.1158254519296928754613123287,0.08339432538937887033214487666
41.93382420091324200913242464,0,0.000,41.93382420091324200913242464,0.3995433789954337899543378995,0.2716894977168949771689497717,41.53428082191780821917808674,0E-28,0E-28,1429,17155/12,2038,ZBO,0.3995433789954337899543378995,0.2716894977168949771689497717,0.06669825743833531410938054562,0.04802274535560142615875399285
41.53428082191780821917808674,24.96853798088477252139833268,0.2996224557706172702567799922,66.20319634703196347031963943,0.2853881278538812785388127855,0.1940639269406392694063926941,65.91780821917808219178082664,0E-28,0E-28,17155/12,1430,2038,ZBO,0.2853881278538812785388127855,0.1940639269406392694063926941,0.07541153228664956944183816561,0.05429630324638768999812347924
65.91780821917808219178082664,0,0.000,65.91780821917808219178082664,0.6849315068493150684931506850,0.4657534246575342465753424658,65.23287671232876712328767596,0E-28,0E-28,1430,1431,2038,ZBO,0.6849315068493150684931506850,0.4657534246575342465753424658,0.1796584725089134922124226063,0.1293541002064177143929442765
65.23287671232876712328767596,0,0.000,65.23287671232876712328767596,0.6849315068493150684931506850,0.4657534246575342465753424658,64.54794520547945205479452528,0E-28,0E-28,1431,1432,2038,ZBO,0.6849315068493150684931506850,0.4657534246575342465753424658,0.1777819478326139988740852071,0.1280030024394820791893413491
64.54794520547945205479452528,0,0.000,64.54794520547945205479452528,0.6849315068493150684931506850,0.4657534246575342465753424658,63.86301369863013698630137460,0E-28,0E-28,1432,1433,2038,ZBO,0.6849315068493150684931506850,0.4657534246575342465753424658,0.1759054231563145055357478081,0.1266519046725464439857384218
63.86301369863013698630137460,0,0.000,63.86301369863013698630137460,0.6849315068493150684931506850,0.4657534246575342465753424658,63.17808219178082191780822392,0E-28,0E-28,1433,1434,2038,ZBO,0.6849315068493150684931506850,0.4657534246575342465753424658,0.1740288984800150121974104089,0.1253008069056108087821354944
63.17808219178082191780822392,0,0.000,63.17808219178082191780822392,0.6849315068493150684931506850,0.4657534246575342465753424658,62.49315068493150684931507324,0E-28,0E-28,1434,1435,2038,ZBO,0.6849315068493150684931506850,0.4657534246575342465753424658,0.1721523738037155188590730099,0.1239497091386751735785325671
62.49315068493150684931507324,0,0.000,62.49315068493150684931507324,0.6849315068493150684931506850,0.4657534246575342465753424658,61.80821917808219178082192256,0E-28,0E-28,1435,1436,2038,ZBO,0.6849315068493150684931506850,0.4657534246575342465753424658,0.1702758491274160255207356107,0.1225986113717395383749296397
61.80821917808219178082192256,0,0.000,61.80821917808219178082192256,0.6849315068493150684931506850,0.4657534246575342465753424658,61.12328767123287671232877188,0E-28,0E-28,1436,1437,2038,ZBO,0.6849315068493150684931506850,0.4657534246575342465753424658,0.1683993244511165321823982115,0.1212475136048039031713267123
61.12328767123287671232877188,0,0.000,61.12328767123287671232877188,0.6849315068493150684931506850,0.4657534246575342465753424658,60.43835616438356164383562120,0E-28,0E-28,1437,1438,2038,ZBO,0.6849315068493150684931506850,0.4657534246575342465753424658,0.1665227997748170388440608125,0.1198964158378682679677237850
60.43835616438356164383562120,0,0.000,60.43835616438356164383562120,0.6849315068493150684931506850,0.4657534246575342465753424658,59.75342465753424657534247052,0E-28,0E-28,1438,1439,2038,ZBO,0.6849315068493150684931506850,0.4657534246575342465753424658,0.1646462750985175455057234133,0.1185453180709326327641208576
59.75342465753424657534247052,0,0.000,59.75342465753424657534247052,0.6849315068493150684931506850,0.4657534246575342465753424658,59.06849315068493150684931984,0E-28,0E-28,1439,1440,2038,ZBO,0.6849315068493150684931506850,0.4657534246575342465753424658,0.1627697504222180521673860143,0.1171942203039969975605179303
59.06849315068493150684931984,0,0.000,59.06849315068493150684931984,0.6849315068493150684931506850,0.4657534246575342465753424658,58.38356164383561643835616916,0E-28,0E-28,1440,1441,2038,ZBO,0.6849315068493150684931506850,0.4657534246575342465753424658,0.1608932257459185588290486151,0.1158431225370613623569150029
58.38356164383561643835616916,0,0.000,58.38356164383561643835616916,0.6849315068493150684931506850,0.4657534246575342465753424658,57.69863013698630136986301848,0E-28,0E-28,1441,1442,2038,ZBO,0.6849315068493150684931506850,0.4657534246575342465753424658,0.1590167010696190654907112159,0.1144920247701257271533120754
57.69863013698630136986301848,0,0.000,57.69863013698630136986301848,0.6849315068493150684931506850,0.4657534246575342465753424658,57.01369863013698630136986780,0E-28,0E-28,1442,1443,2038,ZBO,0.6849315068493150684931506850,0.4657534246575342465753424658,0.1571401763933195721523738169,0.1131409270031900919497091482
57.01369863013698630136986780,0,0.000,57.01369863013698630136986780,0.6849315068493150684931506850,0.4657534246575342465753424658,56.32876712328767123287671712,0E-28,0E-28,1443,1444,2038,ZBO,0.6849315068493150684931506850,0.4657534246575342465753424658,0.1552636517170200788140364177,0.1117898292362544567461062207
56.32876712328767123287671712,0,0.000,56.32876712328767123287671712,0.6849315068493150684931506850,0.4657534246575342465753424658,55.64383561643835616438356644,0E-28,0E-28,1444,1445,2038,ZBO,0.6849315068493150684931506850,0.4657534246575342465753424658,0.1533871270407205854756990186,0.1104387314693188215425032934
55.64383561643835616438356644,0,0.000,55.64383561643835616438356644,0.6849315068493150684931506850,0.4657534246575342465753424658,54.95890410958904109589041576,0E-28,0E-28,1445,1446,2038,ZBO,0.6849315068493150684931506850,0.4657534246575342465753424658,0.1515106023644210921373616195,0.1090876337023831863389003660
54.95890410958904109589041576,0,0.000,54.95890410958904109589041576,0.6849315068493150684931506850,0.4657534246575342465753424658,54.27397260273972602739726508,0E-28,0E-28,1446,1447,2038,ZBO,0.6849315068493150684931506850,0.4657534246575342465753424658,0.1496340776881215987990242203,0.1077365359354475511352974386
54.27397260273972602739726508,0,0.000,54.27397260273972602739726508,0.6849315068493150684931506850,0.4657534246575342465753424658,53.58904109589041095890411440,0E-28,0E-28,1447,1448,2038,ZBO,0.6849315068493150684931506850,0.4657534246575342465753424658,0.1477575530118221054606868212,0.1063854381685119159316945113
53.58904109589041095890411440,0,0.000,53.58904109589041095890411440,0.6849315068493150684931506850,0.4657534246575342465753424658,52.90410958904109589041096372,0E-28,0E-28,1448,1449,2038,ZBO,0.6849315068493150684931506850,0.4657534246575342465753424658,0.1458810283355226121223494221,0.1050343404015762807280915839
52.90410958904109589041096372,0,0.000,52.90410958904109589041096372,0.6849315068493150684931506850,0.4657534246575342465753424658,52.21917808219178082191781304,0E-28,0E-28,1449,1450,2038,ZBO,0.6849315068493150684931506850,0.4657534246575342465753424658,0.1440045036592231187840120230,0.1036832426346406455244886566
52.21917808219178082191781304,0,0.000,52.21917808219178082191781304,0.6849315068493150684931506850,0.4657534246575342465753424658,51.53424657534246575342466236,0E-28,0E-28,1450,1451,2038,ZBO,0.6849315068493150684931506850,0.4657534246575342465753424658,0.1421279789829236254456746238,0.1023321448677050103208857291
51.53424657534246575342466236,0,0.000,51.53424657534246575342466236,0.6849315068493150684931506850,0.4657534246575342465753424658,50.84931506849315068493151168,0E-28,0E-28,1451,1452,2038,ZBO,0.6849315068493150684931506850,0.4657534246575342465753424658,0.1402514543066241321073372247,0.1009810471007693751172828018
50.84931506849315068493151168,0,0.000,50.84931506849315068493151168,0.6849315068493150684931506850,0.4657534246575342465753424658,50.16438356164383561643836100,0E-28,0E-28,1452,1453,2038,ZBO,0.6849315068493150684931506850,0.4657534246575342465753424658,0.1383749296303246387689998256,0.09962994933383373991367987443
50.16438356164383561643836100,0,0.000,50.16438356164383561643836100,0.6849315068493150684931506850,0.4657534246575342465753424658,49.47945205479452054794521032,0E-28,0E-28,1453,1454,2038,ZBO,0.6849315068493150684931506850,0.4657534246575342465753424658,0.1364984049540251454306624265,0.09827885156689810471007694708
49.47945205479452054794521032,0,0.000,49.47945205479452054794521032,0.6849315068493150684931506850,0.4657534246575342465753424658,48.79452054794520547945205964,0E-28,0E-28,1454,1455,2038,ZBO,0.6849315068493150684931506850,0.4657534246575342465753424658,0.1346218802777256520923250274,0.09692775379996246950647401973
48.79452054794520547945205964,0,0.000,48.79452054794520547945205964,0.6849315068493150684931506850,0.4657534246575342465753424658,48.10958904109589041095890896,0E-28,0E-28,1455,1456,2038,ZBO,0.6849315068493150684931506850,0.4657534246575342465753424658,0.1327453556014261587539876282,0.09557665603302683430287109230
48.10958904109589041095890896,0,0.000,48.10958904109589041095890896,0.6849315068493150684931506850,0.4657534246575342465753424658,47.42465753424657534246575828,0E-28,0E-28,1456,1457,2038,ZBO,0.6849315068493150684931506850,0.4657534246575342465753424658,0.1308688309251266654156502291,0.09422555826609119909926816495
47.42465753424657534246575828,0,0.000,47.42465753424657534246575828,0.6849315068493150684931506850,0.4657534246575342465753424658,46.73972602739726027397260760,0E-28,0E-28,1457,1458,2038,ZBO,0.6849315068493150684931506850,0.4657534246575342465753424658,0.1289923062488271720773128300,0.09287446049915556389566523760
46.73972602739726027397260760,0,0.000,46.73972602739726027397260760,0.6849315068493150684931506850,0.4657534246575342465753424658,46.05479452054794520547945692,0E-28,0E-28,1458,1459,2038,ZBO,0.6849315068493150684931506850,0.4657534246575342465753424658,0.1271157815725276787389754309,0.09152336273221992869206231025
46.05479452054794520547945692,0,0.000,46.05479452054794520547945692,0.6849315068493150684931506850,0.4657534246575342465753424658,45.36986301369863013698630624,0E-28,0E-28,1459,1460,2038,ZBO,0.6849315068493150684931506850,0.4657534246575342465753424658,0.1252392568962281854006380317,0.09017226496528429348845938282
45.36986301369863013698630624,27.82765330079677592294751631,0.3339318396095613110753701957,72.86358447488584474885845235,0.8767123287671232876712328768,0.5753424657534246575342465754,71.98687214611872146118721947,0E-28,0E-28,1460,1461,2039,ZBO,0.8767123287671232876712328768,0.5753424657534246575342465754,0.1984252830424720085069118792,0.1428662037905798461249765530
71.98687214611872146118721947,0,0.000,71.98687214611872146118721947,0.8767123287671232876712328768,0.5753424657534246575342465754,71.11015981735159817351598659,0E-28,0E-28,1461,1462,2039,ZBO,0.8767123287671232876712328768,0.5753424657534246575342465754,0.1960233314568086570338400084,0.1411367986489022330643648060
71.11015981735159817351598659,0,0.000,71.11015981735159817351598659,0.8767123287671232876712328768,0.5753424657534246575342465754,70.23344748858447488584475371,0E-28,0E-28,1462,1463,2039,ZBO,0.8767123287671232876712328768,0.5753424657534246575342465754,0.1936213798711453055607681374,0.1394073935072246200037530589
70.23344748858447488584475371,0,0.000,70.23344748858447488584475371,0.8767123287671232876712328768,0.5753424657534246575342465754,69.35673515981735159817352083,0E-28,0E-28,1463,1464,2039,ZBO,0.8767123287671232876712328768,0.5753424657534246575342465754,0.1912194282854819540876962665,0.1376779883655470069431413119
69.35673515981735159817352083,0,0.000,69.35673515981735159817352083,0.8767123287671232876712328768,0.5753424657534246575342465754,68.48002283105022831050228795,0E-28,0E-28,1464,1465,2039,ZBO,0.8767123287671232876712328768,0.5753424657534246575342465754,0.1888174766998186026146243956,0.1359485832238693938825295648
68.48002283105022831050228795,0,0.000,68.48002283105022831050228795,0.8767123287671232876712328768,0.5753424657534246575342465754,67.60331050228310502283105507,0E-28,0E-28,1465,1466,2039,ZBO,0.8767123287671232876712328768,0.5753424657534246575342465754,0.1864155251141552511415525247,0.1342191780821917808219178178
67.60331050228310502283105507,0,0.000,67.60331050228310502283105507,0.8767123287671232876712328768,0.5753424657534246575342465754,66.72659817351598173515982219,0E-28,0E-28,1466,1467,2039,ZBO,0.8767123287671232876712328768,0.5753424657534246575342465754,0.1840135735284918996684806539,0.1324897729405141677613060708
66.72659817351598173515982219,0,0.000,66.72659817351598173515982219,0.8767123287671232876712328768,0.5753424657534246575342465754,65.84988584474885844748858931,0E-28,0E-28,1467,1468,2039,ZBO,0.8767123287671232876712328768,0.5753424657534246575342465754,0.1816116219428285481954087829,0.1307603677988365547006943237
65.84988584474885844748858931,0,0.000,65.84988584474885844748858931,0.8767123287671232876712328768,0.5753424657534246575342465754,64.97317351598173515981735643,0E-28,0E-28,1468,1469,2039,ZBO,0.8767123287671232876712328768,0.5753424657534246575342465754,0.1792096703571651967223369119,0.1290309626571589416400825766
64.97317351598173515981735643,0,0.000,64.97317351598173515981735643,0.8767123287671232876712328768,0.5753424657534246575342465754,64.09646118721461187214612355,0E-28,0E-28,1469,1470,2039,ZBO,0.8767123287671232876712328768,0.5753424657534246575342465754,0.1768077187715018452492650411,0.1273015575154813285794708296
64.09646118721461187214612355,0,0.000,64.09646118721461187214612355,0.8767123287671232876712328768,0.5753424657534246575342465754,63.21974885844748858447489067,0E-28,0E-28,1470,1471,2039,ZBO,0.8767123287671232876712328768,0.5753424657534246575342465754,0.1744057671858384937761931702,0.1255721523738037155188590825
63.21974885844748858447489067,0,0.000,63.21974885844748858447489067,0.8767123287671232876712328768,0.5753424657534246575342465754,62.34303652968036529680365779,0E-28,0E-28,1471,1472,2039,ZBO,0.8767123287671232876712328768,0.5753424657534246575342465754,0.1720038156001751423031212993,0.1238427472321261024582473355
62.34303652968036529680365779,0,0.000,62.34303652968036529680365779,0.8767123287671232876712328768,0.5753424657534246575342465754,61.46632420091324200913242491,0E-28,0E-28,1472,1473,2039,ZBO,0.8767123287671232876712328768,0.5753424657534246575342465754,0.1696018640145117908300494284,0.1221133420904484893976355884
61.46632420091324200913242491,0,0.000,61.46632420091324200913242491,0.8767123287671232876712328768,0.5753424657534246575342465754,60.58961187214611872146119203,0E-28,0E-28,1473,1474,2039,ZBO,0.8767123287671232876712328768,0.5753424657534246575342465754,0.1671999124288484393569775574,0.1203839369487708763370238413
60.58961187214611872146119203,0,0.000,60.58961187214611872146119203,0.8767123287671232876712328768,0.5753424657534246575342465754,59.71289954337899543378995915,0E-28,0E-28,1474,1475,2039,ZBO,0.8767123287671232876712328768,0.5753424657534246575342465754,0.1647979608431850878839056866,0.1186545318070932632764120944
59.71289954337899543378995915,0,0.000,59.71289954337899543378995915,0.8767123287671232876712328768,0.5753424657534246575342465754,58.83618721461187214611872627,0E-28,0E-28,1475,1476,2039,ZBO,0.8767123287671232876712328768,0.5753424657534246575342465754,0.1623960092575217364108338156,0.1169251266654156502158003472
58.83618721461187214611872627,0,0.000,58.83618721461187214611872627,0.8767123287671232876712328768,0.5753424657534246575342465754,57.95947488584474885844749339,0E-28,0E-28,1476,1477,2039,ZBO,0.8767123287671232876712328768,0.5753424657534246575342465754,0.1599940576718583849377619448,0.1151957215237380371551886003
57.95947488584474885844749339,0,0.000,57.95947488584474885844749339,0.8767123287671232876712328768,0.5753424657534246575342465754,57.08276255707762557077626051,0E-28,0E-28,1477,1478,2039,ZBO,0.8767123287671232876712328768,0.5753424657534246575342465754,0.1575921060861950334646900739,0.1134663163820604240945768532
57.08276255707762557077626051,0,0.000,57.08276255707762557077626051,0.8767123287671232876712328768,0.5753424657534246575342465754,56.20605022831050228310502763,0E-28,0E-28,1478,1479,2039,ZBO,0.8767123287671232876712328768,0.5753424657534246575342465754,0.1551901545005316819916182029,0.1117369112403828110339651061
56.20605022831050228310502763,0,0.000,56.20605022831050228310502763,0.8767123287671232876712328768,0.5753424657534246575342465754,55.32933789954337899543379475,0E-28,0E-28,1479,1480,2039,ZBO,0.8767123287671232876712328768,0.5753424657534246575342465754,0.1527882029148683305185463321,0.1100075060987051979733533591
55.32933789954337899543379475,0,0.000,55.32933789954337899543379475,0.8767123287671232876712328768,0.5753424657534246575342465754,54.45262557077625570776256187,0E-28,0E-28,1480,1481,2039,ZBO,0.8767123287671232876712328768,0.5753424657534246575342465754,0.1503862513292049790454744611,0.1082781009570275849127416120
54.45262557077625570776256187,0,0.000,54.45262557077625570776256187,0.8767123287671232876712328768,0.5753424657534246575342465754,53.57591324200913242009132899,0E-28,0E-28,1481,1482,2039,ZBO,0.8767123287671232876712328768,0.5753424657534246575342465754,0.1479842997435416275724025903,0.1065486958153499718521298650
53.57591324200913242009132899,0,0.000,53.57591324200913242009132899,0.8767123287671232876712328768,0.5753424657534246575342465754,52.69920091324200913242009611,0E-28,0E-28,1482,1483,2039,ZBO,0.8767123287671232876712328768,0.5753424657534246575342465754,0.1455823481578782760993307193,0.1048192906736723587915181179
52.69920091324200913242009611,0,0.000,52.69920091324200913242009611,0.8767123287671232876712328768,0.5753424657534246575342465754,51.82248858447488584474886323,0E-28,0E-28,1483,1484,2039,ZBO,0.8767123287671232876712328768,0.5753424657534246575342465754,0.1431803965722149246262588484,0.1030898855319947457309063708
51.82248858447488584474886323,0,0.000,51.82248858447488584474886323,0.8767123287671232876712328768,0.5753424657534246575342465754,50.94577625570776255707763035,0E-28,0E-28,1484,1485,2039,ZBO,0.8767123287671232876712328768,0.5753424657534246575342465754,0.1407784449865515731531869775,0.1013604803903171326702946238
50.94577625570776255707763035,0,0.000,50.94577625570776255707763035,0.8767123287671232876712328768,0.5753424657534246575342465754,50.06906392694063926940639747,0E-28,0E-28,1485,1486,2039,ZBO,0.8767123287671232876712328768,0.5753424657534246575342465754,0.1383764934008882216801151066,0.09963107524863951960968287675
50.06906392694063926940639747,0,0.000,50.06906392694063926940639747,0.8767123287671232876712328768,0.5753424657534246575342465754,49.19235159817351598173516459,0E-28,0E-28,1486,1487,2039,ZBO,0.8767123287671232876712328768,0.5753424657534246575342465754,0.1359745418152248702070432357,0.09790167010696190654907112970
49.19235159817351598173516459,0,0.000,49.19235159817351598173516459,0.8767123287671232876712328768,0.5753424657534246575342465754,48.31563926940639269406393171,0E-28,0E-28,1487,1488,2039,ZBO,0.8767123287671232876712328768,0.5753424657534246575342465754,0.1335725902295615187339713648,0.09617226496528429348845938266
48.31563926940639269406393171,0,0.000,48.31563926940639269406393171,0.8767123287671232876712328768,0.5753424657534246575342465754,47.43892694063926940639269883,0E-28,0E-28,1488,1489,2039,ZBO,0.8767123287671232876712328768,0.5753424657534246575342465754,0.1311706386438981672608994939,0.09444285982360668042784763561
47.43892694063926940639269883,0,0.000,47.43892694063926940639269883,0.8767123287671232876712328768,0.5753424657534246575342465754,46.56221461187214611872146595,0E-28,0E-28,1489,1490,2039,ZBO,0.8767123287671232876712328768,0.5753424657534246575342465754,0.1287686870582348157878276230,0.09271345468192906736723588856
46.56221461187214611872146595,0,0.000,46.56221461187214611872146595,0.3652968036529680365296803654,0.2397260273972602739726027398,46.19691780821917808219178558,0E-28,0E-28,1490,17885/12,2039,ZBO,0.3652968036529680365296803654,0.2397260273972602739726027398,0.05294471028544025353933404769,0.03812019140551698254832051434
46.19691780821917808219178558,27.82765330079677592294751631,0.3339318396095613110753701957,73.69063926940639269406393169,0.5114155251141552511415525114,0.3356164383561643835616438356,73.17922374429223744292237918,0E-28,0E-28,17885/12,1491,2039,ZBO,0.5114155251141552511415525114,0.3356164383561643835616438356,0.1173617626821792706574091525,0.08450046913116907487333458980
73.17922374429223744292237918,0,0.000,73.17922374429223744292237918,0.8767123287671232876712328768,0.5753424657534246575342465754,72.30251141552511415525114630,0E-28,0E-28,1491,1492,2039,ZBO,0.8767123287671232876712328768,0.5753424657534246575342465754,0.1992900481641333583536623637,0.1434888346781760180146369019
72.30251141552511415525114630,0,0.000,72.30251141552511415525114630,0.8767123287671232876712328768,0.5753424657534246575342465754,71.42579908675799086757991342,0E-28,0E-28,1492,1493,2039,ZBO,0.8767123287671232876712328768,0.5753424657534246575342465754,0.1968880965784700068805904928,0.1417594295364984049540251548
71.42579908675799086757991342,0,0.000,71.42579908675799086757991342,0.8767123287671232876712328768,0.5753424657534246575342465754,70.54908675799086757990868054,0E-28,0E-28,1493,1494,2039,ZBO,0.8767123287671232876712328768,0.5753424657534246575342465754,0.1944861449928066554075186219,0.1400300243948207918934134078
70.54908675799086757990868054,0,0.000,70.54908675799086757990868054,0.8767123287671232876712328768,0.5753424657534246575342465754,69.67237442922374429223744766,0E-28,0E-28,1494,1495,2039,ZBO,0.8767123287671232876712328768,0.5753424657534246575342465754,0.1920841934071433039344467510,0.1383006192531431788328016607
69.67237442922374429223744766,0,0.000,69.67237442922374429223744766,0.8767123287671232876712328768,0.5753424657534246575342465754,68.79566210045662100456621478,0E-28,0E-28,1495,1496,2039,ZBO,0.8767123287671232876712328768,0.5753424657534246575342465754,0.1896822418214799524613748800,0.1365712141114655657721899136
68.79566210045662100456621478,0,0.000,68.79566210045662100456621478,0.8767123287671232876712328768,0.5753424657534246575342465754,67.91894977168949771689498190,0E-28,0E-28,1496,1497,2039,ZBO,0.8767123287671232876712328768,0.5753424657534246575342465754,0.1872802902358166009883030092,0.1348418089697879527115781666
67.91894977168949771689498190,0,0.000,67.91894977168949771689498190,0.8767123287671232876712328768,0.5753424657534246575342465754,67.04223744292237442922374902,0E-28,0E-28,1497,1498,2039,ZBO,0.8767123287671232876712328768,0.5753424657534246575342465754,0.1848783386501532495152311382,0.1331124038281103396509664195
67.04223744292237442922374902,0,0.000,67.04223744292237442922374902,0.8767123287671232876712328768,0.5753424657534246575342465754,66.16552511415525114155251614,0E-28,0E-28,1498,1499,2039,ZBO,0.8767123287671232876712328768,0.5753424657534246575342465754,0.1824763870644898980421592674,0.1313829986864327265903546725
66.16552511415525114155251614,0,0.000,66.16552511415525114155251614,0.8767123287671232876712328768,0.5753424657534246575342465754,65.28881278538812785388128326,0E-28,0E-28,1499,1500,2039,ZBO,0.8767123287671232876712328768,0.5753424657534246575342465754,0.1800744354788265465690873965,0.1296535935447551135297429255
65.28881278538812785388128326,0,0.000,65.28881278538812785388128326,0.8767123287671232876712328768,0.5753424657534246575342465754,64.41210045662100456621005038,0E-28,0E-28,1500,1501,2039,ZBO,0.8767123287671232876712328768,0.5753424657534246575342465754,0.1776724838931631950960155255,0.1279241884030775004691311784
64.41210045662100456621005038,0,0.000,64.41210045662100456621005038,0.8767123287671232876712328768,0.5753424657534246575342465754,63.53538812785388127853881750,0E-28,0E-28,1501,1502,2039,ZBO,0.8767123287671232876712328768,0.5753424657534246575342465754,0.1752705323074998436229436547,0.1261947832613998874085194314
63.53538812785388127853881750,0,0.000,63.53538812785388127853881750,0.8767123287671232876712328768,0.5753424657534246575342465754,62.65867579908675799086758462,0E-28,0E-28,1502,1503,2039,ZBO,0.8767123287671232876712328768,0.5753424657534246575342465754,0.1728685807218364921498717837,0.1244653781197222743479076843
62.65867579908675799086758462,0,0.000,62.65867579908675799086758462,0.8767123287671232876712328768,0.5753424657534246575342465754,61.78196347031963470319635174,0E-28,0E-28,1503,1504,2039,ZBO,0.8767123287671232876712328768,0.5753424657534246575342465754,0.1704666291361731406767999129,0.1227359729780446612872959373
61.78196347031963470319635174,0,0.000,61.78196347031963470319635174,0.8767123287671232876712328768,0.5753424657534246575342465754,60.90525114155251141552511886,0E-28,0E-28,1504,1505,2039,ZBO,0.8767123287671232876712328768,0.5753424657534246575342465754,0.1680646775505097892037280419,0.1210065678363670482266841902
60.90525114155251141552511886,0,0.000,60.90525114155251141552511886,0.8767123287671232876712328768,0.5753424657534246575342465754,60.02853881278538812785388598,0E-28,0E-28,1505,1506,2039,ZBO,0.8767123287671232876712328768,0.5753424657534246575342465754,0.1656627259648464377306561710,0.1192771626946894351660724431
60.02853881278538812785388598,0,0.000,60.02853881278538812785388598,0.8767123287671232876712328768,0.5753424657534246575342465754,59.15182648401826484018265310,0E-28,0E-28,1506,1507,2039,ZBO,0.8767123287671232876712328768,0.5753424657534246575342465754,0.1632607743791830862575843002,0.1175477575530118221054606961
59.15182648401826484018265310,0,0.000,59.15182648401826484018265310,0.8767123287671232876712328768,0.5753424657534246575342465754,58.27511415525114155251142022,0E-28,0E-28,1507,1508,2039,ZBO,0.8767123287671232876712328768,0.5753424657534246575342465754,0.1608588227935197347845124292,0.1158183524113342090448489490
58.27511415525114155251142022,0,0.000,58.27511415525114155251142022,0.8767123287671232876712328768,0.5753424657534246575342465754,57.39840182648401826484018734,0E-28,0E-28,1508,1509,2039,ZBO,0.8767123287671232876712328768,0.5753424657534246575342465754,0.1584568712078563833114405584,0.1140889472696565959842372020
57.39840182648401826484018734,0,0.000,57.39840182648401826484018734,0.8767123287671232876712328768,0.5753424657534246575342465754,56.52168949771689497716895446,0E-28,0E-28,1509,1510,2039,ZBO,0.8767123287671232876712328768,0.5753424657534246575342465754,0.1560549196221930318383686874,0.1123595421279789829236254549
56.52168949771689497716895446,0,0.000,56.52168949771689497716895446,0.8767123287671232876712328768,0.5753424657534246575342465754,55.64497716894977168949772158,0E-28,0E-28,1510,1511,2039,ZBO,0.8767123287671232876712328768,0.5753424657534246575342465754,0.1536529680365296803652968165,0.1106301369863013698630137079
55.64497716894977168949772158,0,0.000,55.64497716894977168949772158,0.8767123287671232876712328768,0.5753424657534246575342465754,54.76826484018264840182648870,0E-28,0E-28,1511,1512,2039,ZBO,0.8767123287671232876712328768,0.5753424657534246575342465754,0.1512510164508663288922249456,0.1089007318446237568024019608
54.76826484018264840182648870,0,0.000,54.76826484018264840182648870,0.8767123287671232876712328768,0.5753424657534246575342465754,53.89155251141552511415525582,0E-28,0E-28,1512,1513,2039,ZBO,0.8767123287671232876712328768,0.5753424657534246575342465754,0.1488490648652029774191530747,0.1071713267029461437417902138
53.89155251141552511415525582,0,0.000,53.89155251141552511415525582,0.8767123287671232876712328768,0.5753424657534246575342465754,53.01484018264840182648402294,0E-28,0E-28,1513,1514,2039,ZBO,0.8767123287671232876712328768,0.5753424657534246575342465754,0.1464471132795396259460812039,0.1054419215612685306811784668
53.01484018264840182648402294,0,0.000,53.01484018264840182648402294,0.8767123287671232876712328768,0.5753424657534246575342465754,52.13812785388127853881279006,0E-28,0E-28,1514,1515,2039,ZBO,0.8767123287671232876712328768,0.5753424657534246575342465754,0.1440451616938762744730093329,0.1037125164195909176205667197
52.13812785388127853881279006,0,0.000,52.13812785388127853881279006,0.8767123287671232876712328768,0.5753424657534246575342465754,51.26141552511415525114155718,0E-28,0E-28,1515,1516,2039,ZBO,0.8767123287671232876712328768,0.5753424657534246575342465754,0.1416432101082129229999374619,0.1019831112779133045599549726
51.26141552511415525114155718,0,0.000,51.26141552511415525114155718,0.8767123287671232876712328768,0.5753424657534246575342465754,50.38470319634703196347032430,0E-28,0E-28,1516,1517,2039,ZBO,0.8767123287671232876712328768,0.5753424657534246575342465754,0.1392412585225495715268655911,0.1002537061362356914993432256
50.38470319634703196347032430,0,0.000,50.38470319634703196347032430,0.8767123287671232876712328768,0.5753424657534246575342465754,49.50799086757990867579909142,0E-28,0E-28,1517,1518,2039,ZBO,0.8767123287671232876712328768,0.5753424657534246575342465754,0.1368393069368862200537937202,0.09852430099455807843873147854
49.50799086757990867579909142,0,0.000,49.50799086757990867579909142,0.8767123287671232876712328768,0.5753424657534246575342465754,48.63127853881278538812785854,0E-28,0E-28,1518,1519,2039,ZBO,0.8767123287671232876712328768,0.5753424657534246575342465754,0.1344373553512228685807218493,0.09679489585288046537811973150
48.63127853881278538812785854,0,0.000,48.63127853881278538812785854,0.8767123287671232876712328768,0.5753424657534246575342465754,47.75456621004566210045662566,0E-28,0E-28,1519,1520,2039,ZBO,0.8767123287671232876712328768,0.5753424657534246575342465754,0.1320354037655595171076499784,0.09506549071120285231750798445
47.75456621004566210045662566,0,0.000,47.75456621004566210045662566,0.7305936073059360730593607306,0.4794520547945205479452054794,47.02397260273972602739726493,0E-28,0E-28,1520,9125/6,2039,ZBO,0.7305936073059360730593607306,0.4794520547945205479452054794,0.1081946790100289818811117473,0.07790016888722086695440045806
47.02397260273972602739726493,27.82765330079677592294751631,0.3339318396095613110753701957,74.51769406392694063926941104,0.1461187214611872146118721461,0.09589041095890410958904109591,74.37157534246575342465753889,0E-28,0E-29,9125/6,1521,2039,ZBO,0.1461187214611872146118721461,0.09589041095890410958904109591,0.03399298388273805800546277396,0.02447494839557140176393319725
74.37157534246575342465753889,0,0.000,74.37157534246575342465753889,0.8767123287671232876712328768,0.5753424657534246575342465754,73.49486301369863013698630601,0E-28,0E-28,1521,1522,2039,ZBO,0.8767123287671232876712328768,0.5753424657534246575342465754,0.2025567648714580596734847191,0.1458408707074498029649089978
73.49486301369863013698630601,0,0.000,73.49486301369863013698630601,0.8767123287671232876712328768,0.5753424657534246575342465754,72.61815068493150684931507313,0E-28,0E-28,1522,1523,2039,ZBO,0.8767123287671232876712328768,0.5753424657534246575342465754,0.2001548132857947082004128481,0.1441114655657721899042972506
72.61815068493150684931507313,0,0.000,72.61815068493150684931507313,0.8767123287671232876712328768,0.5753424657534246575342465754,71.74143835616438356164384025,0E-28,0E-28,1523,1524,2039,ZBO,0.8767123287671232876712328768,0.5753424657534246575342465754,0.1977528617001313567273409773,0.1423820604240945768436855037
71.74143835616438356164384025,0,0.000,71.74143835616438356164384025,0.8767123287671232876712328768,0.5753424657534246575342465754,70.86472602739726027397260737,0E-28,0E-28,1524,1525,2039,ZBO,0.8767123287671232876712328768,0.5753424657534246575342465754,0.1953509101144680052542691063,0.1406526552824169637830737565
70.86472602739726027397260737,0,0.000,70.86472602739726027397260737,0.8767123287671232876712328768,0.5753424657534246575342465754,69.98801369863013698630137449,0E-28,0E-28,1525,1526,2039,ZBO,0.8767123287671232876712328768,0.5753424657534246575342465754,0.1929489585288046537811972355,0.1389232501407393507224620096
69.98801369863013698630137449,0,0.000,69.98801369863013698630137449,0.8767123287671232876712328768,0.5753424657534246575342465754,69.11130136986301369863014161,0E-28,0E-28,1526,1527,2039,ZBO,0.8767123287671232876712328768,0.5753424657534246575342465754,0.1905470069431413023081253645,0.1371938449990617376618502624
69.11130136986301369863014161,0,0.000,69.11130136986301369863014161,0.8767123287671232876712328768,0.5753424657534246575342465754,68.23458904109589041095890873,0E-28,0E-28,1527,1528,2039,ZBO,0.8767123287671232876712328768,0.5753424657534246575342465754,0.1881450553574779508350534936,0.1354644398573841246012385154
68.23458904109589041095890873,0,0.000,68.23458904109589041095890873,0.8767123287671232876712328768,0.5753424657534246575342465754,67.35787671232876712328767585,0E-28,0E-28,1528,1529,2039,ZBO,0.8767123287671232876712328768,0.5753424657534246575342465754,0.1857431037718145993619816228,0.1337350347157065115406267684
67.35787671232876712328767585,0,0.000,67.35787671232876712328767585,0.8767123287671232876712328768,0.5753424657534246575342465754,66.48116438356164383561644297,0E-28,0E-28,1529,1530,2039,ZBO,0.8767123287671232876712328768,0.5753424657534246575342465754,0.1833411521861512478889097518,0.1320056295740288984800150213
66.48116438356164383561644297,0,0.000,66.48116438356164383561644297,0.8767123287671232876712328768,0.5753424657534246575342465754,65.60445205479452054794521009,0E-28,0E-28,1530,1531,2039,ZBO,0.8767123287671232876712328768,0.5753424657534246575342465754,0.1809392006004878964158378810,0.1302762244323512854194032743
65.60445205479452054794521009,0,0.000,65.60445205479452054794521009,0.8767123287671232876712328768,0.5753424657534246575342465754,64.72773972602739726027397721,0E-28,0E-28,1531,1532,2039,ZBO,0.8767123287671232876712328768,0.5753424657534246575342465754,0.1785372490148245449427660100,0.1285468192906736723587915272
64.72773972602739726027397721,0,0.000,64.72773972602739726027397721,0.8767123287671232876712328768,0.5753424657534246575342465754,63.85102739726027397260274433,0E-28,0E-28,1532,1533,2039,ZBO,0.8767123287671232876712328768,0.5753424657534246575342465754,0.1761352974291611934696941391,0.1268174141489960592981797802
63.85102739726027397260274433,0,0.000,63.85102739726027397260274433,0.8767123287671232876712328768,0.5753424657534246575342465754,62.97431506849315068493151145,0E-28,0E-28,1533,1534,2039,ZBO,0.8767123287671232876712328768,0.5753424657534246575342465754,0.1737333458434978419966222682,0.1250880090073184462375680331
62.97431506849315068493151145,0,0.000,62.97431506849315068493151145,0.8767123287671232876712328768,0.5753424657534246575342465754,62.09760273972602739726027857,0E-28,0E-28,1534,1535,2039,ZBO,0.8767123287671232876712328768,0.5753424657534246575342465754,0.1713313942578344905235503973,0.1233586038656408331769562861
62.09760273972602739726027857,0,0.000,62.09760273972602739726027857,0.8767123287671232876712328768,0.5753424657534246575342465754,61.22089041095890410958904569,0E-28,0E-28,1535,1536,2039,ZBO,0.8767123287671232876712328768,0.5753424657534246575342465754,0.1689294426721711390504785265,0.1216291987239632201163445391
61.22089041095890410958904569,0,0.000,61.22089041095890410958904569,0.8767123287671232876712328768,0.5753424657534246575342465754,60.34417808219178082191781281,0E-28,0E-28,1536,1537,2039,ZBO,0.8767123287671232876712328768,0.5753424657534246575342465754,0.1665274910865077875774066555,0.1198997935822856070557327920
60.34417808219178082191781281,0,0.000,60.34417808219178082191781281,0.8767123287671232876712328768,0.5753424657534246575342465754,59.46746575342465753424657993,0E-28,0E-28,1537,1538,2039,ZBO,0.8767123287671232876712328768,0.5753424657534246575342465754,0.1641255395008444361043347845,0.1181703884406079939951210448
59.46746575342465753424657993,0,0.000,59.46746575342465753424657993,0.8767123287671232876712328768,0.5753424657534246575342465754,58.59075342465753424657534705,0E-28,0E-28,1538,1539,2039,ZBO,0.8767123287671232876712328768,0.5753424657534246575342465754,0.1617235879151810846312629137,0.1164409832989303809345092979
58.59075342465753424657534705,0,0.000,58.59075342465753424657534705,0.8767123287671232876712328768,0.5753424657534246575342465754,57.71404109589041095890411417,0E-28,0E-28,1539,1540,2039,ZBO,0.8767123287671232876712328768,0.5753424657534246575342465754,0.1593216363295177331581910428,0.1147115781572527678738975508
57.71404109589041095890411417,0,0.000,57.71404109589041095890411417,0.8767123287671232876712328768,0.5753424657534246575342465754,56.83732876712328767123288129,0E-28,0E-28,1540,1541,2039,ZBO,0.8767123287671232876712328768,0.5753424657534246575342465754,0.1569196847438543816851191719,0.1129821730155751548132858038
56.83732876712328767123288129,0,0.000,56.83732876712328767123288129,0.8767123287671232876712328768,0.5753424657534246575342465754,55.96061643835616438356164841,0E-28,0E-28,1541,1542,2039,ZBO,0.8767123287671232876712328768,0.5753424657534246575342465754,0.1545177331581910302120473010,0.1112527678738975417526740567
55.96061643835616438356164841,0,0.000,55.96061643835616438356164841,0.8767123287671232876712328768,0.5753424657534246575342465754,55.08390410958904109589041553,0E-28,0E-28,1542,1543,2039,ZBO,0.8767123287671232876712328768,0.5753424657534246575342465754,0.1521157815725276787389754300,0.1095233627322199286920623096
55.08390410958904109589041553,0,0.000,55.08390410958904109589041553,0.8767123287671232876712328768,0.5753424657534246575342465754,54.20719178082191780821918265,0E-28,0E-28,1543,1544,2039,ZBO,0.8767123287671232876712328768,0.5753424657534246575342465754,0.1497138299868643272659035592,0.1077939575905423156314505626
54.20719178082191780821918265,0,0.000,54.20719178082191780821918265,0.8767123287671232876712328768,0.5753424657534246575342465754,53.33047945205479452054794977,0E-28,0E-28,1544,1545,2039,ZBO,0.8767123287671232876712328768,0.5753424657534246575342465754,0.1473118784012009757928316882,0.1060645524488647025708388155
53.33047945205479452054794977,0,0.000,53.33047945205479452054794977,0.8767123287671232876712328768,0.5753424657534246575342465754,52.45376712328767123287671689,0E-28,0E-28,1545,1546,2039,ZBO,0.8767123287671232876712328768,0.5753424657534246575342465754,0.1449099268155376243197598174,0.1043351473071870895102270685
52.45376712328767123287671689,0,0.000,52.45376712328767123287671689,0.8767123287671232876712328768,0.5753424657534246575342465754,51.57705479452054794520548401,0E-28,0E-28,1546,1547,2039,ZBO,0.8767123287671232876712328768,0.5753424657534246575342465754,0.1425079752298742728466879465,0.1026057421655094764496153215
51.57705479452054794520548401,0,0.000,51.57705479452054794520548401,0.8767123287671232876712328768,0.5753424657534246575342465754,50.70034246575342465753425113,0E-28,0E-28,1547,1548,2039,ZBO,0.8767123287671232876712328768,0.5753424657534246575342465754,0.1401060236442109213736160755,0.1008763370238318633890035744
50.70034246575342465753425113,0,0.000,50.70034246575342465753425113,0.8767123287671232876712328768,0.5753424657534246575342465754,49.82363013698630136986301825,0E-28,0E-28,1548,1549,2039,ZBO,0.8767123287671232876712328768,0.5753424657534246575342465754,0.1377040720585475699005442047,0.09914693188215425032839182738
49.82363013698630136986301825,0,0.000,49.82363013698630136986301825,0.8767123287671232876712328768,0.5753424657534246575342465754,48.94691780821917808219178537,0E-28,0E-28,1549,1550,2039,ZBO,0.8767123287671232876712328768,0.5753424657534246575342465754,0.1353021204728842184274723337,0.09741752674047663726778008026
48.94691780821917808219178537,0,0.000,48.94691780821917808219178537,0.8767123287671232876712328768,0.5753424657534246575342465754,48.07020547945205479452055249,0E-28,0E-28,1550,1551,2039,ZBO,0.8767123287671232876712328768,0.5753424657534246575342465754,0.1329001688872208669544004628,0.09568812159879902420716833322
48.07020547945205479452055249,0,0.000,48.07020547945205479452055249,0.2191780821917808219178082192,0.1438356164383561643835616438,47.85102739726027397260274427,0E-28,0E-28,1551,6205/4,2039,ZBO,0.2191780821917808219178082192,0.1438356164383561643835616438,0.03284973728654531807093263588,0.02365181084631262901107149783
47.85102739726027397260274427,27.82765330079677592294751631,0.3339318396095613110753701957,75.34474885844748858447489038,0.6575342465753424657534246576,0.4315068493150684931506849316,74.68721461187214611872146572,0E-28,0E-28,6205/4,1552,2039,ZBO,0.6575342465753424657534246576,0.4315068493150684931506849316,0.1541424282229311315443798179,0.1109825483205104147119534689
74.68721461187214611872146572,0,0.000,74.68721461187214611872146572,0.8767123287671232876712328768,0.5753424657534246575342465754,73.81050228310502283105023284,0E-28,0E-28,1552,1553,2039,ZBO,0.8767123287671232876712328768,0.5753424657534246575342465754,0.2034215299931194095202352036,0.1464635015950459748545693466
73.81050228310502283105023284,0,0.000,73.81050228310502283105023284,0.8767123287671232876712328768,0.5753424657534246575342465754,72.93378995433789954337899996,0E-28,0E-28,1553,1554,2039,ZBO,0.8767123287671232876712328768,0.5753424657534246575342465754,0.2010195784074560580471633326,0.1447340964533683617939575995
72.93378995433789954337899996,0,0.000,72.93378995433789954337899996,0.8767123287671232876712328768,0.5753424657534246575342465754,72.05707762557077625570776708,0E-28,0E-28,1554,1555,2039,ZBO,0.8767123287671232876712328768,0.5753424657534246575342465754,0.1986176268217927065740914617,0.1430046913116907487333458524
72.05707762557077625570776708,0,0.000,72.05707762557077625570776708,0.8767123287671232876712328768,0.5753424657534246575342465754,71.18036529680365296803653420,0E-28,0E-28,1555,1556,2039,ZBO,0.8767123287671232876712328768,0.5753424657534246575342465754,0.1962156752361293551010195908,0.1412752861700131356727341054
71.18036529680365296803653420,0,0.000,71.18036529680365296803653420,0.8767123287671232876712328768,0.5753424657534246575342465754,70.30365296803652968036530132,0E-28,0E-28,1556,1557,2039,ZBO,0.8767123287671232876712328768,0.5753424657534246575342465754,0.1938137236504660036279477199,0.1395458810283355226121223583
70.30365296803652968036530132,0,0.000,70.30365296803652968036530132,0.8767123287671232876712328768,0.5753424657534246575342465754,69.42694063926940639269406844,0E-28,0E-28,1557,1558,2039,ZBO,0.8767123287671232876712328768,0.5753424657534246575342465754,0.1914117720648026521548758491,0.1378164758866579095515106114
69.42694063926940639269406844,0,0.000,69.42694063926940639269406844,0.8767123287671232876712328768,0.5753424657534246575342465754,68.55022831050228310502283556,0E-28,0E-28,1558,1559,2039,ZBO,0.8767123287671232876712328768,0.5753424657534246575342465754,0.1890098204791393006818039781,0.1360870707449802964908988642
68.55022831050228310502283556,0,0.000,68.55022831050228310502283556,0.8767123287671232876712328768,0.5753424657534246575342465754,67.67351598173515981735160268,0E-28,0E-28,1559,1560,2039,ZBO,0.8767123287671232876712328768,0.5753424657534246575342465754,0.1866078688934759492087321071,0.1343576656033026834302871171
67.67351598173515981735160268,0,0.000,67.67351598173515981735160268,0.8767123287671232876712328768,0.5753424657534246575342465754,66.79680365296803652968036980,0E-28,0E-28,1560,1561,2039,ZBO,0.8767123287671232876712328768,0.5753424657534246575342465754,0.1842059173078125977356602363,0.1326282604616250703696753701
66.79680365296803652968036980,0,0.000,66.79680365296803652968036980,0.8767123287671232876712328768,0.5753424657534246575342465754,65.92009132420091324200913692,0E-28,0E-28,1561,1562,2039,ZBO,0.8767123287671232876712328768,0.5753424657534246575342465754,0.1818039657221492462625883654,0.1308988553199474573090636231
65.92009132420091324200913692,0,0.000,65.92009132420091324200913692,0.8767123287671232876712328768,0.5753424657534246575342465754,65.04337899543378995433790404,0E-28,0E-28,1562,1563,2039,ZBO,0.8767123287671232876712328768,0.5753424657534246575342465754,0.1794020141364858947895164945,0.1291694501782698442484518760
65.04337899543378995433790404,0,0.000,65.04337899543378995433790404,0.8767123287671232876712328768,0.5753424657534246575342465754,64.16666666666666666666667116,0E-28,0E-28,1563,1564,2039,ZBO,0.8767123287671232876712328768,0.5753424657534246575342465754,0.1770000625508225433164446236,0.1274400450365922311878401290
64.16666666666666666666667116,0,0.000,64.16666666666666666666667116,0.8767123287671232876712328768,0.5753424657534246575342465754,63.28995433789954337899543828,0E-28,0E-28,1564,1565,2039,ZBO,0.8767123287671232876712328768,0.5753424657534246575342465754,0.1745981109651591918433727526,0.1257106398949146181272283819
63.28995433789954337899543828,0,0.000,63.28995433789954337899543828,0.8767123287671232876712328768,0.5753424657534246575342465754,62.41324200913242009132420540,0E-28,0E-28,1565,1566,2039,ZBO,0.8767123287671232876712328768,0.5753424657534246575342465754,0.1721961593794958403703008818,0.1239812347532370050666166349
62.41324200913242009132420540,0,0.000,62.41324200913242009132420540,0.8767123287671232876712328768,0.5753424657534246575342465754,61.53652968036529680365297252,0E-28,0E-28,1566,1567,2039,ZBO,0.8767123287671232876712328768,0.5753424657534246575342465754,0.1697942077938324888972290108,0.1222518296115593920060048878
61.53652968036529680365297252,0,0.000,61.53652968036529680365297252,0.8767123287671232876712328768,0.5753424657534246575342465754,60.65981735159817351598173964,0E-28,0E-28,1567,1568,2039,ZBO,0.8767123287671232876712328768,0.5753424657534246575342465754,0.1673922562081691374241571400,0.1205224244698817789453931408
60.65981735159817351598173964,0,0.000,60.65981735159817351598173964,0.8767123287671232876712328768,0.5753424657534246575342465754,59.78310502283105022831050676,0E-28,0E-28,1568,1569,2039,ZBO,0.8767123287671232876712328768,0.5753424657534246575342465754,0.1649903046225057859510852691,0.1187930193282041658847813938
59.78310502283105022831050676,0,0.000,59.78310502283105022831050676,0.8767123287671232876712328768,0.5753424657534246575342465754,58.90639269406392694063927388,0E-28,0E-28,1569,1570,2039,ZBO,0.8767123287671232876712328768,0.5753424657534246575342465754,0.1625883530368424344780133981,0.1170636141865265528241696466
58.90639269406392694063927388,0,0.000,58.90639269406392694063927388,0.8767123287671232876712328768,0.5753424657534246575342465754,58.02968036529680365296804100,0E-28,0E-28,1570,1571,2039,ZBO,0.8767123287671232876712328768,0.5753424657534246575342465754,0.1601864014511790830049415273,0.1153342090448489397635578997
58.02968036529680365296804100,0,0.000,58.02968036529680365296804100,0.8767123287671232876712328768,0.5753424657534246575342465754,57.15296803652968036529680812,0E-28,0E-28,1571,1572,2039,ZBO,0.8767123287671232876712328768,0.5753424657534246575342465754,0.1577844498655157315318696563,0.1136048039031713267029461525
57.15296803652968036529680812,0,0.000,57.15296803652968036529680812,0.8767123287671232876712328768,0.5753424657534246575342465754,56.27625570776255707762557524,0E-28,0E-28,1572,1573,2039,ZBO,0.8767123287671232876712328768,0.5753424657534246575342465754,0.1553824982798523800587977855,0.1118753987614937136423344056
56.27625570776255707762557524,0,0.000,56.27625570776255707762557524,0.8767123287671232876712328768,0.5753424657534246575342465754,55.39954337899543378995434236,0E-28,0E-28,1573,1574,2039,ZBO,0.8767123287671232876712328768,0.5753424657534246575342465754,0.1529805466941890285857259145,0.1101459936198161005817226584
55.39954337899543378995434236,0,0.000,55.39954337899543378995434236,0.8767123287671232876712328768,0.5753424657534246575342465754,54.52283105022831050228310948,0E-28,0E-28,1574,1575,2039,ZBO,0.8767123287671232876712328768,0.5753424657534246575342465754,0.1505785951085256771126540436,0.1084165884781384875211109114
54.52283105022831050228310948,0,0.000,54.52283105022831050228310948,0.8767123287671232876712328768,0.5753424657534246575342465754,53.64611872146118721461187660,0E-28,0E-28,1575,1576,2039,ZBO,0.8767123287671232876712328768,0.5753424657534246575342465754,0.1481766435228623256395821728,0.1066871833364608744604991644
53.64611872146118721461187660,0,0.000,53.64611872146118721461187660,0.8767123287671232876712328768,0.5753424657534246575342465754,52.76940639269406392694064372,0E-28,0E-28,1576,1577,2039,ZBO,0.8767123287671232876712328768,0.5753424657534246575342465754,0.1457746919371989741665103018,0.1049577781947832613998874173
52.76940639269406392694064372,0,0.000,52.76940639269406392694064372,0.8767123287671232876712328768,0.5753424657534246575342465754,51.89269406392694063926941084,0E-28,0E-28,1577,1578,2039,ZBO,0.8767123287671232876712328768,0.5753424657534246575342465754,0.1433727403515356226934384310,0.1032283730531056483392756703
51.89269406392694063926941084,0,0.000,51.89269406392694063926941084,0.8767123287671232876712328768,0.5753424657534246575342465754,51.01598173515981735159817796,0E-28,0E-28,1578,1579,2039,ZBO,0.8767123287671232876712328768,0.5753424657534246575342465754,0.1409707887658722712203665600,0.1014989679114280352786639232
51.01598173515981735159817796,0,0.000,51.01598173515981735159817796,0.8767123287671232876712328768,0.5753424657534246575342465754,50.13926940639269406392694508,0E-28,0E-28,1579,1580,2039,ZBO,0.8767123287671232876712328768,0.5753424657534246575342465754,0.1385688371802089197472946891,0.09976956276975042221805217615
50.13926940639269406392694508,0,0.000,50.13926940639269406392694508,0.8767123287671232876712328768,0.5753424657534246575342465754,49.26255707762557077625571220,0E-28,0E-28,1580,1581,2039,ZBO,0.8767123287671232876712328768,0.5753424657534246575342465754,0.1361668855945455682742228182,0.09804015762807280915744042910
49.26255707762557077625571220,0,0.000,49.26255707762557077625571220,0.5844748858447488584474885846,0.3835616438356164383561643837,48.67808219178082191780822362,0E-28,0E-28,1581,4745/3,2039,ZBO,0.5844748858447488584474885846,0.3835616438356164383561643837,0.08944350618210629469777528388,0.06439932445111653218239820439
48.67808219178082191780822362,27.82765330079677592294751631,0.3339318396095613110753701957,76.17180365296803652968036973,0.2922374429223744292237442922,0.1917808219178082191780821918,75.87956621004566210045662544,0E-28,0E-28,4745/3,1582,2039,ZBO,0.2922374429223744292237442922,0.1917808219178082191780821918,0.06942984925251767060736849096,0.04998949146181272283730531349
75.87956621004566210045662544,0,0.000,75.87956621004566210045662544,0.8767123287671232876712328768,0.5753424657534246575342465754,75.00285388127853881278539256,0E-28,0E-28,1582,1583,2039,ZBO,0.8767123287671232876712328768,0.5753424657534246575342465754,0.2066882467004441108400575589,0.1488155376243197598048414424
75.00285388127853881278539256,0,0.000,75.00285388127853881278539256,0.8767123287671232876712328768,0.5753424657534246575342465754,74.12614155251141552511415968,0E-28,0E-28,1583,1584,2039,ZBO,0.8767123287671232876712328768,0.5753424657534246575342465754,0.2042862951147807593669856880,0.1470861324826421467442296954
74.12614155251141552511415968,0,0.000,74.12614155251141552511415968,0.8767123287671232876712328768,0.5753424657534246575342465754,73.24942922374429223744292680,0E-28,0E-28,1584,1585,2039,ZBO,0.8767123287671232876712328768,0.5753424657534246575342465754,0.2018843435291174078939138171,0.1453567273409645336836179483
73.24942922374429223744292680,0,0.000,73.24942922374429223744292680,0.8767123287671232876712328768,0.5753424657534246575342465754,72.37271689497716894977169392,0E-28,0E-28,1585,1586,2039,ZBO,0.8767123287671232876712328768,0.5753424657534246575342465754,0.1994823919434540564208419462,0.1436273221992869206230062013
72.37271689497716894977169392,0,0.000,72.37271689497716894977169392,0.8767123287671232876712328768,0.5753424657534246575342465754,71.49600456621004566210046104,0E-28,0E-28,1586,1587,2039,ZBO,0.8767123287671232876712328768,0.5753424657534246575342465754,0.1970804403577907049477700754,0.1418979170576093075623944543
71.49600456621004566210046104,0,0.000,71.49600456621004566210046104,0.8767123287671232876712328768,0.5753424657534246575342465754,70.61929223744292237442922816,0E-28,0E-28,1587,1588,2039,ZBO,0.8767123287671232876712328768,0.5753424657534246575342465754,0.1946784887721273534746982044,0.1401685119159316945017827072
70.61929223744292237442922816,0,0.000,70.61929223744292237442922816,0.8767123287671232876712328768,0.5753424657534246575342465754,69.74257990867579908675799528,0E-28,0E-28,1588,1589,2039,ZBO,0.8767123287671232876712328768,0.5753424657534246575342465754,0.1922765371864640020016263334,0.1384391067742540814411709600
69.74257990867579908675799528,0,0.000,69.74257990867579908675799528,0.8767123287671232876712328768,0.5753424657534246575342465754,68.86586757990867579908676240,0E-28,0E-28,1589,1590,2039,ZBO,0.8767123287671232876712328768,0.5753424657534246575342465754,0.1898745856008006505285544626,0.1367097016325764683805592131
68.86586757990867579908676240,0,0.000,68.86586757990867579908676240,0.8767123287671232876712328768,0.5753424657534246575342465754,67.98915525114155251141552952,0E-28,0E-28,1590,1591,2039,ZBO,0.8767123287671232876712328768,0.5753424657534246575342465754,0.1874726340151372990554825917,0.1349802964908988553199474660
67.98915525114155251141552952,0,0.000,67.98915525114155251141552952,0.8767123287671232876712328768,0.5753424657534246575342465754,67.11244292237442922374429664,0E-28,0E-28,1591,1592,2039,ZBO,0.8767123287671232876712328768,0.5753424657534246575342465754,0.1850706824294739475824107208,0.1332508913492212422593357190
67.11244292237442922374429664,0,0.000,67.11244292237442922374429664,0.8767123287671232876712328768,0.5753424657534246575342465754,66.23573059360730593607306376,0E-28,0E-28,1592,1593,2039,ZBO,0.8767123287671232876712328768,0.5753424657534246575342465754,0.1826687308438105961093388499,0.1315214862075436291987239719
66.23573059360730593607306376,0,0.000,66.23573059360730593607306376,0.8767123287671232876712328768,0.5753424657534246575342465754,65.35901826484018264840183088,0E-28,0E-28,1593,1594,2039,ZBO,0.8767123287671232876712328768,0.5753424657534246575342465754,0.1802667792581472446362669789,0.1297920810658660161381122248
65.35901826484018264840183088,0,0.000,65.35901826484018264840183088,0.8767123287671232876712328768,0.5753424657534246575342465754,64.48230593607305936073059800,0E-28,0E-28,1594,1595,2039,ZBO,0.8767123287671232876712328768,0.5753424657534246575342465754,0.1778648276724838931631951081,0.1280626759241884030775004778
64.48230593607305936073059800,0,0.000,64.48230593607305936073059800,0.8767123287671232876712328768,0.5753424657534246575342465754,63.60559360730593607305936512,0E-28,0E-28,1595,1596,2039,ZBO,0.8767123287671232876712328768,0.5753424657534246575342465754,0.1754628760868205416901232371,0.1263332707825107900168887307
63.60559360730593607305936512,0,0.000,63.60559360730593607305936512,0.8767123287671232876712328768,0.5753424657534246575342465754,62.72888127853881278538813224,0E-28,0E-28,1596,1597,2039,ZBO,0.8767123287671232876712328768,0.5753424657534246575342465754,0.1730609245011571902170513663,0.1246038656408331769562769837
62.72888127853881278538813224,0,0.000,62.72888127853881278538813224,0.8767123287671232876712328768,0.5753424657534246575342465754,61.85216894977168949771689936,0E-28,0E-28,1597,1598,2039,ZBO,0.8767123287671232876712328768,0.5753424657534246575342465754,0.1706589729154938387439794954,0.1228744604991555638956652367
61.85216894977168949771689936,0,0.000,61.85216894977168949771689936,0.8767123287671232876712328768,0.5753424657534246575342465754,60.97545662100456621004566648,0E-28,0E-28,1598,1599,2039,ZBO,0.8767123287671232876712328768,0.5753424657534246575342465754,0.1682570213298304872709076244,0.1211450553574779508350534896
60.97545662100456621004566648,0,0.000,60.97545662100456621004566648,0.8767123287671232876712328768,0.5753424657534246575342465754,60.09874429223744292237443360,0E-28,0E-28,1599,1600,2039,ZBO,0.8767123287671232876712328768,0.5753424657534246575342465754,0.1658550697441671357978357536,0.1194156502158003377744417426
60.09874429223744292237443360,0,0.000,60.09874429223744292237443360,0.8767123287671232876712328768,0.5753424657534246575342465754,59.22203196347031963470320072,0E-28,0E-28,1600,1601,2039,ZBO,0.8767123287671232876712328768,0.5753424657534246575342465754,0.1634531181585037843247638826,0.1176862450741227247138299955
59.22203196347031963470320072,0,0.000,59.22203196347031963470320072,0.8767123287671232876712328768,0.5753424657534246575342465754,58.34531963470319634703196784,0E-28,0E-28,1601,1602,2039,ZBO,0.8767123287671232876712328768,0.5753424657534246575342465754,0.1610511665728404328516920118,0.1159568399324451116532182485
58.34531963470319634703196784,0,0.000,58.34531963470319634703196784,0.8767123287671232876712328768,0.5753424657534246575342465754,57.46860730593607305936073496,0E-28,0E-28,1602,1603,2039,ZBO,0.8767123287671232876712328768,0.5753424657534246575342465754,0.1586492149871770813786201408,0.1142274347907674985926065014
57.46860730593607305936073496,0,0.000,57.46860730593607305936073496,0.8767123287671232876712328768,0.5753424657534246575342465754,56.59189497716894977168950208,0E-28,0E-28,1603,1604,2039,ZBO,0.8767123287671232876712328768,0.5753424657534246575342465754,0.1562472634015137299055482699,0.1124980296490898855319947543
56.59189497716894977168950208,0,0.000,56.59189497716894977168950208,0.8767123287671232876712328768,0.5753424657534246575342465754,55.71518264840182648401826920,0E-28,0E-28,1604,1605,2039,ZBO,0.8767123287671232876712328768,0.5753424657534246575342465754,0.1538453118158503784324763991,0.1107686245074122724713830074
55.71518264840182648401826920,0,0.000,55.71518264840182648401826920,0.8767123287671232876712328768,0.5753424657534246575342465754,54.83847031963470319634703632,0E-28,0E-28,1605,1606,2039,ZBO,0.8767123287671232876712328768,0.5753424657534246575342465754,0.1514433602301870269594045281,0.1090392193657346594107712602
54.83847031963470319634703632,0,0.000,54.83847031963470319634703632,0.8767123287671232876712328768,0.5753424657534246575342465754,53.96175799086757990867580344,0E-28,0E-28,1606,1607,2039,ZBO,0.8767123287671232876712328768,0.5753424657534246575342465754,0.1490414086445236754863326573,0.1073098142240570463501595133
53.96175799086757990867580344,0,0.000,53.96175799086757990867580344,0.8767123287671232876712328768,0.5753424657534246575342465754,53.08504566210045662100457056,0E-28,0E-28,1607,1608,2039,ZBO,0.8767123287671232876712328768,0.5753424657534246575342465754,0.1466394570588603240132607863,0.1055804090823794332895477661
53.08504566210045662100457056,0,0.000,53.08504566210045662100457056,0.8767123287671232876712328768,0.5753424657534246575342465754,52.20833333333333333333333768,0E-28,0E-28,1608,1609,2039,ZBO,0.8767123287671232876712328768,0.5753424657534246575342465754,0.1442375054731969725401889154,0.1038510039407018202289360191
52.20833333333333333333333768,0,0.000,52.20833333333333333333333768,0.8767123287671232876712328768,0.5753424657534246575342465754,51.33162100456621004566210480,0E-28,0E-28,1609,1610,2039,ZBO,0.8767123287671232876712328768,0.5753424657534246575342465754,0.1418355538875336210671170445,0.1021215987990242071683242720
51.33162100456621004566210480,0,0.000,51.33162100456621004566210480,0.8767123287671232876712328768,0.5753424657534246575342465754,50.45490867579908675799087192,0E-28,0E-28,1610,1611,2039,ZBO,0.8767123287671232876712328768,0.5753424657534246575342465754,0.1394336023018702695940451736,0.1003921936573465941077125250
50.45490867579908675799087192,0,0.000,50.45490867579908675799087192,0.8767123287671232876712328768,0.5753424657534246575342465754,49.57819634703196347031963904,0E-28,0E-28,1611,1612,2039,ZBO,0.8767123287671232876712328768,0.5753424657534246575342465754,0.1370316507162069181209733028,0.09866278851566898104710077802
49.57819634703196347031963904,0,0.000,49.57819634703196347031963904,0.07305936073059360730593607306,0.04794520547945205479452054794,49.50513698630136986301370297,0E-29,0E-29,1612,19345/12,2039,ZBO,0.07305936073059360730593607306,0.04794520547945205479452054794,0.01131088280060882800608828105,0.008143835616438356164383562356
49.50513698630136986301370297,27.82765330079677592294751631,0.3339318396095613110753701957,76.99885844748858447488584908,0.8036529680365296803652968038,0.5273972602739726027397260275,76.19520547945205479452055228,0E-28,0E-28,19345/12,1613,2039,ZBO,0.8036529680365296803652968038,0.5273972602739726027397260275,0.1923669752507245470277934265,0.1385042221805216738600112671
76.19520547945205479452055228,0,0.000,76.19520547945205479452055228,0.8767123287671232876712328768,0.5753424657534246575342465754,75.31849315068493150684931940,0E-28,0E-28,1613,1614,2039,ZBO,0.8767123287671232876712328768,0.5753424657534246575342465754,0.2075530118221054606868080434,0.1494381685119159316945017912
75.31849315068493150684931940,0,0.000,75.31849315068493150684931940,0.8767123287671232876712328768,0.5753424657534246575342465754,74.44178082191780821917808652,0E-28,0E-28,1614,1615,2039,ZBO,0.8767123287671232876712328768,0.5753424657534246575342465754,0.2051510602364421092137361725,0.1477087633702383186338900442
74.44178082191780821917808652,0,0.000,74.44178082191780821917808652,0.8767123287671232876712328768,0.5753424657534246575342465754,73.56506849315068493150685364,0E-28,0E-28,1615,1616,2039,ZBO,0.8767123287671232876712328768,0.5753424657534246575342465754,0.2027491086507787577406643017,0.1459793582285607055732782972
73.56506849315068493150685364,0,0.000,73.56506849315068493150685364,0.8767123287671232876712328768,0.5753424657534246575342465754,72.68835616438356164383562076,0E-28,0E-28,1616,1617,2039,ZBO,0.8767123287671232876712328768,0.5753424657534246575342465754,0.2003471570651154062675924307,0.1442499530868830925126665501
72.68835616438356164383562076,0,0.000,72.68835616438356164383562076,0.8767123287671232876712328768,0.5753424657534246575342465754,71.81164383561643835616438788,0E-28,0E-28,1617,1618,2039,ZBO,0.8767123287671232876712328768,0.5753424657534246575342465754,0.1979452054794520547945205597,0.1425205479452054794520548030
71.81164383561643835616438788,0,0.000,71.81164383561643835616438788,0.8767123287671232876712328768,0.5753424657534246575342465754,70.93493150684931506849315500,0E-28,0E-28,1618,1619,2039,ZBO,0.8767123287671232876712328768,0.5753424657534246575342465754,0.1955432538937887033214486889,0.1407911428035278663914430560
70.93493150684931506849315500,0,0.000,70.93493150684931506849315500,0.8767123287671232876712328768,0.5753424657534246575342465754,70.05821917808219178082192212,0E-28,0E-28,1619,1620,2039,ZBO,0.8767123287671232876712328768,0.5753424657534246575342465754,0.1931413023081253518483768180,0.1390617376618502533308313090
70.05821917808219178082192212,0,0.000,70.05821917808219178082192212,0.8767123287671232876712328768,0.5753424657534246575342465754,69.18150684931506849315068924,0E-28,0E-28,1620,1621,2039,ZBO,0.8767123287671232876712328768,0.5753424657534246575342465754,0.1907393507224620003753049471,0.1373323325201726402702195619
69.18150684931506849315068924,0,0.000,69.18150684931506849315068924,0.8767123287671232876712328768,0.5753424657534246575342465754,68.30479452054794520547945636,0E-28,0E-28,1621,1622,2039,ZBO,0.8767123287671232876712328768,0.5753424657534246575342465754,0.1883373991367986489022330762,0.1356029273784950272096078149
68.30479452054794520547945636,0,0.000,68.30479452054794520547945636,0.8767123287671232876712328768,0.5753424657534246575342465754,67.42808219178082191780822348,0E-28,0E-28,1622,1623,2039,ZBO,0.8767123287671232876712328768,0.5753424657534246575342465754,0.1859354475511352974291612052,0.1338735222368174141489960677
67.42808219178082191780822348,0,0.000,67.42808219178082191780822348,0.8767123287671232876712328768,0.5753424657534246575342465754,66.55136986301369863013699060,0E-28,0E-28,1623,1624,2039,ZBO,0.8767123287671232876712328768,0.5753424657534246575342465754,0.1835334959654719459560893344,0.1321441170951398010883843208
66.55136986301369863013699060,0,0.000,66.55136986301369863013699060,0.8767123287671232876712328768,0.5753424657534246575342465754,65.67465753424657534246575772,0E-28,0E-28,1624,1625,2039,ZBO,0.8767123287671232876712328768,0.5753424657534246575342465754,0.1811315443798085944830174634,0.1304147119534621880277725736
65.67465753424657534246575772,0,0.000,65.67465753424657534246575772,0.8767123287671232876712328768,0.5753424657534246575342465754,64.79794520547945205479452484,0E-28,0E-28,1625,1626,2039,ZBO,0.8767123287671232876712328768,0.5753424657534246575342465754,0.1787295927941452430099455926,0.1286853068117845749671608267
64.79794520547945205479452484,0,0.000,64.79794520547945205479452484,0.8767123287671232876712328768,0.5753424657534246575342465754,63.92123287671232876712329196,0E-28,0E-28,1626,1627,2039,ZBO,0.8767123287671232876712328768,0.5753424657534246575342465754,0.1763276412084818915368737217,0.1269559016701069619065490796
63.92123287671232876712329196,0,0.000,63.92123287671232876712329196,0.8767123287671232876712328768,0.5753424657534246575342465754,63.04452054794520547945205908,0E-28,0E-28,1627,1628,2039,ZBO,0.8767123287671232876712328768,0.5753424657534246575342465754,0.1739256896228185400638018507,0.1252264965284293488459373325
63.04452054794520547945205908,0,0.000,63.04452054794520547945205908,0.8767123287671232876712328768,0.5753424657534246575342465754,62.16780821917808219178082620,0E-28,0E-28,1628,1629,2039,ZBO,0.8767123287671232876712328768,0.5753424657534246575342465754,0.1715237380371551885907299799,0.1234970913867517357853255855
62.16780821917808219178082620,0,0.000,62.16780821917808219178082620,0.8767123287671232876712328768,0.5753424657534246575342465754,61.29109589041095890410959332,0E-28,0E-28,1629,1630,2039,ZBO,0.8767123287671232876712328768,0.5753424657534246575342465754,0.1691217864514918371176581089,0.1217676862450741227247138384
61.29109589041095890410959332,0,0.000,61.29109589041095890410959332,0.8767123287671232876712328768,0.5753424657534246575342465754,60.41438356164383561643836044,0E-28,0E-28,1630,1631,2039,ZBO,0.8767123287671232876712328768,0.5753424657534246575342465754,0.1667198348658284856445862381,0.1200382811033965096641020914
60.41438356164383561643836044,0,0.000,60.41438356164383561643836044,0.8767123287671232876712328768,0.5753424657534246575342465754,59.53767123287671232876712756,0E-28,0E-28,1631,1632,2039,ZBO,0.8767123287671232876712328768,0.5753424657534246575342465754,0.1643178832801651341715143671,0.1183088759617188966034903443
59.53767123287671232876712756,0,0.000,59.53767123287671232876712756,0.8767123287671232876712328768,0.5753424657534246575342465754,58.66095890410958904109589468,0E-28,0E-28,1632,1633,2039,ZBO,0.8767123287671232876712328768,0.5753424657534246575342465754,0.1619159316945017826984424962,0.1165794708200412835428785973
58.66095890410958904109589468,0,0.000,58.66095890410958904109589468,0.8767123287671232876712328768,0.5753424657534246575342465754,57.78424657534246575342466180,0E-28,0E-28,1633,1634,2039,ZBO,0.8767123287671232876712328768,0.5753424657534246575342465754,0.1595139801088384312253706254,0.1148500656783636704822668503
57.78424657534246575342466180,0,0.000,57.78424657534246575342466180,0.8767123287671232876712328768,0.5753424657534246575342465754,56.90753424657534246575342892,0E-28,0E-28,1634,1635,2039,ZBO,0.8767123287671232876712328768,0.5753424657534246575342465754,0.1571120285231750797522987544,0.1131206605366860574216551032
56.90753424657534246575342892,0,0.000,56.90753424657534246575342892,0.8767123287671232876712328768,0.5753424657534246575342465754,56.03082191780821917808219604,0E-28,0E-28,1635,1636,2039,ZBO,0.8767123287671232876712328768,0.5753424657534246575342465754,0.1547100769375117282792268836,0.1113912553950084443610433562
56.03082191780821917808219604,0,0.000,56.03082191780821917808219604,0.8767123287671232876712328768,0.5753424657534246575342465754,55.15410958904109589041096316,0E-28,0E-28,1636,1637,2039,ZBO,0.8767123287671232876712328768,0.5753424657534246575342465754,0.1523081253518483768061550126,0.1096618502533308313004316091
55.15410958904109589041096316,0,0.000,55.15410958904109589041096316,0.8767123287671232876712328768,0.5753424657534246575342465754,54.27739726027397260273973028,0E-28,0E-28,1637,1638,2039,ZBO,0.8767123287671232876712328768,0.5753424657534246575342465754,0.1499061737661850253330831417,0.1079324451116532182398198620
54.27739726027397260273973028,0,0.000,54.27739726027397260273973028,0.8767123287671232876712328768,0.5753424657534246575342465754,53.40068493150684931506849740,0E-28,0E-28,1638,1639,2039,ZBO,0.8767123287671232876712328768,0.5753424657534246575342465754,0.1475042221805216738600112708,0.1062030399699756051792081150
53.40068493150684931506849740,0,0.000,53.40068493150684931506849740,0.8767123287671232876712328768,0.5753424657534246575342465754,52.52397260273972602739726452,0E-28,0E-28,1639,1640,2039,ZBO,0.8767123287671232876712328768,0.5753424657534246575342465754,0.1451022705948583223869393999,0.1044736348282979921185963679
52.52397260273972602739726452,0,0.000,52.52397260273972602739726452,0.8767123287671232876712328768,0.5753424657534246575342465754,51.64726027397260273972603164,0E-28,0E-28,1640,1641,2039,ZBO,0.8767123287671232876712328768,0.5753424657534246575342465754,0.1427003190091949709138675291,0.1027442296866203790579846210
51.64726027397260273972603164,0,0.000,51.64726027397260273972603164,0.8767123287671232876712328768,0.5753424657534246575342465754,50.77054794520547945205479876,0E-28,0E-28,1641,1642,2039,ZBO,0.8767123287671232876712328768,0.5753424657534246575342465754,0.1402983674235316194407956581,0.1010148245449427659973728738
50.77054794520547945205479876,0,0.000,50.77054794520547945205479876,0.4383561643835616438356164384,0.2876712328767123287671232877,50.33219178082191780821918232,0E-28,0E-28,1642,3285/2,2039,ZBO,0.4383561643835616438356164384,0.2876712328767123287671232877,0.06924845186714205291799587747,0.04985888534434227810095703178
50.33219178082191780821918232,27.82765330079677592294751631,0.3339318396095613110753701957,77.82591324200913242009132843,0.4383561643835616438356164384,0.2876712328767123287671232877,77.38755707762557077625571199,0E-28,0E-28,3285/2,1643,2039,ZBO,0.4383561643835616438356164384,0.2876712328767123287671232877,0.1063105961093388378057171510,0.07654362919872396322011634872
77.38755707762557077625571199,0,0.000,77.38755707762557077625571199,0.8767123287671232876712328768,0.5753424657534246575342465754,76.51084474885844748858447911,0E-28,0E-28,1643,1644,2039,ZBO,0.8767123287671232876712328768,0.5753424657534246575342465754,0.2108197285294301620066303988,0.1517902045411897166447738871
76.51084474885844748858447911,0,0.000,76.51084474885844748858447911,0.8767123287671232876712328768,0.5753424657534246575342465754,75.63413242009132420091324623,0E-28,0E-28,1644,1645,2039,ZBO,0.8767123287671232876712328768,0.5753424657534246575342465754,0.2084177769437668105335585278,0.1500607993995121035841621400
75.63413242009132420091324623,0,0.000,75.63413242009132420091324623,0.8767123287671232876712328768,0.5753424657534246575342465754,74.75742009132420091324201335,0E-28,0E-28,1645,1646,2039,ZBO,0.8767123287671232876712328768,0.5753424657534246575342465754,0.2060158253581034590604866570,0.1483313942578344905235503930
74.75742009132420091324201335,0,0.000,74.75742009132420091324201335,0.8767123287671232876712328768,0.5753424657534246575342465754,73.88070776255707762557078047,0E-28,0E-28,1646,1647,2039,ZBO,0.8767123287671232876712328768,0.5753424657534246575342465754,0.2036138737724401075874147860,0.1466019891161568774629386459
73.88070776255707762557078047,0,0.000,73.88070776255707762557078047,0.8767123287671232876712328768,0.5753424657534246575342465754,73.00399543378995433789954759,0E-28,0E-28,1647,1648,2039,ZBO,0.8767123287671232876712328768,0.5753424657534246575342465754,0.2012119221867767561143429152,0.1448725839744792644023268989
73.00399543378995433789954759,0,0.000,73.00399543378995433789954759,0.8767123287671232876712328768,0.5753424657534246575342465754,72.12728310502283105022831471,0E-28,0E-28,1648,1649,2039,ZBO,0.8767123287671232876712328768,0.5753424657534246575342465754,0.1988099706011134046412710443,0.1431431788328016513417151519
72.12728310502283105022831471,0,0.000,72.12728310502283105022831471,0.8767123287671232876712328768,0.5753424657534246575342465754,71.25057077625570776255708183,0E-28,0E-28,1649,1650,2039,ZBO,0.8767123287671232876712328768,0.5753424657534246575342465754,0.1964080190154500531681991733,0.1414137736911240382811034048
71.25057077625570776255708183,0,0.000,71.25057077625570776255708183,0.8767123287671232876712328768,0.5753424657534246575342465754,70.37385844748858447488584895,0E-28,0E-28,1650,1651,2039,ZBO,0.8767123287671232876712328768,0.5753424657534246575342465754,0.1940060674297867016951273025,0.1396843685494464252204916578
70.37385844748858447488584895,0,0.000,70.37385844748858447488584895,0.8767123287671232876712328768,0.5753424657534246575342465754,69.49714611872146118721461607,0E-28,0E-28,1651,1652,2039,ZBO,0.8767123287671232876712328768,0.5753424657534246575342465754,0.1916041158441233502220554315,0.1379549634077688121598799107
69.49714611872146118721461607,0,0.000,69.49714611872146118721461607,0.8767123287671232876712328768,0.5753424657534246575342465754,68.62043378995433789954338319,0E-28,0E-28,1652,1653,2039,ZBO,0.8767123287671232876712328768,0.5753424657534246575342465754,0.1892021642584599987489835607,0.1362255582660911990992681637
68.62043378995433789954338319,0,0.000,68.62043378995433789954338319,0.8767123287671232876712328768,0.5753424657534246575342465754,67.74372146118721461187215031,0E-28,0E-28,1653,1654,2039,ZBO,0.8767123287671232876712328768,0.5753424657534246575342465754,0.1868002126727966472759116897,0.1344961531244135860386564166
67.74372146118721461187215031,0,0.000,67.74372146118721461187215031,0.8767123287671232876712328768,0.5753424657534246575342465754,66.86700913242009132420091743,0E-28,0E-28,1654,1655,2039,ZBO,0.8767123287671232876712328768,0.5753424657534246575342465754,0.1843982610871332958028398188,0.1327667479827359729780446695
66.86700913242009132420091743,0,0.000,66.86700913242009132420091743,0.8767123287671232876712328768,0.5753424657534246575342465754,65.99029680365296803652968455,0E-28,0E-28,1655,1656,2039,ZBO,0.8767123287671232876712328768,0.5753424657534246575342465754,0.1819963095014699443297679480,0.1310373428410583599174329226
65.99029680365296803652968455,0,0.000,65.99029680365296803652968455,0.8767123287671232876712328768,0.5753424657534246575342465754,65.11358447488584474885845167,0E-28,0E-28,1656,1657,2039,ZBO,0.8767123287671232876712328768,0.5753424657534246575342465754,0.1795943579158065928566960770,0.1293079376993807468568211754
65.11358447488584474885845167,0,0.000,65.11358447488584474885845167,0.8767123287671232876712328768,0.5753424657534246575342465754,64.23687214611872146118721879,0E-28,0E-28,1657,1658,2039,ZBO,0.8767123287671232876712328768,0.5753424657534246575342465754,0.1771924063301432413836242062,0.1275785325577031337962094285
64.23687214611872146118721879,0,0.000,64.23687214611872146118721879,0.8767123287671232876712328768,0.5753424657534246575342465754,63.36015981735159817351598591,0E-28,0E-28,1658,1659,2039,ZBO,0.8767123287671232876712328768,0.5753424657534246575342465754,0.1747904547444798899105523352,0.1258491274160255207355976813
63.36015981735159817351598591,0,0.000,63.36015981735159817351598591,0.8767123287671232876712328768,0.5753424657534246575342465754,62.48344748858447488584475303,0E-28,0E-28,1659,1660,2039,ZBO,0.8767123287671232876712328768,0.5753424657534246575342465754,0.1723885031588165384374804643,0.1241197222743479076749859343
62.48344748858447488584475303,0,0.000,62.48344748858447488584475303,0.8767123287671232876712328768,0.5753424657534246575342465754,61.60673515981735159817352015,0E-28,0E-28,1660,1661,2039,ZBO,0.8767123287671232876712328768,0.5753424657534246575342465754,0.1699865515731531869644085934,0.1223903171326702946143741872
61.60673515981735159817352015,0,0.000,61.60673515981735159817352015,0.8767123287671232876712328768,0.5753424657534246575342465754,60.73002283105022831050228727,0E-28,0E-28,1661,1662,2039,ZBO,0.8767123287671232876712328768,0.5753424657534246575342465754,0.1675845999874898354913367225,0.1206609119909926815537624402
60.73002283105022831050228727,0,0.000,60.73002283105022831050228727,0.8767123287671232876712328768,0.5753424657534246575342465754,59.85331050228310502283105439,0E-28,0E-28,1662,1663,2039,ZBO,0.8767123287671232876712328768,0.5753424657534246575342465754,0.1651826484018264840182648517,0.1189315068493150684931506932
59.85331050228310502283105439,0,0.000,59.85331050228310502283105439,0.8767123287671232876712328768,0.5753424657534246575342465754,58.97659817351598173515982151,0E-28,0E-28,1663,1664,2039,ZBO,0.8767123287671232876712328768,0.5753424657534246575342465754,0.1627806968161631325451929807,0.1172021017076374554325389461
58.97659817351598173515982151,0,0.000,58.97659817351598173515982151,0.8767123287671232876712328768,0.5753424657534246575342465754,58.09988584474885844748858863,0E-28,0E-28,1664,1665,2039,ZBO,0.8767123287671232876712328768,0.5753424657534246575342465754,0.1603787452304997810721211097,0.1154726965659598423719271990
58.09988584474885844748858863,0,0.000,58.09988584474885844748858863,0.8767123287671232876712328768,0.5753424657534246575342465754,57.22317351598173515981735575,0E-28,0E-28,1665,1666,2039,ZBO,0.8767123287671232876712328768,0.5753424657534246575342465754,0.1579767936448364295990492389,0.1137432914242822293113154520
57.22317351598173515981735575,0,0.000,57.22317351598173515981735575,0.8767123287671232876712328768,0.5753424657534246575342465754,56.34646118721461187214612287,0E-28,0E-28,1666,1667,2039,ZBO,0.8767123287671232876712328768,0.5753424657534246575342465754,0.1555748420591730781259773680,0.1120138862826046162507037050
56.34646118721461187214612287,0,0.000,56.34646118721461187214612287,0.8767123287671232876712328768,0.5753424657534246575342465754,55.46974885844748858447488999,0E-28,0E-28,1667,1668,2039,ZBO,0.8767123287671232876712328768,0.5753424657534246575342465754,0.1531728904735097266529054971,0.1102844811409270031900919579
55.46974885844748858447488999,0,0.000,55.46974885844748858447488999,0.8767123287671232876712328768,0.5753424657534246575342465754,54.59303652968036529680365711,0E-28,0E-28,1668,1669,2039,ZBO,0.8767123287671232876712328768,0.5753424657534246575342465754,0.1507709388878463751798336262,0.1085550759992493901294802109
54.59303652968036529680365711,0,0.000,54.59303652968036529680365711,0.8767123287671232876712328768,0.5753424657534246575342465754,53.71632420091324200913242423,0E-28,0E-28,1669,1670,2039,ZBO,0.8767123287671232876712328768,0.5753424657534246575342465754,0.1483689873021830237067617552,0.1068256708575717770688684637
53.71632420091324200913242423,0,0.000,53.71632420091324200913242423,0.8767123287671232876712328768,0.5753424657534246575342465754,52.83961187214611872146119135,0E-28,0E-28,1670,1671,2039,ZBO,0.8767123287671232876712328768,0.5753424657534246575342465754,0.1459670357165196722336898844,0.1050962657158941640082567168
52.83961187214611872146119135,0,0.000,52.83961187214611872146119135,0.8767123287671232876712328768,0.5753424657534246575342465754,51.96289954337899543378995847,0E-28,0E-28,1671,1672,2039,ZBO,0.8767123287671232876712328768,0.5753424657534246575342465754,0.1435650841308563207606180134,0.1033668605742165509476449696
51.96289954337899543378995847,0,0.000,51.96289954337899543378995847,0.8036529680365296803652968038,0.5273972602739726027397260275,51.15924657534246575342466167,0E-28,0E-28,1672,20075/12,2039,ZBO,0.8036529680365296803652968038,0.5273972602739726027397260275,0.1294912793728237526323471257,0.09323372114843310189528993050
51.15924657534246575342466167,27.82765330079677592294751631,0.3339318396095613110753701957,78.65296803652968036529680778,0.07305936073059360730593607306,0.04794520547945205479452054794,78.57990867579908675799087171,0E-29,0E-29,20075/12,1673,2039,ZBO,0.07305936073059360730593607306,0.04794520547945205479452054794,0.01794895852880465378119722369,0.01292325014073935072246200106
78.57990867579908675799087171,0,0.000,78.57990867579908675799087171,0.8767123287671232876712328768,0.5753424657534246575342465754,77.70319634703196347031963883,0E-28,0E-28,1673,1674,2039,ZBO,0.8767123287671232876712328768,0.5753424657534246575342465754,0.2140864452367548633264527541,0.1541422405704635015950459830
77.70319634703196347031963883,0,0.000,77.70319634703196347031963883,0.8767123287671232876712328768,0.5753424657534246575342465754,76.82648401826484018264840595,0E-28,0E-28,1674,1675,2039,ZBO,0.8767123287671232876712328768,0.5753424657534246575342465754,0.2116844936510915118533808833,0.1524128354287858885344342360
76.82648401826484018264840595,0,0.000,76.82648401826484018264840595,0.8767123287671232876712328768,0.5753424657534246575342465754,75.94977168949771689497717307,0E-28,0E-28,1675,1676,2039,ZBO,0.8767123287671232876712328768,0.5753424657534246575342465754,0.2092825420654281603803090123,0.1506834302871082754738224889
75.94977168949771689497717307,0,0.000,75.94977168949771689497717307,0.8767123287671232876712328768,0.5753424657534246575342465754,75.07305936073059360730594019,0E-28,0E-28,1676,1677,2039,ZBO,0.8767123287671232876712328768,0.5753424657534246575342465754,0.2068805904797648089072371415,0.1489540251454306624132107419
75.07305936073059360730594019,0,0.000,75.07305936073059360730594019,0.8767123287671232876712328768,0.5753424657534246575342465754,74.19634703196347031963470731,0E-28,0E-28,1677,1678,2039,ZBO,0.8767123287671232876712328768,0.5753424657534246575342465754,0.2044786388941014574341652706,0.1472246200037530493525989948
74.19634703196347031963470731,0,0.000,74.19634703196347031963470731,0.8767123287671232876712328768,0.5753424657534246575342465754,73.31963470319634703196347443,0E-28,0E-28,1678,1679,2039,ZBO,0.8767123287671232876712328768,0.5753424657534246575342465754,0.2020766873084381059610933996,0.1454952148620754362919872477
73.31963470319634703196347443,0,0.000,73.31963470319634703196347443,0.8767123287671232876712328768,0.5753424657534246575342465754,72.44292237442922374429224155,0E-28,0E-28,1679,1680,2039,ZBO,0.8767123287671232876712328768,0.5753424657534246575342465754,0.1996747357227747544880215288,0.1437658097203978232313755007
72.44292237442922374429224155,0,0.000,72.44292237442922374429224155,0.8767123287671232876712328768,0.5753424657534246575342465754,71.56621004566210045662100867,0E-28,0E-28,1680,1681,2039,ZBO,0.8767123287671232876712328768,0.5753424657534246575342465754,0.1972727841371114030149496578,0.1420364045787202101707637536
71.56621004566210045662100867,0,0.000,71.56621004566210045662100867,0.8767123287671232876712328768,0.5753424657534246575342465754,70.68949771689497716894977579,0E-28,0E-28,1681,1682,2039,ZBO,0.8767123287671232876712328768,0.5753424657534246575342465754,0.1948708325514480515418777870,0.1403069994370425971101520066
70.68949771689497716894977579,0,0.000,70.68949771689497716894977579,0.8767123287671232876712328768,0.5753424657534246575342465754,69.81278538812785388127854291,0E-28,0E-28,1682,1683,2039,ZBO,0.8767123287671232876712328768,0.5753424657534246575342465754,0.1924688809657847000688059160,0.1385775942953649840495402595
69.81278538812785388127854291,0,0.000,69.81278538812785388127854291,0.8767123287671232876712328768,0.5753424657534246575342465754,68.93607305936073059360731003,0E-28,0E-28,1683,1684,2039,ZBO,0.8767123287671232876712328768,0.5753424657534246575342465754,0.1900669293801213485957340451,0.1368481891536873709889285125
68.93607305936073059360731003,0,0.000,68.93607305936073059360731003,0.8767123287671232876712328768,0.5753424657534246575342465754,68.05936073059360730593607715,0E-28,0E-28,1684,1685,2039,ZBO,0.8767123287671232876712328768,0.5753424657534246575342465754,0.1876649777944579971226621743,0.1351187840120097579283167655
68.05936073059360730593607715,0,0.000,68.05936073059360730593607715,0.8767123287671232876712328768,0.5753424657534246575342465754,67.18264840182648401826484427,0E-28,0E-28,1685,1686,2039,ZBO,0.8767123287671232876712328768,0.5753424657534246575342465754,0.1852630262087946456495903033,0.1333893788703321448677050184
67.18264840182648401826484427,0,0.000,67.18264840182648401826484427,0.8767123287671232876712328768,0.5753424657534246575342465754,66.30593607305936073059361139,0E-28,0E-28,1686,1687,2039,ZBO,0.8767123287671232876712328768,0.5753424657534246575342465754,0.1828610746231312941765184325,0.1316599737286545318070932714
66.30593607305936073059361139,0,0.000,66.30593607305936073059361139,0.8767123287671232876712328768,0.5753424657534246575342465754,65.42922374429223744292237851,0E-28,0E-28,1687,1688,2039,ZBO,0.8767123287671232876712328768,0.5753424657534246575342465754,0.1804591230374679427034465615,0.1299305685869769187464815243
65.42922374429223744292237851,0,0.000,65.42922374429223744292237851,0.8767123287671232876712328768,0.5753424657534246575342465754,64.55251141552511415525114563,0E-28,0E-28,1688,1689,2039,ZBO,0.8767123287671232876712328768,0.5753424657534246575342465754,0.1780571714518045912303746906,0.1282011634452993056858697772
64.55251141552511415525114563,0,0.000,64.55251141552511415525114563,0.8767123287671232876712328768,0.5753424657534246575342465754,63.67579908675799086757991275,0E-28,0E-28,1689,1690,2039,ZBO,0.8767123287671232876712328768,0.5753424657534246575342465754,0.1756552198661412397573028197,0.1264717583036216926252580302
63.67579908675799086757991275,0,0.000,63.67579908675799086757991275,0.8767123287671232876712328768,0.5753424657534246575342465754,62.79908675799086757990867987,0E-28,0E-28,1690,1691,2039,ZBO,0.8767123287671232876712328768,0.5753424657534246575342465754,0.1732532682804778882842309488,0.1247423531619440795646462831
62.79908675799086757990867987,0,0.000,62.79908675799086757990867987,0.8767123287671232876712328768,0.5753424657534246575342465754,61.92237442922374429223744699,0E-28,0E-28,1691,1692,2039,ZBO,0.8767123287671232876712328768,0.5753424657534246575342465754,0.1708513166948145368111590780,0.1230129480202664665040345362
61.92237442922374429223744699,0,0.000,61.92237442922374429223744699,0.8767123287671232876712328768,0.5753424657534246575342465754,61.04566210045662100456621411,0E-28,0E-28,1692,1693,2039,ZBO,0.8767123287671232876712328768,0.5753424657534246575342465754,0.1684493651091511853380872070,0.1212835428785888534434227890
61.04566210045662100456621411,0,0.000,61.04566210045662100456621411,0.8767123287671232876712328768,0.5753424657534246575342465754,60.16894977168949771689498123,0E-28,0E-28,1693,1694,2039,ZBO,0.8767123287671232876712328768,0.5753424657534246575342465754,0.1660474135234878338650153360,0.1195541377369112403828110419
60.16894977168949771689498123,0,0.000,60.16894977168949771689498123,0.8767123287671232876712328768,0.5753424657534246575342465754,59.29223744292237442922374835,0E-28,0E-28,1694,1695,2039,ZBO,0.8767123287671232876712328768,0.5753424657534246575342465754,0.1636454619378244823919434652,0.1178247325952336273221992949
59.29223744292237442922374835,0,0.000,59.29223744292237442922374835,0.8767123287671232876712328768,0.5753424657534246575342465754,58.41552511415525114155251547,0E-28,0E-28,1695,1696,2039,ZBO,0.8767123287671232876712328768,0.5753424657534246575342465754,0.1612435103521611309188715943,0.1160953274535560142615875479
58.41552511415525114155251547,0,0.000,58.41552511415525114155251547,0.8767123287671232876712328768,0.5753424657534246575342465754,57.53881278538812785388128259,0E-28,0E-28,1696,1697,2039,ZBO,0.8767123287671232876712328768,0.5753424657534246575342465754,0.1588415587664977794457997234,0.1143659223118784012009758008
57.53881278538812785388128259,0,0.000,57.53881278538812785388128259,0.8767123287671232876712328768,0.5753424657534246575342465754,56.66210045662100456621004971,0E-28,0E-28,1697,1698,2039,ZBO,0.8767123287671232876712328768,0.5753424657534246575342465754,0.1564396071808344279727278525,0.1126365171702007881403640538
56.66210045662100456621004971,0,0.000,56.66210045662100456621004971,0.8767123287671232876712328768,0.5753424657534246575342465754,55.78538812785388127853881683,0E-28,0E-28,1698,1699,2039,ZBO,0.8767123287671232876712328768,0.5753424657534246575342465754,0.1540376555951710764996559815,0.1109071120285231750797523067
55.78538812785388127853881683,0,0.000,55.78538812785388127853881683,0.8767123287671232876712328768,0.5753424657534246575342465754,54.90867579908675799086758395,0E-28,0E-28,1699,1700,2039,ZBO,0.8767123287671232876712328768,0.5753424657534246575342465754,0.1516357040095077250265841107,0.1091777068868455620191405597
54.90867579908675799086758395,0,0.000,54.90867579908675799086758395,0.8767123287671232876712328768,0.5753424657534246575342465754,54.03196347031963470319635107,0E-28,0E-28,1700,1701,2039,ZBO,0.8767123287671232876712328768,0.5753424657534246575342465754,0.1492337524238443735535122397,0.1074483017451679489585288126
54.03196347031963470319635107,0,0.000,54.03196347031963470319635107,0.8767123287671232876712328768,0.5753424657534246575342465754,53.15525114155251141552511819,0E-28,0E-28,1701,1702,2039,ZBO,0.8767123287671232876712328768,0.5753424657534246575342465754,0.1468318008381810220804403689,0.1057188966034903358979170656
53.15525114155251141552511819,0,0.000,53.15525114155251141552511819,0.8767123287671232876712328768,0.5753424657534246575342465754,52.27853881278538812785388531,0E-28,0E-28,1702,1703,2039,ZBO,0.8767123287671232876712328768,0.5753424657534246575342465754,0.1444298492525176706073684980,0.1039894914618127228373053186
52.27853881278538812785388531,0,0.000,52.27853881278538812785388531,0.2922374429223744292237442922,0.1917808219178082191780821918,51.98630136986301369863014102,0E-28,0E-28,1703,5110/3,2039,ZBO,0.2922374429223744292237442922,0.1917808219178082191780821918,0.04760951606513625654177352799,0.03427885156689810471007694015
51.98630136986301369863014102,27.82765330079677592294751631,0.3339318396095613110753701957,79.48002283105022831050228713,0.5844748858447488584474885846,0.3835616438356164383561643837,78.89554794520547945205479855,0E-28,0E-28,5110/3,1704,2039,ZBO,0.5844748858447488584474885846,0.3835616438356164383561643837,0.1446352244532015596005087541,0.1041373616063051229123663030
78.89554794520547945205479855,0,0.000,78.89554794520547945205479855,0.8767123287671232876712328768,0.5753424657534246575342465754,78.01883561643835616438356567,0E-28,0E-28,1704,1705,2039,ZBO,0.8767123287671232876712328768,0.5753424657534246575342465754,0.2149512103584162131732032387,0.1547648714580596734847063319
78.01883561643835616438356567,0,0.000,78.01883561643835616438356567,0.8767123287671232876712328768,0.5753424657534246575342465754,77.14212328767123287671233279,0E-28,0E-28,1705,1706,2039,ZBO,0.8767123287671232876712328768,0.5753424657534246575342465754,0.2125492587727528617001313678,0.1530354663163820604240945848
77.14212328767123287671233279,0,0.000,77.14212328767123287671233279,0.8767123287671232876712328768,0.5753424657534246575342465754,76.26541095890410958904109991,0E-28,0E-28,1706,1707,2039,ZBO,0.8767123287671232876712328768,0.5753424657534246575342465754,0.2101473071870895102270594969,0.1513060611747044473634828378
76.26541095890410958904109991,0,0.000,76.26541095890410958904109991,0.8767123287671232876712328768,0.5753424657534246575342465754,75.38869863013698630136986703,0E-28,0E-28,1707,1708,2039,ZBO,0.8767123287671232876712328768,0.5753424657534246575342465754,0.2077453556014261587539876259,0.1495766560330268343028710906
75.38869863013698630136986703,0,0.000,75.38869863013698630136986703,0.8767123287671232876712328768,0.5753424657534246575342465754,74.51198630136986301369863415,0E-28,0E-28,1708,1709,2039,ZBO,0.8767123287671232876712328768,0.5753424657534246575342465754,0.2053434040157628072809157551,0.1478472508913492212422593437
74.51198630136986301369863415,0,0.000,74.51198630136986301369863415,0.8767123287671232876712328768,0.5753424657534246575342465754,73.63527397260273972602740127,0E-28,0E-28,1709,1710,2039,ZBO,0.8767123287671232876712328768,0.5753424657534246575342465754,0.2029414524300994558078438841,0.1461178457496716081816475966
73.63527397260273972602740127,0,0.000,73.63527397260273972602740127,0.8767123287671232876712328768,0.5753424657534246575342465754,72.75856164383561643835616839,0E-28,0E-28,1710,1711,2039,ZBO,0.8767123287671232876712328768,0.5753424657534246575342465754,0.2005395008444361043347720133,0.1443884406079939951210358496
72.75856164383561643835616839,0,0.000,72.75856164383561643835616839,0.8767123287671232876712328768,0.5753424657534246575342465754,71.88184931506849315068493551,0E-28,0E-28,1711,1712,2039,ZBO,0.8767123287671232876712328768,0.5753424657534246575342465754,0.1981375492587727528617001423,0.1426590354663163820604241025
71.88184931506849315068493551,0,0.000,71.88184931506849315068493551,0.8767123287671232876712328768,0.5753424657534246575342465754,71.00513698630136986301370263,0E-28,0E-28,1712,1713,2039,ZBO,0.8767123287671232876712328768,0.5753424657534246575342465754,0.1957355976731094013886282714,0.1409296303246387689998123554
71.00513698630136986301370263,0,0.000,71.00513698630136986301370263,0.8767123287671232876712328768,0.5753424657534246575342465754,70.12842465753424657534246975,0E-28,0E-28,1713,1714,2039,ZBO,0.8767123287671232876712328768,0.5753424657534246575342465754,0.1933336460874460499155564006,0.1392002251829611559392006084
70.12842465753424657534246975,0,0.000,70.12842465753424657534246975,0.8767123287671232876712328768,0.5753424657534246575342465754,69.25171232876712328767123687,0E-28,0E-28,1714,1715,2039,ZBO,0.8767123287671232876712328768,0.5753424657534246575342465754,0.1909316945017826984424845296,0.1374708200412835428785888613
69.25171232876712328767123687,0,0.000,69.25171232876712328767123687,0.8767123287671232876712328768,0.5753424657534246575342465754,68.37500000000000000000000399,0E-28,0E-28,1715,1716,2039,ZBO,0.8767123287671232876712328768,0.5753424657534246575342465754,0.1885297429161193469694126588,0.1357414148996059298179771143
68.37500000000000000000000399,0,0.000,68.37500000000000000000000399,0.8767123287671232876712328768,0.5753424657534246575342465754,67.49828767123287671232877111,0E-28,0E-28,1716,1717,2039,ZBO,0.8767123287671232876712328768,0.5753424657534246575342465754,0.1861277913304559954963407878,0.1340120097579283167573653672
67.49828767123287671232877111,0,0.000,67.49828767123287671232877111,0.8767123287671232876712328768,0.5753424657534246575342465754,66.62157534246575342465753823,0E-28,0E-28,1717,1718,2039,ZBO,0.8767123287671232876712328768,0.5753424657534246575342465754,0.1837258397447926440232689169,0.1322826046162507036967536202
66.62157534246575342465753823,0,0.000,66.62157534246575342465753823,0.8767123287671232876712328768,0.5753424657534246575342465754,65.74486301369863013698630535,0E-28,0E-28,1718,1719,2039,ZBO,0.8767123287671232876712328768,0.5753424657534246575342465754,0.1813238881591292925501970460,0.1305531994745730906361418731
65.74486301369863013698630535,0,0.000,65.74486301369863013698630535,0.8767123287671232876712328768,0.5753424657534246575342465754,64.86815068493150684931507247,0E-28,0E-28,1719,1720,2039,ZBO,0.8767123287671232876712328768,0.5753424657534246575342465754,0.1789219365734659410771251751,0.1288237943328954775755301261
64.86815068493150684931507247,0,0.000,64.86815068493150684931507247,0.8767123287671232876712328768,0.5753424657534246575342465754,63.99143835616438356164383959,0E-28,0E-28,1720,1721,2039,ZBO,0.8767123287671232876712328768,0.5753424657534246575342465754,0.1765199849878025896040533043,0.1270943891912178645149183791
63.99143835616438356164383959,0,0.000,63.99143835616438356164383959,0.8767123287671232876712328768,0.5753424657534246575342465754,63.11472602739726027397260671,0E-28,0E-28,1721,1722,2039,ZBO,0.8767123287671232876712328768,0.5753424657534246575342465754,0.1741180334021392381309814333,0.1253649840495402514543066320
63.11472602739726027397260671,0,0.000,63.11472602739726027397260671,0.8767123287671232876712328768,0.5753424657534246575342465754,62.23801369863013698630137383,0E-28,0E-28,1722,1723,2039,ZBO,0.8767123287671232876712328768,0.5753424657534246575342465754,0.1717160818164758866579095623,0.1236355789078626383936948849
62.23801369863013698630137383,0,0.000,62.23801369863013698630137383,0.8767123287671232876712328768,0.5753424657534246575342465754,61.36130136986301369863014095,0E-28,0E-28,1723,1724,2039,ZBO,0.8767123287671232876712328768,0.5753424657534246575342465754,0.1693141302308125351848376915,0.1219061737661850253330831379
61.36130136986301369863014095,0,0.000,61.36130136986301369863014095,0.8767123287671232876712328768,0.5753424657534246575342465754,60.48458904109589041095890807,0E-28,0E-28,1724,1725,2039,ZBO,0.8767123287671232876712328768,0.5753424657534246575342465754,0.1669121786451491837117658206,0.1201767686245074122724713908
60.48458904109589041095890807,0,0.000,60.48458904109589041095890807,0.8767123287671232876712328768,0.5753424657534246575342465754,59.60787671232876712328767519,0E-28,0E-28,1725,1726,2039,ZBO,0.8767123287671232876712328768,0.5753424657534246575342465754,0.1645102270594858322386939497,0.1184473634828297992118596438
59.60787671232876712328767519,0,0.000,59.60787671232876712328767519,0.8767123287671232876712328768,0.5753424657534246575342465754,58.73116438356164383561644231,0E-28,0E-28,1726,1727,2039,ZBO,0.8767123287671232876712328768,0.5753424657534246575342465754,0.1621082754738224807656220788,0.1167179583411521861512478967
58.73116438356164383561644231,0,0.000,58.73116438356164383561644231,0.8767123287671232876712328768,0.5753424657534246575342465754,57.85445205479452054794520943,0E-28,0E-28,1727,1728,2039,ZBO,0.8767123287671232876712328768,0.5753424657534246575342465754,0.1597063238881591292925502078,0.1149885531994745730906361496
57.85445205479452054794520943,0,0.000,57.85445205479452054794520943,0.8767123287671232876712328768,0.5753424657534246575342465754,56.97773972602739726027397655,0E-28,0E-28,1728,1729,2039,ZBO,0.8767123287671232876712328768,0.5753424657534246575342465754,0.1573043723024957778194783370,0.1132591480577969600300244026
56.97773972602739726027397655,0,0.000,56.97773972602739726027397655,0.8767123287671232876712328768,0.5753424657534246575342465754,56.10102739726027397260274367,0E-28,0E-28,1729,1730,2039,ZBO,0.8767123287671232876712328768,0.5753424657534246575342465754,0.1549024207168324263464064660,0.1115297429161193469694126555
56.10102739726027397260274367,0,0.000,56.10102739726027397260274367,0.8767123287671232876712328768,0.5753424657534246575342465754,55.22431506849315068493151079,0E-28,0E-28,1730,1731,2039,ZBO,0.8767123287671232876712328768,0.5753424657534246575342465754,0.1525004691311690748733345952,0.1098003377744417339088009085
55.22431506849315068493151079,0,0.000,55.22431506849315068493151079,0.8767123287671232876712328768,0.5753424657534246575342465754,54.34760273972602739726027791,0E-28,0E-28,1731,1732,2039,ZBO,0.8767123287671232876712328768,0.5753424657534246575342465754,0.1500985175455057234002627243,0.1080709326327641208481891615
54.34760273972602739726027791,0,0.000,54.34760273972602739726027791,0.8767123287671232876712328768,0.5753424657534246575342465754,53.47089041095890410958904503,0E-28,0E-28,1732,1733,2039,ZBO,0.8767123287671232876712328768,0.5753424657534246575342465754,0.1476965659598423719271908533,0.1063415274910865077875774144
53.47089041095890410958904503,0,0.000,53.47089041095890410958904503,0.6575342465753424657534246576,0.4315068493150684931506849316,52.81335616438356164383562037,0E-28,0E-28,1733,6935/4,2039,ZBO,0.6575342465753424657534246576,0.4315068493150684931506849316,0.1091961437417902045411897247,0.07862122349408894726965660178
52.81335616438356164383562037,27.82765330079677592294751631,0.3339318396095613110753701957,80.30707762557077625570776648,0.2191780821917808219178082192,0.1438356164383561643835616438,80.08789954337899543378995826,0E-28,0E-28,6935/4,1734,2039,ZBO,0.2191780821917808219178082192,0.1438356164383561643835616438,0.05492978670169512729092387832,0.03954944642522049164946519239
80.08789954337899543378995826,0,0.000,80.08789954337899543378995826,0.8767123287671232876712328768,0.5753424657534246575342465754,79.21118721461187214611872538,0E-28,0E-28,1734,1735,2039,ZBO,0.8767123287671232876712328768,0.5753424657534246575342465754,0.2182179270657409144930255940,0.1571169074873334584349784277
79.21118721461187214611872538,0,0.000,79.21118721461187214611872538,0.8767123287671232876712328768,0.5753424657534246575342465754,78.33447488584474885844749250,0E-28,0E-28,1735,1736,2039,ZBO,0.8767123287671232876712328768,0.5753424657534246575342465754,0.2158159754800775630199537232,0.1553875023456558453743666807
78.33447488584474885844749250,0,0.000,78.33447488584474885844749250,0.8767123287671232876712328768,0.5753424657534246575342465754,77.45776255707762557077625962,0E-28,0E-28,1736,1737,2039,ZBO,0.8767123287671232876712328768,0.5753424657534246575342465754,0.2134140238944142115468818522,0.1536580972039782323137549336
77.45776255707762557077625962,0,0.000,77.45776255707762557077625962,0.8767123287671232876712328768,0.5753424657534246575342465754,76.58105022831050228310502674,0E-28,0E-28,1737,1738,2039,ZBO,0.8767123287671232876712328768,0.5753424657534246575342465754,0.2110120723087508600738099814,0.1519286920623006192531431866
76.58105022831050228310502674,0,0.000,76.58105022831050228310502674,0.8767123287671232876712328768,0.5753424657534246575342465754,75.70433789954337899543379386,0E-28,0E-28,1738,1739,2039,ZBO,0.8767123287671232876712328768,0.5753424657534246575342465754,0.2086101207230875086007381104,0.1501992869206230061925314395
75.70433789954337899543379386,0,0.000,75.70433789954337899543379386,0.8767123287671232876712328768,0.5753424657534246575342465754,74.82762557077625570776256098,0E-28,0E-28,1739,1740,2039,ZBO,0.8767123287671232876712328768,0.5753424657534246575342465754,0.2062081691374241571276662395,0.1484698817789453931319196924
74.82762557077625570776256098,0,0.000,74.82762557077625570776256098,0.8767123287671232876712328768,0.5753424657534246575342465754,73.95091324200913242009132810,0E-28,0E-28,1740,1741,2039,ZBO,0.8767123287671232876712328768,0.5753424657534246575342465754,0.2038062175517608056545943687,0.1467404766372677800713079455
73.95091324200913242009132810,0,0.000,73.95091324200913242009132810,0.8767123287671232876712328768,0.5753424657534246575342465754,73.07420091324200913242009522,0E-28,0E-28,1741,1742,2039,ZBO,0.8767123287671232876712328768,0.5753424657534246575342465754,0.2014042659660974541815224977,0.1450110714955901670106961983
73.07420091324200913242009522,0,0.000,73.07420091324200913242009522,0.8767123287671232876712328768,0.5753424657534246575342465754,72.19748858447488584474886234,0E-28,0E-28,1742,1743,2039,ZBO,0.8767123287671232876712328768,0.5753424657534246575342465754,0.1990023143804341027084506269,0.1432816663539125539500844514
72.19748858447488584474886234,0,0.000,72.19748858447488584474886234,0.8767123287671232876712328768,0.5753424657534246575342465754,71.32077625570776255707762946,0E-28,0E-28,1743,1744,2039,ZBO,0.8767123287671232876712328768,0.5753424657534246575342465754,0.1966003627947707512353787559,0.1415522612122349408894727042
71.32077625570776255707762946,0,0.000,71.32077625570776255707762946,0.8767123287671232876712328768,0.5753424657534246575342465754,70.44406392694063926940639658,0E-28,0E-28,1744,1745,2039,ZBO,0.8767123287671232876712328768,0.5753424657534246575342465754,0.1941984112091073997623068850,0.1398228560705573278288609572
70.44406392694063926940639658,0,0.000,70.44406392694063926940639658,0.8767123287671232876712328768,0.5753424657534246575342465754,69.56735159817351598173516370,0E-28,0E-28,1745,1746,2039,ZBO,0.8767123287671232876712328768,0.5753424657534246575342465754,0.1917964596234440482892350141,0.1380934509288797147682492102
69.56735159817351598173516370,0,0.000,69.56735159817351598173516370,0.8767123287671232876712328768,0.5753424657534246575342465754,68.69063926940639269406393082,0E-28,0E-28,1746,1747,2039,ZBO,0.8767123287671232876712328768,0.5753424657534246575342465754,0.1893945080377806968161631432,0.1363640457872021017076374631
68.69063926940639269406393082,0,0.000,68.69063926940639269406393082,0.8767123287671232876712328768,0.5753424657534246575342465754,67.81392694063926940639269794,0E-28,0E-28,1747,1748,2039,ZBO,0.8767123287671232876712328768,0.5753424657534246575342465754,0.1869925564521173453430912723,0.1346346406455244886470257161
67.81392694063926940639269794,0,0.000,67.81392694063926940639269794,0.8767123287671232876712328768,0.5753424657534246575342465754,66.93721461187214611872146506,0E-28,0E-28,1748,1749,2039,ZBO,0.8767123287671232876712328768,0.5753424657534246575342465754,0.1845906048664539938700194014,0.1329052355038468755864139690
66.93721461187214611872146506,0,0.000,66.93721461187214611872146506,0.8767123287671232876712328768,0.5753424657534246575342465754,66.06050228310502283105023218,0E-28,0E-28,1749,1750,2039,ZBO,0.8767123287671232876712328768,0.5753424657534246575342465754,0.1821886532807906423969475304,0.1311758303621692625258022219
66.06050228310502283105023218,0,0.000,66.06050228310502283105023218,0.8767123287671232876712328768,0.5753424657534246575342465754,65.18378995433789954337899930,0E-28,0E-28,1750,1751,2039,ZBO,0.8767123287671232876712328768,0.5753424657534246575342465754,0.1797867016951272909238756596,0.1294464252204916494651904749
65.18378995433789954337899930,0,0.000,65.18378995433789954337899930,0.8767123287671232876712328768,0.5753424657534246575342465754,64.30707762557077625570776642,0E-28,0E-28,1751,1752,2039,ZBO,0.8767123287671232876712328768,0.5753424657534246575342465754,0.1773847501094639394508037886,0.1277170200788140364045787278
64.30707762557077625570776642,0,0.000,64.30707762557077625570776642,0.8767123287671232876712328768,0.5753424657534246575342465754,63.43036529680365296803653354,0E-28,0E-28,1752,1753,2039,ZBO,0.8767123287671232876712328768,0.5753424657534246575342465754,0.1749827985238005879777319178,0.1259876149371364233439669808
63.43036529680365296803653354,0,0.000,63.43036529680365296803653354,0.8767123287671232876712328768,0.5753424657534246575342465754,62.55365296803652968036530066,0E-28,0E-28,1753,1754,2039,ZBO,0.8767123287671232876712328768,0.5753424657534246575342465754,0.1725808469381372365046600469,0.1242582097954588102833552338
62.55365296803652968036530066,0,0.000,62.55365296803652968036530066,0.8767123287671232876712328768,0.5753424657534246575342465754,61.67694063926940639269406778,0E-28,0E-28,1754,1755,2039,ZBO,0.8767123287671232876712328768,0.5753424657534246575342465754,0.1701788953524738850315881759,0.1225288046537811972227434866
61.67694063926940639269406778,0,0.000,61.67694063926940639269406778,0.8767123287671232876712328768,0.5753424657534246575342465754,60.80022831050228310502283490,0E-28,0E-28,1755,1756,2039,ZBO,0.8767123287671232876712328768,0.5753424657534246575342465754,0.1677769437668105335585163051,0.1207993995121035841621317397
60.80022831050228310502283490,0,0.000,60.80022831050228310502283490,0.8767123287671232876712328768,0.5753424657534246575342465754,59.92351598173515981735160202,0E-28,0E-28,1756,1757,2039,ZBO,0.8767123287671232876712328768,0.5753424657534246575342465754,0.1653749921811471820854444341,0.1190699943704259711015199926
59.92351598173515981735160202,0,0.000,59.92351598173515981735160202,0.8767123287671232876712328768,0.5753424657534246575342465754,59.04680365296803652968036914,0E-28,0E-28,1757,1758,2039,ZBO,0.8767123287671232876712328768,0.5753424657534246575342465754,0.1629730405954838306123725633,0.1173405892287483580409082456
59.04680365296803652968036914,0,0.000,59.04680365296803652968036914,0.8767123287671232876712328768,0.5753424657534246575342465754,58.17009132420091324200913626,0E-28,0E-28,1758,1759,2039,ZBO,0.8767123287671232876712328768,0.5753424657534246575342465754,0.1605710890098204791393006923,0.1156111840870707449802964985
58.17009132420091324200913626,0,0.000,58.17009132420091324200913626,0.8767123287671232876712328768,0.5753424657534246575342465754,57.29337899543378995433790338,0E-28,0E-28,1759,1760,2039,ZBO,0.8767123287671232876712328768,0.5753424657534246575342465754,0.1581691374241571276662288214,0.1138817789453931319196847514
57.29337899543378995433790338,0,0.000,57.29337899543378995433790338,0.8767123287671232876712328768,0.5753424657534246575342465754,56.41666666666666666666667050,0E-28,0E-28,1760,1761,2039,ZBO,0.8767123287671232876712328768,0.5753424657534246575342465754,0.1557671858384937761931569506,0.1121523738037155188590730044
56.41666666666666666666667050,0,0.000,56.41666666666666666666667050,0.8767123287671232876712328768,0.5753424657534246575342465754,55.53995433789954337899543762,0E-28,0E-28,1761,1762,2039,ZBO,0.8767123287671232876712328768,0.5753424657534246575342465754,0.1533652342528304247200850796,0.1104229686620379057984612573
55.53995433789954337899543762,0,0.000,55.53995433789954337899543762,0.8767123287671232876712328768,0.5753424657534246575342465754,54.66324200913242009132420474,0E-28,0E-28,1762,1763,2039,ZBO,0.8767123287671232876712328768,0.5753424657534246575342465754,0.1509632826671670732470132088,0.1086935635203602927378495103
54.66324200913242009132420474,0,0.000,54.66324200913242009132420474,0.8767123287671232876712328768,0.5753424657534246575342465754,53.78652968036529680365297186,0E-28,0E-28,1763,1764,2039,ZBO,0.8767123287671232876712328768,0.5753424657534246575342465754,0.1485613310815037217739413378,0.1069641583786826796772377632
53.78652968036529680365297186,0,0.000,53.78652968036529680365297186,0.1461187214611872146118721461,0.09589041095890410958904109591,53.64041095890410958904109971,0E-28,0E-29,1764,10585/6,2039,ZBO,0.1461187214611872146118721461,0.09589041095890410958904109591,0.02452669877608890556910823553,0.01765922311878401200975792958
53.64041095890410958904109971,27.82765330079677592294751631,0.3339318396095613110753701957,81.13413242009132420091324582,0.7305936073059360730593607306,0.4794520547945205479452054794,80.40353881278538812785388509,0E-28,0E-28,10585/6,1765,2039,ZBO,0.7305936073059360730593607306,0.4794520547945205479452054794,0.1844037342841058359917433001,0.1327706886845562019140551761
80.40353881278538812785388509,0,0.000,80.40353881278538812785388509,0.8767123287671232876712328768,0.5753424657534246575342465754,79.52682648401826484018265221,0E-28,0E-28,1765,1766,2039,ZBO,0.8767123287671232876712328768,0.5753424657534246575342465754,0.2190826921874022643397760785,0.1577395383749296303246387765
79.52682648401826484018265221,0,0.000,79.52682648401826484018265221,0.8767123287671232876712328768,0.5753424657534246575342465754,78.65011415525114155251141933,0E-28,0E-28,1766,1767,2039,ZBO,0.8767123287671232876712328768,0.5753424657534246575342465754,0.2166807406017389128667042076,0.1560101332332520172640270295
78.65011415525114155251141933,0,0.000,78.65011415525114155251141933,0.8767123287671232876712328768,0.5753424657534246575342465754,77.77340182648401826484018645,0E-28,0E-28,1767,1768,2039,ZBO,0.8767123287671232876712328768,0.5753424657534246575342465754,0.2142787890160755613936323367,0.1542807280915744042034152824
77.77340182648401826484018645,0,0.000,77.77340182648401826484018645,0.8767123287671232876712328768,0.5753424657534246575342465754,76.89668949771689497716895357,0E-28,0E-28,1768,1769,2039,ZBO,0.8767123287671232876712328768,0.5753424657534246575342465754,0.2118768374304122099205604658,0.1525513229498967911428035354
76.89668949771689497716895357,0,0.000,76.89668949771689497716895357,0.8767123287671232876712328768,0.5753424657534246575342465754,76.01997716894977168949772069,0E-28,0E-28,1769,1770,2039,ZBO,0.8767123287671232876712328768,0.5753424657534246575342465754,0.2094748858447488584474885950,0.1508219178082191780821917884
76.01997716894977168949772069,0,0.000,76.01997716894977168949772069,0.8767123287671232876712328768,0.5753424657534246575342465754,75.14326484018264840182648781,0E-28,0E-28,1770,1771,2039,ZBO,0.8767123287671232876712328768,0.5753424657534246575342465754,0.2070729342590855069744167240,0.1490925126665415650215800413
75.14326484018264840182648781,0,0.000,75.14326484018264840182648781,0.8767123287671232876712328768,0.5753424657534246575342465754,74.26655251141552511415525493,0E-28,0E-28,1771,1772,2039,ZBO,0.8767123287671232876712328768,0.5753424657534246575342465754,0.2046709826734221555013448530,0.1473631075248639519609682942
74.26655251141552511415525493,0,0.000,74.26655251141552511415525493,0.8767123287671232876712328768,0.5753424657534246575342465754,73.38984018264840182648402205,0E-28,0E-28,1772,1773,2039,ZBO,0.8767123287671232876712328768,0.5753424657534246575342465754,0.2022690310877588040282729822,0.1456337023831863389003565472
73.38984018264840182648402205,0,0.000,73.38984018264840182648402205,0.8767123287671232876712328768,0.5753424657534246575342465754,72.51312785388127853881278917,0E-28,0E-28,1773,1774,2039,ZBO,0.8767123287671232876712328768,0.5753424657534246575342465754,0.1998670795020954525552011113,0.1439042972415087258397448001
72.51312785388127853881278917,0,0.000,72.51312785388127853881278917,0.8767123287671232876712328768,0.5753424657534246575342465754,71.63641552511415525114155629,0E-28,0E-28,1774,1775,2039,ZBO,0.8767123287671232876712328768,0.5753424657534246575342465754,0.1974651279164321010821292404,0.1421748920998311127791330531
71.63641552511415525114155629,0,0.000,71.63641552511415525114155629,0.8767123287671232876712328768,0.5753424657534246575342465754,70.75970319634703196347032341,0E-28,0E-28,1775,1776,2039,ZBO,0.8767123287671232876712328768,0.5753424657534246575342465754,0.1950631763307687496090573695,0.1404454869581534997185213060
70.75970319634703196347032341,0,0.000,70.75970319634703196347032341,0.8767123287671232876712328768,0.5753424657534246575342465754,69.88299086757990867579909053,0E-28,0E-28,1776,1777,2039,ZBO,0.8767123287671232876712328768,0.5753424657534246575342465754,0.1926612247451053981359854985,0.1387160818164758866579095589
69.88299086757990867579909053,0,0.000,69.88299086757990867579909053,0.8767123287671232876712328768,0.5753424657534246575342465754,69.00627853881278538812785765,0E-28,0E-28,1777,1778,2039,ZBO,0.8767123287671232876712328768,0.5753424657534246575342465754,0.1902592731594420466629136277,0.1369866766747982735972978119
69.00627853881278538812785765,0,0.000,69.00627853881278538812785765,0.8767123287671232876712328768,0.5753424657534246575342465754,68.12956621004566210045662477,0E-28,0E-28,1778,1779,2039,ZBO,0.8767123287671232876712328768,0.5753424657534246575342465754,0.1878573215737786951898417567,0.1352572715331206605366860648
68.12956621004566210045662477,0,0.000,68.12956621004566210045662477,0.8767123287671232876712328768,0.5753424657534246575342465754,67.25285388127853881278539189,0E-28,0E-28,1779,1780,2039,ZBO,0.8767123287671232876712328768,0.5753424657534246575342465754,0.1854553699881153437167698859,0.1335278663914430474760743178
67.25285388127853881278539189,0,0.000,67.25285388127853881278539189,0.8767123287671232876712328768,0.5753424657534246575342465754,66.37614155251141552511415901,0E-28,0E-28,1780,1781,2039,ZBO,0.8767123287671232876712328768,0.5753424657534246575342465754,0.1830534184024519922436980149,0.1317984612497654344154625707
66.37614155251141552511415901,0,0.000,66.37614155251141552511415901,0.8767123287671232876712328768,0.5753424657534246575342465754,65.49942922374429223744292613,0E-28,0E-28,1781,1782,2039,ZBO,0.8767123287671232876712328768,0.5753424657534246575342465754,0.1806514668167886407706261440,0.1300690561080878213548508237
65.49942922374429223744292613,0,0.000,65.49942922374429223744292613,0.8767123287671232876712328768,0.5753424657534246575342465754,64.62271689497716894977169325,0E-28,0E-28,1782,1783,2039,ZBO,0.8767123287671232876712328768,0.5753424657534246575342465754,0.1782495152311252892975542732,0.1283396509664102082942390767
64.62271689497716894977169325,0,0.000,64.62271689497716894977169325,0.8767123287671232876712328768,0.5753424657534246575342465754,63.74600456621004566210046037,0E-28,0E-28,1783,1784,2039,ZBO,0.8767123287671232876712328768,0.5753424657534246575342465754,0.1758475636454619378244824022,0.1266102458247325952336273296
63.74600456621004566210046037,0,0.000,63.74600456621004566210046037,0.8767123287671232876712328768,0.5753424657534246575342465754,62.86929223744292237442922749,0E-28,0E-28,1784,1785,2039,ZBO,0.8767123287671232876712328768,0.5753424657534246575342465754,0.1734456120597985863514105314,0.1248808406830549821730155826
62.86929223744292237442922749,0,0.000,62.86929223744292237442922749,0.8767123287671232876712328768,0.5753424657534246575342465754,61.99257990867579908675799461,0E-28,0E-28,1785,1786,2039,ZBO,0.8767123287671232876712328768,0.5753424657534246575342465754,0.1710436604741352348783386604,0.1231514355413773691124038355
61.99257990867579908675799461,0,0.000,61.99257990867579908675799461,0.8767123287671232876712328768,0.5753424657534246575342465754,61.11586757990867579908676173,0E-28,0E-28,1786,1787,2039,ZBO,0.8767123287671232876712328768,0.5753424657534246575342465754,0.1686417088884718834052667895,0.1214220303996997560517920884
61.11586757990867579908676173,0,0.000,61.11586757990867579908676173,0.8767123287671232876712328768,0.5753424657534246575342465754,60.23915525114155251141552885,0E-28,0E-28,1787,1788,2039,ZBO,0.8767123287671232876712328768,0.5753424657534246575342465754,0.1662397573028085319321949186,0.1196926252580221429911803414
60.23915525114155251141552885,0,0.000,60.23915525114155251141552885,0.8767123287671232876712328768,0.5753424657534246575342465754,59.36244292237442922374429597,0E-28,0E-28,1788,1789,2039,ZBO,0.8767123287671232876712328768,0.5753424657534246575342465754,0.1638378057171451804591230477,0.1179632201163445299305685943
59.36244292237442922374429597,0,0.000,59.36244292237442922374429597,0.8767123287671232876712328768,0.5753424657534246575342465754,58.48573059360730593607306309,0E-28,0E-28,1789,1790,2039,ZBO,0.8767123287671232876712328768,0.5753424657534246575342465754,0.1614358541314818289860511769,0.1162338149746669168699568474
58.48573059360730593607306309,0,0.000,58.48573059360730593607306309,0.8767123287671232876712328768,0.5753424657534246575342465754,57.60901826484018264840183021,0E-28,0E-28,1790,1791,2039,ZBO,0.8767123287671232876712328768,0.5753424657534246575342465754,0.1590339025458184775129793059,0.1145044098329893038093451002
57.60901826484018264840183021,0,0.000,57.60901826484018264840183021,0.8767123287671232876712328768,0.5753424657534246575342465754,56.73230593607305936073059733,0E-28,0E-28,1791,1792,2039,ZBO,0.8767123287671232876712328768,0.5753424657534246575342465754,0.1566319509601551260399074349,0.1127750046913116907487333531
56.73230593607305936073059733,0,0.000,56.73230593607305936073059733,0.8767123287671232876712328768,0.5753424657534246575342465754,55.85559360730593607305936445,0E-28,0E-28,1792,1793,2039,ZBO,0.8767123287671232876712328768,0.5753424657534246575342465754,0.1542299993744917745668355641,0.1110455995496340776881216062
55.85559360730593607305936445,0,0.000,55.85559360730593607305936445,0.8767123287671232876712328768,0.5753424657534246575342465754,54.97888127853881278538813157,0E-28,0E-28,1793,1794,2039,ZBO,0.8767123287671232876712328768,0.5753424657534246575342465754,0.1518280477888284230937636932,0.1093161944079564646275098591
54.97888127853881278538813157,0,0.000,54.97888127853881278538813157,0.5114155251141552511415525114,0.3356164383561643835616438356,54.46746575342465753424657906,0E-28,0E-28,1794,21535/12,2039,ZBO,0.5114155251141552511415525114,0.3356164383561643835616438356,0.08745712662371510185358938061,0.06296913116907487333458435404
54.46746575342465753424657906,27.82765330079677592294751654,0.3339318396095613110753701985,81.96118721461187214611872540,0.3652968036529680365296803654,0.2397260273972602739726027398,81.59589041095890410958904503,0E-28,0E-28,21535/12,1795,2039,ZBO,0.3652968036529680365296803654,0.2397260273972602739726027398,0.09335449636162715539709347629,0.06721523738037155188590730293
81.59589041095890410958904503,0,0.000,81.59589041095890410958904503,0.8767123287671232876712328768,0.5753424657534246575342465754,80.71917808219178082191781215,0E-28,0E-28,1795,1796,2039,ZBO,0.8767123287671232876712328768,0.5753424657534246575342465754,0.2223494088947269656595984345,0.1600915744042034152749108728
80.71917808219178082191781215,0,0.000,80.71917808219178082191781215,0.8767123287671232876712328768,0.5753424657534246575342465754,79.84246575342465753424657927,0E-28,0E-28,1796,1797,2039,ZBO,0.8767123287671232876712328768,0.5753424657534246575342465754,0.2199474573090636141865265636,0.1583621692625258022142991258
79.84246575342465753424657927,0,0.000,79.84246575342465753424657927,0.8767123287671232876712328768,0.5753424657534246575342465754,78.96575342465753424657534639,0E-28,0E-28,1797,1798,2039,ZBO,0.8767123287671232876712328768,0.5753424657534246575342465754,0.2175455057234002627134546928,0.1566327641208481891536873788
78.96575342465753424657534639,0,0.000,78.96575342465753424657534639,0.8767123287671232876712328768,0.5753424657534246575342465754,78.08904109589041095890411351,0E-28,0E-28,1798,1799,2039,ZBO,0.8767123287671232876712328768,0.5753424657534246575342465754,0.2151435541377369112403828218,0.1549033589791705760930756317
78.08904109589041095890411351,0,0.000,78.08904109589041095890411351,0.8767123287671232876712328768,0.5753424657534246575342465754,77.21232876712328767123288063,0E-28,0E-28,1799,1800,2039,ZBO,0.8767123287671232876712328768,0.5753424657534246575342465754,0.2127416025520735597673109508,0.1531739538374929630324638846
77.21232876712328767123288063,0,0.000,77.21232876712328767123288063,0.8767123287671232876712328768,0.5753424657534246575342465754,76.33561643835616438356164775,0E-28,0E-28,1800,1801,2039,ZBO,0.8767123287671232876712328768,0.5753424657534246575342465754,0.2103396509664102082942390800,0.1514445486958153499718521376
76.33561643835616438356164775,0,0.000,76.33561643835616438356164775,0.8767123287671232876712328768,0.5753424657534246575342465754,75.45890410958904109589041487,0E-28,0E-28,1801,1802,2039,ZBO,0.8767123287671232876712328768,0.5753424657534246575342465754,0.2079376993807468568211672091,0.1497151435541377369112403906
75.45890410958904109589041487,0,0.000,75.45890410958904109589041487,0.8767123287671232876712328768,0.5753424657534246575342465754,74.58219178082191780821918199,0E-28,0E-28,1802,1803,2039,ZBO,0.8767123287671232876712328768,0.5753424657534246575342465754,0.2055357477950835053480953382,0.1479857384124601238506286435
74.58219178082191780821918199,0,0.000,74.58219178082191780821918199,0.8767123287671232876712328768,0.5753424657534246575342465754,73.70547945205479452054794911,0E-28,0E-28,1803,1804,2039,ZBO,0.8767123287671232876712328768,0.5753424657534246575342465754,0.2031337962094201538750234673,0.1462563332707825107900168965
73.70547945205479452054794911,0,0.000,73.70547945205479452054794911,0.8767123287671232876712328768,0.5753424657534246575342465754,72.82876712328767123287671623,0E-28,0E-28,1804,1805,2039,ZBO,0.8767123287671232876712328768,0.5753424657534246575342465754,0.2007318446237568024019515963,0.1445269281291048977294051493
72.82876712328767123287671623,0,0.000,72.82876712328767123287671623,0.8767123287671232876712328768,0.5753424657534246575342465754,71.95205479452054794520548335,0E-28,0E-28,1805,1806,2039,ZBO,0.8767123287671232876712328768,0.5753424657534246575342465754,0.1983298930380934509288797255,0.1427975229874272846687934024
71.95205479452054794520548335,0,0.000,71.95205479452054794520548335,0.8767123287671232876712328768,0.5753424657534246575342465754,71.07534246575342465753425047,0E-28,0E-28,1806,1807,2039,ZBO,0.8767123287671232876712328768,0.5753424657534246575342465754,0.1959279414524300994558078545,0.1410681178457496716081816552
71.07534246575342465753425047,0,0.000,71.07534246575342465753425047,0.8767123287671232876712328768,0.5753424657534246575342465754,70.19863013698630136986301759,0E-28,0E-28,1807,1808,2039,ZBO,0.8767123287671232876712328768,0.5753424657534246575342465754,0.1935259898667667479827359837,0.1393387127040720585475699083
70.19863013698630136986301759,0,0.000,70.19863013698630136986301759,0.8767123287671232876712328768,0.5753424657534246575342465754,69.32191780821917808219178471,0E-28,0E-28,1808,1809,2039,ZBO,0.8767123287671232876712328768,0.5753424657534246575342465754,0.1911240382811033965096641128,0.1376093075623944454869581612
69.32191780821917808219178471,0,0.000,69.32191780821917808219178471,0.8767123287671232876712328768,0.5753424657534246575342465754,68.44520547945205479452055183,0E-28,0E-28,1809,1810,2039,ZBO,0.8767123287671232876712328768,0.5753424657534246575342465754,0.1887220866954400450365922418,0.1358799024207168324263464141
68.44520547945205479452055183,0,0.000,68.44520547945205479452055183,0.8767123287671232876712328768,0.5753424657534246575342465754,67.56849315068493150684931895,0E-28,0E-28,1810,1811,2039,ZBO,0.8767123287671232876712328768,0.5753424657534246575342465754,0.1863201351097766935635203710,0.1341504972790392193657346671
67.56849315068493150684931895,0,0.000,67.56849315068493150684931895,0.8767123287671232876712328768,0.5753424657534246575342465754,66.69178082191780821917808607,0E-28,0E-28,1811,1812,2039,ZBO,0.8767123287671232876712328768,0.5753424657534246575342465754,0.1839181835241133420904485000,0.1324210921373616063051229200
66.69178082191780821917808607,0,0.000,66.69178082191780821917808607,0.8767123287671232876712328768,0.5753424657534246575342465754,65.81506849315068493150685319,0E-28,0E-28,1812,1813,2039,ZBO,0.8767123287671232876712328768,0.5753424657534246575342465754,0.1815162319384499906173766292,0.1306916869956839932445111730
65.81506849315068493150685319,0,0.000,65.81506849315068493150685319,0.8767123287671232876712328768,0.5753424657534246575342465754,64.93835616438356164383562031,0E-28,0E-28,1813,1814,2039,ZBO,0.8767123287671232876712328768,0.5753424657534246575342465754,0.1791142803527866391443047582,0.1289622818540063801838994259
64.93835616438356164383562031,0,0.000,64.93835616438356164383562031,0.8767123287671232876712328768,0.5753424657534246575342465754,64.06164383561643835616438743,0E-28,0E-28,1814,1815,2039,ZBO,0.8767123287671232876712328768,0.5753424657534246575342465754,0.1767123287671232876712328873,0.1272328767123287671232876789
64.06164383561643835616438743,0,0.000,64.06164383561643835616438743,0.8767123287671232876712328768,0.5753424657534246575342465754,63.18493150684931506849315455,0E-28,0E-28,1815,1816,2039,ZBO,0.8767123287671232876712328768,0.5753424657534246575342465754,0.1743103771814599361981610165,0.1255034715706511540626759319
63.18493150684931506849315455,0,0.000,63.18493150684931506849315455,0.8767123287671232876712328768,0.5753424657534246575342465754,62.30821917808219178082192167,0E-28,0E-28,1816,1817,2039,ZBO,0.8767123287671232876712328768,0.5753424657534246575342465754,0.1719084255957965847250891455,0.1237740664289735410020641848
62.30821917808219178082192167,0,0.000,62.30821917808219178082192167,0.8767123287671232876712328768,0.5753424657534246575342465754,61.43150684931506849315068879,0E-28,0E-28,1817,1818,2039,ZBO,0.8767123287671232876712328768,0.5753424657534246575342465754,0.1695064740101332332520172747,0.1220446612872959279414524378
61.43150684931506849315068879,0,0.000,61.43150684931506849315068879,0.8767123287671232876712328768,0.5753424657534246575342465754,60.55479452054794520547945591,0E-28,0E-28,1818,1819,2039,ZBO,0.8767123287671232876712328768,0.5753424657534246575342465754,0.1671045224244698817789454037,0.1203152561456183148808406907
60.55479452054794520547945591,0,0.000,60.55479452054794520547945591,0.8767123287671232876712328768,0.5753424657534246575342465754,59.67808219178082191780822303,0E-28,0E-28,1819,1820,2039,ZBO,0.8767123287671232876712328768,0.5753424657534246575342465754,0.1647025708388065303058735328,0.1185858510039407018202289436
59.67808219178082191780822303,0,0.000,59.67808219178082191780822303,0.8767123287671232876712328768,0.5753424657534246575342465754,58.80136986301369863013699015,0E-28,0E-28,1820,1821,2039,ZBO,0.8767123287671232876712328768,0.5753424657534246575342465754,0.1623006192531431788328016619,0.1168564458622630887596171966
58.80136986301369863013699015,0,0.000,58.80136986301369863013699015,0.8767123287671232876712328768,0.5753424657534246575342465754,57.92465753424657534246575727,0E-28,0E-28,1821,1822,2039,ZBO,0.8767123287671232876712328768,0.5753424657534246575342465754,0.1598986676674798273597297910,0.1151270407205854756990054495
57.92465753424657534246575727,0,0.000,57.92465753424657534246575727,0.8767123287671232876712328768,0.5753424657534246575342465754,57.04794520547945205479452439,0E-28,0E-28,1822,1823,2039,ZBO,0.8767123287671232876712328768,0.5753424657534246575342465754,0.1574967160818164758866579202,0.1133976355789078626383937025
57.04794520547945205479452439,0,0.000,57.04794520547945205479452439,0.8767123287671232876712328768,0.5753424657534246575342465754,56.17123287671232876712329151,0E-28,0E-28,1823,1824,2039,ZBO,0.8767123287671232876712328768,0.5753424657534246575342465754,0.1550947644961531244135860492,0.1116682304372302495777819554
56.17123287671232876712329151,0,0.000,56.17123287671232876712329151,0.8767123287671232876712328768,0.5753424657534246575342465754,55.29452054794520547945205863,0E-28,0E-28,1824,1825,2039,ZBO,0.8767123287671232876712328768,0.5753424657534246575342465754,0.1526928129104897729405141782,0.1099388252955526365171702083
55.29452054794520547945205863,32.69196106705118961788031722,0.3923035328046142754145638066,87.59417808219178082191781204,1.068493150684931506849315069,0.6849315068493150684931506850,86.52568493150684931506849697,0E-27,0E-28,1825,1826,2040,ZBO,1.068493150684931506849315069,0.6849315068493150684931506850,0.2385203602927378495027209713,0.1717346594107712516419590993
86.52568493150684931506849697,0,0.000,86.52568493150684931506849697,1.068493150684931506849315069,0.6849315068493150684931506850,85.45719178082191780821918190,0E-27,0E-28,1826,1827,2040,ZBO,1.068493150684931506849315069,0.6849315068493150684931506850,0.2355929817977106398949146287,0.1696269468943516607243385327
85.45719178082191780821918190,0,0.000,85.45719178082191780821918190,1.068493150684931506849315069,0.6849315068493150684931506850,84.38869863013698630136986683,0E-27,0E-28,1827,1828,2040,ZBO,1.068493150684931506849315069,0.6849315068493150684931506850,0.2326656033026834302871082859,0.1675192343779320698067179658
84.38869863013698630136986683,0,0.000,84.38869863013698630136986683,1.068493150684931506849315069,0.6849315068493150684931506850,83.32020547945205479452055176,0E-27,0E-28,1828,1829,2040,ZBO,1.068493150684931506849315069,0.6849315068493150684931506850,0.2297382248076562206793019433,0.1654115218615124788890973992
83.32020547945205479452055176,0,0.000,83.32020547945205479452055176,1.068493150684931506849315069,0.6849315068493150684931506850,82.25171232876712328767123669,0E-27,0E-28,1829,1830,2040,ZBO,1.068493150684931506849315069,0.6849315068493150684931506850,0.2268108463126290110714956006,0.1633038093450928879714768324
82.25171232876712328767123669,0,0.000,82.25171232876712328767123669,1.068493150684931506849315069,0.6849315068493150684931506850,81.18321917808219178082192162,0E-27,0E-28,1830,1831,2040,ZBO,1.068493150684931506849315069,0.6849315068493150684931506850,0.2238834678176018014636892580,0.1611960968286732970538562658
81.18321917808219178082192162,0,0.000,81.18321917808219178082192162,1.068493150684931506849315069,0.6849315068493150684931506850,80.11472602739726027397260655,0E-27,0E-28,1831,1832,2040,ZBO,1.068493150684931506849315069,0.6849315068493150684931506850,0.2209560893225745918558829154,0.1590883843122537061362356991
80.11472602739726027397260655,0,0.000,80.11472602739726027397260655,1.068493150684931506849315069,0.6849315068493150684931506850,79.04623287671232876712329148,0E-27,0E-28,1832,1833,2040,ZBO,1.068493150684931506849315069,0.6849315068493150684931506850,0.2180287108275473822480765726,0.1569806717958341152186151323
79.04623287671232876712329148,0,0.000,79.04623287671232876712329148,1.068493150684931506849315069,0.6849315068493150684931506850,77.97773972602739726027397641,0E-27,0E-28,1833,1834,2040,ZBO,1.068493150684931506849315069,0.6849315068493150684931506850,0.2151013323325201726402702300,0.1548729592794145243009945656
77.97773972602739726027397641,0,0.000,77.97773972602739726027397641,1.068493150684931506849315069,0.6849315068493150684931506850,76.90924657534246575342466134,0E-27,0E-28,1834,1835,2040,ZBO,1.068493150684931506849315069,0.6849315068493150684931506850,0.2121739538374929630324638874,0.1527652467629949333833739989
76.90924657534246575342466134,0,0.000,76.90924657534246575342466134,1.068493150684931506849315069,0.6849315068493150684931506850,75.84075342465753424657534627,0E-27,0E-28,1835,1836,2040,ZBO,1.068493150684931506849315069,0.6849315068493150684931506850,0.2092465753424657534246575447,0.1506575342465753424657534322
75.84075342465753424657534627,0,0.000,75.84075342465753424657534627,1.068493150684931506849315069,0.6849315068493150684931506850,74.77226027397260273972603120,0E-27,0E-28,1836,1837,2040,ZBO,1.068493150684931506849315069,0.6849315068493150684931506850,0.2063191968474385438168512021,0.1485498217301557515481328655
74.77226027397260273972603120,0,0.000,74.77226027397260273972603120,1.068493150684931506849315069,0.6849315068493150684931506850,73.70376712328767123287671613,0E-27,0E-28,1837,1838,2040,ZBO,1.068493150684931506849315069,0.6849315068493150684931506850,0.2033918183524113342090448593,0.1464421092137361606305122987
73.70376712328767123287671613,0,0.000,73.70376712328767123287671613,1.068493150684931506849315069,0.6849315068493150684931506850,72.63527397260273972602740106,0E-27,0E-28,1838,1839,2040,ZBO,1.068493150684931506849315069,0.6849315068493150684931506850,0.2004644398573841246012385167,0.1443343966973165697128917320
72.63527397260273972602740106,0,0.000,72.63527397260273972602740106,1.068493150684931506849315069,0.6849315068493150684931506850,71.56678082191780821917808599,0E-27,0E-28,1839,1840,2040,ZBO,1.068493150684931506849315069,0.6849315068493150684931506850,0.1975370613623569149934321740,0.1422266841808969787952711653
71.56678082191780821917808599,0,0.000,71.56678082191780821917808599,1.068493150684931506849315069,0.6849315068493150684931506850,70.49828767123287671232877092,0E-27,0E-28,1840,1841,2040,ZBO,1.068493150684931506849315069,0.6849315068493150684931506850,0.1946096828673297053856258314,0.1401189716644773878776505986
70.49828767123287671232877092,0,0.000,70.49828767123287671232877092,1.068493150684931506849315069,0.6849315068493150684931506850,69.42979452054794520547945585,0E-27,0E-28,1841,1842,2040,ZBO,1.068493150684931506849315069,0.6849315068493150684931506850,0.1916823043723024957778194888,0.1380112591480577969600300319
69.42979452054794520547945585,0,0.000,69.42979452054794520547945585,1.068493150684931506849315069,0.6849315068493150684931506850,68.36130136986301369863014078,0E-27,0E-28,1842,1843,2040,ZBO,1.068493150684931506849315069,0.6849315068493150684931506850,0.1887549258772752861700131460,0.1359035466316382060424094651
68.36130136986301369863014078,0,0.000,68.36130136986301369863014078,1.068493150684931506849315069,0.6849315068493150684931506850,67.29280821917808219178082571,0E-27,0E-28,1843,1844,2040,ZBO,1.068493150684931506849315069,0.6849315068493150684931506850,0.1858275473822480765622068034,0.1337958341152186151247888984
67.29280821917808219178082571,0,0.000,67.29280821917808219178082571,1.068493150684931506849315069,0.6849315068493150684931506850,66.22431506849315068493151064,0E-27,0E-28,1844,1845,2040,ZBO,1.068493150684931506849315069,0.6849315068493150684931506850,0.1829001688872208669544004608,0.1316881215987990242071683318
66.22431506849315068493151064,0,0.000,66.22431506849315068493151064,1.068493150684931506849315069,0.6849315068493150684931506850,65.15582191780821917808219557,0E-27,0E-28,1845,1846,2040,ZBO,1.068493150684931506849315069,0.6849315068493150684931506850,0.1799727903921936573465941181,0.1295804090823794332895477650
65.15582191780821917808219557,0,0.000,65.15582191780821917808219557,1.068493150684931506849315069,0.6849315068493150684931506850,64.08732876712328767123288050,0E-27,0E-28,1846,1847,2040,ZBO,1.068493150684931506849315069,0.6849315068493150684931506850,0.1770454118971664477387877755,0.1274726965659598423719271984
64.08732876712328767123288050,0,0.000,64.08732876712328767123288050,1.068493150684931506849315069,0.6849315068493150684931506850,63.01883561643835616438356543,0E-27,0E-28,1847,1848,2040,ZBO,1.068493150684931506849315069,0.6849315068493150684931506850,0.1741180334021392381309814328,0.1253649840495402514543066316
63.01883561643835616438356543,0,0.000,63.01883561643835616438356543,1.068493150684931506849315069,0.6849315068493150684931506850,61.95034246575342465753425036,0E-27,0E-28,1848,1849,2040,ZBO,1.068493150684931506849315069,0.6849315068493150684931506850,0.1711906549071120285231750902,0.1232572715331206605366860649
61.95034246575342465753425036,0,0.000,61.95034246575342465753425036,1.068493150684931506849315069,0.6849315068493150684931506850,60.88184931506849315068493529,0E-27,0E-28,1849,1850,2040,ZBO,1.068493150684931506849315069,0.6849315068493150684931506850,0.1682632764120848189153687474,0.1211495590167010696190654981
60.88184931506849315068493529,0,0.000,60.88184931506849315068493529,1.068493150684931506849315069,0.6849315068493150684931506850,59.81335616438356164383562022,0E-27,0E-28,1850,1851,2040,ZBO,1.068493150684931506849315069,0.6849315068493150684931506850,0.1653358979170576093075624048,0.1190418465002814787014449315
59.81335616438356164383562022,0,0.000,59.81335616438356164383562022,1.068493150684931506849315069,0.6849315068493150684931506850,58.74486301369863013698630515,0E-27,0E-28,1851,1852,2040,ZBO,1.068493150684931506849315069,0.6849315068493150684931506850,0.1624085194220303996997560622,0.1169341339838618877838243648
58.74486301369863013698630515,0,0.000,58.74486301369863013698630515,1.068493150684931506849315069,0.6849315068493150684931506850,57.67636986301369863013699008,0E-27,0E-28,1852,1853,2040,ZBO,1.068493150684931506849315069,0.6849315068493150684931506850,0.1594811409270031900919497195,0.1148264214674422968662037980
57.67636986301369863013699008,0,0.000,57.67636986301369863013699008,1.068493150684931506849315069,0.6849315068493150684931506850,56.60787671232876712328767501,0E-27,0E-28,1853,1854,2040,ZBO,1.068493150684931506849315069,0.6849315068493150684931506850,0.1565537624319759804841433769,0.1127187089510227059485832314
56.60787671232876712328767501,0,0.000,56.60787671232876712328767501,1.068493150684931506849315069,0.6849315068493150684931506850,55.53938356164383561643835994,0E-27,0E-28,1854,1855,2040,ZBO,1.068493150684931506849315069,0.6849315068493150684931506850,0.1536263839369487708763370343,0.1106109964346031150309626647
55.53938356164383561643835994,0,0.000,55.53938356164383561643835994,0.4452054794520547945205479454,0.2853881278538812785388127855,55.09417808219178082191781199,0E-28,0E-28,1855,22265/12,2040,ZBO,0.4452054794520547945205479454,0.2853881278538812785388127855,0.06314701007068242947394758673,0.04546584725089134922124226245
55.09417808219178082191781199,32.69196106705118961788031722,0.3923035328046142754145638066,87.39383561643835616438356540,0.6232876712328767123287671232,0.3995433789954337899543378995,86.77054794520547945205479828,0E-28,0E-28,22265/12,1856,2040,ZBO,0.6232876712328767123287671232,0.3995433789954337899543378995,0.1391724526177519234377932130,0.1002041658847813848752111134
86.77054794520547945205479828,0,0.000,86.77054794520547945205479828,1.068493150684931506849315069,0.6849315068493150684931506850,85.70205479452054794520548321,0E-27,0E-28,1856,1857,2040,ZBO,1.068493150684931506849315069,0.6849315068493150684931506850,0.2362638393694877087633702487,0.1701099643460311503096265791
85.70205479452054794520548321,0,0.000,85.70205479452054794520548321,1.068493150684931506849315069,0.6849315068493150684931506850,84.63356164383561643835616814,0E-27,0E-28,1857,1858,2040,ZBO,1.068493150684931506849315069,0.6849315068493150684931506850,0.2333364608744604991555639061,0.1680022518296115593920060124
84.63356164383561643835616814,0,0.000,84.63356164383561643835616814,1.068493150684931506849315069,0.6849315068493150684931506850,83.56506849315068493150685307,0E-27,0E-28,1858,1859,2040,ZBO,1.068493150684931506849315069,0.6849315068493150684931506850,0.2304090823794332895477575633,0.1658945393131919684743854456
83.56506849315068493150685307,0,0.000,83.56506849315068493150685307,1.068493150684931506849315069,0.6849315068493150684931506850,82.49657534246575342465753800,0E-27,0E-28,1859,1860,2040,ZBO,1.068493150684931506849315069,0.6849315068493150684931506850,0.2274817038844060799399512207,0.1637868267967723775567648789
82.49657534246575342465753800,0,0.000,82.49657534246575342465753800,1.068493150684931506849315069,0.6849315068493150684931506850,81.42808219178082191780822293,0E-27,0E-28,1860,1861,2040,ZBO,1.068493150684931506849315069,0.6849315068493150684931506850,0.2245543253893788703321448780,0.1616791142803527866391443122
81.42808219178082191780822293,0,0.000,81.42808219178082191780822293,1.068493150684931506849315069,0.6849315068493150684931506850,80.35958904109589041095890786,0E-27,0E-28,1861,1862,2040,ZBO,1.068493150684931506849315069,0.6849315068493150684931506850,0.2216269468943516607243385354,0.1595714017639331957215237455
80.35958904109589041095890786,0,0.000,80.35958904109589041095890786,1.068493150684931506849315069,0.6849315068493150684931506850,79.29109589041095890410959279,0E-27,0E-28,1862,1863,2040,ZBO,1.068493150684931506849315069,0.6849315068493150684931506850,0.2186995683993244511165321926,0.1574636892475136048039031787
79.29109589041095890410959279,0,0.000,79.29109589041095890410959279,1.068493150684931506849315069,0.6849315068493150684931506850,78.22260273972602739726027772,0E-27,0E-28,1863,1864,2040,ZBO,1.068493150684931506849315069,0.6849315068493150684931506850,0.2157721899042972415087258500,0.1553559767310940138862826120
78.22260273972602739726027772,0,0.000,78.22260273972602739726027772,1.068493150684931506849315069,0.6849315068493150684931506850,77.15410958904109589041096265,0E-27,0E-28,1864,1865,2040,ZBO,1.068493150684931506849315069,0.6849315068493150684931506850,0.2128448114092700319009195074,0.1532482642146744229686620453
77.15410958904109589041096265,0,0.000,77.15410958904109589041096265,1.068493150684931506849315069,0.6849315068493150684931506850,76.08561643835616438356164758,0E-27,0E-28,1865,1866,2040,ZBO,1.068493150684931506849315069,0.6849315068493150684931506850,0.2099174329142428222931131647,0.1511405516982548320510414786
76.08561643835616438356164758,0,0.000,76.08561643835616438356164758,1.068493150684931506849315069,0.6849315068493150684931506850,75.01712328767123287671233251,0E-27,0E-28,1866,1867,2040,ZBO,1.068493150684931506849315069,0.6849315068493150684931506850,0.2069900544192156126853068221,0.1490328391818352411334209119
75.01712328767123287671233251,0,0.000,75.01712328767123287671233251,1.068493150684931506849315069,0.6849315068493150684931506850,73.94863013698630136986301744,0E-27,0E-28,1867,1868,2040,ZBO,1.068493150684931506849315069,0.6849315068493150684931506850,0.2040626759241884030775004795,0.1469251266654156502158003452
73.94863013698630136986301744,0,0.000,73.94863013698630136986301744,1.068493150684931506849315069,0.6849315068493150684931506850,72.88013698630136986301370237,0E-27,0E-28,1868,1869,2040,ZBO,1.068493150684931506849315069,0.6849315068493150684931506850,0.2011352974291611934696941367,0.1448174141489960592981797784
72.88013698630136986301370237,0,0.000,72.88013698630136986301370237,1.068493150684931506849315069,0.6849315068493150684931506850,71.81164383561643835616438730,0E-27,0E-28,1869,1870,2040,ZBO,1.068493150684931506849315069,0.6849315068493150684931506850,0.1982079189341339838618877941,0.1427097016325764683805592118
71.81164383561643835616438730,0,0.000,71.81164383561643835616438730,1.068493150684931506849315069,0.6849315068493150684931506850,70.74315068493150684931507223,0E-27,0E-28,1870,1871,2040,ZBO,1.068493150684931506849315069,0.6849315068493150684931506850,0.1952805404391067742540814514,0.1406019891161568774629386450
70.74315068493150684931507223,0,0.000,70.74315068493150684931507223,1.068493150684931506849315069,0.6849315068493150684931506850,69.67465753424657534246575716,0E-27,0E-28,1871,1872,2040,ZBO,1.068493150684931506849315069,0.6849315068493150684931506850,0.1923531619440795646462751088,0.1384942765997372865453180783
69.67465753424657534246575716,0,0.000,69.67465753424657534246575716,1.068493150684931506849315069,0.6849315068493150684931506850,68.60616438356164383561644209,0E-27,0E-28,1872,1873,2040,ZBO,1.068493150684931506849315069,0.6849315068493150684931506850,0.1894257834490523550384687660,0.1363865640833176956276975115
68.60616438356164383561644209,0,0.000,68.60616438356164383561644209,1.068493150684931506849315069,0.6849315068493150684931506850,67.53767123287671232876712702,0E-27,0E-28,1873,1874,2040,ZBO,1.068493150684931506849315069,0.6849315068493150684931506850,0.1864984049540251454306624234,0.1342788515668981047100769448
67.53767123287671232876712702,0,0.000,67.53767123287671232876712702,1.068493150684931506849315069,0.6849315068493150684931506850,66.46917808219178082191781195,0E-27,0E-28,1874,1875,2040,ZBO,1.068493150684931506849315069,0.6849315068493150684931506850,0.1835710264589979358228560808,0.1321711390504785137924563782
66.46917808219178082191781195,0,0.000,66.46917808219178082191781195,1.068493150684931506849315069,0.6849315068493150684931506850,65.40068493150684931506849688,0E-27,0E-28,1875,1876,2040,ZBO,1.068493150684931506849315069,0.6849315068493150684931506850,0.1806436479639707262150497381,0.1300634265340589228748358114
65.40068493150684931506849688,0,0.000,65.40068493150684931506849688,1.068493150684931506849315069,0.6849315068493150684931506850,64.33219178082191780821918181,0E-27,0E-28,1876,1877,2040,ZBO,1.068493150684931506849315069,0.6849315068493150684931506850,0.1777162694689435166072433955,0.1279557140176393319572152448
64.33219178082191780821918181,0,0.000,64.33219178082191780821918181,1.068493150684931506849315069,0.6849315068493150684931506850,63.26369863013698630136986674,0E-27,0E-28,1877,1878,2040,ZBO,1.068493150684931506849315069,0.6849315068493150684931506850,0.1747888909739163069994370529,0.1258480015012197410395946781
63.26369863013698630136986674,0,0.000,63.26369863013698630136986674,1.068493150684931506849315069,0.6849315068493150684931506850,62.19520547945205479452055167,0E-27,0E-28,1878,1879,2040,ZBO,1.068493150684931506849315069,0.6849315068493150684931506850,0.1718615124788890973916307102,0.1237402889848001501219741113
62.19520547945205479452055167,0,0.000,62.19520547945205479452055167,1.068493150684931506849315069,0.6849315068493150684931506850,61.12671232876712328767123660,0E-27,0E-28,1879,1880,2040,ZBO,1.068493150684931506849315069,0.6849315068493150684931506850,0.1689341339838618877838243676,0.1216325764683805592043535447
61.12671232876712328767123660,0,0.000,61.12671232876712328767123660,1.068493150684931506849315069,0.6849315068493150684931506850,60.05821917808219178082192153,0E-27,0E-28,1880,1881,2040,ZBO,1.068493150684931506849315069,0.6849315068493150684931506850,0.1660067554888346781760180248,0.1195248639519609682867329779
60.05821917808219178082192153,0,0.000,60.05821917808219178082192153,1.068493150684931506849315069,0.6849315068493150684931506850,58.98972602739726027397260646,0E-27,0E-28,1881,1882,2040,ZBO,1.068493150684931506849315069,0.6849315068493150684931506850,0.1630793769938074685682116822,0.1174171514355413773691124112
58.98972602739726027397260646,0,0.000,58.98972602739726027397260646,1.068493150684931506849315069,0.6849315068493150684931506850,57.92123287671232876712329139,0E-27,0E-28,1882,1883,2040,ZBO,1.068493150684931506849315069,0.6849315068493150684931506850,0.1601519984987802589604053395,0.1153094389191217864514918444
57.92123287671232876712329139,0,0.000,57.92123287671232876712329139,1.068493150684931506849315069,0.6849315068493150684931506850,56.85273972602739726027397632,0E-27,0E-28,1883,1884,2040,ZBO,1.068493150684931506849315069,0.6849315068493150684931506850,0.1572246200037530493525989969,0.1132017264027021955338712778
56.85273972602739726027397632,0,0.000,56.85273972602739726027397632,1.068493150684931506849315069,0.6849315068493150684931506850,55.78424657534246575342466125,0E-27,0E-28,1884,1885,2040,ZBO,1.068493150684931506849315069,0.6849315068493150684931506850,0.1542972415087258397447926543,0.1110940138862826046162507111
55.78424657534246575342466125,0,0.000,55.78424657534246575342466125,0.8904109589041095890410958904,0.5707762557077625570776255708,54.89383561643835616438356536,0E-28,0E-28,1885,11315/6,2040,ZBO,0.8904109589041095890410958904,0.5707762557077625570776255708,0.1263448426846813035591418112,0.09096828673297053856258210406
54.89383561643835616438356536,32.69196106705118961788031722,0.3923035328046142754145638066,87.19349315068493150684931877,0.1780821917808219178082191781,0.1141552511415525114155251142,87.01541095890410958904109959,0E-28,0E-28,11315/6,1886,2040,ZBO,0.1780821917808219178082191781,0.1141552511415525114155251142,0.03977372239944955276161881699,0.02863708012760367798836554823
87.01541095890410958904109959,0,0.000,87.01541095890410958904109959,1.068493150684931506849315069,0.6849315068493150684931506850,85.94691780821917808219178452,0E-27,0E-28,1886,1887,2040,ZBO,1.068493150684931506849315069,0.6849315068493150684931506850,0.2369346969412647776318258687,0.1705929817977106398949146255
85.94691780821917808219178452,0,0.000,85.94691780821917808219178452,1.068493150684931506849315069,0.6849315068493150684931506850,84.87842465753424657534246945,0E-27,0E-28,1887,1888,2040,ZBO,1.068493150684931506849315069,0.6849315068493150684931506850,0.2340073184462375680240195261,0.1684852692812910489772940588
84.87842465753424657534246945,0,0.000,84.87842465753424657534246945,1.068493150684931506849315069,0.6849315068493150684931506850,83.80993150684931506849315438,0E-27,0E-28,1888,1889,2040,ZBO,1.068493150684931506849315069,0.6849315068493150684931506850,0.2310799399512103584162131833,0.1663775567648714580596734920
83.80993150684931506849315438,0,0.000,83.80993150684931506849315438,1.068493150684931506849315069,0.6849315068493150684931506850,82.74143835616438356164383931,0E-27,0E-28,1889,1890,2040,ZBO,1.068493150684931506849315069,0.6849315068493150684931506850,0.2281525614561831488084068407,0.1642698442484518671420529253
82.74143835616438356164383931,0,0.000,82.74143835616438356164383931,1.068493150684931506849315069,0.6849315068493150684931506850,81.67294520547945205479452424,0E-27,0E-28,1890,1891,2040,ZBO,1.068493150684931506849315069,0.6849315068493150684931506850,0.2252251829611559392006004981,0.1621621317320322762244323586
81.67294520547945205479452424,0,0.000,81.67294520547945205479452424,1.068493150684931506849315069,0.6849315068493150684931506850,80.60445205479452054794520917,0E-27,0E-28,1891,1892,2040,ZBO,1.068493150684931506849315069,0.6849315068493150684931506850,0.2222978044661287295927941554,0.1600544192156126853068117919
80.60445205479452054794520917,0,0.000,80.60445205479452054794520917,1.068493150684931506849315069,0.6849315068493150684931506850,79.53595890410958904109589410,0E-27,0E-28,1892,1893,2040,ZBO,1.068493150684931506849315069,0.6849315068493150684931506850,0.2193704259711015199849878128,0.1579467066991930943891912252
79.53595890410958904109589410,0,0.000,79.53595890410958904109589410,1.068493150684931506849315069,0.6849315068493150684931506850,78.46746575342465753424657903,0E-27,0E-28,1893,1894,2040,ZBO,1.068493150684931506849315069,0.6849315068493150684931506850,0.2164430474760743103771814700,0.1558389941827735034715706584
78.46746575342465753424657903,0,0.000,78.46746575342465753424657903,1.068493150684931506849315069,0.6849315068493150684931506850,77.39897260273972602739726396,0E-27,0E-28,1894,1895,2040,ZBO,1.068493150684931506849315069,0.6849315068493150684931506850,0.2135156689810471007693751274,0.1537312816663539125539500917
77.39897260273972602739726396,0,0.000,77.39897260273972602739726396,1.068493150684931506849315069,0.6849315068493150684931506850,76.33047945205479452054794889,0E-27,0E-28,1895,1896,2040,ZBO,1.068493150684931506849315069,0.6849315068493150684931506850,0.2105882904860198911615687847,0.1516235691499343216363295250
76.33047945205479452054794889,0,0.000,76.33047945205479452054794889,1.068493150684931506849315069,0.6849315068493150684931506850,75.26198630136986301369863382,0E-27,0E-28,1896,1897,2040,ZBO,1.068493150684931506849315069,0.6849315068493150684931506850,0.2076609119909926815537624421,0.1495158566335147307187089583
75.26198630136986301369863382,0,0.000,75.26198630136986301369863382,1.068493150684931506849315069,0.6849315068493150684931506850,74.19349315068493150684931875,0E-27,0E-28,1897,1898,2040,ZBO,1.068493150684931506849315069,0.6849315068493150684931506850,0.2047335334959654719459560995,0.1474081441170951398010883916
74.19349315068493150684931875,0,0.000,74.19349315068493150684931875,1.068493150684931506849315069,0.6849315068493150684931506850,73.12500000000000000000000368,0E-27,0E-28,1898,1899,2040,ZBO,1.068493150684931506849315069,0.6849315068493150684931506850,0.2018061550009382623381497567,0.1453004316006755488834678248
73.12500000000000000000000368,0,0.000,73.12500000000000000000000368,1.068493150684931506849315069,0.6849315068493150684931506850,72.05650684931506849315068861,0E-27,0E-28,1899,1900,2040,ZBO,1.068493150684931506849315069,0.6849315068493150684931506850,0.1988787765059110527303434141,0.1431927190842559579658472582
72.05650684931506849315068861,0,0.000,72.05650684931506849315068861,1.068493150684931506849315069,0.6849315068493150684931506850,70.98801369863013698630137354,0E-27,0E-28,1900,1901,2040,ZBO,1.068493150684931506849315069,0.6849315068493150684931506850,0.1959513980108838431225370715,0.1410850065678363670482266915
70.98801369863013698630137354,0,0.000,70.98801369863013698630137354,1.068493150684931506849315069,0.6849315068493150684931506850,69.91952054794520547945205847,0E-27,0E-28,1901,1902,2040,ZBO,1.068493150684931506849315069,0.6849315068493150684931506850,0.1930240195158566335147307288,0.1389772940514167761306061247
69.91952054794520547945205847,0,0.000,69.91952054794520547945205847,1.068493150684931506849315069,0.6849315068493150684931506850,68.85102739726027397260274340,0E-27,0E-28,1902,1903,2040,ZBO,1.068493150684931506849315069,0.6849315068493150684931506850,0.1900966410208294239069243862,0.1368695815349971852129855581
68.85102739726027397260274340,0,0.000,68.85102739726027397260274340,1.068493150684931506849315069,0.6849315068493150684931506850,67.78253424657534246575342833,0E-27,0E-28,1903,1904,2040,ZBO,1.068493150684931506849315069,0.6849315068493150684931506850,0.1871692625258022142991180434,0.1347618690185775942953649912
67.78253424657534246575342833,0,0.000,67.78253424657534246575342833,1.068493150684931506849315069,0.6849315068493150684931506850,66.71404109589041095890411326,0E-27,0E-28,1904,1905,2040,ZBO,1.068493150684931506849315069,0.6849315068493150684931506850,0.1842418840307750046913117008,0.1326541565021580033777444246
66.71404109589041095890411326,0,0.000,66.71404109589041095890411326,1.068493150684931506849315069,0.6849315068493150684931506850,65.64554794520547945205479819,0E-27,0E-28,1905,1906,2040,ZBO,1.068493150684931506849315069,0.6849315068493150684931506850,0.1813145055357477950835053581,0.1305464439857384124601238578
65.64554794520547945205479819,0,0.000,65.64554794520547945205479819,1.068493150684931506849315069,0.6849315068493150684931506850,64.57705479452054794520548312,0E-27,0E-28,1906,1907,2040,ZBO,1.068493150684931506849315069,0.6849315068493150684931506850,0.1783871270407205854756990155,0.1284387314693188215425032912
64.57705479452054794520548312,0,0.000,64.57705479452054794520548312,1.068493150684931506849315069,0.6849315068493150684931506850,63.50856164383561643835616805,0E-27,0E-28,1907,1908,2040,ZBO,1.068493150684931506849315069,0.6849315068493150684931506850,0.1754597485456933758678926729,0.1263310189528992306248827245
63.50856164383561643835616805,0,0.000,63.50856164383561643835616805,1.068493150684931506849315069,0.6849315068493150684931506850,62.44006849315068493150685298,0E-27,0E-28,1908,1909,2040,ZBO,1.068493150684931506849315069,0.6849315068493150684931506850,0.1725323700506661662600863302,0.1242233064364796397072621577
62.44006849315068493150685298,0,0.000,62.44006849315068493150685298,1.068493150684931506849315069,0.6849315068493150684931506850,61.37157534246575342465753791,0E-27,0E-28,1909,1910,2040,ZBO,1.068493150684931506849315069,0.6849315068493150684931506850,0.1696049915556389566522799876,0.1221155939200600487896415911
61.37157534246575342465753791,0,0.000,61.37157534246575342465753791,1.068493150684931506849315069,0.6849315068493150684931506850,60.30308219178082191780822284,0E-27,0E-28,1910,1911,2040,ZBO,1.068493150684931506849315069,0.6849315068493150684931506850,0.1666776130606117470444736449,0.1200078814036404578720210243
60.30308219178082191780822284,0,0.000,60.30308219178082191780822284,1.068493150684931506849315069,0.6849315068493150684931506850,59.23458904109589041095890777,0E-27,0E-28,1911,1912,2040,ZBO,1.068493150684931506849315069,0.6849315068493150684931506850,0.1637502345655845374366673022,0.1179001688872208669544004576
59.23458904109589041095890777,0,0.000,59.23458904109589041095890777,1.068493150684931506849315069,0.6849315068493150684931506850,58.16609589041095890410959270,0E-27,0E-28,1912,1913,2040,ZBO,1.068493150684931506849315069,0.6849315068493150684931506850,0.1608228560705573278288609596,0.1157924563708012760367798909
58.16609589041095890410959270,0,0.000,58.16609589041095890410959270,1.068493150684931506849315069,0.6849315068493150684931506850,57.09760273972602739726027763,0E-27,0E-28,1913,1914,2040,ZBO,1.068493150684931506849315069,0.6849315068493150684931506850,0.1578954775755301182210546169,0.1136847438543816851191593242
57.09760273972602739726027763,0,0.000,57.09760273972602739726027763,1.068493150684931506849315069,0.6849315068493150684931506850,56.02910958904109589041096256,0E-27,0E-28,1914,1915,2040,ZBO,1.068493150684931506849315069,0.6849315068493150684931506850,0.1549680990805029086132482743,0.1115770313379620942015387575
56.02910958904109589041096256,0,0.000,56.02910958904109589041096256,1.068493150684931506849315069,0.6849315068493150684931506850,54.96061643835616438356164749,0E-27,0E-28,1915,1916,2040,ZBO,1.068493150684931506849315069,0.6849315068493150684931506850,0.1520407205854756990054419315,0.1094693188215425032839181907
54.96061643835616438356164749,0,0.000,54.96061643835616438356164749,0.2671232876712328767123287671,0.1712328767123287671232876712,54.69349315068493150684931872,0E-28,0E-28,1916,7665/4,2040,ZBO,0.2671232876712328767123287671,0.1712328767123287671232876712,0.03755277725652092325014074185,0.02703799962469506474010133413
54.69349315068493150684931872,32.69196106705118961788031722,0.3923035328046142754145638066,86.99315068493150684931507213,0.8013698630136986301369863014,0.5136986301369863013698630138,86.19178082191780821917808583,0E-28,0E-28,7665/4,1917,2040,ZBO,0.8013698630136986301369863014,0.5136986301369863013698630138,0.1779297241508725839744792719,0.1281094013886282604616250758
86.19178082191780821917808583,0,0.000,86.19178082191780821917808583,1.068493150684931506849315069,0.6849315068493150684931506850,85.12328767123287671232877076,0E-27,0E-28,1917,1918,2040,ZBO,1.068493150684931506849315069,0.6849315068493150684931506850,0.2346781760180146368924751461,0.1689682867329705385625821052
85.12328767123287671232877076,0,0.000,85.12328767123287671232877076,1.068493150684931506849315069,0.6849315068493150684931506850,84.05479452054794520547945569,0E-27,0E-28,1918,1919,2040,ZBO,1.068493150684931506849315069,0.6849315068493150684931506850,0.2317507975229874272846688033,0.1668605742165509476449615384
84.05479452054794520547945569,0,0.000,84.05479452054794520547945569,1.068493150684931506849315069,0.6849315068493150684931506850,82.98630136986301369863014062,0E-27,0E-28,1919,1920,2040,ZBO,1.068493150684931506849315069,0.6849315068493150684931506850,0.2288234190279602176768624607,0.1647528617001313567273409717
82.98630136986301369863014062,0,0.000,82.98630136986301369863014062,1.068493150684931506849315069,0.6849315068493150684931506850,81.91780821917808219178082555,0E-27,0E-28,1920,1921,2040,ZBO,1.068493150684931506849315069,0.6849315068493150684931506850,0.2258960405329330080690561181,0.1626451491837117658097204050
81.91780821917808219178082555,0,0.000,81.91780821917808219178082555,1.068493150684931506849315069,0.6849315068493150684931506850,80.84931506849315068493151048,0E-27,0E-28,1921,1922,2040,ZBO,1.068493150684931506849315069,0.6849315068493150684931506850,0.2229686620379057984612497754,0.1605374366672921748920998383
80.84931506849315068493151048,0,0.000,80.84931506849315068493151048,1.068493150684931506849315069,0.6849315068493150684931506850,79.78082191780821917808219541,0E-27,0E-28,1922,1923,2040,ZBO,1.068493150684931506849315069,0.6849315068493150684931506850,0.2200412835428785888534434328,0.1584297241508725839744792716
79.78082191780821917808219541,0,0.000,79.78082191780821917808219541,1.068493150684931506849315069,0.6849315068493150684931506850,78.71232876712328767123288034,0E-27,0E-28,1923,1924,2040,ZBO,1.068493150684931506849315069,0.6849315068493150684931506850,0.2171139050478513792456370902,0.1563220116344529930568587049
78.71232876712328767123288034,0,0.000,78.71232876712328767123288034,1.068493150684931506849315069,0.6849315068493150684931506850,77.64383561643835616438356527,0E-27,0E-28,1924,1925,2040,ZBO,1.068493150684931506849315069,0.6849315068493150684931506850,0.2141865265528241696378307474,0.1542142991180334021392381381
77.64383561643835616438356527,0,0.000,77.64383561643835616438356527,1.068493150684931506849315069,0.6849315068493150684931506850,76.57534246575342465753425020,0E-27,0E-28,1925,1926,2040,ZBO,1.068493150684931506849315069,0.6849315068493150684931506850,0.2112591480577969600300244048,0.1521065866016138112216175715
76.57534246575342465753425020,0,0.000,76.57534246575342465753425020,1.068493150684931506849315069,0.6849315068493150684931506850,75.50684931506849315068493513,0E-27,0E-28,1926,1927,2040,ZBO,1.068493150684931506849315069,0.6849315068493150684931506850,0.2083317695627697504222180621,0.1499988740851942203039970047
75.50684931506849315068493513,0,0.000,75.50684931506849315068493513,1.068493150684931506849315069,0.6849315068493150684931506850,74.43835616438356164383562006,0E-27,0E-28,1927,1928,2040,ZBO,1.068493150684931506849315069,0.6849315068493150684931506850,0.2054043910677425408144117195,0.1478911615687746293863764380
74.43835616438356164383562006,0,0.000,74.43835616438356164383562006,1.068493150684931506849315069,0.6849315068493150684931506850,73.36986301369863013698630499,0E-27,0E-28,1928,1929,2040,ZBO,1.068493150684931506849315069,0.6849315068493150684931506850,0.2024770125727153312066053767,0.1457834490523550384687558712
73.36986301369863013698630499,0,0.000,73.36986301369863013698630499,1.068493150684931506849315069,0.6849315068493150684931506850,72.30136986301369863013698992,0E-27,0E-28,1929,1930,2040,ZBO,1.068493150684931506849315069,0.6849315068493150684931506850,0.1995496340776881215987990341,0.1436757365359354475511353046
72.30136986301369863013698992,0,0.000,72.30136986301369863013698992,1.068493150684931506849315069,0.6849315068493150684931506850,71.23287671232876712328767485,0E-27,0E-28,1930,1931,2040,ZBO,1.068493150684931506849315069,0.6849315068493150684931506850,0.1966222555826609119909926915,0.1415680240195158566335147379
71.23287671232876712328767485,0,0.000,71.23287671232876712328767485,1.068493150684931506849315069,0.6849315068493150684931506850,70.16438356164383561643835978,0E-27,0E-28,1931,1932,2040,ZBO,1.068493150684931506849315069,0.6849315068493150684931506850,0.1936948770876337023831863488,0.1394603115030962657158941711
70.16438356164383561643835978,0,0.000,70.16438356164383561643835978,1.068493150684931506849315069,0.6849315068493150684931506850,69.09589041095890410958904471,0E-27,0E-28,1932,1933,2040,ZBO,1.068493150684931506849315069,0.6849315068493150684931506850,0.1907674985926064927753800062,0.1373525989866766747982736045
69.09589041095890410958904471,0,0.000,69.09589041095890410958904471,1.068493150684931506849315069,0.6849315068493150684931506850,68.02739726027397260273972964,0E-27,0E-28,1933,1934,2040,ZBO,1.068493150684931506849315069,0.6849315068493150684931506850,0.1878401200975792831675736636,0.1352448864702570838806530378
68.02739726027397260273972964,0,0.000,68.02739726027397260273972964,1.068493150684931506849315069,0.6849315068493150684931506850,66.95890410958904109589041457,0E-27,0E-28,1934,1935,2040,ZBO,1.068493150684931506849315069,0.6849315068493150684931506850,0.1849127416025520735597673208,0.1331371739538374929630324710
66.95890410958904109589041457,0,0.000,66.95890410958904109589041457,1.068493150684931506849315069,0.6849315068493150684931506850,65.89041095890410958904109950,0E-27,0E-28,1935,1936,2040,ZBO,1.068493150684931506849315069,0.6849315068493150684931506850,0.1819853631075248639519609782,0.1310294614374179020454119043
65.89041095890410958904109950,0,0.000,65.89041095890410958904109950,1.068493150684931506849315069,0.6849315068493150684931506850,64.82191780821917808219178443,0E-27,0E-28,1936,1937,2040,ZBO,1.068493150684931506849315069,0.6849315068493150684931506850,0.1790579846124976543441546355,0.1289217489209983111277913376
64.82191780821917808219178443,0,0.000,64.82191780821917808219178443,1.068493150684931506849315069,0.6849315068493150684931506850,63.75342465753424657534246936,0E-27,0E-28,1937,1938,2040,ZBO,1.068493150684931506849315069,0.6849315068493150684931506850,0.1761306061174704447363482929,0.1268140364045787202101707709
63.75342465753424657534246936,0,0.000,63.75342465753424657534246936,1.068493150684931506849315069,0.6849315068493150684931506850,62.68493150684931506849315429,0E-27,0E-28,1938,1939,2040,ZBO,1.068493150684931506849315069,0.6849315068493150684931506850,0.1732032276224432351285419502,0.1247063238881591292925502041
62.68493150684931506849315429,0,0.000,62.68493150684931506849315429,1.068493150684931506849315069,0.6849315068493150684931506850,61.61643835616438356164383922,0E-27,0E-28,1939,1940,2040,ZBO,1.068493150684931506849315069,0.6849315068493150684931506850,0.1702758491274160255207356076,0.1225986113717395383749296375
61.61643835616438356164383922,0,0.000,61.61643835616438356164383922,1.068493150684931506849315069,0.6849315068493150684931506850,60.54794520547945205479452415,0E-27,0E-28,1940,1941,2040,ZBO,1.068493150684931506849315069,0.6849315068493150684931506850,0.1673484706323888159129292649,0.1204908988553199474573090707
60.54794520547945205479452415,0,0.000,60.54794520547945205479452415,1.068493150684931506849315069,0.6849315068493150684931506850,59.47945205479452054794520908,0E-27,0E-28,1941,1942,2040,ZBO,1.068493150684931506849315069,0.6849315068493150684931506850,0.1644210921373616063051229222,0.1183831863389003565396885040
59.47945205479452054794520908,0,0.000,59.47945205479452054794520908,1.068493150684931506849315069,0.6849315068493150684931506850,58.41095890410958904109589401,0E-27,0E-28,1942,1943,2040,ZBO,1.068493150684931506849315069,0.6849315068493150684931506850,0.1614937136423343966973165796,0.1162754738224807656220679373
58.41095890410958904109589401,0,0.000,58.41095890410958904109589401,1.068493150684931506849315069,0.6849315068493150684931506850,57.34246575342465753424657894,0E-27,0E-28,1943,1944,2040,ZBO,1.068493150684931506849315069,0.6849315068493150684931506850,0.1585663351473071870895102370,0.1141677613060611747044473706
57.34246575342465753424657894,0,0.000,57.34246575342465753424657894,1.068493150684931506849315069,0.6849315068493150684931506850,56.27397260273972602739726387,0E-27,0E-28,1944,1945,2040,ZBO,1.068493150684931506849315069,0.6849315068493150684931506850,0.1556389566522799774817038943,0.1120600487896415837868268039
56.27397260273972602739726387,0,0.000,56.27397260273972602739726387,1.068493150684931506849315069,0.6849315068493150684931506850,55.20547945205479452054794880,0E-27,0E-28,1945,1946,2040,ZBO,1.068493150684931506849315069,0.6849315068493150684931506850,0.1527115781572527678738975517,0.1099523362732219928692062372
55.20547945205479452054794880,0,0.000,55.20547945205479452054794880,0.7123287671232876712328767125,0.4566210045662100456621004568,54.49315068493150684931507209,0E-28,0E-28,1946,5840/3,2040,ZBO,0.7123287671232876712328767125,0.4566210045662100456621004568,0.1001813973853756176893726219,0.07213060611747044473634828777
54.49315068493150684931507209,32.69196106705118961788031722,0.3923035328046142754145638066,86.79280821917808219178082550,0.3561643835616438356164383561,0.2283105022831050228310502283,86.43664383561643835616438714,0E-28,0E-28,5840/3,1947,2040,ZBO,0.3561643835616438356164383561,0.2283105022831050228310502283,0.07910020641771439294426722036,0.05695214862075436291987239866
86.43664383561643835616438714,0,0.000,86.43664383561643835616438714,1.068493150684931506849315069,0.6849315068493150684931506850,85.36815068493150684931507207,0E-27,0E-28,1947,1948,2040,ZBO,1.068493150684931506849315069,0.6849315068493150684931506850,0.2353490335897917057609307661,0.1694513041846500281478701516
85.36815068493150684931507207,0,0.000,85.36815068493150684931507207,1.068493150684931506849315069,0.6849315068493150684931506850,84.29965753424657534246575700,0E-27,0E-28,1948,1949,2040,ZBO,1.068493150684931506849315069,0.6849315068493150684931506850,0.2324216550947644961531244234,0.1673435916682304372302495848
84.29965753424657534246575700,0,0.000,84.29965753424657534246575700,1.068493150684931506849315069,0.6849315068493150684931506850,83.23116438356164383561644193,0E-27,0E-28,1949,1950,2040,ZBO,1.068493150684931506849315069,0.6849315068493150684931506850,0.2294942765997372865453180807,0.1652358791518108463126290181
83.23116438356164383561644193,0,0.000,83.23116438356164383561644193,1.068493150684931506849315069,0.6849315068493150684931506850,82.16267123287671232876712686,0E-27,0E-28,1950,1951,2040,ZBO,1.068493150684931506849315069,0.6849315068493150684931506850,0.2265668981047100769375117381,0.1631281666353912553950084514
82.16267123287671232876712686,0,0.000,82.16267123287671232876712686,1.068493150684931506849315069,0.6849315068493150684931506850,81.09417808219178082191781179,0E-27,0E-28,1951,1952,2040,ZBO,1.068493150684931506849315069,0.6849315068493150684931506850,0.2236395196096828673297053954,0.1610204541189716644773878847
81.09417808219178082191781179,0,0.000,81.09417808219178082191781179,1.068493150684931506849315069,0.6849315068493150684931506850,80.02568493150684931506849672,0E-27,0E-28,1952,1953,2040,ZBO,1.068493150684931506849315069,0.6849315068493150684931506850,0.2207121411146556577218990528,0.1589127416025520735597673180
80.02568493150684931506849672,0,0.000,80.02568493150684931506849672,1.068493150684931506849315069,0.6849315068493150684931506850,78.95719178082191780821918165,0E-27,0E-28,1953,1954,2040,ZBO,1.068493150684931506849315069,0.6849315068493150684931506850,0.2177847626196284481140927102,0.1568050290861324826421467513
78.95719178082191780821918165,0,0.000,78.95719178082191780821918165,1.068493150684931506849315069,0.6849315068493150684931506850,77.88869863013698630136986658,0E-27,0E-28,1954,1955,2040,ZBO,1.068493150684931506849315069,0.6849315068493150684931506850,0.2148573841246012385062863674,0.1546973165697128917245261845
77.88869863013698630136986658,0,0.000,77.88869863013698630136986658,1.068493150684931506849315069,0.6849315068493150684931506850,76.82020547945205479452055151,0E-27,0E-28,1955,1956,2040,ZBO,1.068493150684931506849315069,0.6849315068493150684931506850,0.2119300056295740288984800248,0.1525896040532933008069056179
76.82020547945205479452055151,0,0.000,76.82020547945205479452055151,1.068493150684931506849315069,0.6849315068493150684931506850,75.75171232876712328767123644,0E-27,0E-28,1956,1957,2040,ZBO,1.068493150684931506849315069,0.6849315068493150684931506850,0.2090026271345468192906736822,0.1504818915368737098892850512
75.75171232876712328767123644,0,0.000,75.75171232876712328767123644,1.068493150684931506849315069,0.6849315068493150684931506850,74.68321917808219178082192137,0E-27,0E-28,1957,1958,2040,ZBO,1.068493150684931506849315069,0.6849315068493150684931506850,0.2060752486395196096828673395,0.1483741790204541189716644844
74.68321917808219178082192137,0,0.000,74.68321917808219178082192137,1.068493150684931506849315069,0.6849315068493150684931506850,73.61472602739726027397260630,0E-27,0E-28,1958,1959,2040,ZBO,1.068493150684931506849315069,0.6849315068493150684931506850,0.2031478701444924000750609969,0.1462664665040345280540439178
73.61472602739726027397260630,0,0.000,73.61472602739726027397260630,1.068493150684931506849315069,0.6849315068493150684931506850,72.54623287671232876712329123,0E-27,0E-28,1959,1960,2040,ZBO,1.068493150684931506849315069,0.6849315068493150684931506850,0.2002204916494651904672546541,0.1441587539876149371364233510
72.54623287671232876712329123,0,0.000,72.54623287671232876712329123,1.068493150684931506849315069,0.6849315068493150684931506850,71.47773972602739726027397616,0E-27,0E-28,1960,1961,2040,ZBO,1.068493150684931506849315069,0.6849315068493150684931506850,0.1972931131544379808594483115,0.1420510414711953462188027843
71.47773972602739726027397616,0,0.000,71.47773972602739726027397616,1.068493150684931506849315069,0.6849315068493150684931506850,70.40924657534246575342466109,0E-27,0E-28,1961,1962,2040,ZBO,1.068493150684931506849315069,0.6849315068493150684931506850,0.1943657346594107712516419688,0.1399433289547757553011822175
70.40924657534246575342466109,0,0.000,70.40924657534246575342466109,1.068493150684931506849315069,0.6849315068493150684931506850,69.34075342465753424657534602,0E-27,0E-28,1962,1963,2040,ZBO,1.068493150684931506849315069,0.6849315068493150684931506850,0.1914383561643835616438356262,0.1378356164383561643835616509
69.34075342465753424657534602,0,0.000,69.34075342465753424657534602,1.068493150684931506849315069,0.6849315068493150684931506850,68.27226027397260273972603095,0E-27,0E-28,1963,1964,2040,ZBO,1.068493150684931506849315069,0.6849315068493150684931506850,0.1885109776693563520360292836,0.1357279039219365734659410842
68.27226027397260273972603095,0,0.000,68.27226027397260273972603095,1.068493150684931506849315069,0.6849315068493150684931506850,67.20376712328767123287671588,0E-27,0E-28,1964,1965,2040,ZBO,1.068493150684931506849315069,0.6849315068493150684931506850,0.1855835991743291424282229408,0.1336201914055169825483205174
67.20376712328767123287671588,0,0.000,67.20376712328767123287671588,1.068493150684931506849315069,0.6849315068493150684931506850,66.13527397260273972602740081,0E-27,0E-28,1965,1966,2040,ZBO,1.068493150684931506849315069,0.6849315068493150684931506850,0.1826562206793019328204165982,0.1315124788890973916306999507
66.13527397260273972602740081,0,0.000,66.13527397260273972602740081,1.068493150684931506849315069,0.6849315068493150684931506850,65.06678082191780821917808574,0E-27,0E-28,1966,1967,2040,ZBO,1.068493150684931506849315069,0.6849315068493150684931506850,0.1797288421842747232126102556,0.1294047663726778007130793840
65.06678082191780821917808574,0,0.000,65.06678082191780821917808574,1.068493150684931506849315069,0.6849315068493150684931506850,63.99828767123287671232877067,0E-27,0E-28,1967,1968,2040,ZBO,1.068493150684931506849315069,0.6849315068493150684931506850,0.1768014636892475136048039129,0.1272970538562582097954588173
63.99828767123287671232877067,0,0.000,63.99828767123287671232877067,1.068493150684931506849315069,0.6849315068493150684931506850,62.92979452054794520547945560,0E-27,0E-28,1968,1969,2040,ZBO,1.068493150684931506849315069,0.6849315068493150684931506850,0.1738740851942203039969975703,0.1251893413398386188778382506
62.92979452054794520547945560,0,0.000,62.92979452054794520547945560,1.068493150684931506849315069,0.6849315068493150684931506850,61.86130136986301369863014053,0E-27,0E-28,1969,1970,2040,ZBO,1.068493150684931506849315069,0.6849315068493150684931506850,0.1709467066991930943891912276,0.1230816288234190279602176839
61.86130136986301369863014053,0,0.000,61.86130136986301369863014053,1.068493150684931506849315069,0.6849315068493150684931506850,60.79280821917808219178082546,0E-27,0E-28,1970,1971,2040,ZBO,1.068493150684931506849315069,0.6849315068493150684931506850,0.1680193282041658847813848849,0.1209739163069994370425971171
60.79280821917808219178082546,0,0.000,60.79280821917808219178082546,1.068493150684931506849315069,0.6849315068493150684931506850,59.72431506849315068493151039,0E-27,0E-28,1971,1972,2040,ZBO,1.068493150684931506849315069,0.6849315068493150684931506850,0.1650919497091386751735785422,0.1188662037905798461249765504
59.72431506849315068493151039,0,0.000,59.72431506849315068493151039,1.068493150684931506849315069,0.6849315068493150684931506850,58.65582191780821917808219532,0E-27,0E-28,1972,1973,2040,ZBO,1.068493150684931506849315069,0.6849315068493150684931506850,0.1621645712141114655657721996,0.1167584912741602552073559837
58.65582191780821917808219532,0,0.000,58.65582191780821917808219532,1.068493150684931506849315069,0.6849315068493150684931506850,57.58732876712328767123288025,0E-27,0E-28,1973,1974,2040,ZBO,1.068493150684931506849315069,0.6849315068493150684931506850,0.1592371927190842559579658570,0.1146507787577406642897354170
57.58732876712328767123288025,0,0.000,57.58732876712328767123288025,1.068493150684931506849315069,0.6849315068493150684931506850,56.51883561643835616438356518,0E-27,0E-28,1974,1975,2040,ZBO,1.068493150684931506849315069,0.6849315068493150684931506850,0.1563098142240570463501595143,0.1125430662413210733721148503
56.51883561643835616438356518,0,0.000,56.51883561643835616438356518,1.068493150684931506849315069,0.6849315068493150684931506850,55.45034246575342465753425011,0E-27,0E-28,1975,1976,2040,ZBO,1.068493150684931506849315069,0.6849315068493150684931506850,0.1533824357290298367423531717,0.1104353537249014824544942836
55.45034246575342465753425011,0,0.000,55.45034246575342465753425011,1.068493150684931506849315069,0.6849315068493150684931506850,54.38184931506849315068493504,0E-27,0E-28,1976,1977,2040,ZBO,1.068493150684931506849315069,0.6849315068493150684931506850,0.1504550572340026271345468291,0.1083276412084818915368737170
54.38184931506849315068493504,0,0.000,54.38184931506849315068493504,0.08904109589041095890410958904,0.05707762557077625570776255708,54.29280821917808219178082545,0E-29,0E-29,1977,23725/12,2040,ZBO,0.08904109589041095890410958904,0.05707762557077625570776255708,0.01240578282354412960530431056,0.008932163632951773315819103603
54.29280821917808219178082545,32.69196106705118961788031722,0.3923035328046142754145638066,86.59246575342465753424657886,0.9794520547945205479452054797,0.6278538812785388127853881280,85.61301369863013698630137338,0E-28,0E-28,23725/12,1978,2040,ZBO,0.9794520547945205479452054797,0.6278538812785388127853881280,0.2162397573028085319321949172,0.1556926252580221429911803404
85.61301369863013698630137338,0,0.000,85.61301369863013698630137338,1.068493150684931506849315069,0.6849315068493150684931506850,84.54452054794520547945205831,0E-27,0E-28,1978,1979,2040,ZBO,1.068493150684931506849315069,0.6849315068493150684931506850,0.2330925126665415650215800434,0.1678266091199099268155376312
84.54452054794520547945205831,0,0.000,84.54452054794520547945205831,1.068493150684931506849315069,0.6849315068493150684931506850,83.47602739726027397260274324,0E-27,0E-28,1979,1980,2040,ZBO,1.068493150684931506849315069,0.6849315068493150684931506850,0.2301651341715143554137737008,0.1657188966034903358979170646
83.47602739726027397260274324,0,0.000,83.47602739726027397260274324,1.068493150684931506849315069,0.6849315068493150684931506850,82.40753424657534246575342817,0E-27,0E-28,1980,1981,2040,ZBO,1.068493150684931506849315069,0.6849315068493150684931506850,0.2272377556764871458059673581,0.1636111840870707449802964978
82.40753424657534246575342817,0,0.000,82.40753424657534246575342817,1.068493150684931506849315069,0.6849315068493150684931506850,81.33904109589041095890411310,0E-27,0E-28,1981,1982,2040,ZBO,1.068493150684931506849315069,0.6849315068493150684931506850,0.2243103771814599361981610155,0.1615034715706511540626759312
81.33904109589041095890411310,0,0.000,81.33904109589041095890411310,1.068493150684931506849315069,0.6849315068493150684931506850,80.27054794520547945205479803,0E-27,0E-28,1982,1983,2040,ZBO,1.068493150684931506849315069,0.6849315068493150684931506850,0.2213829986864327265903546728,0.1593957590542315631450553644
80.27054794520547945205479803,0,0.000,80.27054794520547945205479803,1.068493150684931506849315069,0.6849315068493150684931506850,79.20205479452054794520548296,0E-27,0E-28,1983,1984,2040,ZBO,1.068493150684931506849315069,0.6849315068493150684931506850,0.2184556201914055169825483302,0.1572880465378119722274347977
79.20205479452054794520548296,0,0.000,79.20205479452054794520548296,1.068493150684931506849315069,0.6849315068493150684931506850,78.13356164383561643835616789,0E-27,0E-28,1984,1985,2040,ZBO,1.068493150684931506849315069,0.6849315068493150684931506850,0.2155282416963783073747419874,0.1551803340213923813098142309
78.13356164383561643835616789,0,0.000,78.13356164383561643835616789,1.068493150684931506849315069,0.6849315068493150684931506850,77.06506849315068493150685282,0E-27,0E-28,1985,1986,2040,ZBO,1.068493150684931506849315069,0.6849315068493150684931506850,0.2126008632013510977669356448,0.1530726215049727903921936643
77.06506849315068493150685282,0,0.000,77.06506849315068493150685282,1.068493150684931506849315069,0.6849315068493150684931506850,75.99657534246575342465753775,0E-27,0E-28,1986,1987,2040,ZBO,1.068493150684931506849315069,0.6849315068493150684931506850,0.2096734847063238881591293022,0.1509649089885531994745730976
75.99657534246575342465753775,0,0.000,75.99657534246575342465753775,1.068493150684931506849315069,0.6849315068493150684931506850,74.92808219178082191780822268,0E-27,0E-28,1987,1988,2040,ZBO,1.068493150684931506849315069,0.6849315068493150684931506850,0.2067461062112966785513229595,0.1488571964721336085569525308
74.92808219178082191780822268,0,0.000,74.92808219178082191780822268,1.068493150684931506849315069,0.6849315068493150684931506850,73.85958904109589041095890761,0E-27,0E-28,1988,1989,2040,ZBO,1.068493150684931506849315069,0.6849315068493150684931506850,0.2038187277162694689435166169,0.1467494839557140176393319642
73.85958904109589041095890761,0,0.000,73.85958904109589041095890761,1.068493150684931506849315069,0.6849315068493150684931506850,72.79109589041095890410959254,0E-27,0E-28,1989,1990,2040,ZBO,1.068493150684931506849315069,0.6849315068493150684931506850,0.2008913492212422593357102743,0.1446417714392944267217113975
72.79109589041095890410959254,0,0.000,72.79109589041095890410959254,1.068493150684931506849315069,0.6849315068493150684931506850,71.72260273972602739726027747,0E-27,0E-28,1990,1991,2040,ZBO,1.068493150684931506849315069,0.6849315068493150684931506850,0.1979639707262150497279039315,0.1425340589228748358040908307
71.72260273972602739726027747,0,0.000,71.72260273972602739726027747,1.068493150684931506849315069,0.6849315068493150684931506850,70.65410958904109589041096240,0E-27,0E-28,1991,1992,2040,ZBO,1.068493150684931506849315069,0.6849315068493150684931506850,0.1950365922311878401200975889,0.1404263464064552448864702640
70.65410958904109589041096240,0,0.000,70.65410958904109589041096240,1.068493150684931506849315069,0.6849315068493150684931506850,69.58561643835616438356164733,0E-27,0E-28,1992,1993,2040,ZBO,1.068493150684931506849315069,0.6849315068493150684931506850,0.1921092137361606305122912462,0.1383186338900356539688496973
69.58561643835616438356164733,0,0.000,69.58561643835616438356164733,1.068493150684931506849315069,0.6849315068493150684931506850,68.51712328767123287671233226,0E-27,0E-28,1993,1994,2040,ZBO,1.068493150684931506849315069,0.6849315068493150684931506850,0.1891818352411334209044849036,0.1362109213736160630512291306
68.51712328767123287671233226,0,0.000,68.51712328767123287671233226,1.068493150684931506849315069,0.6849315068493150684931506850,67.44863013698630136986301719,0E-27,0E-28,1994,1995,2040,ZBO,1.068493150684931506849315069,0.6849315068493150684931506850,0.1862544567461062112966785608,0.1341032088571964721336085638
67.44863013698630136986301719,0,0.000,67.44863013698630136986301719,1.068493150684931506849315069,0.6849315068493150684931506850,66.38013698630136986301370212,0E-27,0E-28,1995,1996,2040,ZBO,1.068493150684931506849315069,0.6849315068493150684931506850,0.1833270782510790016888722182,0.1319954963407768812159879971
66.38013698630136986301370212,0,0.000,66.38013698630136986301370212,1.068493150684931506849315069,0.6849315068493150684931506850,65.31164383561643835616438705,0E-27,0E-28,1996,1997,2040,ZBO,1.068493150684931506849315069,0.6849315068493150684931506850,0.1803996997560517920810658756,0.1298877838243572902983674304
65.31164383561643835616438705,0,0.000,65.31164383561643835616438705,1.068493150684931506849315069,0.6849315068493150684931506850,64.24315068493150684931507198,0E-27,0E-28,1997,1998,2040,ZBO,1.068493150684931506849315069,0.6849315068493150684931506850,0.1774723212610245824732595329,0.1277800713079376993807468637
64.24315068493150684931507198,0,0.000,64.24315068493150684931507198,1.068493150684931506849315069,0.6849315068493150684931506850,63.17465753424657534246575691,0E-27,0E-28,1998,1999,2040,ZBO,1.068493150684931506849315069,0.6849315068493150684931506850,0.1745449427659973728654531903,0.1256723587915181084631262970
63.17465753424657534246575691,0,0.000,63.17465753424657534246575691,1.068493150684931506849315069,0.6849315068493150684931506850,62.10616438356164383561644184,0E-27,0E-28,1999,2000,2040,ZBO,1.068493150684931506849315069,0.6849315068493150684931506850,0.1716175642709701632576468477,0.1235646462750985175455057303
62.10616438356164383561644184,0,0.000,62.10616438356164383561644184,1.068493150684931506849315069,0.6849315068493150684931506850,61.03767123287671232876712677,0E-27,0E-28,2000,2001,2040,ZBO,1.068493150684931506849315069,0.6849315068493150684931506850,0.1686901857759429536498405049,0.1214569337586789266278851635
61.03767123287671232876712677,0,0.000,61.03767123287671232876712677,1.068493150684931506849315069,0.6849315068493150684931506850,59.96917808219178082191781170,0E-27,0E-28,2001,2002,2040,ZBO,1.068493150684931506849315069,0.6849315068493150684931506850,0.1657628072809157440420341623,0.1193492212422593357102645969
59.96917808219178082191781170,0,0.000,59.96917808219178082191781170,1.068493150684931506849315069,0.6849315068493150684931506850,58.90068493150684931506849663,0E-27,0E-28,2002,2003,2040,ZBO,1.068493150684931506849315069,0.6849315068493150684931506850,0.1628354287858885344342278196,0.1172415087258397447926440301
58.90068493150684931506849663,0,0.000,58.90068493150684931506849663,1.068493150684931506849315069,0.6849315068493150684931506850,57.83219178082191780821918156,0E-27,0E-28,2003,2004,2040,ZBO,1.068493150684931506849315069,0.6849315068493150684931506850,0.1599080502908613248264214770,0.1151337962094201538750234634
57.83219178082191780821918156,0,0.000,57.83219178082191780821918156,1.068493150684931506849315069,0.6849315068493150684931506850,56.76369863013698630136986649,0E-27,0E-28,2004,2005,2040,ZBO,1.068493150684931506849315069,0.6849315068493150684931506850,0.1569806717958341152186151343,0.1130260836930005629574028967
56.76369863013698630136986649,0,0.000,56.76369863013698630136986649,1.068493150684931506849315069,0.6849315068493150684931506850,55.69520547945205479452055142,0E-27,0E-28,2005,2006,2040,ZBO,1.068493150684931506849315069,0.6849315068493150684931506850,0.1540532933008069056108087917,0.1109183711765809720397823300
55.69520547945205479452055142,0,0.000,55.69520547945205479452055142,1.068493150684931506849315069,0.6849315068493150684931506850,54.62671232876712328767123635,0E-27,0E-28,2006,2007,2040,ZBO,1.068493150684931506849315069,0.6849315068493150684931506850,0.1511259148057796960030024491,0.1088106586601613811221617634
54.62671232876712328767123635,0,0.000,54.62671232876712328767123635,0.5342465753424657534246575343,0.3424657534246575342465753425,54.09246575342465753424657882,0E-28,0E-28,2007,4015/2,2040,ZBO,0.5342465753424657534246575343,0.3424657534246575342465753425,0.07446519046725464439857384603,0.05361493713642334396697316914
54.09246575342465753424657882,32.69196106705118961788031722,0.3923035328046142754145638066,86.39212328767123287671233223,0.5342465753424657534246575343,0.3424657534246575342465753425,85.85787671232876712328767470,0E-28,0E-28,4015/2,2008,2040,ZBO,0.5342465753424657534246575343,0.3424657534246575342465753425,0.1179794520547945205479452102,0.08494520547945205479452055134
85.85787671232876712328767470,0,0.000,85.85787671232876712328767470,1.068493150684931506849315069,0.6849315068493150684931506850,84.78938356164383561643835963,0E-27,0E-28,2008,2009,2040,ZBO,1.068493150684931506849315069,0.6849315068493150684931506850,0.2337633702383186338900356634,0.1683096265715894164008256776
84.78938356164383561643835963,0,0.000,84.78938356164383561643835963,1.068493150684931506849315069,0.6849315068493150684931506850,83.72089041095890410958904456,0E-27,0E-28,2009,2010,2040,ZBO,1.068493150684931506849315069,0.6849315068493150684931506850,0.2308359917432914242822293208,0.1662019140551698254832051110
83.72089041095890410958904456,0,0.000,83.72089041095890410958904456,1.068493150684931506849315069,0.6849315068493150684931506850,82.65239726027397260273972949,0E-27,0E-28,2010,2011,2040,ZBO,1.068493150684931506849315069,0.6849315068493150684931506850,0.2279086132482642146744229781,0.1640942015387502345655845442
82.65239726027397260273972949,0,0.000,82.65239726027397260273972949,1.068493150684931506849315069,0.6849315068493150684931506850,81.58390410958904109589041442,0E-27,0E-28,2011,2012,2040,ZBO,1.068493150684931506849315069,0.6849315068493150684931506850,0.2249812347532370050666166355,0.1619864890223306436479639776
81.58390410958904109589041442,0,0.000,81.58390410958904109589041442,1.068493150684931506849315069,0.6849315068493150684931506850,80.51541095890410958904109935,0E-27,0E-28,2012,2013,2040,ZBO,1.068493150684931506849315069,0.6849315068493150684931506850,0.2220538562582097954588102929,0.1598787765059110527303434109
80.51541095890410958904109935,0,0.000,80.51541095890410958904109935,1.068493150684931506849315069,0.6849315068493150684931506850,79.44691780821917808219178428,0E-27,0E-28,2013,2014,2040,ZBO,1.068493150684931506849315069,0.6849315068493150684931506850,0.2191264777631825858510039502,0.1577710639894914618127228441
79.44691780821917808219178428,0,0.000,79.44691780821917808219178428,1.068493150684931506849315069,0.6849315068493150684931506850,78.37842465753424657534246921,0E-27,0E-28,2014,2015,2040,ZBO,1.068493150684931506849315069,0.6849315068493150684931506850,0.2161990992681553762431976076,0.1556633514730718708951022775
78.37842465753424657534246921,0,0.000,78.37842465753424657534246921,1.068493150684931506849315069,0.6849315068493150684931506850,77.30993150684931506849315414,0E-27,0E-28,2015,2016,2040,ZBO,1.068493150684931506849315069,0.6849315068493150684931506850,0.2132717207731281666353912650,0.1535556389566522799774817108
77.30993150684931506849315414,0,0.000,77.30993150684931506849315414,1.068493150684931506849315069,0.6849315068493150684931506850,76.24143835616438356164383907,0E-27,0E-28,2016,2017,2040,ZBO,1.068493150684931506849315069,0.6849315068493150684931506850,0.2103443422781009570275849222,0.1514479264402326890598611440
76.24143835616438356164383907,0,0.000,76.24143835616438356164383907,1.068493150684931506849315069,0.6849315068493150684931506850,75.17294520547945205479452400,0E-27,0E-28,2017,2018,2040,ZBO,1.068493150684931506849315069,0.6849315068493150684931506850,0.2074169637830737474197785796,0.1493402139238130981422405773
75.17294520547945205479452400,0,0.000,75.17294520547945205479452400,1.068493150684931506849315069,0.6849315068493150684931506850,74.10445205479452054794520893,0E-27,0E-28,2018,2019,2040,ZBO,1.068493150684931506849315069,0.6849315068493150684931506850,0.2044895852880465378119722369,0.1472325014073935072246200106
74.10445205479452054794520893,0,0.000,74.10445205479452054794520893,1.068493150684931506849315069,0.6849315068493150684931506850,73.03595890410958904109589386,0E-27,0E-28,2019,2020,2040,ZBO,1.068493150684931506849315069,0.6849315068493150684931506850,0.2015622067930193282041658943,0.1451247888909739163069994439
73.03595890410958904109589386,0,0.000,73.03595890410958904109589386,1.068493150684931506849315069,0.6849315068493150684931506850,71.96746575342465753424657879,0E-27,0E-28,2020,2021,2040,ZBO,1.068493150684931506849315069,0.6849315068493150684931506850,0.1986348282979921185963595515,0.1430170763745543253893788771
71.96746575342465753424657879,0,0.000,71.96746575342465753424657879,1.068493150684931506849315069,0.6849315068493150684931506850,70.89897260273972602739726372,0E-27,0E-28,2021,2022,2040,ZBO,1.068493150684931506849315069,0.6849315068493150684931506850,0.1957074498029649089885532089,0.1409093638581347344717583104
70.89897260273972602739726372,0,0.000,70.89897260273972602739726372,1.068493150684931506849315069,0.6849315068493150684931506850,69.83047945205479452054794865,0E-27,0E-28,2022,2023,2040,ZBO,1.068493150684931506849315069,0.6849315068493150684931506850,0.1927800713079376993807468663,0.1388016513417151435541377437
69.83047945205479452054794865,0,0.000,69.83047945205479452054794865,1.068493150684931506849315069,0.6849315068493150684931506850,68.76198630136986301369863358,0E-27,0E-28,2023,2024,2040,ZBO,1.068493150684931506849315069,0.6849315068493150684931506850,0.1898526928129104897729405236,0.1366939388252955526365171770
68.76198630136986301369863358,0,0.000,68.76198630136986301369863358,1.068493150684931506849315069,0.6849315068493150684931506850,67.69349315068493150684931851,0E-27,0E-28,2024,2025,2040,ZBO,1.068493150684931506849315069,0.6849315068493150684931506850,0.1869253143178832801651341810,0.1345862263088759617188966103
67.69349315068493150684931851,0,0.000,67.69349315068493150684931851,1.068493150684931506849315069,0.6849315068493150684931506850,66.62500000000000000000000344,0E-27,0E-28,2025,2026,2040,ZBO,1.068493150684931506849315069,0.6849315068493150684931506850,0.1839979358228560705573278384,0.1324785137924563708012760436
66.62500000000000000000000344,0,0.000,66.62500000000000000000000344,1.068493150684931506849315069,0.6849315068493150684931506850,65.55650684931506849315068837,0E-27,0E-28,2026,2027,2040,ZBO,1.068493150684931506849315069,0.6849315068493150684931506850,0.1810705573278288609495214956,0.1303708012760367798836554768
65.55650684931506849315068837,0,0.000,65.55650684931506849315068837,1.068493150684931506849315069,0.6849315068493150684931506850,64.48801369863013698630137330,0E-27,0E-28,2027,2028,2040,ZBO,1.068493150684931506849315069,0.6849315068493150684931506850,0.1781431788328016513417151530,0.1282630887596171889660349102
64.48801369863013698630137330,0,0.000,64.48801369863013698630137330,1.068493150684931506849315069,0.6849315068493150684931506850,63.41952054794520547945205823,0E-27,0E-28,2028,2029,2040,ZBO,1.068493150684931506849315069,0.6849315068493150684931506850,0.1752158003377744417339088103,0.1261553762431975980484143434
63.41952054794520547945205823,0,0.000,63.41952054794520547945205823,1.068493150684931506849315069,0.6849315068493150684931506850,62.35102739726027397260274316,0E-27,0E-28,2029,2030,2040,ZBO,1.068493150684931506849315069,0.6849315068493150684931506850,0.1722884218427472321261024677,0.1240476637267780071307937767
62.35102739726027397260274316,0,0.000,62.35102739726027397260274316,1.068493150684931506849315069,0.6849315068493150684931506850,61.28253424657534246575342809,0E-27,0E-28,2030,2031,2040,ZBO,1.068493150684931506849315069,0.6849315068493150684931506850,0.1693610433477200225182961249,0.1219399512103584162131732099
61.28253424657534246575342809,0,0.000,61.28253424657534246575342809,1.068493150684931506849315069,0.6849315068493150684931506850,60.21404109589041095890411302,0E-27,0E-28,2031,2032,2040,ZBO,1.068493150684931506849315069,0.6849315068493150684931506850,0.1664336648526928129104897823,0.1198322386939388252955526433
60.21404109589041095890411302,0,0.000,60.21404109589041095890411302,1.068493150684931506849315069,0.6849315068493150684931506850,59.14554794520547945205479795,0E-27,0E-28,2032,2033,2040,ZBO,1.068493150684931506849315069,0.6849315068493150684931506850,0.1635062863576656033026834397,0.1177245261775192343779320766
59.14554794520547945205479795,0,0.000,59.14554794520547945205479795,1.068493150684931506849315069,0.6849315068493150684931506850,58.07705479452054794520548288,0E-27,0E-28,2033,2034,2040,ZBO,1.068493150684931506849315069,0.6849315068493150684931506850,0.1605789078626383936948770970,0.1156168136610996434603115098
58.07705479452054794520548288,0,0.000,58.07705479452054794520548288,1.068493150684931506849315069,0.6849315068493150684931506850,57.00856164383561643835616781,0E-27,0E-28,2034,2035,2040,ZBO,1.068493150684931506849315069,0.6849315068493150684931506850,0.1576515293676111840870707544,0.1135091011446800525426909432
57.00856164383561643835616781,0,0.000,57.00856164383561643835616781,1.068493150684931506849315069,0.6849315068493150684931506850,55.94006849315068493150685274,0E-27,0E-28,2035,2036,2040,ZBO,1.068493150684931506849315069,0.6849315068493150684931506850,0.1547241508725839744792644118,0.1114013886282604616250703765
55.94006849315068493150685274,0,0.000,55.94006849315068493150685274,1.068493150684931506849315069,0.6849315068493150684931506850,54.87157534246575342465753767,0E-27,0E-28,2036,2037,2040,ZBO,1.068493150684931506849315069,0.6849315068493150684931506850,0.1517967723775567648714580691,0.1092936761118408707074498098
54.87157534246575342465753767,0,0.000,54.87157534246575342465753767,0.9794520547945205479452054797,0.6278538812785388127853881280,53.89212328767123287671233219,0E-28,0E-28,2037,24455/12,2040,ZBO,0.9794520547945205479452054797,0.6278538812785388127853881280,0.1365754206542816038030900193,0.09833430287108275473822481390
53.89212328767123287671233219,32.69196106705118961788031722,0.3923035328046142754145638066,86.19178082191780821917808560,0.08904109589041095890410958904,0.05707762557077625570776255708,86.10273972602739726027397601,0E-29,0E-29,24455/12,2038,2040,ZBO,0.08904109589041095890410958904,0.05707762557077625570776255708,0.01966832426346406455244886548,0.01416119346969412647776318315
86.10273972602739726027397601,0,0.000,86.10273972602739726027397601,1.068493150684931506849315069,0.6849315068493150684931506850,85.03424657534246575342466094,0E-27,0E-28,2038,2039,2040,ZBO,1.068493150684931506849315069,0.6849315068493150684931506850,0.2344342278100957027584912836,0.1687926440232689059861137242
85.03424657534246575342466094,0,0.000,85.03424657534246575342466094,1.068493150684931506849315069,0.6849315068493150684931506850,83.96575342465753424657534587,0E-27,0E-28,2039,2040,2040,ZBO,1.068493150684931506849315069,0.6849315068493150684931506850,0.2315068493150684931506849408,0.1666849315068493150684931574
83.96575342465753424657534587,0,0.000,83.96575342465753424657534587,1.068493150684931506849315069,0.6849315068493150684931506850,82.89726027397260273972603080,0E-27,0E-28,2040,2041,2040,ZBO,1.068493150684931506849315069,0.6849315068493150684931506850,0.2285794708200412835428785982,0.1645772189904297241508725907
82.89726027397260273972603080,0,0.000,82.89726027397260273972603080,1.068493150684931506849315069,0.6849315068493150684931506850,81.82876712328767123287671573,0E-27,0E-28,2041,2042,2040,ZBO,1.068493150684931506849315069,0.6849315068493150684931506850,0.2256520923250140739350722555,0.1624695064740101332332520240
81.82876712328767123287671573,0,0.000,81.82876712328767123287671573,1.068493150684931506849315069,0.6849315068493150684931506850,80.76027397260273972602740066,0E-27,0E-28,2042,2043,2040,ZBO,1.068493150684931506849315069,0.6849315068493150684931506850,0.2227247138299868643272659129,0.1603617939575905423156314573
80.76027397260273972602740066,0,0.000,80.76027397260273972602740066,1.068493150684931506849315069,0.6849315068493150684931506850,79.69178082191780821917808559,0E-27,0E-28,2043,2044,2040,ZBO,1.068493150684931506849315069,0.6849315068493150684931506850,0.2197973353349596547194595702,0.1582540814411709513980108905
79.69178082191780821917808559,0,0.000,79.69178082191780821917808559,1.068493150684931506849315069,0.6849315068493150684931506850,78.62328767123287671232877052,0E-27,0E-28,2044,2045,2040,ZBO,1.068493150684931506849315069,0.6849315068493150684931506850,0.2168699568399324451116532276,0.1561463689247513604803903239
78.62328767123287671232877052,0,0.000,78.62328767123287671232877052,1.068493150684931506849315069,0.6849315068493150684931506850,77.55479452054794520547945545,0E-27,0E-28,2045,2046,2040,ZBO,1.068493150684931506849315069,0.6849315068493150684931506850,0.2139425783449052355038468850,0.1540386564083317695627697572
77.55479452054794520547945545,0,0.000,77.55479452054794520547945545,1.068493150684931506849315069,0.6849315068493150684931506850,76.48630136986301369863014038,0E-27,0E-28,2046,2047,2040,ZBO,1.068493150684931506849315069,0.6849315068493150684931506850,0.2110151998498780258960405422,0.1519309438919121786451491904
76.48630136986301369863014038,0,0.000,76.48630136986301369863014038,1.068493150684931506849315069,0.6849315068493150684931506850,75.41780821917808219178082531,0E-27,0E-28,2047,2048,2040,ZBO,1.068493150684931506849315069,0.6849315068493150684931506850,0.2080878213548508162882341996,0.1498232313754925877275286237
75.41780821917808219178082531,0,0.000,75.41780821917808219178082531,1.068493150684931506849315069,0.6849315068493150684931506850,74.34931506849315068493151024,0E-27,0E-28,2048,2049,2040,ZBO,1.068493150684931506849315069,0.6849315068493150684931506850,0.2051604428598236066804278570,0.1477155188590729968099080570
74.34931506849315068493151024,0,0.000,74.34931506849315068493151024,1.068493150684931506849315069,0.6849315068493150684931506850,73.28082191780821917808219517,0E-27,0E-28,2049,2050,2040,ZBO,1.068493150684931506849315069,0.6849315068493150684931506850,0.2022330643647963970726215143,0.1456078063426534058922874903
73.28082191780821917808219517,0,0.000,73.28082191780821917808219517,1.068493150684931506849315069,0.6849315068493150684931506850,72.21232876712328767123288010,0E-27,0E-28,2050,2051,2040,ZBO,1.068493150684931506849315069,0.6849315068493150684931506850,0.1993056858697691874648151717,0.1435000938262338149746669236
72.21232876712328767123288010,0,0.000,72.21232876712328767123288010,1.068493150684931506849315069,0.6849315068493150684931506850,71.14383561643835616438356503,0E-27,0E-28,2051,2052,2040,ZBO,1.068493150684931506849315069,0.6849315068493150684931506850,0.1963783073747419778570088289,0.1413923813098142240570463568
71.14383561643835616438356503,0,0.000,71.14383561643835616438356503,1.068493150684931506849315069,0.6849315068493150684931506850,70.07534246575342465753424996,0E-27,0E-28,2052,2053,2040,ZBO,1.068493150684931506849315069,0.6849315068493150684931506850,0.1934509288797147682492024863,0.1392846687933946331394257901
70.07534246575342465753424996,0,0.000,70.07534246575342465753424996,1.068493150684931506849315069,0.6849315068493150684931506850,69.00684931506849315068493489,0E-27,0E-28,2053,2054,2040,ZBO,1.068493150684931506849315069,0.6849315068493150684931506850,0.1905235503846875586413961436,0.1371769562769750422218052234
69.00684931506849315068493489,0,0.000,69.00684931506849315068493489,1.068493150684931506849315069,0.6849315068493150684931506850,67.93835616438356164383561982,0E-27,0E-28,2054,2055,2040,ZBO,1.068493150684931506849315069,0.6849315068493150684931506850,0.1875961718896603490335898010,0.1350692437605554513041846567
67.93835616438356164383561982,0,0.000,67.93835616438356164383561982,1.068493150684931506849315069,0.6849315068493150684931506850,66.86986301369863013698630475,0E-27,0E-28,2055,2056,2040,ZBO,1.068493150684931506849315069,0.6849315068493150684931506850,0.1846687933946331394257834584,0.1329615312441358603865640900
66.86986301369863013698630475,0,0.000,66.86986301369863013698630475,1.068493150684931506849315069,0.6849315068493150684931506850,65.80136986301369863013698968,0E-27,0E-28,2056,2057,2040,ZBO,1.068493150684931506849315069,0.6849315068493150684931506850,0.1817414148996059298179771156,0.1308538187277162694689435232
65.80136986301369863013698968,0,0.000,65.80136986301369863013698968,1.068493150684931506849315069,0.6849315068493150684931506850,64.73287671232876712328767461,0E-27,0E-28,2057,2058,2040,ZBO,1.068493150684931506849315069,0.6849315068493150684931506850,0.1788140364045787202101707730,0.1287461062112966785513229566
64.73287671232876712328767461,0,0.000,64.73287671232876712328767461,1.068493150684931506849315069,0.6849315068493150684931506850,63.66438356164383561643835954,0E-27,0E-28,2058,2059,2040,ZBO,1.068493150684931506849315069,0.6849315068493150684931506850,0.1758866579095515106023644304,0.1266383936948770876337023899
63.66438356164383561643835954,0,0.000,63.66438356164383561643835954,1.068493150684931506849315069,0.6849315068493150684931506850,62.59589041095890410958904447,0E-27,0E-28,2059,2060,2040,ZBO,1.068493150684931506849315069,0.6849315068493150684931506850,0.1729592794145243009945580877,0.1245306811784574967160818231
62.59589041095890410958904447,0,0.000,62.59589041095890410958904447,1.068493150684931506849315069,0.6849315068493150684931506850,61.52739726027397260273972940,0E-27,0E-28,2060,2061,2040,ZBO,1.068493150684931506849315069,0.6849315068493150684931506850,0.1700319009194970913867517451,0.1224229686620379057984612565
61.52739726027397260273972940,0,0.000,61.52739726027397260273972940,1.068493150684931506849315069,0.6849315068493150684931506850,60.45890410958904109589041433,0E-27,0E-28,2061,2062,2040,ZBO,1.068493150684931506849315069,0.6849315068493150684931506850,0.1671045224244698817789454023,0.1203152561456183148808406897
60.45890410958904109589041433,0,0.000,60.45890410958904109589041433,1.068493150684931506849315069,0.6849315068493150684931506850,59.39041095890410958904109926,0E-27,0E-28,2062,2063,2040,ZBO,1.068493150684931506849315069,0.6849315068493150684931506850,0.1641771439294426721711390597,0.1182075436291987239632201230
59.39041095890410958904109926,0,0.000,59.39041095890410958904109926,1.068493150684931506849315069,0.6849315068493150684931506850,58.32191780821917808219178419,0E-27,0E-28,2063,2064,2040,ZBO,1.068493150684931506849315069,0.6849315068493150684931506850,0.1612497654344154625633327170,0.1160998311127791330455995562
58.32191780821917808219178419,0,0.000,58.32191780821917808219178419,1.068493150684931506849315069,0.6849315068493150684931506850,57.25342465753424657534246912,0E-27,0E-28,2064,2065,2040,ZBO,1.068493150684931506849315069,0.6849315068493150684931506850,0.1583223869393882529555263744,0.1139921185963595421279789896
57.25342465753424657534246912,0,0.000,57.25342465753424657534246912,1.068493150684931506849315069,0.6849315068493150684931506850,56.18493150684931506849315405,0E-27,0E-28,2065,2066,2040,ZBO,1.068493150684931506849315069,0.6849315068493150684931506850,0.1553950084443610433477200318,0.1118844060799399512103584229
56.18493150684931506849315405,0,0.000,56.18493150684931506849315405,1.068493150684931506849315069,0.6849315068493150684931506850,55.11643835616438356164383898,0E-27,0E-28,2066,2067,2040,ZBO,1.068493150684931506849315069,0.6849315068493150684931506850,0.1524676299493338337399136891,0.1097766935635203602927378562
55.11643835616438356164383898,0,0.000,55.11643835616438356164383898,1.068493150684931506849315069,0.6849315068493150684931506850,54.04794520547945205479452391,0E-27,0E-28,2067,2068,2040,ZBO,1.068493150684931506849315069,0.6849315068493150684931506850,0.1495402514543066241321073465,0.1076689810471007693751172895
54.04794520547945205479452391,0,0.000,54.04794520547945205479452391,0.3561643835616438356164383561,0.2283105022831050228310502283,53.69178082191780821917808555,0E-28,0E-28,2068,6205/3,2040,ZBO,0.3561643835616438356164383561,0.2283105022831050228310502283,0.04919622193031838368674548379,0.03542127978982923625445674833
53.69178082191780821917808555,32.69196106705118961788031722,0.3923035328046142754145638066,85.99143835616438356164383896,0.7123287671232876712328767125,0.4566210045662100456621004568,85.27910958904109589041096225,0E-28,0E-28,6205/3,2069,2040,ZBO,0.7123287671232876712328767125,0.4566210045662100456621004568,0.1564114593106899355726527865,0.1126162507036967536123100063
85.27910958904109589041096225,0,0.000,85.27910958904109589041096225,1.068493150684931506849315069,0.6849315068493150684931506850,84.21061643835616438356164718,0E-27,0E-28,2069,2070,2040,ZBO,1.068493150684931506849315069,0.6849315068493150684931506850,0.2321777068868455620191405608,0.1671679489585288046537812038
84.21061643835616438356164718,0,0.000,84.21061643835616438356164718,1.068493150684931506849315069,0.6849315068493150684931506850,83.14212328767123287671233211,0E-27,0E-28,2070,2071,2040,ZBO,1.068493150684931506849315069,0.6849315068493150684931506850,0.2292503283918183524113342182,0.1650602364421092137361606371
83.14212328767123287671233211,0,0.000,83.14212328767123287671233211,1.068493150684931506849315069,0.6849315068493150684931506850,82.07363013698630136986301704,0E-27,0E-28,2071,2072,2040,ZBO,1.068493150684931506849315069,0.6849315068493150684931506850,0.2263229498967911428035278756,0.1629525239256896228185400704
82.07363013698630136986301704,0,0.000,82.07363013698630136986301704,1.068493150684931506849315069,0.6849315068493150684931506850,81.00513698630136986301370197,0E-27,0E-28,2072,2073,2040,ZBO,1.068493150684931506849315069,0.6849315068493150684931506850,0.2233955714017639331957215329,0.1608448114092700319009195037
81.00513698630136986301370197,0,0.000,81.00513698630136986301370197,1.068493150684931506849315069,0.6849315068493150684931506850,79.93664383561643835616438690,0E-27,0E-28,2073,2074,2040,ZBO,1.068493150684931506849315069,0.6849315068493150684931506850,0.2204681929067367235879151903,0.1587370988928504409832989370
79.93664383561643835616438690,0,0.000,79.93664383561643835616438690,1.068493150684931506849315069,0.6849315068493150684931506850,78.86815068493150684931507183,0E-27,0E-28,2074,2075,2040,ZBO,1.068493150684931506849315069,0.6849315068493150684931506850,0.2175408144117095139801088476,0.1566293863764308500656783703
78.86815068493150684931507183,0,0.000,78.86815068493150684931507183,1.068493150684931506849315069,0.6849315068493150684931506850,77.79965753424657534246575676,0E-27,0E-28,2075,2076,2040,ZBO,1.068493150684931506849315069,0.6849315068493150684931506850,0.2146134359166823043723025050,0.1545216738600112591480578036
77.79965753424657534246575676,0,0.000,77.79965753424657534246575676,1.068493150684931506849315069,0.6849315068493150684931506850,76.73116438356164383561644169,0E-27,0E-28,2076,2077,2040,ZBO,1.068493150684931506849315069,0.6849315068493150684931506850,0.2116860574216550947644961622,0.1524139613435916682304372368
76.73116438356164383561644169,0,0.000,76.73116438356164383561644169,1.068493150684931506849315069,0.6849315068493150684931506850,75.66267123287671232876712662,0E-27,0E-28,2077,2078,2040,ZBO,1.068493150684931506849315069,0.6849315068493150684931506850,0.2087586789266278851566898196,0.1503062488271720773128166701
75.66267123287671232876712662,0,0.000,75.66267123287671232876712662,1.068493150684931506849315069,0.6849315068493150684931506850,74.59417808219178082191781155,0E-27,0E-28,2078,2079,2040,ZBO,1.068493150684931506849315069,0.6849315068493150684931506850,0.2058313004316006755488834770,0.1481985363107524863951961034
74.59417808219178082191781155,0,0.000,74.59417808219178082191781155,1.068493150684931506849315069,0.6849315068493150684931506850,73.52568493150684931506849648,0E-27,0E-28,2079,2080,2040,ZBO,1.068493150684931506849315069,0.6849315068493150684931506850,0.2029039219365734659410771343,0.1460908237943328954775755367
73.52568493150684931506849648,0,0.000,73.52568493150684931506849648,1.068493150684931506849315069,0.6849315068493150684931506850,72.45719178082191780821918141,0E-27,0E-28,2080,2081,2040,ZBO,1.068493150684931506849315069,0.6849315068493150684931506850,0.1999765434415462563332707917,0.1439831112779133045599549700
72.45719178082191780821918141,0,0.000,72.45719178082191780821918141,1.068493150684931506849315069,0.6849315068493150684931506850,71.38869863013698630136986634,0E-27,0E-28,2081,2082,2040,ZBO,1.068493150684931506849315069,0.6849315068493150684931506850,0.1970491649465190467254644491,0.1418753987614937136423344034
71.38869863013698630136986634,0,0.000,71.38869863013698630136986634,1.068493150684931506849315069,0.6849315068493150684931506850,70.32020547945205479452055127,0E-27,0E-28,2082,2083,2040,ZBO,1.068493150684931506849315069,0.6849315068493150684931506850,0.1941217864514918371176581063,0.1397676862450741227247138365
70.32020547945205479452055127,0,0.000,70.32020547945205479452055127,1.068493150684931506849315069,0.6849315068493150684931506850,69.25171232876712328767123620,0E-27,0E-28,2083,2084,2040,ZBO,1.068493150684931506849315069,0.6849315068493150684931506850,0.1911944079564646275098517637,0.1376599737286545318070932699
69.25171232876712328767123620,0,0.000,69.25171232876712328767123620,1.068493150684931506849315069,0.6849315068493150684931506850,68.18321917808219178082192113,0E-27,0E-28,2084,2085,2040,ZBO,1.068493150684931506849315069,0.6849315068493150684931506850,0.1882670294614374179020454210,0.1355522612122349408894727031
68.18321917808219178082192113,0,0.000,68.18321917808219178082192113,1.068493150684931506849315069,0.6849315068493150684931506850,67.11472602739726027397260606,0E-27,0E-28,2085,2086,2040,ZBO,1.068493150684931506849315069,0.6849315068493150684931506850,0.1853396509664102082942390784,0.1334445486958153499718521364
67.11472602739726027397260606,0,0.000,67.11472602739726027397260606,1.068493150684931506849315069,0.6849315068493150684931506850,66.04623287671232876712329099,0E-27,0E-28,2086,2087,2040,ZBO,1.068493150684931506849315069,0.6849315068493150684931506850,0.1824122724713829986864327356,0.1313368361793957590542315696
66.04623287671232876712329099,0,0.000,66.04623287671232876712329099,1.068493150684931506849315069,0.6849315068493150684931506850,64.97773972602739726027397592,0E-27,0E-28,2087,2088,2040,ZBO,1.068493150684931506849315069,0.6849315068493150684931506850,0.1794848939763557890786263930,0.1292291236629761681366110030
64.97773972602739726027397592,0,0.000,64.97773972602739726027397592,1.068493150684931506849315069,0.6849315068493150684931506850,63.90924657534246575342466085,0E-27,0E-28,2088,2089,2040,ZBO,1.068493150684931506849315069,0.6849315068493150684931506850,0.1765575154813285794708200504,0.1271214111465565772189904363
63.90924657534246575342466085,0,0.000,63.90924657534246575342466085,1.068493150684931506849315069,0.6849315068493150684931506850,62.84075342465753424657534578,0E-27,0E-28,2089,2090,2040,ZBO,1.068493150684931506849315069,0.6849315068493150684931506850,0.1736301369863013698630137077,0.1250136986301369863013698695
62.84075342465753424657534578,0,0.000,62.84075342465753424657534578,1.068493150684931506849315069,0.6849315068493150684931506850,61.77226027397260273972603071,0E-27,0E-28,2090,2091,2040,ZBO,1.068493150684931506849315069,0.6849315068493150684931506850,0.1707027584912741602552073651,0.1229059861137173953837493029
61.77226027397260273972603071,0,0.000,61.77226027397260273972603071,1.068493150684931506849315069,0.6849315068493150684931506850,60.70376712328767123287671564,0E-27,0E-28,2091,2092,2040,ZBO,1.068493150684931506849315069,0.6849315068493150684931506850,0.1677753799962469506474010225,0.1207982735972978044661287362
60.70376712328767123287671564,0,0.000,60.70376712328767123287671564,1.068493150684931506849315069,0.6849315068493150684931506850,59.63527397260273972602740057,0E-27,0E-28,2092,2093,2040,ZBO,1.068493150684931506849315069,0.6849315068493150684931506850,0.1648480015012197410395946797,0.1186905610808782135485081694
59.63527397260273972602740057,0,0.000,59.63527397260273972602740057,1.068493150684931506849315069,0.6849315068493150684931506850,58.56678082191780821917808550,0E-27,0E-28,2093,2094,2040,ZBO,1.068493150684931506849315069,0.6849315068493150684931506850,0.1619206230061925314317883371,0.1165828485644586226308876027
58.56678082191780821917808550,0,0.000,58.56678082191780821917808550,1.068493150684931506849315069,0.6849315068493150684931506850,57.49828767123287671232877043,0E-27,0E-28,2094,2095,2040,ZBO,1.068493150684931506849315069,0.6849315068493150684931506850,0.1589932445111653218239819944,0.1144751360480390317132670360
57.49828767123287671232877043,0,0.000,57.49828767123287671232877043,1.068493150684931506849315069,0.6849315068493150684931506850,56.42979452054794520547945536,0E-27,0E-28,2095,2096,2040,ZBO,1.068493150684931506849315069,0.6849315068493150684931506850,0.1560658660161381122161756518,0.1123674235316194407956464693
56.42979452054794520547945536,0,0.000,56.42979452054794520547945536,1.068493150684931506849315069,0.6849315068493150684931506850,55.36130136986301369863014029,0E-27,0E-28,2096,2097,2040,ZBO,1.068493150684931506849315069,0.6849315068493150684931506850,0.1531384875211109026083693091,0.1102597110151998498780259026
55.36130136986301369863014029,0,0.000,55.36130136986301369863014029,1.068493150684931506849315069,0.6849315068493150684931506850,54.29280821917808219178082522,0E-27,0E-28,2097,2098,2040,ZBO,1.068493150684931506849315069,0.6849315068493150684931506850,0.1502111090260836930005629665,0.1081519984987802589604053359
54.29280821917808219178082522,0,0.000,54.29280821917808219178082522,0.8013698630136986301369863014,0.5136986301369863013698630138,53.49143835616438356164383892,0E-28,0E-28,2098,8395/4,2040,ZBO,0.8013698630136986301369863014,0.5136986301369863013698630138,0.1107372396322011634452993124,0.07973081253518483768061550493
53.49143835616438356164383892,32.69196106705118961788031722,0.3923035328046142754145638066,85.79109589041095890410959233,0.2671232876712328767123287671,0.1712328767123287671232876712,85.52397260273972602739726356,0E-28,0E-28,8395/4,2099,2040,ZBO,0.2671232876712328767123287671,0.1712328767123287671232876712,0.05866954400450365922311878626,0.04224207168324263464064552611
85.52397260273972602739726356,0,0.000,85.52397260273972602739726356,1.068493150684931506849315069,0.6849315068493150684931506850,84.45547945205479452054794849,0E-27,0E-28,2099,2100,2040,ZBO,1.068493150684931506849315069,0.6849315068493150684931506850,0.2328485644586226308875961808,0.1676509664102082942390692502
84.45547945205479452054794849,0,0.000,84.45547945205479452054794849,1.068493150684931506849315069,0.6849315068493150684931506850,83.38698630136986301369863342,0E-27,0E-28,2100,2101,2040,ZBO,1.068493150684931506849315069,0.6849315068493150684931506850,0.2299211859635954212797898382,0.1655432538937887033214486835
83.38698630136986301369863342,0,0.000,83.38698630136986301369863342,1.068493150684931506849315069,0.6849315068493150684931506850,82.31849315068493150684931835,0E-27,0E-28,2101,2102,2040,ZBO,1.068493150684931506849315069,0.6849315068493150684931506850,0.2269938074685682116719834956,0.1634355413773691124038281168
82.31849315068493150684931835,0,0.000,82.31849315068493150684931835,1.068493150684931506849315069,0.6849315068493150684931506850,81.25000000000000000000000328,0E-27,0E-28,2102,2103,2040,ZBO,1.068493150684931506849315069,0.6849315068493150684931506850,0.2240664289735410020641771529,0.1613278288609495214862075501
81.25000000000000000000000328,0,0.000,81.25000000000000000000000328,1.068493150684931506849315069,0.6849315068493150684931506850,80.18150684931506849315068821,0E-27,0E-28,2103,2104,2040,ZBO,1.068493150684931506849315069,0.6849315068493150684931506850,0.2211390504785137924563708103,0.1592201163445299305685869834
80.18150684931506849315068821,0,0.000,80.18150684931506849315068821,1.068493150684931506849315069,0.6849315068493150684931506850,79.11301369863013698630137314,0E-27,0E-28,2104,2105,2040,ZBO,1.068493150684931506849315069,0.6849315068493150684931506850,0.2182116719834865828485644677,0.1571124038281103396509664167
79.11301369863013698630137314,0,0.000,79.11301369863013698630137314,1.068493150684931506849315069,0.6849315068493150684931506850,78.04452054794520547945205807,0E-27,0E-28,2105,2106,2040,ZBO,1.068493150684931506849315069,0.6849315068493150684931506850,0.2152842934884593732407581250,0.1550046913116907487333458500
78.04452054794520547945205807,0,0.000,78.04452054794520547945205807,1.068493150684931506849315069,0.6849315068493150684931506850,76.97602739726027397260274300,0E-27,0E-28,2106,2107,2040,ZBO,1.068493150684931506849315069,0.6849315068493150684931506850,0.2123569149934321636329517824,0.1528969787952711578157252833
76.97602739726027397260274300,0,0.000,76.97602739726027397260274300,1.068493150684931506849315069,0.6849315068493150684931506850,75.90753424657534246575342793,0E-27,0E-28,2107,2108,2040,ZBO,1.068493150684931506849315069,0.6849315068493150684931506850,0.2094295364984049540251454396,0.1507892662788515668981047165
75.90753424657534246575342793,0,0.000,75.90753424657534246575342793,1.068493150684931506849315069,0.6849315068493150684931506850,74.83904109589041095890411286,0E-27,0E-28,2108,2109,2040,ZBO,1.068493150684931506849315069,0.6849315068493150684931506850,0.2065021580033777444173390970,0.1486815537624319759804841498
74.83904109589041095890411286,0,0.000,74.83904109589041095890411286,1.068493150684931506849315069,0.6849315068493150684931506850,73.77054794520547945205479779,0E-27,0E-28,2109,2110,2040,ZBO,1.068493150684931506849315069,0.6849315068493150684931506850,0.2035747795083505348095327543,0.1465738412460123850628635831
73.77054794520547945205479779,0,0.000,73.77054794520547945205479779,1.068493150684931506849315069,0.6849315068493150684931506850,72.70205479452054794520548272,0E-27,0E-28,2110,2111,2040,ZBO,1.068493150684931506849315069,0.6849315068493150684931506850,0.2006474010133233252017264117,0.1444661287295927941452430164
72.70205479452054794520548272,0,0.000,72.70205479452054794520548272,1.068493150684931506849315069,0.6849315068493150684931506850,71.63356164383561643835616765,0E-27,0E-28,2111,2112,2040,ZBO,1.068493150684931506849315069,0.6849315068493150684931506850,0.1977200225182961155939200691,0.1423584162131732032276224498
71.63356164383561643835616765,0,0.000,71.63356164383561643835616765,1.068493150684931506849315069,0.6849315068493150684931506850,70.56506849315068493150685258,0E-27,0E-28,2112,2113,2040,ZBO,1.068493150684931506849315069,0.6849315068493150684931506850,0.1947926440232689059861137263,0.1402507036967536123100018829
70.56506849315068493150685258,0,0.000,70.56506849315068493150685258,1.068493150684931506849315069,0.6849315068493150684931506850,69.49657534246575342465753751,0E-27,0E-28,2113,2114,2040,ZBO,1.068493150684931506849315069,0.6849315068493150684931506850,0.1918652655282416963783073837,0.1381429911803340213923813163
69.49657534246575342465753751,0,0.000,69.49657534246575342465753751,1.068493150684931506849315069,0.6849315068493150684931506850,68.42808219178082191780822244,0E-27,0E-28,2114,2115,2040,ZBO,1.068493150684931506849315069,0.6849315068493150684931506850,0.1889378870332144867705010411,0.1360352786639144304747607496
68.42808219178082191780822244,0,0.000,68.42808219178082191780822244,1.068493150684931506849315069,0.6849315068493150684931506850,67.35958904109589041095890737,0E-27,0E-28,2115,2116,2040,ZBO,1.068493150684931506849315069,0.6849315068493150684931506850,0.1860105085381872771626946984,0.1339275661474948395571401828
67.35958904109589041095890737,0,0.000,67.35958904109589041095890737,1.068493150684931506849315069,0.6849315068493150684931506850,66.29109589041095890410959230,0E-27,0E-28,2116,2117,2040,ZBO,1.068493150684931506849315069,0.6849315068493150684931506850,0.1830831300431600675548883558,0.1318198536310752486395196162
66.29109589041095890410959230,0,0.000,66.29109589041095890410959230,1.068493150684931506849315069,0.6849315068493150684931506850,65.22260273972602739726027723,0E-27,0E-28,2117,2118,2040,ZBO,1.068493150684931506849315069,0.6849315068493150684931506850,0.1801557515481328579470820130,0.1297121411146556577218990494
65.22260273972602739726027723,0,0.000,65.22260273972602739726027723,1.068493150684931506849315069,0.6849315068493150684931506850,64.15410958904109589041096216,0E-27,0E-28,2118,2119,2040,ZBO,1.068493150684931506849315069,0.6849315068493150684931506850,0.1772283730531056483392756704,0.1276044285982360668042784827
64.15410958904109589041096216,0,0.000,64.15410958904109589041096216,1.068493150684931506849315069,0.6849315068493150684931506850,63.08561643835616438356164709,0E-27,0E-28,2119,2120,2040,ZBO,1.068493150684931506849315069,0.6849315068493150684931506850,0.1743009945580784387314693277,0.1254967160818164758866579159
63.08561643835616438356164709,0,0.000,63.08561643835616438356164709,1.068493150684931506849315069,0.6849315068493150684931506850,62.01712328767123287671233202,0E-27,0E-28,2120,2121,2040,ZBO,1.068493150684931506849315069,0.6849315068493150684931506850,0.1713736160630512291236629851,0.1233890035653968849690373493
62.01712328767123287671233202,0,0.000,62.01712328767123287671233202,1.068493150684931506849315069,0.6849315068493150684931506850,60.94863013698630136986301695,0E-27,0E-28,2121,2122,2040,ZBO,1.068493150684931506849315069,0.6849315068493150684931506850,0.1684462375680240195158566425,0.1212812910489772940514167826
60.94863013698630136986301695,0,0.000,60.94863013698630136986301695,1.068493150684931506849315069,0.6849315068493150684931506850,59.88013698630136986301370188,0E-27,0E-28,2122,2123,2040,ZBO,1.068493150684931506849315069,0.6849315068493150684931506850,0.1655188590729968099080502997,0.1191735785325577031337962158
59.88013698630136986301370188,0,0.000,59.88013698630136986301370188,1.068493150684931506849315069,0.6849315068493150684931506850,58.81164383561643835616438681,0E-27,0E-28,2123,2124,2040,ZBO,1.068493150684931506849315069,0.6849315068493150684931506850,0.1625914805779696003002439571,0.1170658660161381122161756491
58.81164383561643835616438681,0,0.000,58.81164383561643835616438681,1.068493150684931506849315069,0.6849315068493150684931506850,57.74315068493150684931507174,0E-27,0E-28,2124,2125,2040,ZBO,1.068493150684931506849315069,0.6849315068493150684931506850,0.1596641020829423906924376145,0.1149581534997185212985550824
57.74315068493150684931507174,0,0.000,57.74315068493150684931507174,1.068493150684931506849315069,0.6849315068493150684931506850,56.67465753424657534246575667,0E-27,0E-28,2125,2126,2040,ZBO,1.068493150684931506849315069,0.6849315068493150684931506850,0.1567367235879151810846312718,0.1128504409832989303809345157
56.67465753424657534246575667,0,0.000,56.67465753424657534246575667,1.068493150684931506849315069,0.6849315068493150684931506850,55.60616438356164383561644160,0E-27,0E-28,2126,2127,2040,ZBO,1.068493150684931506849315069,0.6849315068493150684931506850,0.1538093450928879714768249292,0.1107427284668793394633139490
55.60616438356164383561644160,0,0.000,55.60616438356164383561644160,1.068493150684931506849315069,0.6849315068493150684931506850,54.53767123287671232876712653,0E-27,0E-28,2127,2128,2040,ZBO,1.068493150684931506849315069,0.6849315068493150684931506850,0.1508819665978607618690185865,0.1086350159504597485456933823
54.53767123287671232876712653,0,0.000,54.53767123287671232876712653,1.068493150684931506849315069,0.6849315068493150684931506850,53.46917808219178082191781146,0E-27,0E-28,2128,2129,2040,ZBO,1.068493150684931506849315069,0.6849315068493150684931506850,0.1479545881028335522612122439,0.1065273034340401576280728156
53.46917808219178082191781146,0,0.000,53.46917808219178082191781146,0.1780821917808219178082191781,0.1141552511415525114155251142,53.29109589041095890410959228,0E-28,0E-28,2129,12775/6,2040,ZBO,0.1780821917808219178082191781,0.1141552511415525114155251142,0.02437449177456683555388753510,0.01754963407768812159879902527
53.29109589041095890410959228,32.69196106705118961788031722,0.3923035328046142754145638066,85.59075342465753424657534569,0.8904109589041095890410958904,0.5707762557077625570776255708,84.70034246575342465753424980,0E-28,0E-28,12775/6,2130,2040,ZBO,0.8904109589041095890410958904,0.5707762557077625570776255708,0.1943962281854006380183899492,0.1399652842934884593732407634
84.70034246575342465753424980,0,0.000,84.70034246575342465753424980,1.068493150684931506849315069,0.6849315068493150684931506850,83.63184931506849315068493473,0E-27,0E-28,2130,2131,2040,ZBO,1.068493150684931506849315069,0.6849315068493150684931506850,0.2305920435353724901482454582,0.1660262713454681929067367299
83.63184931506849315068493473,0,0.000,83.63184931506849315068493473,1.068493150684931506849315069,0.6849315068493150684931506850,82.56335616438356164383561966,0E-27,0E-28,2131,2132,2040,ZBO,1.068493150684931506849315069,0.6849315068493150684931506850,0.2276646650403452805404391156,0.1639185588290486019891161632
82.56335616438356164383561966,0,0.000,82.56335616438356164383561966,1.068493150684931506849315069,0.6849315068493150684931506850,81.49486301369863013698630459,0E-27,0E-28,2132,2133,2040,ZBO,1.068493150684931506849315069,0.6849315068493150684931506850,0.2247372865453180709326327729,0.1618108463126290110714955965
81.49486301369863013698630459,0,0.000,81.49486301369863013698630459,1.068493150684931506849315069,0.6849315068493150684931506850,80.42636986301369863013698952,0E-27,0E-28,2133,2134,2040,ZBO,1.068493150684931506849315069,0.6849315068493150684931506850,0.2218099080502908613248264303,0.1597031337962094201538750298
80.42636986301369863013698952,0,0.000,80.42636986301369863013698952,1.068493150684931506849315069,0.6849315068493150684931506850,79.35787671232876712328767445,0E-27,0E-28,2134,2135,2040,ZBO,1.068493150684931506849315069,0.6849315068493150684931506850,0.2188825295552636517170200877,0.1575954212797898292362544631
79.35787671232876712328767445,0,0.000,79.35787671232876712328767445,1.068493150684931506849315069,0.6849315068493150684931506850,78.28938356164383561643835938,0E-27,0E-28,2135,2136,2040,ZBO,1.068493150684931506849315069,0.6849315068493150684931506850,0.2159551510602364421092137450,0.1554877087633702383186338964
78.28938356164383561643835938,0,0.000,78.28938356164383561643835938,1.068493150684931506849315069,0.6849315068493150684931506850,77.22089041095890410958904431,0E-27,0E-28,2136,2137,2040,ZBO,1.068493150684931506849315069,0.6849315068493150684931506850,0.2130277725652092325014074024,0.1533799962469506474010133297
77.22089041095890410958904431,0,0.000,77.22089041095890410958904431,1.068493150684931506849315069,0.6849315068493150684931506850,76.15239726027397260273972924,0E-27,0E-28,2137,2138,2040,ZBO,1.068493150684931506849315069,0.6849315068493150684931506850,0.2101003940701820228936010597,0.1512722837305310564833927630
76.15239726027397260273972924,0,0.000,76.15239726027397260273972924,1.068493150684931506849315069,0.6849315068493150684931506850,75.08390410958904109589041417,0E-27,0E-28,2138,2139,2040,ZBO,1.068493150684931506849315069,0.6849315068493150684931506850,0.2071730155751548132857947170,0.1491645712141114655657721962
75.08390410958904109589041417,0,0.000,75.08390410958904109589041417,1.068493150684931506849315069,0.6849315068493150684931506850,74.01541095890410958904109910,0E-27,0E-28,2139,2140,2040,ZBO,1.068493150684931506849315069,0.6849315068493150684931506850,0.2042456370801276036779883744,0.1470568586976918746481516296
74.01541095890410958904109910,0,0.000,74.01541095890410958904109910,1.068493150684931506849315069,0.6849315068493150684931506850,72.94691780821917808219178403,0E-27,0E-28,2140,2141,2040,ZBO,1.068493150684931506849315069,0.6849315068493150684931506850,0.2013182585851003940701820317,0.1449491461812722837305310628
72.94691780821917808219178403,0,0.000,72.94691780821917808219178403,1.068493150684931506849315069,0.6849315068493150684931506850,71.87842465753424657534246896,0E-27,0E-28,2141,2142,2040,ZBO,1.068493150684931506849315069,0.6849315068493150684931506850,0.1983908800900731844623756891,0.1428414336648526928129104962
71.87842465753424657534246896,0,0.000,71.87842465753424657534246896,1.068493150684931506849315069,0.6849315068493150684931506850,70.80993150684931506849315389,0E-27,0E-28,2142,2143,2040,ZBO,1.068493150684931506849315069,0.6849315068493150684931506850,0.1954635015950459748545693463,0.1407337211484331018952899293
70.80993150684931506849315389,0,0.000,70.80993150684931506849315389,1.068493150684931506849315069,0.6849315068493150684931506850,69.74143835616438356164383882,0E-27,0E-28,2143,2144,2040,ZBO,1.068493150684931506849315069,0.6849315068493150684931506850,0.1925361231000187652467630037,0.1386260086320135109776693627
69.74143835616438356164383882,0,0.000,69.74143835616438356164383882,1.068493150684931506849315069,0.6849315068493150684931506850,68.67294520547945205479452375,0E-27,0E-28,2144,2145,2040,ZBO,1.068493150684931506849315069,0.6849315068493150684931506850,0.1896087446049915556389566611,0.1365182961155939200600487960
68.67294520547945205479452375,0,0.000,68.67294520547945205479452375,1.068493150684931506849315069,0.6849315068493150684931506850,67.60445205479452054794520868,0E-27,0E-28,2145,2146,2040,ZBO,1.068493150684931506849315069,0.6849315068493150684931506850,0.1866813661099643460311503184,0.1344105835991743291424282292
67.60445205479452054794520868,0,0.000,67.60445205479452054794520868,1.068493150684931506849315069,0.6849315068493150684931506850,66.53595890410958904109589361,0E-27,0E-28,2146,2147,2040,ZBO,1.068493150684931506849315069,0.6849315068493150684931506850,0.1837539876149371364233439758,0.1323028710827547382248076626
66.53595890410958904109589361,0,0.000,66.53595890410958904109589361,1.068493150684931506849315069,0.6849315068493150684931506850,65.46746575342465753424657854,0E-27,0E-28,2147,2148,2040,ZBO,1.068493150684931506849315069,0.6849315068493150684931506850,0.1808266091199099268155376332,0.1301951585663351473071870959
65.46746575342465753424657854,0,0.000,65.46746575342465753424657854,1.068493150684931506849315069,0.6849315068493150684931506850,64.39897260273972602739726347,0E-27,0E-28,2148,2149,2040,ZBO,1.068493150684931506849315069,0.6849315068493150684931506850,0.1778992306248827172077312904,0.1280874460499155563895665291
64.39897260273972602739726347,0,0.000,64.39897260273972602739726347,1.068493150684931506849315069,0.6849315068493150684931506850,63.33047945205479452054794840,0E-27,0E-28,2149,2150,2040,ZBO,1.068493150684931506849315069,0.6849315068493150684931506850,0.1749718521298555075999249478,0.1259797335334959654719459624
63.33047945205479452054794840,0,0.000,63.33047945205479452054794840,1.068493150684931506849315069,0.6849315068493150684931506850,62.26198630136986301369863333,0E-27,0E-28,2150,2151,2040,ZBO,1.068493150684931506849315069,0.6849315068493150684931506850,0.1720444736348282979921186051,0.1238720210170763745543253957
62.26198630136986301369863333,0,0.000,62.26198630136986301369863333,1.068493150684931506849315069,0.6849315068493150684931506850,61.19349315068493150684931826,0E-27,0E-28,2151,2152,2040,ZBO,1.068493150684931506849315069,0.6849315068493150684931506850,0.1691170951398010883843122625,0.1217643085006567836367048290
61.19349315068493150684931826,0,0.000,61.19349315068493150684931826,1.068493150684931506849315069,0.6849315068493150684931506850,60.12500000000000000000000319,0E-27,0E-28,2152,2153,2040,ZBO,1.068493150684931506849315069,0.6849315068493150684931506850,0.1661897166447738787765059197,0.1196565959842371927190842622
60.12500000000000000000000319,0,0.000,60.12500000000000000000000319,1.068493150684931506849315069,0.6849315068493150684931506850,59.05650684931506849315068812,0E-27,0E-28,2153,2154,2040,ZBO,1.068493150684931506849315069,0.6849315068493150684931506850,0.1632623381497466691686995771,0.1175488834678176018014636955
59.05650684931506849315068812,0,0.000,59.05650684931506849315068812,1.068493150684931506849315069,0.6849315068493150684931506850,57.98801369863013698630137305,0E-27,0E-28,2154,2155,2040,ZBO,1.068493150684931506849315069,0.6849315068493150684931506850,0.1603349596547194595608932345,0.1154411709513980108838431288
57.98801369863013698630137305,0,0.000,57.98801369863013698630137305,1.068493150684931506849315069,0.6849315068493150684931506850,56.91952054794520547945205798,0E-27,0E-28,2155,2156,2040,ZBO,1.068493150684931506849315069,0.6849315068493150684931506850,0.1574075811596922499530868918,0.1133334584349784199662225621
56.91952054794520547945205798,0,0.000,56.91952054794520547945205798,1.068493150684931506849315069,0.6849315068493150684931506850,55.85102739726027397260274291,0E-27,0E-28,2156,2157,2040,ZBO,1.068493150684931506849315069,0.6849315068493150684931506850,0.1544802026646650403452805492,0.1112257459185588290486019954
55.85102739726027397260274291,0,0.000,55.85102739726027397260274291,1.068493150684931506849315069,0.6849315068493150684931506850,54.78253424657534246575342784,0E-27,0E-28,2157,2158,2040,ZBO,1.068493150684931506849315069,0.6849315068493150684931506850,0.1515528241696378307374742066,0.1091180334021392381309814288
54.78253424657534246575342784,0,0.000,54.78253424657534246575342784,1.068493150684931506849315069,0.6849315068493150684931506850,53.71404109589041095890411277,0E-27,0E-28,2158,2159,2040,ZBO,1.068493150684931506849315069,0.6849315068493150684931506850,0.1486254456746106211296678639,0.1070103208857196472133608620
53.71404109589041095890411277,0,0.000,53.71404109589041095890411277,0.6232876712328767123287671232,0.3995433789954337899543378995,53.09075342465753424657534565,0E-28,0E-28,2159,25915/12,2040,ZBO,0.6232876712328767123287671232,0.3995433789954337899543378995,0.08534629699130543566647901926,0.06144933383373991367986489387
53.09075342465753424657534565,32.69196106705118961788031750,0.3923035328046142754145638100,85.39041095890410958904109934,0.4452054794520547945205479454,0.2853881278538812785388127855,84.94520547945205479452055139,0E-28,0E-28,25915/12,2160,2040,ZBO,0.4452054794520547945205479454,0.2853881278538812785388127855,0.09722352536435854131481829382,0.07000093826233814974666917155
84.94520547945205479452055139,0,0.000,84.94520547945205479452055139,1.068493150684931506849315069,0.6849315068493150684931506850,83.87671232876712328767123632,0E-27,0E-28,2160,2161,2040,ZBO,1.068493150684931506849315069,0.6849315068493150684931506850,0.2312629011071495590167010791,0.1665092887971476824920247770
83.87671232876712328767123632,0,0.000,83.87671232876712328767123632,1.068493150684931506849315069,0.6849315068493150684931506850,82.80821917808219178082192125,0E-27,0E-28,2161,2162,2040,ZBO,1.068493150684931506849315069,0.6849315068493150684931506850,0.2283355226121223494088947365,0.1644015762807280915744042103
82.80821917808219178082192125,0,0.000,82.80821917808219178082192125,1.068493150684931506849315069,0.6849315068493150684931506850,81.73972602739726027397260618,0E-27,0E-28,2162,2163,2040,ZBO,1.068493150684931506849315069,0.6849315068493150684931506850,0.2254081441170951398010883937,0.1622938637643085006567836435
81.73972602739726027397260618,0,0.000,81.73972602739726027397260618,1.068493150684931506849315069,0.6849315068493150684931506850,80.67123287671232876712329111,0E-27,0E-28,2163,2164,2040,ZBO,1.068493150684931506849315069,0.6849315068493150684931506850,0.2224807656220679301932820511,0.1601861512478889097391630768
80.67123287671232876712329111,0,0.000,80.67123287671232876712329111,1.068493150684931506849315069,0.6849315068493150684931506850,79.60273972602739726027397604,0E-27,0E-28,2164,2165,2040,ZBO,1.068493150684931506849315069,0.6849315068493150684931506850,0.2195533871270407205854757085,0.1580784387314693188215425101
79.60273972602739726027397604,0,0.000,79.60273972602739726027397604,1.068493150684931506849315069,0.6849315068493150684931506850,78.53424657534246575342466097,0E-27,0E-28,2165,2166,2040,ZBO,1.068493150684931506849315069,0.6849315068493150684931506850,0.2166260086320135109776693658,0.1559707262150497279039219434
78.53424657534246575342466097,0,0.000,78.53424657534246575342466097,1.068493150684931506849315069,0.6849315068493150684931506850,77.46575342465753424657534590,0E-27,0E-28,2166,2167,2040,ZBO,1.068493150684931506849315069,0.6849315068493150684931506850,0.2136986301369863013698630232,0.1538630136986301369863013767
77.46575342465753424657534590,0,0.000,77.46575342465753424657534590,1.068493150684931506849315069,0.6849315068493150684931506850,76.39726027397260273972603083,0E-27,0E-28,2167,2168,2040,ZBO,1.068493150684931506849315069,0.6849315068493150684931506850,0.2107712516419590917620566804,0.1517553011822105460686808099
76.39726027397260273972603083,0,0.000,76.39726027397260273972603083,1.068493150684931506849315069,0.6849315068493150684931506850,75.32876712328767123287671576,0E-27,0E-28,2168,2169,2040,ZBO,1.068493150684931506849315069,0.6849315068493150684931506850,0.2078438731469318821542503378,0.1496475886657909551510602432
75.32876712328767123287671576,0,0.000,75.32876712328767123287671576,1.068493150684931506849315069,0.6849315068493150684931506850,74.26027397260273972602740069,0E-27,0E-28,2169,2170,2040,ZBO,1.068493150684931506849315069,0.6849315068493150684931506850,0.2049164946519046725464439951,0.1475398761493713642334396765
74.26027397260273972602740069,0,0.000,74.26027397260273972602740069,1.068493150684931506849315069,0.6849315068493150684931506850,73.19178082191780821917808562,0E-27,0E-28,2170,2171,2040,ZBO,1.068493150684931506849315069,0.6849315068493150684931506850,0.2019891161568774629386376525,0.1454321636329517733158191098
73.19178082191780821917808562,0,0.000,73.19178082191780821917808562,1.068493150684931506849315069,0.6849315068493150684931506850,72.12328767123287671232877055,0E-27,0E-28,2171,2172,2040,ZBO,1.068493150684931506849315069,0.6849315068493150684931506850,0.1990617376618502533308313099,0.1433244511165321823981985431
72.12328767123287671232877055,0,0.000,72.12328767123287671232877055,1.068493150684931506849315069,0.6849315068493150684931506850,71.05479452054794520547945548,0E-27,0E-28,2172,2173,2040,ZBO,1.068493150684931506849315069,0.6849315068493150684931506850,0.1961343591668230437230249671,0.1412167386001125914805779763
71.05479452054794520547945548,0,0.000,71.05479452054794520547945548,1.068493150684931506849315069,0.6849315068493150684931506850,69.98630136986301369863014041,0E-27,0E-28,2173,2174,2040,ZBO,1.068493150684931506849315069,0.6849315068493150684931506850,0.1932069806717958341152186245,0.1391090260836930005629574096
69.98630136986301369863014041,0,0.000,69.98630136986301369863014041,1.068493150684931506849315069,0.6849315068493150684931506850,68.91780821917808219178082534,0E-27,0E-28,2174,2175,2040,ZBO,1.068493150684931506849315069,0.6849315068493150684931506850,0.1902796021767686245074122819,0.1370013135672734096453368430
68.91780821917808219178082534,0,0.000,68.91780821917808219178082534,1.068493150684931506849315069,0.6849315068493150684931506850,67.84931506849315068493151027,0E-27,0E-28,2175,2176,2040,ZBO,1.068493150684931506849315069,0.6849315068493150684931506850,0.1873522236817414148996059392,0.1348936010508538187277162762
67.84931506849315068493151027,0,0.000,67.84931506849315068493151027,1.068493150684931506849315069,0.6849315068493150684931506850,66.78082191780821917808219520,0E-27,0E-28,2176,2177,2040,ZBO,1.068493150684931506849315069,0.6849315068493150684931506850,0.1844248451867142052917995966,0.1327858885344342278100957096
66.78082191780821917808219520,0,0.000,66.78082191780821917808219520,1.068493150684931506849315069,0.6849315068493150684931506850,65.71232876712328767123288013,0E-27,0E-28,2177,2178,2040,ZBO,1.068493150684931506849315069,0.6849315068493150684931506850,0.1814974666916869956839932539,0.1306781760180146368924751428
65.71232876712328767123288013,0,0.000,65.71232876712328767123288013,1.068493150684931506849315069,0.6849315068493150684931506850,64.64383561643835616438356506,0E-27,0E-28,2178,2179,2040,ZBO,1.068493150684931506849315069,0.6849315068493150684931506850,0.1785700881966597860761869113,0.1285704635015950459748545761
64.64383561643835616438356506,0,0.000,64.64383561643835616438356506,1.068493150684931506849315069,0.6849315068493150684931506850,63.57534246575342465753424999,0E-27,0E-28,2179,2180,2040,ZBO,1.068493150684931506849315069,0.6849315068493150684931506850,0.1756427097016325764683805685,0.1264627509851754550572340093
63.57534246575342465753424999,0,0.000,63.57534246575342465753424999,1.068493150684931506849315069,0.6849315068493150684931506850,62.50684931506849315068493492,0E-27,0E-28,2180,2181,2040,ZBO,1.068493150684931506849315069,0.6849315068493150684931506850,0.1727153312066053668605742259,0.1243550384687558641396134426
62.50684931506849315068493492,0,0.000,62.50684931506849315068493492,1.068493150684931506849315069,0.6849315068493150684931506850,61.43835616438356164383561985,0E-27,0E-28,2181,2182,2040,ZBO,1.068493150684931506849315069,0.6849315068493150684931506850,0.1697879527115781572527678833,0.1222473259523362732219928760
61.43835616438356164383561985,0,0.000,61.43835616438356164383561985,1.068493150684931506849315069,0.6849315068493150684931506850,60.36986301369863013698630478,0E-27,0E-28,2182,2183,2040,ZBO,1.068493150684931506849315069,0.6849315068493150684931506850,0.1668605742165509476449615406,0.1201396134359166823043723092
60.36986301369863013698630478,0,0.000,60.36986301369863013698630478,1.068493150684931506849315069,0.6849315068493150684931506850,59.30136986301369863013698971,0E-27,0E-28,2183,2184,2040,ZBO,1.068493150684931506849315069,0.6849315068493150684931506850,0.1639331957215237380371551980,0.1180319009194970913867517426
59.30136986301369863013698971,0,0.000,59.30136986301369863013698971,1.068493150684931506849315069,0.6849315068493150684931506850,58.23287671232876712328767464,0E-27,0E-28,2184,2185,2040,ZBO,1.068493150684931506849315069,0.6849315068493150684931506850,0.1610058172264965284293488554,0.1159241884030775004691311759
58.23287671232876712328767464,0,0.000,58.23287671232876712328767464,1.068493150684931506849315069,0.6849315068493150684931506850,57.16438356164383561643835957,0E-27,0E-28,2185,2186,2040,ZBO,1.068493150684931506849315069,0.6849315068493150684931506850,0.1580784387314693188215425126,0.1138164758866579095515106091
57.16438356164383561643835957,0,0.000,57.16438356164383561643835957,1.068493150684931506849315069,0.6849315068493150684931506850,56.09589041095890410958904450,0E-27,0E-28,2186,2187,2040,ZBO,1.068493150684931506849315069,0.6849315068493150684931506850,0.1551510602364421092137361700,0.1117087633702383186338900424
56.09589041095890410958904450,0,0.000,56.09589041095890410958904450,1.068493150684931506849315069,0.6849315068493150684931506850,55.02739726027397260273972943,0E-27,0E-28,2187,2188,2040,ZBO,1.068493150684931506849315069,0.6849315068493150684931506850,0.1522236817414148996059298273,0.1096010508538187277162694757
55.02739726027397260273972943,0,0.000,55.02739726027397260273972943,1.068493150684931506849315069,0.6849315068493150684931506850,53.95890410958904109589041436,0E-27,0E-28,2188,2189,2040,ZBO,1.068493150684931506849315069,0.6849315068493150684931506850,0.1492963032463876899981234847,0.1074933383373991367986489090
53.95890410958904109589041436,0,0.000,53.95890410958904109589041436,1.068493150684931506849315069,0.6849315068493150684931506850,52.89041095890410958904109929,0E-27,0E-28,2189,2190,2040,ZBO,1.068493150684931506849315069,0.6849315068493150684931506850,0.1463689247513604803903171419,0.1053856258209795458810283422
52.89041095890410958904109929,31.72314347512617159336697908,0.3806777217015140591204037490,84.23287671232876712328767462,1.175342465753424657534246575,0.7534246575342465753424657535,83.05753424657534246575342804,0E-27,0E-28,2190,2191,2041,ZBO,1.175342465753424657534246575,0.7534246575342465753424657535,0.2291649465190467254644398667,0.1649987614937136423343967040
83.05753424657534246575342804,0,0.000,83.05753424657534246575342804,1.175342465753424657534246575,0.7534246575342465753424657535,81.88219178082191780821918146,0E-27,0E-28,2191,2192,2041,ZBO,1.175342465753424657534246575,0.7534246575342465753424657535,0.2259448301745167948958528897,0.1626802777256520923250140806
81.88219178082191780821918146,0,0.000,81.88219178082191780821918146,1.175342465753424657534246575,0.7534246575342465753424657535,80.70684931506849315068493488,0E-27,0E-28,2192,2193,2041,ZBO,1.175342465753424657534246575,0.7534246575342465753424657535,0.2227247138299868643272659128,0.1603617939575905423156314572
80.70684931506849315068493488,0,0.000,80.70684931506849315068493488,1.175342465753424657534246575,0.7534246575342465753424657535,79.53150684931506849315068830,0E-27,0E-28,2193,2194,2041,ZBO,1.175342465753424657534246575,0.7534246575342465753424657535,0.2195045974854569337586789359,0.1580433101895289923062488338
79.53150684931506849315068830,0,0.000,79.53150684931506849315068830,1.175342465753424657534246575,0.7534246575342465753424657535,78.35616438356164383561644172,0E-27,0E-28,2194,2195,2041,ZBO,1.175342465753424657534246575,0.7534246575342465753424657535,0.2162844811409270031900919589,0.1557248264214674422968662104
78.35616438356164383561644172,0,0.000,78.35616438356164383561644172,1.175342465753424657534246575,0.7534246575342465753424657535,77.18082191780821917808219514,0E-27,0E-28,2195,2196,2041,ZBO,1.175342465753424657534246575,0.7534246575342465753424657535,0.2130643647963970726215049821,0.1534063426534058922874835871
77.18082191780821917808219514,0,0.000,77.18082191780821917808219514,1.175342465753424657534246575,0.7534246575342465753424657535,76.00547945205479452054794856,0E-27,0E-28,2196,2197,2041,ZBO,1.175342465753424657534246575,0.7534246575342465753424657535,0.2098442484518671420529180051,0.1510878588853443422781009637
76.00547945205479452054794856,0,0.000,76.00547945205479452054794856,1.175342465753424657534246575,0.7534246575342465753424657535,74.83013698630136986301370198,0E-27,0E-28,2197,2198,2041,ZBO,1.175342465753424657534246575,0.7534246575342465753424657535,0.2066241321073372114843310281,0.1487693751172827922687183402
74.83013698630136986301370198,0,0.000,74.83013698630136986301370198,1.175342465753424657534246575,0.7534246575342465753424657535,73.65479452054794520547945540,0E-27,0E-28,2198,2199,2041,ZBO,1.175342465753424657534246575,0.7534246575342465753424657535,0.2034040157628072809157440513,0.1464508913492212422593357169
73.65479452054794520547945540,0,0.000,73.65479452054794520547945540,1.175342465753424657534246575,0.7534246575342465753424657535,72.47945205479452054794520882,0E-27,0E-28,2199,2200,2041,ZBO,1.175342465753424657534246575,0.7534246575342465753424657535,0.2001838994182773503471570743,0.1441324075811596922499530935
72.47945205479452054794520882,0,0.000,72.47945205479452054794520882,1.175342465753424657534246575,0.7534246575342465753424657535,71.30410958904109589041096224,0E-27,0E-28,2200,2201,2041,ZBO,1.175342465753424657534246575,0.7534246575342465753424657535,0.1969637830737474197785700974,0.1418139238130981422405704701
71.30410958904109589041096224,0,0.000,71.30410958904109589041096224,1.175342465753424657534246575,0.7534246575342465753424657535,70.12876712328767123287671566,0E-27,0E-28,2201,2202,2041,ZBO,1.175342465753424657534246575,0.7534246575342465753424657535,0.1937436667292174892099831204,0.1394954400450365922311878467
70.12876712328767123287671566,0,0.000,70.12876712328767123287671566,1.175342465753424657534246575,0.7534246575342465753424657535,68.95342465753424657534246908,0E-27,0E-28,2202,2203,2041,ZBO,1.175342465753424657534246575,0.7534246575342465753424657535,0.1905235503846875586413961434,0.1371769562769750422218052232
68.95342465753424657534246908,0,0.000,68.95342465753424657534246908,1.175342465753424657534246575,0.7534246575342465753424657535,67.77808219178082191780822250,0E-27,0E-28,2203,2204,2041,ZBO,1.175342465753424657534246575,0.7534246575342465753424657535,0.1873034340401576280728091666,0.1348584725089134922124226000
67.77808219178082191780822250,0,0.000,67.77808219178082191780822250,1.175342465753424657534246575,0.7534246575342465753424657535,66.60273972602739726027397592,0E-27,0E-28,2204,2205,2041,ZBO,1.175342465753424657534246575,0.7534246575342465753424657535,0.1840833176956276975042221896,0.1325399887408519422030399765
66.60273972602739726027397592,0,0.000,66.60273972602739726027397592,1.175342465753424657534246575,0.7534246575342465753424657535,65.42739726027397260273972934,0E-27,0E-28,2205,2206,2041,ZBO,1.175342465753424657534246575,0.7534246575342465753424657535,0.1808632013510977669356352128,0.1302215049727903921936573532
65.42739726027397260273972934,0,0.000,65.42739726027397260273972934,1.175342465753424657534246575,0.7534246575342465753424657535,64.25205479452054794520548276,0E-27,0E-28,2206,2207,2041,ZBO,1.175342465753424657534246575,0.7534246575342465753424657535,0.1776430850065678363670482358,0.1279030212047288421842747298
64.25205479452054794520548276,0,0.000,64.25205479452054794520548276,1.175342465753424657534246575,0.7534246575342465753424657535,63.07671232876712328767123618,0E-27,0E-28,2207,2208,2041,ZBO,1.175342465753424657534246575,0.7534246575342465753424657535,0.1744229686620379057984612588,0.1255845374366672921748921063
63.07671232876712328767123618,0,0.000,63.07671232876712328767123618,1.175342465753424657534246575,0.7534246575342465753424657535,61.90136986301369863013698960,0E-27,0E-28,2208,2209,2041,ZBO,1.175342465753424657534246575,0.7534246575342465753424657535,0.1712028523175079752298742819,0.1232660536686057421655094830
61.90136986301369863013698960,0,0.000,61.90136986301369863013698960,1.175342465753424657534246575,0.7534246575342465753424657535,60.72602739726027397260274302,0E-27,0E-28,2209,2210,2041,ZBO,1.175342465753424657534246575,0.7534246575342465753424657535,0.1679827359729780446612873049,0.1209475699005441921561268595
60.72602739726027397260274302,0,0.000,60.72602739726027397260274302,1.175342465753424657534246575,0.7534246575342465753424657535,59.55068493150684931506849644,0E-27,0E-28,2210,2211,2041,ZBO,1.175342465753424657534246575,0.7534246575342465753424657535,0.1647626196284481140927003281,0.1186290861324826421467442362
59.55068493150684931506849644,0,0.000,59.55068493150684931506849644,1.175342465753424657534246575,0.7534246575342465753424657535,58.37534246575342465753424986,0E-27,0E-28,2211,2212,2041,ZBO,1.175342465753424657534246575,0.7534246575342465753424657535,0.1615425032839181835241133511,0.1163106023644210921373616128
58.37534246575342465753424986,0,0.000,58.37534246575342465753424986,1.175342465753424657534246575,0.7534246575342465753424657535,57.20000000000000000000000328,0E-27,0E-28,2212,2213,2041,ZBO,1.175342465753424657534246575,0.7534246575342465753424657535,0.1583223869393882529555263741,0.1139921185963595421279789894
57.20000000000000000000000328,0,0.000,57.20000000000000000000000328,1.175342465753424657534246575,0.7534246575342465753424657535,56.02465753424657534246575670,0E-27,0E-28,2213,2214,2041,ZBO,1.175342465753424657534246575,0.7534246575342465753424657535,0.1551022705948583223869393973,0.1116736348282979921185963661
56.02465753424657534246575670,0,0.000,56.02465753424657534246575670,1.175342465753424657534246575,0.7534246575342465753424657535,54.84931506849315068493151012,0E-27,0E-28,2214,2215,2041,ZBO,1.175342465753424657534246575,0.7534246575342465753424657535,0.1518821542503283918183524203,0.1093551510602364421092137426
54.84931506849315068493151012,0,0.000,54.84931506849315068493151012,1.175342465753424657534246575,0.7534246575342465753424657535,53.67397260273972602739726354,0E-27,0E-28,2215,2216,2041,ZBO,1.175342465753424657534246575,0.7534246575342465753424657535,0.1486620379057984612497654434,0.1070366672921748920998311192
53.67397260273972602739726354,0,0.000,53.67397260273972602739726354,1.175342465753424657534246575,0.7534246575342465753424657535,52.49863013698630136986301696,0E-27,0E-28,2216,2217,2041,ZBO,1.175342465753424657534246575,0.7534246575342465753424657535,0.1454419215612685306811784665,0.1047181835241133420904484959
52.49863013698630136986301696,0,0.000,52.49863013698630136986301696,1.175342465753424657534246575,0.7534246575342465753424657535,51.32328767123287671232877038,0E-27,0E-28,2217,2218,2041,ZBO,1.175342465753424657534246575,0.7534246575342465753424657535,0.1422218052167386001125914895,0.1023996997560517920810658724
51.32328767123287671232877038,0,0.000,51.32328767123287671232877038,1.175342465753424657534246575,0.7534246575342465753424657535,50.14794520547945205479452380,0E-27,0E-28,2218,2219,2041,ZBO,1.175342465753424657534246575,0.7534246575342465753424657535,0.1390016888722086695440045126,0.1000812159879902420716832491
50.14794520547945205479452380,0,0.000,50.14794520547945205479452380,1.175342465753424657534246575,0.7534246575342465753424657535,48.97260273972602739726027722,0E-27,0E-28,2219,2220,2041,ZBO,1.175342465753424657534246575,0.7534246575342465753424657535,0.1357815725276787389754175357,0.09776273221992869206230062570
48.97260273972602739726027722,0,0.000,48.97260273972602739726027722,0.4897260273972602739726027399,0.3139269406392694063926940640,48.48287671232876712328767448,0E-28,0E-28,2220,26645/12,2041,ZBO,0.4897260273972602739726027399,0.3139269406392694063926940640,0.05562527365984862700944517793,0.04005019703509101144680052811
48.48287671232876712328767448,31.72314347512617159336697908,0.3806777217015140591204037490,79.82534246575342465753424981,0.6856164383561643835616438355,0.4394977168949771689497716894,79.13972602739726027397260597,0E-28,0E-28,26645/12,2221,2041,ZBO,0.6856164383561643835616438355,0.4394977168949771689497716894,0.1270268812159879902420716884,0.09145935447551135297429161565
79.13972602739726027397260597,0,0.000,79.13972602739726027397260597,1.175342465753424657534246575,0.7534246575342465753424657535,77.96438356164383561643835940,0E-27,0E-28,2221,2222,2041,ZBO,1.175342465753424657534246575,0.7534246575342465753424657535,0.2152111090260836930005629663,0.1549519984987802589604053357
77.96438356164383561643835940,0,0.000,77.96438356164383561643835940,1.175342465753424657534246575,0.7534246575342465753424657535,76.78904109589041095890411282,0E-27,0E-28,2222,2223,2041,ZBO,1.175342465753424657534246575,0.7534246575342465753424657535,0.2119909926815537624319759893,0.1526335147307187089510227123
76.78904109589041095890411282,0,0.000,76.78904109589041095890411282,1.175342465753424657534246575,0.7534246575342465753424657535,75.61369863013698630136986624,0E-27,0E-28,2223,2224,2041,ZBO,1.175342465753424657534246575,0.7534246575342465753424657535,0.2087708763370238318633890125,0.1503150309626571589416400890
75.61369863013698630136986624,0,0.000,75.61369863013698630136986624,1.175342465753424657534246575,0.7534246575342465753424657535,74.43835616438356164383561966,0E-27,0E-28,2224,2225,2041,ZBO,1.175342465753424657534246575,0.7534246575342465753424657535,0.2055507599924939012948020355,0.1479965471945956089322574656
74.43835616438356164383561966,0,0.000,74.43835616438356164383561966,1.175342465753424657534246575,0.7534246575342465753424657535,73.26301369863013698630137308,0E-27,0E-28,2225,2226,2041,ZBO,1.175342465753424657534246575,0.7534246575342465753424657535,0.2023306436479639707262150585,0.1456780634265340589228748421
73.26301369863013698630137308,0,0.000,73.26301369863013698630137308,1.175342465753424657534246575,0.7534246575342465753424657535,72.08767123287671232876712650,0E-27,0E-28,2226,2227,2041,ZBO,1.175342465753424657534246575,0.7534246575342465753424657535,0.1991105273034340401576280817,0.1433595796584725089134922188
72.08767123287671232876712650,0,0.000,72.08767123287671232876712650,1.175342465753424657534246575,0.7534246575342465753424657535,70.91232876712328767123287992,0E-27,0E-28,2227,2228,2041,ZBO,1.175342465753424657534246575,0.7534246575342465753424657535,0.1958904109589041095890411047,0.1410410958904109589041095954
70.91232876712328767123287992,0,0.000,70.91232876712328767123287992,1.175342465753424657534246575,0.7534246575342465753424657535,69.73698630136986301369863334,0E-27,0E-28,2228,2229,2041,ZBO,1.175342465753424657534246575,0.7534246575342465753424657535,0.1926702946143741790204541278,0.1387226121223494088947269720
69.73698630136986301369863334,0,0.000,69.73698630136986301369863334,1.175342465753424657534246575,0.7534246575342465753424657535,68.56164383561643835616438676,0E-27,0E-28,2229,2230,2041,ZBO,1.175342465753424657534246575,0.7534246575342465753424657535,0.1894501782698442484518671508,0.1364041283542878588853443486
68.56164383561643835616438676,0,0.000,68.56164383561643835616438676,1.175342465753424657534246575,0.7534246575342465753424657535,67.38630136986301369863014018,0E-27,0E-28,2230,2231,2041,ZBO,1.175342465753424657534246575,0.7534246575342465753424657535,0.1862300619253143178832801739,0.1340856445862263088759617252
67.38630136986301369863014018,0,0.000,67.38630136986301369863014018,1.175342465753424657534246575,0.7534246575342465753424657535,66.21095890410958904109589360,0E-27,0E-28,2231,2232,2041,ZBO,1.175342465753424657534246575,0.7534246575342465753424657535,0.1830099455807843873146931970,0.1317671608181647588665791018
66.21095890410958904109589360,0,0.000,66.21095890410958904109589360,1.175342465753424657534246575,0.7534246575342465753424657535,65.03561643835616438356164702,0E-27,0E-28,2232,2233,2041,ZBO,1.175342465753424657534246575,0.7534246575342465753424657535,0.1797898292362544567461062200,0.1294486770501032088571964784
65.03561643835616438356164702,0,0.000,65.03561643835616438356164702,1.175342465753424657534246575,0.7534246575342465753424657535,63.86027397260273972602740044,0E-27,0E-28,2233,2234,2041,ZBO,1.175342465753424657534246575,0.7534246575342465753424657535,0.1765697128917245261775192432,0.1271301932820416588478138551
63.86027397260273972602740044,0,0.000,63.86027397260273972602740044,1.175342465753424657534246575,0.7534246575342465753424657535,62.68493150684931506849315386,0E-27,0E-28,2234,2235,2041,ZBO,1.175342465753424657534246575,0.7534246575342465753424657535,0.1733495965471945956089322662,0.1248117095139801088384312317
62.68493150684931506849315386,0,0.000,62.68493150684931506849315386,1.175342465753424657534246575,0.7534246575342465753424657535,61.50958904109589041095890728,0E-27,0E-28,2235,2236,2041,ZBO,1.175342465753424657534246575,0.7534246575342465753424657535,0.1701294802026646650403452892,0.1224932257459185588290486082
61.50958904109589041095890728,0,0.000,61.50958904109589041095890728,1.175342465753424657534246575,0.7534246575342465753424657535,60.33424657534246575342466070,0E-27,0E-28,2236,2237,2041,ZBO,1.175342465753424657534246575,0.7534246575342465753424657535,0.1669093638581347344717583123,0.1201747419778570088196659849
60.33424657534246575342466070,0,0.000,60.33424657534246575342466070,1.175342465753424657534246575,0.7534246575342465753424657535,59.15890410958904109589041412,0E-27,0E-28,2237,2238,2041,ZBO,1.175342465753424657534246575,0.7534246575342465753424657535,0.1636892475136048039031713354,0.1178562582097954588102833615
59.15890410958904109589041412,0,0.000,59.15890410958904109589041412,1.175342465753424657534246575,0.7534246575342465753424657535,57.98356164383561643835616754,0E-27,0E-28,2238,2239,2041,ZBO,1.175342465753424657534246575,0.7534246575342465753424657535,0.1604691311690748733345843585,0.1155377744417339088009007381
57.98356164383561643835616754,0,0.000,57.98356164383561643835616754,1.175342465753424657534246575,0.7534246575342465753424657535,56.80821917808219178082192096,0E-27,0E-28,2239,2240,2041,ZBO,1.175342465753424657534246575,0.7534246575342465753424657535,0.1572490148245449427659973815,0.1132192906736723587915181147
56.80821917808219178082192096,0,0.000,56.80821917808219178082192096,1.175342465753424657534246575,0.7534246575342465753424657535,55.63287671232876712328767438,0E-27,0E-28,2240,2241,2041,ZBO,1.175342465753424657534246575,0.7534246575342465753424657535,0.1540288984800150121974104045,0.1109008069056108087821354912
55.63287671232876712328767438,0,0.000,55.63287671232876712328767438,1.175342465753424657534246575,0.7534246575342465753424657535,54.45753424657534246575342780,0E-27,0E-28,2241,2242,2041,ZBO,1.175342465753424657534246575,0.7534246575342465753424657535,0.1508087821354850816288234277,0.1085823231375492587727528679
54.45753424657534246575342780,0,0.000,54.45753424657534246575342780,1.175342465753424657534246575,0.7534246575342465753424657535,53.28219178082191780821918122,0E-27,0E-28,2242,2243,2041,ZBO,1.175342465753424657534246575,0.7534246575342465753424657535,0.1475886657909551510602364507,0.1062638393694877087633702445
53.28219178082191780821918122,0,0.000,53.28219178082191780821918122,1.175342465753424657534246575,0.7534246575342465753424657535,52.10684931506849315068493464,0E-27,0E-28,2243,2244,2041,ZBO,1.175342465753424657534246575,0.7534246575342465753424657535,0.1443685494464252204916494739,0.1039453556014261587539876212
52.10684931506849315068493464,0,0.000,52.10684931506849315068493464,1.175342465753424657534246575,0.7534246575342465753424657535,50.93150684931506849315068806,0E-27,0E-28,2244,2245,2041,ZBO,1.175342465753424657534246575,0.7534246575342465753424657535,0.1411484331018952899230624969,0.1016268718333646087446049978
50.93150684931506849315068806,0,0.000,50.93150684931506849315068806,1.175342465753424657534246575,0.7534246575342465753424657535,49.75616438356164383561644148,0E-27,0E-28,2245,2246,2041,ZBO,1.175342465753424657534246575,0.7534246575342465753424657535,0.1379283167573653593544755199,0.09930838806530305873522237433
49.75616438356164383561644148,0,0.000,49.75616438356164383561644148,1.175342465753424657534246575,0.7534246575342465753424657535,48.58082191780821917808219490,0E-27,0E-28,2246,2247,2041,ZBO,1.175342465753424657534246575,0.7534246575342465753424657535,0.1347082004128354287858885430,0.09698990429724150872583975096
48.58082191780821917808219490,0,0.000,48.58082191780821917808219490,1.175342465753424657534246575,0.7534246575342465753424657535,47.40547945205479452054794832,0E-27,0E-28,2247,2248,2041,ZBO,1.175342465753424657534246575,0.7534246575342465753424657535,0.1314880840683054982173015661,0.09467142052917995871645712759
47.40547945205479452054794832,0,0.000,47.40547945205479452054794832,1.175342465753424657534246575,0.7534246575342465753424657535,46.23013698630136986301370174,0E-27,0E-28,2248,2249,2041,ZBO,1.175342465753424657534246575,0.7534246575342465753424657535,0.1282679677237755676487145891,0.09235293676111840870707450415
46.23013698630136986301370174,0,0.000,46.23013698630136986301370174,1.175342465753424657534246575,0.7534246575342465753424657535,45.05479452054794520547945516,0E-27,0E-28,2249,2250,2041,ZBO,1.175342465753424657534246575,0.7534246575342465753424657535,0.1250478513792456370801276122,0.09003445299305685869769188078
45.05479452054794520547945516,0,0.000,45.05479452054794520547945516,0.9794520547945205479452054794,0.6278538812785388127853881278,44.07534246575342465753424968,0E-28,0E-28,2250,13505/6,2041,ZBO,0.9794520547945205479452054794,0.6278538812785388127853881278,0.1017467317195221117157690694,0.07325764683805592043535372997
44.07534246575342465753424968,31.72314347512617159336697908,0.3806777217015140591204037490,75.41780821917808219178082501,0.1958904109589041095890410959,0.1255707762557077625570776256,75.22191780821917808219178391,0E-28,0E-28,13505/6,2251,2041,ZBO,0.1958904109589041095890410959,0.1255707762557077625570776256,0.03439263151310439732282479656,0.02476269468943516607243385352
75.22191780821917808219178391,0,0.000,75.22191780821917808219178391,1.175342465753424657534246575,0.7534246575342465753424657535,74.04657534246575342465753734,0E-27,0E-28,2251,2252,2041,ZBO,1.175342465753424657534246575,0.7534246575342465753424657535,0.2044773878776505911052730428,0.1472237192719084255957965908
74.04657534246575342465753734,0,0.000,74.04657534246575342465753734,1.175342465753424657534246575,0.7534246575342465753424657535,72.87123287671232876712329076,0E-27,0E-28,2252,2253,2041,ZBO,1.175342465753424657534246575,0.7534246575342465753424657535,0.2012572715331206605366860659,0.1449052355038468755864139674
72.87123287671232876712329076,0,0.000,72.87123287671232876712329076,1.175342465753424657534246575,0.7534246575342465753424657535,71.69589041095890410958904418,0E-27,0E-28,2253,2254,2041,ZBO,1.175342465753424657534246575,0.7534246575342465753424657535,0.1980371551885907299680990889,0.1425867517357853255770313440
71.69589041095890410958904418,0,0.000,71.69589041095890410958904418,1.175342465753424657534246575,0.7534246575342465753424657535,70.52054794520547945205479760,0E-27,0E-28,2254,2255,2041,ZBO,1.175342465753424657534246575,0.7534246575342465753424657535,0.1948170388440607993995121121,0.1402682679677237755676487207
70.52054794520547945205479760,0,0.000,70.52054794520547945205479760,1.175342465753424657534246575,0.7534246575342465753424657535,69.34520547945205479452055102,0E-27,0E-28,2255,2256,2041,ZBO,1.175342465753424657534246575,0.7534246575342465753424657535,0.1915969224995308688309251351,0.1379497841996622255582660973
69.34520547945205479452055102,0,0.000,69.34520547945205479452055102,1.175342465753424657534246575,0.7534246575342465753424657535,68.16986301369863013698630444,0E-27,0E-28,2256,2257,2041,ZBO,1.175342465753424657534246575,0.7534246575342465753424657535,0.1883768061550009382623381582,0.1356313004316006755488834739
68.16986301369863013698630444,0,0.000,68.16986301369863013698630444,1.175342465753424657534246575,0.7534246575342465753424657535,66.99452054794520547945205786,0E-27,0E-28,2257,2258,2041,ZBO,1.175342465753424657534246575,0.7534246575342465753424657535,0.1851566898104710076937511813,0.1333128166635391255395008505
66.99452054794520547945205786,0,0.000,66.99452054794520547945205786,1.175342465753424657534246575,0.7534246575342465753424657535,65.81917808219178082191781128,0E-27,0E-28,2258,2259,2041,ZBO,1.175342465753424657534246575,0.7534246575342465753424657535,0.1819365734659410771251642043,0.1309943328954775755301182271
65.81917808219178082191781128,0,0.000,65.81917808219178082191781128,1.175342465753424657534246575,0.7534246575342465753424657535,64.64383561643835616438356470,0E-27,0E-28,2259,2260,2041,ZBO,1.175342465753424657534246575,0.7534246575342465753424657535,0.1787164571214111465565772274,0.1286758491274160255207356037
64.64383561643835616438356470,0,0.000,64.64383561643835616438356470,1.175342465753424657534246575,0.7534246575342465753424657535,63.46849315068493150684931812,0E-27,0E-28,2260,2261,2041,ZBO,1.175342465753424657534246575,0.7534246575342465753424657535,0.1754963407768812159879902504,0.1263573653593544755113529803
63.46849315068493150684931812,0,0.000,63.46849315068493150684931812,1.175342465753424657534246575,0.7534246575342465753424657535,62.29315068493150684931507154,0E-27,0E-28,2261,2262,2041,ZBO,1.175342465753424657534246575,0.7534246575342465753424657535,0.1722762244323512854194032736,0.1240388815912929255019703570
62.29315068493150684931507154,0,0.000,62.29315068493150684931507154,1.175342465753424657534246575,0.7534246575342465753424657535,61.11780821917808219178082496,0E-27,0E-28,2262,2263,2041,ZBO,1.175342465753424657534246575,0.7534246575342465753424657535,0.1690561080878213548508162966,0.1217203978232313754925877336
61.11780821917808219178082496,0,0.000,61.11780821917808219178082496,1.175342465753424657534246575,0.7534246575342465753424657535,59.94246575342465753424657838,0E-27,0E-28,2263,2264,2041,ZBO,1.175342465753424657534246575,0.7534246575342465753424657535,0.1658359917432914242822293196,0.1194019140551698254832051101
59.94246575342465753424657838,0,0.000,59.94246575342465753424657838,1.175342465753424657534246575,0.7534246575342465753424657535,58.76712328767123287671233180,0E-27,0E-28,2264,2265,2041,ZBO,1.175342465753424657534246575,0.7534246575342465753424657535,0.1626158753987614937136423428,0.1170834302871082754738224868
58.76712328767123287671233180,0,0.000,58.76712328767123287671233180,1.175342465753424657534246575,0.7534246575342465753424657535,57.59178082191780821917808522,0E-27,0E-28,2265,2266,2041,ZBO,1.175342465753424657534246575,0.7534246575342465753424657535,0.1593957590542315631450553658,0.1147649465190467254644398634
57.59178082191780821917808522,0,0.000,57.59178082191780821917808522,1.175342465753424657534246575,0.7534246575342465753424657535,56.41643835616438356164383864,0E-27,0E-28,2266,2267,2041,ZBO,1.175342465753424657534246575,0.7534246575342465753424657535,0.1561756427097016325764683889,0.1124464627509851754550572400
56.41643835616438356164383864,0,0.000,56.41643835616438356164383864,1.175342465753424657534246575,0.7534246575342465753424657535,55.24109589041095890410959206,0E-27,0E-28,2267,2268,2041,ZBO,1.175342465753424657534246575,0.7534246575342465753424657535,0.1529555263651717020078814119,0.1101279789829236254456746166
55.24109589041095890410959206,0,0.000,55.24109589041095890410959206,1.175342465753424657534246575,0.7534246575342465753424657535,54.06575342465753424657534548,0E-27,0E-28,2268,2269,2041,ZBO,1.175342465753424657534246575,0.7534246575342465753424657535,0.1497354100206417714392944349,0.1078094952148620754362919931
54.06575342465753424657534548,0,0.000,54.06575342465753424657534548,1.175342465753424657534246575,0.7534246575342465753424657535,52.89041095890410958904109890,0E-27,0E-28,2269,2270,2041,ZBO,1.175342465753424657534246575,0.7534246575342465753424657535,0.1465152936761118408707074581,0.1054910114468005254269093698
52.89041095890410958904109890,0,0.000,52.89041095890410958904109890,1.175342465753424657534246575,0.7534246575342465753424657535,51.71506849315068493150685232,0E-27,0E-28,2270,2271,2041,ZBO,1.175342465753424657534246575,0.7534246575342465753424657535,0.1432951773315819103021204811,0.1031725276787389754175267464
51.71506849315068493150685232,0,0.000,51.71506849315068493150685232,1.175342465753424657534246575,0.7534246575342465753424657535,50.53972602739726027397260574,0E-27,0E-28,2271,2272,2041,ZBO,1.175342465753424657534246575,0.7534246575342465753424657535,0.1400750609870519797335335043,0.1008540439106774254081441231
50.53972602739726027397260574,0,0.000,50.53972602739726027397260574,1.175342465753424657534246575,0.7534246575342465753424657535,49.36438356164383561643835916,0E-27,0E-28,2272,2273,2041,ZBO,1.175342465753424657534246575,0.7534246575342465753424657535,0.1368549446425220491649465273,0.09853556014261587539876149966
49.36438356164383561643835916,0,0.000,49.36438356164383561643835916,1.175342465753424657534246575,0.7534246575342465753424657535,48.18904109589041095890411258,0E-27,0E-28,2273,2274,2041,ZBO,1.175342465753424657534246575,0.7534246575342465753424657535,0.1336348282979921185963595503,0.09621707637455432538937887622
48.18904109589041095890411258,0,0.000,48.18904109589041095890411258,1.175342465753424657534246575,0.7534246575342465753424657535,47.01369863013698630136986600,0E-27,0E-28,2274,2275,2041,ZBO,1.175342465753424657534246575,0.7534246575342465753424657535,0.1304147119534621880277725734,0.09389859260649277537999625285
47.01369863013698630136986600,0,0.000,47.01369863013698630136986600,1.175342465753424657534246575,0.7534246575342465753424657535,45.83835616438356164383561942,0E-27,0E-28,2275,2276,2041,ZBO,1.175342465753424657534246575,0.7534246575342465753424657535,0.1271945956089322574591855965,0.09158010883843122537061362948
45.83835616438356164383561942,0,0.000,45.83835616438356164383561942,1.175342465753424657534246575,0.7534246575342465753424657535,44.66301369863013698630137284,0E-27,0E-28,2276,2277,2041,ZBO,1.175342465753424657534246575,0.7534246575342465753424657535,0.1239744792644023268905986195,0.08926162507036967536123100604
44.66301369863013698630137284,0,0.000,44.66301369863013698630137284,1.175342465753424657534246575,0.7534246575342465753424657535,43.48767123287671232876712626,0E-27,0E-28,2277,2278,2041,ZBO,1.175342465753424657534246575,0.7534246575342465753424657535,0.1207543629198723963220116426,0.08694314130230812535184838267
43.48767123287671232876712626,0,0.000,43.48767123287671232876712626,1.175342465753424657534246575,0.7534246575342465753424657535,42.31232876712328767123287968,0E-27,0E-28,2278,2279,2041,ZBO,1.175342465753424657534246575,0.7534246575342465753424657535,0.1175342465753424657534246657,0.08462465753424657534246575930
42.31232876712328767123287968,0,0.000,42.31232876712328767123287968,1.175342465753424657534246575,0.7534246575342465753424657535,41.13698630136986301369863310,0E-27,0E-28,2279,2280,2041,ZBO,1.175342465753424657534246575,0.7534246575342465753424657535,0.1143141302308125351848376888,0.08230617376618502533308313594
41.13698630136986301369863310,0,0.000,41.13698630136986301369863310,1.175342465753424657534246575,0.7534246575342465753424657535,39.96164383561643835616438652,0E-27,0E-28,2280,2281,2041,ZBO,1.175342465753424657534246575,0.7534246575342465753424657535,0.1110940138862826046162507118,0.07998768999812347532370051250
39.96164383561643835616438652,0,0.000,39.96164383561643835616438652,0.2938356164383561643835616438,0.1883561643835616438356164383,39.66780821917808219178082488,0E-28,0E-28,2281,9125/4,2041,ZBO,0.2938356164383561643835616438,0.1883561643835616438356164383,0.02727036029273784950272096281,0.01963465941077125164195909322
39.66780821917808219178082488,31.72314347512617159336697908,0.3806777217015140591204037490,71.01027397260273972602740021,0.8815068493150684931506849316,0.5650684931506849315068493151,70.12876712328767123287671528,0E-28,0E-28,9125/4,2282,2041,ZBO,0.8815068493150684931506849316,0.5650684931506849315068493151,0.1450058641396134359166823105,0.1044042221805216738600112636
70.12876712328767123287671528,0,0.000,70.12876712328767123287671528,1.175342465753424657534246575,0.7534246575342465753424657535,68.95342465753424657534246870,0E-27,0E-28,2282,2283,2041,ZBO,1.175342465753424657534246575,0.7534246575342465753424657535,0.1905235503846875586413961425,0.1371769562769750422218052226
68.95342465753424657534246870,0,0.000,68.95342465753424657534246870,1.175342465753424657534246575,0.7534246575342465753424657535,67.77808219178082191780822212,0E-27,0E-28,2283,2284,2041,ZBO,1.175342465753424657534246575,0.7534246575342465753424657535,0.1873034340401576280728091655,0.1348584725089134922124225992
67.77808219178082191780822212,0,0.000,67.77808219178082191780822212,1.175342465753424657534246575,0.7534246575342465753424657535,66.60273972602739726027397554,0E-27,0E-28,2284,2285,2041,ZBO,1.175342465753424657534246575,0.7534246575342465753424657535,0.1840833176956276975042221886,0.1325399887408519422030399758
66.60273972602739726027397554,0,0.000,66.60273972602739726027397554,1.175342465753424657534246575,0.7534246575342465753424657535,65.42739726027397260273972896,0E-27,0E-28,2285,2286,2041,ZBO,1.175342465753424657534246575,0.7534246575342465753424657535,0.1808632013510977669356352117,0.1302215049727903921936573524
65.42739726027397260273972896,0,0.000,65.42739726027397260273972896,1.175342465753424657534246575,0.7534246575342465753424657535,64.25205479452054794520548238,0E-27,0E-28,2286,2287,2041,ZBO,1.175342465753424657534246575,0.7534246575342465753424657535,0.1776430850065678363670482347,0.1279030212047288421842747290
64.25205479452054794520548238,0,0.000,64.25205479452054794520548238,1.175342465753424657534246575,0.7534246575342465753424657535,63.07671232876712328767123580,0E-27,0E-28,2287,2288,2041,ZBO,1.175342465753424657534246575,0.7534246575342465753424657535,0.1744229686620379057984612578,0.1255845374366672921748921056
63.07671232876712328767123580,0,0.000,63.07671232876712328767123580,1.175342465753424657534246575,0.7534246575342465753424657535,61.90136986301369863013698922,0E-27,0E-28,2288,2289,2041,ZBO,1.175342465753424657534246575,0.7534246575342465753424657535,0.1712028523175079752298742808,0.1232660536686057421655094822
61.90136986301369863013698922,0,0.000,61.90136986301369863013698922,1.175342465753424657534246575,0.7534246575342465753424657535,60.72602739726027397260274264,0E-27,0E-28,2289,2290,2041,ZBO,1.175342465753424657534246575,0.7534246575342465753424657535,0.1679827359729780446612873040,0.1209475699005441921561268589
60.72602739726027397260274264,0,0.000,60.72602739726027397260274264,1.175342465753424657534246575,0.7534246575342465753424657535,59.55068493150684931506849606,0E-27,0E-28,2290,2291,2041,ZBO,1.175342465753424657534246575,0.7534246575342465753424657535,0.1647626196284481140927003270,0.1186290861324826421467442354
59.55068493150684931506849606,0,0.000,59.55068493150684931506849606,1.175342465753424657534246575,0.7534246575342465753424657535,58.37534246575342465753424948,0E-27,0E-28,2291,2292,2041,ZBO,1.175342465753424657534246575,0.7534246575342465753424657535,0.1615425032839181835241133500,0.1163106023644210921373616120
58.37534246575342465753424948,0,0.000,58.37534246575342465753424948,1.175342465753424657534246575,0.7534246575342465753424657535,57.20000000000000000000000290,0E-27,0E-28,2292,2293,2041,ZBO,1.175342465753424657534246575,0.7534246575342465753424657535,0.1583223869393882529555263732,0.1139921185963595421279789887
57.20000000000000000000000290,0,0.000,57.20000000000000000000000290,1.175342465753424657534246575,0.7534246575342465753424657535,56.02465753424657534246575632,0E-27,0E-28,2293,2294,2041,ZBO,1.175342465753424657534246575,0.7534246575342465753424657535,0.1551022705948583223869393962,0.1116736348282979921185963653
56.02465753424657534246575632,0,0.000,56.02465753424657534246575632,1.175342465753424657534246575,0.7534246575342465753424657535,54.84931506849315068493150974,0E-27,0E-28,2294,2295,2041,ZBO,1.175342465753424657534246575,0.7534246575342465753424657535,0.1518821542503283918183524193,0.1093551510602364421092137419
54.84931506849315068493150974,0,0.000,54.84931506849315068493150974,1.175342465753424657534246575,0.7534246575342465753424657535,53.67397260273972602739726316,0E-27,0E-28,2295,2296,2041,ZBO,1.175342465753424657534246575,0.7534246575342465753424657535,0.1486620379057984612497654423,0.1070366672921748920998311185
53.67397260273972602739726316,0,0.000,53.67397260273972602739726316,1.175342465753424657534246575,0.7534246575342465753424657535,52.49863013698630136986301658,0E-27,0E-28,2296,2297,2041,ZBO,1.175342465753424657534246575,0.7534246575342465753424657535,0.1454419215612685306811784654,0.1047181835241133420904484951
52.49863013698630136986301658,0,0.000,52.49863013698630136986301658,1.175342465753424657534246575,0.7534246575342465753424657535,51.32328767123287671232877000,0E-27,0E-28,2297,2298,2041,ZBO,1.175342465753424657534246575,0.7534246575342465753424657535,0.1422218052167386001125914885,0.1023996997560517920810658717
51.32328767123287671232877000,0,0.000,51.32328767123287671232877000,1.175342465753424657534246575,0.7534246575342465753424657535,50.14794520547945205479452342,0E-27,0E-28,2298,2299,2041,ZBO,1.175342465753424657534246575,0.7534246575342465753424657535,0.1390016888722086695440045115,0.1000812159879902420716832483
50.14794520547945205479452342,0,0.000,50.14794520547945205479452342,1.175342465753424657534246575,0.7534246575342465753424657535,48.97260273972602739726027684,0E-27,0E-28,2299,2300,2041,ZBO,1.175342465753424657534246575,0.7534246575342465753424657535,0.1357815725276787389754175346,0.09776273221992869206230062491
48.97260273972602739726027684,0,0.000,48.97260273972602739726027684,1.175342465753424657534246575,0.7534246575342465753424657535,47.79726027397260273972603026,0E-27,0E-28,2300,2301,2041,ZBO,1.175342465753424657534246575,0.7534246575342465753424657535,0.1325614561831488084068305577,0.09544424845186714205291800154
47.79726027397260273972603026,0,0.000,47.79726027397260273972603026,1.175342465753424657534246575,0.7534246575342465753424657535,46.62191780821917808219178368,0E-27,0E-28,2301,2302,2041,ZBO,1.175342465753424657534246575,0.7534246575342465753424657535,0.1293413398386188778382435808,0.09312576468380559204353537818
46.62191780821917808219178368,0,0.000,46.62191780821917808219178368,1.175342465753424657534246575,0.7534246575342465753424657535,45.44657534246575342465753710,0E-27,0E-28,2302,2303,2041,ZBO,1.175342465753424657534246575,0.7534246575342465753424657535,0.1261212234940889472696566038,0.09080728091574404203415275474
45.44657534246575342465753710,0,0.000,45.44657534246575342465753710,1.175342465753424657534246575,0.7534246575342465753424657535,44.27123287671232876712329052,0E-27,0E-28,2303,2304,2041,ZBO,1.175342465753424657534246575,0.7534246575342465753424657535,0.1229011071495590167010696269,0.08848879714768249202477013137
44.27123287671232876712329052,0,0.000,44.27123287671232876712329052,1.175342465753424657534246575,0.7534246575342465753424657535,43.09589041095890410958904394,0E-27,0E-28,2304,2305,2041,ZBO,1.175342465753424657534246575,0.7534246575342465753424657535,0.1196809908050290861324826500,0.08617031337962094201538750800
43.09589041095890410958904394,0,0.000,43.09589041095890410958904394,1.175342465753424657534246575,0.7534246575342465753424657535,41.92054794520547945205479736,0E-27,0E-28,2305,2306,2041,ZBO,1.175342465753424657534246575,0.7534246575342465753424657535,0.1164608744604991555638956730,0.08385182961155939200600488456
41.92054794520547945205479736,0,0.000,41.92054794520547945205479736,1.175342465753424657534246575,0.7534246575342465753424657535,40.74520547945205479452055078,0E-27,0E-28,2306,2307,2041,ZBO,1.175342465753424657534246575,0.7534246575342465753424657535,0.1132407581159692249953086961,0.08153334584349784199662226119
40.74520547945205479452055078,0,0.000,40.74520547945205479452055078,1.175342465753424657534246575,0.7534246575342465753424657535,39.56986301369863013698630420,0E-27,0E-28,2307,2308,2041,ZBO,1.175342465753424657534246575,0.7534246575342465753424657535,0.1100206417714392944267217192,0.07921486207543629198723963782
39.56986301369863013698630420,0,0.000,39.56986301369863013698630420,1.175342465753424657534246575,0.7534246575342465753424657535,38.39452054794520547945205762,0E-27,0E-28,2308,2309,2041,ZBO,1.175342465753424657534246575,0.7534246575342465753424657535,0.1068005254269093638581347422,0.07689637830737474197785701438
38.39452054794520547945205762,0,0.000,38.39452054794520547945205762,1.175342465753424657534246575,0.7534246575342465753424657535,37.21917808219178082191781104,0E-27,0E-28,2309,2310,2041,ZBO,1.175342465753424657534246575,0.7534246575342465753424657535,0.1035804090823794332895477653,0.07457789453931319196847439102
37.21917808219178082191781104,0,0.000,37.21917808219178082191781104,1.175342465753424657534246575,0.7534246575342465753424657535,36.04383561643835616438356446,0E-27,0E-28,2310,2311,2041,ZBO,1.175342465753424657534246575,0.7534246575342465753424657535,0.1003602927378495027209607884,0.07225941077125164195909176765
36.04383561643835616438356446,0,0.000,36.04383561643835616438356446,0.7835616438356164383561643838,0.5022831050228310502283105024,35.26027397260273972602740008,0E-28,0E-28,2311,6935/3,2041,ZBO,0.7835616438356164383561643838,0.5022831050228310502283105024,0.06511790830049415149809220508,0.04688489397635578907862638766
35.26027397260273972602740008,31.72314347512617159336697908,0.3806777217015140591204037490,66.60273972602739726027397541,0.3917808219178082191780821918,0.2511415525114155251141552511,66.21095890410958904109589322,0E-28,0E-28,6935/3,2312,2041,ZBO,0.3917808219178082191780821918,0.2511415525114155251141552511,0.06064552448864702570838806785,0.04366477763182585851003940885
66.21095890410958904109589322,0,0.000,66.21095890410958904109589322,1.175342465753424657534246575,0.7534246575342465753424657535,65.03561643835616438356164664,0E-27,0E-28,2312,2313,2041,ZBO,1.175342465753424657534246575,0.7534246575342465753424657535,0.1797898292362544567461062191,0.1294486770501032088571964778
65.03561643835616438356164664,0,0.000,65.03561643835616438356164664,1.175342465753424657534246575,0.7534246575342465753424657535,63.86027397260273972602740006,0E-27,0E-28,2313,2314,2041,ZBO,1.175342465753424657534246575,0.7534246575342465753424657535,0.1765697128917245261775192421,0.1271301932820416588478138543
63.86027397260273972602740006,0,0.000,63.86027397260273972602740006,1.175342465753424657534246575,0.7534246575342465753424657535,62.68493150684931506849315348,0E-27,0E-28,2314,2315,2041,ZBO,1.175342465753424657534246575,0.7534246575342465753424657535,0.1733495965471945956089322651,0.1248117095139801088384312309
62.68493150684931506849315348,0,0.000,62.68493150684931506849315348,1.175342465753424657534246575,0.7534246575342465753424657535,61.50958904109589041095890690,0E-27,0E-28,2315,2316,2041,ZBO,1.175342465753424657534246575,0.7534246575342465753424657535,0.1701294802026646650403452882,0.1224932257459185588290486075
61.50958904109589041095890690,0,0.000,61.50958904109589041095890690,1.175342465753424657534246575,0.7534246575342465753424657535,60.33424657534246575342466032,0E-27,0E-28,2316,2317,2041,ZBO,1.175342465753424657534246575,0.7534246575342465753424657535,0.1669093638581347344717583112,0.1201747419778570088196659841
60.33424657534246575342466032,0,0.000,60.33424657534246575342466032,1.175342465753424657534246575,0.7534246575342465753424657535,59.15890410958904109589041374,0E-27,0E-28,2317,2318,2041,ZBO,1.175342465753424657534246575,0.7534246575342465753424657535,0.1636892475136048039031713344,0.1178562582097954588102833608
59.15890410958904109589041374,0,0.000,59.15890410958904109589041374,1.175342465753424657534246575,0.7534246575342465753424657535,57.98356164383561643835616716,0E-27,0E-28,2318,2319,2041,ZBO,1.175342465753424657534246575,0.7534246575342465753424657535,0.1604691311690748733345843574,0.1155377744417339088009007373
57.98356164383561643835616716,0,0.000,57.98356164383561643835616716,1.175342465753424657534246575,0.7534246575342465753424657535,56.80821917808219178082192058,0E-27,0E-28,2319,2320,2041,ZBO,1.175342465753424657534246575,0.7534246575342465753424657535,0.1572490148245449427659973804,0.1132192906736723587915181139
56.80821917808219178082192058,0,0.000,56.80821917808219178082192058,1.175342465753424657534246575,0.7534246575342465753424657535,55.63287671232876712328767400,0E-27,0E-28,2320,2321,2041,ZBO,1.175342465753424657534246575,0.7534246575342465753424657535,0.1540288984800150121974104036,0.1109008069056108087821354906
55.63287671232876712328767400,0,0.000,55.63287671232876712328767400,1.175342465753424657534246575,0.7534246575342465753424657535,54.45753424657534246575342742,0E-27,0E-28,2321,2322,2041,ZBO,1.175342465753424657534246575,0.7534246575342465753424657535,0.1508087821354850816288234266,0.1085823231375492587727528672
54.45753424657534246575342742,0,0.000,54.45753424657534246575342742,1.175342465753424657534246575,0.7534246575342465753424657535,53.28219178082191780821918084,0E-27,0E-28,2322,2323,2041,ZBO,1.175342465753424657534246575,0.7534246575342465753424657535,0.1475886657909551510602364497,0.1062638393694877087633702438
53.28219178082191780821918084,0,0.000,53.28219178082191780821918084,1.175342465753424657534246575,0.7534246575342465753424657535,52.10684931506849315068493426,0E-27,0E-28,2323,2324,2041,ZBO,1.175342465753424657534246575,0.7534246575342465753424657535,0.1443685494464252204916494728,0.1039453556014261587539876204
52.10684931506849315068493426,0,0.000,52.10684931506849315068493426,1.175342465753424657534246575,0.7534246575342465753424657535,50.93150684931506849315068768,0E-27,0E-28,2324,2325,2041,ZBO,1.175342465753424657534246575,0.7534246575342465753424657535,0.1411484331018952899230624958,0.1016268718333646087446049970
50.93150684931506849315068768,0,0.000,50.93150684931506849315068768,1.175342465753424657534246575,0.7534246575342465753424657535,49.75616438356164383561644110,0E-27,0E-28,2325,2326,2041,ZBO,1.175342465753424657534246575,0.7534246575342465753424657535,0.1379283167573653593544755189,0.09930838806530305873522237361
49.75616438356164383561644110,0,0.000,49.75616438356164383561644110,1.175342465753424657534246575,0.7534246575342465753424657535,48.58082191780821917808219452,0E-27,0E-28,2326,2327,2041,ZBO,1.175342465753424657534246575,0.7534246575342465753424657535,0.1347082004128354287858885420,0.09698990429724150872583975024
48.58082191780821917808219452,0,0.000,48.58082191780821917808219452,1.175342465753424657534246575,0.7534246575342465753424657535,47.40547945205479452054794794,0E-27,0E-28,2327,2328,2041,ZBO,1.175342465753424657534246575,0.7534246575342465753424657535,0.1314880840683054982173015650,0.09467142052917995871645712680
47.40547945205479452054794794,0,0.000,47.40547945205479452054794794,1.175342465753424657534246575,0.7534246575342465753424657535,46.23013698630136986301370136,0E-27,0E-28,2328,2329,2041,ZBO,1.175342465753424657534246575,0.7534246575342465753424657535,0.1282679677237755676487145881,0.09235293676111840870707450343
46.23013698630136986301370136,0,0.000,46.23013698630136986301370136,1.175342465753424657534246575,0.7534246575342465753424657535,45.05479452054794520547945478,0E-27,0E-28,2329,2330,2041,ZBO,1.175342465753424657534246575,0.7534246575342465753424657535,0.1250478513792456370801276112,0.09003445299305685869769188006
45.05479452054794520547945478,0,0.000,45.05479452054794520547945478,1.175342465753424657534246575,0.7534246575342465753424657535,43.87945205479452054794520820,0E-27,0E-28,2330,2331,2041,ZBO,1.175342465753424657534246575,0.7534246575342465753424657535,0.1218277350347157065115406342,0.08771596922499530868830925662
43.87945205479452054794520820,0,0.000,43.87945205479452054794520820,1.175342465753424657534246575,0.7534246575342465753424657535,42.70410958904109589041096162,0E-27,0E-28,2331,2332,2041,ZBO,1.175342465753424657534246575,0.7534246575342465753424657535,0.1186076186901857759429536573,0.08539748545693375867892663326
42.70410958904109589041096162,0,0.000,42.70410958904109589041096162,1.175342465753424657534246575,0.7534246575342465753424657535,41.52876712328767123287671504,0E-27,0E-28,2332,2333,2041,ZBO,1.175342465753424657534246575,0.7534246575342465753424657535,0.1153875023456558453743666804,0.08307900168887220866954400989
41.52876712328767123287671504,0,0.000,41.52876712328767123287671504,1.175342465753424657534246575,0.7534246575342465753424657535,40.35342465753424657534246846,0E-27,0E-28,2333,2334,2041,ZBO,1.175342465753424657534246575,0.7534246575342465753424657535,0.1121673860011259148057797034,0.08076051792081065866016138645
40.35342465753424657534246846,0,0.000,40.35342465753424657534246846,1.175342465753424657534246575,0.7534246575342465753424657535,39.17808219178082191780822188,0E-27,0E-28,2334,2335,2041,ZBO,1.175342465753424657534246575,0.7534246575342465753424657535,0.1089472696565959842371927265,0.07844203415274910865077876308
39.17808219178082191780822188,0,0.000,39.17808219178082191780822188,1.175342465753424657534246575,0.7534246575342465753424657535,38.00273972602739726027397530,0E-27,0E-28,2335,2336,2041,ZBO,1.175342465753424657534246575,0.7534246575342465753424657535,0.1057271533120660536686057496,0.07612355038468755864139613971
38.00273972602739726027397530,0,0.000,38.00273972602739726027397530,1.175342465753424657534246575,0.7534246575342465753424657535,36.82739726027397260273972872,0E-27,0E-28,2336,2337,2041,ZBO,1.175342465753424657534246575,0.7534246575342465753424657535,0.1025070369675361231000187726,0.07380506661662600863201351627
36.82739726027397260273972872,0,0.000,36.82739726027397260273972872,1.175342465753424657534246575,0.7534246575342465753424657535,35.65205479452054794520548214,0E-27,0E-28,2337,2338,2041,ZBO,1.175342465753424657534246575,0.7534246575342465753424657535,0.09928692062300619253143179571,0.07148658284856445862263089291
35.65205479452054794520548214,0,0.000,35.65205479452054794520548214,1.175342465753424657534246575,0.7534246575342465753424657535,34.47671232876712328767123556,0E-27,0E-28,2338,2339,2041,ZBO,1.175342465753424657534246575,0.7534246575342465753424657535,0.09606680427847626196284481878,0.06916809908050290861324826952
34.47671232876712328767123556,0,0.000,34.47671232876712328767123556,1.175342465753424657534246575,0.7534246575342465753424657535,33.30136986301369863013698898,0E-27,0E-28,2339,2340,2041,ZBO,1.175342465753424657534246575,0.7534246575342465753424657535,0.09284668793394633139425784184,0.06684961531244135860386564612
33.30136986301369863013698898,0,0.000,33.30136986301369863013698898,1.175342465753424657534246575,0.7534246575342465753424657535,32.12602739726027397260274240,0E-27,0E-28,2340,2341,2041,ZBO,1.175342465753424657534246575,0.7534246575342465753424657535,0.08962657158941640082567086491,0.06453113154437980859448302274
32.12602739726027397260274240,0,0.000,32.12602739726027397260274240,1.175342465753424657534246575,0.7534246575342465753424657535,30.95068493150684931506849582,0E-27,0E-28,2341,2342,2041,ZBO,1.175342465753424657534246575,0.7534246575342465753424657535,0.08640645524488647025708388798,0.06221264777631825858510039935
30.95068493150684931506849582,0,0.000,30.95068493150684931506849582,0.09794520547945205479452054794,0.06278538812785388127853881278,30.85273972602739726027397527,0E-29,0E-29,2342,28105/12,2041,ZBO,0.09794520547945205479452054794,0.06278538812785388127853881278,0.007055185463188840933258272954,0.005079733533495965471945956527
30.85273972602739726027397527,31.72314347512617159336697908,0.3806777217015140591204037490,62.19520547945205479452055060,1.077397260273972602739726028,0.6906392694063926940639269408,61.11780821917808219178082457,0E-27,0E-28,28105/12,2343,2041,ZBO,1.077397260273972602739726028,0.6906392694063926940639269408,0.1548451085256771126540314073,0.1114884781384875211109026133
61.11780821917808219178082457,0,0.000,61.11780821917808219178082457,1.175342465753424657534246575,0.7534246575342465753424657535,59.94246575342465753424657800,0E-27,0E-28,2343,2344,2041,ZBO,1.175342465753424657534246575,0.7534246575342465753424657535,0.1658359917432914242822293186,0.1194019140551698254832051094
59.94246575342465753424657800,0,0.000,59.94246575342465753424657800,1.175342465753424657534246575,0.7534246575342465753424657535,58.76712328767123287671233142,0E-27,0E-28,2344,2345,2041,ZBO,1.175342465753424657534246575,0.7534246575342465753424657535,0.1626158753987614937136423417,0.1170834302871082754738224860
58.76712328767123287671233142,0,0.000,58.76712328767123287671233142,1.175342465753424657534246575,0.7534246575342465753424657535,57.59178082191780821917808484,0E-27,0E-28,2345,2346,2041,ZBO,1.175342465753424657534246575,0.7534246575342465753424657535,0.1593957590542315631450553648,0.1147649465190467254644398627
57.59178082191780821917808484,0,0.000,57.59178082191780821917808484,1.175342465753424657534246575,0.7534246575342465753424657535,56.41643835616438356164383826,0E-27,0E-28,2346,2347,2041,ZBO,1.175342465753424657534246575,0.7534246575342465753424657535,0.1561756427097016325764683878,0.1124464627509851754550572392
56.41643835616438356164383826,0,0.000,56.41643835616438356164383826,1.175342465753424657534246575,0.7534246575342465753424657535,55.24109589041095890410959168,0E-27,0E-28,2347,2348,2041,ZBO,1.175342465753424657534246575,0.7534246575342465753424657535,0.1529555263651717020078814108,0.1101279789829236254456746158
55.24109589041095890410959168,0,0.000,55.24109589041095890410959168,1.175342465753424657534246575,0.7534246575342465753424657535,54.06575342465753424657534510,0E-27,0E-28,2348,2349,2041,ZBO,1.175342465753424657534246575,0.7534246575342465753424657535,0.1497354100206417714392944340,0.1078094952148620754362919925
54.06575342465753424657534510,0,0.000,54.06575342465753424657534510,1.175342465753424657534246575,0.7534246575342465753424657535,52.89041095890410958904109852,0E-27,0E-28,2349,2350,2041,ZBO,1.175342465753424657534246575,0.7534246575342465753424657535,0.1465152936761118408707074570,0.1054910114468005254269093690
52.89041095890410958904109852,0,0.000,52.89041095890410958904109852,1.175342465753424657534246575,0.7534246575342465753424657535,51.71506849315068493150685194,0E-27,0E-28,2350,2351,2041,ZBO,1.175342465753424657534246575,0.7534246575342465753424657535,0.1432951773315819103021204802,0.1031725276787389754175267457
51.71506849315068493150685194,0,0.000,51.71506849315068493150685194,1.175342465753424657534246575,0.7534246575342465753424657535,50.53972602739726027397260536,0E-27,0E-28,2351,2352,2041,ZBO,1.175342465753424657534246575,0.7534246575342465753424657535,0.1400750609870519797335335032,0.1008540439106774254081441223
50.53972602739726027397260536,0,0.000,50.53972602739726027397260536,1.175342465753424657534246575,0.7534246575342465753424657535,49.36438356164383561643835878,0E-27,0E-28,2352,2353,2041,ZBO,1.175342465753424657534246575,0.7534246575342465753424657535,0.1368549446425220491649465262,0.09853556014261587539876149886
49.36438356164383561643835878,0,0.000,49.36438356164383561643835878,1.175342465753424657534246575,0.7534246575342465753424657535,48.18904109589041095890411220,0E-27,0E-28,2353,2354,2041,ZBO,1.175342465753424657534246575,0.7534246575342465753424657535,0.1336348282979921185963595493,0.09621707637455432538937887550
48.18904109589041095890411220,0,0.000,48.18904109589041095890411220,1.175342465753424657534246575,0.7534246575342465753424657535,47.01369863013698630136986562,0E-27,0E-28,2354,2355,2041,ZBO,1.175342465753424657534246575,0.7534246575342465753424657535,0.1304147119534621880277725724,0.09389859260649277537999625213
47.01369863013698630136986562,0,0.000,47.01369863013698630136986562,1.175342465753424657534246575,0.7534246575342465753424657535,45.83835616438356164383561904,0E-27,0E-28,2355,2356,2041,ZBO,1.175342465753424657534246575,0.7534246575342465753424657535,0.1271945956089322574591855954,0.09158010883843122537061362869
45.83835616438356164383561904,0,0.000,45.83835616438356164383561904,1.175342465753424657534246575,0.7534246575342465753424657535,44.66301369863013698630137246,0E-27,0E-28,2356,2357,2041,ZBO,1.175342465753424657534246575,0.7534246575342465753424657535,0.1239744792644023268905986185,0.08926162507036967536123100532
44.66301369863013698630137246,0,0.000,44.66301369863013698630137246,1.175342465753424657534246575,0.7534246575342465753424657535,43.48767123287671232876712588,0E-27,0E-28,2357,2358,2041,ZBO,1.175342465753424657534246575,0.7534246575342465753424657535,0.1207543629198723963220116416,0.08694314130230812535184838195
43.48767123287671232876712588,0,0.000,43.48767123287671232876712588,1.175342465753424657534246575,0.7534246575342465753424657535,42.31232876712328767123287930,0E-27,0E-28,2358,2359,2041,ZBO,1.175342465753424657534246575,0.7534246575342465753424657535,0.1175342465753424657534246646,0.08462465753424657534246575851
42.31232876712328767123287930,0,0.000,42.31232876712328767123287930,1.175342465753424657534246575,0.7534246575342465753424657535,41.13698630136986301369863272,0E-27,0E-28,2359,2360,2041,ZBO,1.175342465753424657534246575,0.7534246575342465753424657535,0.1143141302308125351848376877,0.08230617376618502533308313514
41.13698630136986301369863272,0,0.000,41.13698630136986301369863272,1.175342465753424657534246575,0.7534246575342465753424657535,39.96164383561643835616438614,0E-27,0E-28,2360,2361,2041,ZBO,1.175342465753424657534246575,0.7534246575342465753424657535,0.1110940138862826046162507108,0.07998768999812347532370051178
39.96164383561643835616438614,0,0.000,39.96164383561643835616438614,1.175342465753424657534246575,0.7534246575342465753424657535,38.78630136986301369863013956,0E-27,0E-28,2361,2362,2041,ZBO,1.175342465753424657534246575,0.7534246575342465753424657535,0.1078738975417526740476637338,0.07766920623006192531431788834
38.78630136986301369863013956,0,0.000,38.78630136986301369863013956,1.175342465753424657534246575,0.7534246575342465753424657535,37.61095890410958904109589298,0E-27,0E-28,2362,2363,2041,ZBO,1.175342465753424657534246575,0.7534246575342465753424657535,0.1046537811972227434790767569,0.07535072246200037530493526497
37.61095890410958904109589298,0,0.000,37.61095890410958904109589298,1.175342465753424657534246575,0.7534246575342465753424657535,36.43561643835616438356164640,0E-27,0E-28,2363,2364,2041,ZBO,1.175342465753424657534246575,0.7534246575342465753424657535,0.1014336648526928129104897800,0.07303223869393882529555264160
36.43561643835616438356164640,0,0.000,36.43561643835616438356164640,1.175342465753424657534246575,0.7534246575342465753424657535,35.26027397260273972602739982,0E-27,0E-28,2364,2365,2041,ZBO,1.175342465753424657534246575,0.7534246575342465753424657535,0.09821354850816288234190280305,0.07071375492587727528617001820
35.26027397260273972602739982,0,0.000,35.26027397260273972602739982,1.175342465753424657534246575,0.7534246575342465753424657535,34.08493150684931506849315324,0E-27,0E-28,2365,2366,2041,ZBO,1.175342465753424657534246575,0.7534246575342465753424657535,0.09499343216363295177331582612,0.06839527115781572527678739481
34.08493150684931506849315324,0,0.000,34.08493150684931506849315324,1.175342465753424657534246575,0.7534246575342465753424657535,32.90958904109589041095890666,0E-27,0E-28,2366,2367,2041,ZBO,1.175342465753424657534246575,0.7534246575342465753424657535,0.09177331581910302120472884919,0.06607678738975417526740477142
32.90958904109589041095890666,0,0.000,32.90958904109589041095890666,1.175342465753424657534246575,0.7534246575342465753424657535,31.73424657534246575342466008,0E-27,0E-28,2367,2368,2041,ZBO,1.175342465753424657534246575,0.7534246575342465753424657535,0.08855319947457309063614187226,0.06375830362169262525802214803
31.73424657534246575342466008,0,0.000,31.73424657534246575342466008,1.175342465753424657534246575,0.7534246575342465753424657535,30.55890410958904109589041350,0E-27,0E-28,2368,2369,2041,ZBO,1.175342465753424657534246575,0.7534246575342465753424657535,0.08533308313004316006755489532,0.06143981985363107524863952463
30.55890410958904109589041350,0,0.000,30.55890410958904109589041350,1.175342465753424657534246575,0.7534246575342465753424657535,29.38356164383561643835616692,0E-27,0E-28,2369,2370,2041,ZBO,1.175342465753424657534246575,0.7534246575342465753424657535,0.08211296678551322949896791839,0.05912133608556952523925690124
29.38356164383561643835616692,0,0.000,29.38356164383561643835616692,1.175342465753424657534246575,0.7534246575342465753424657535,28.20821917808219178082192034,0E-27,0E-28,2370,2371,2041,ZBO,1.175342465753424657534246575,0.7534246575342465753424657535,0.07889285044098329893038094146,0.05680285231750797522987427785
28.20821917808219178082192034,0,0.000,28.20821917808219178082192034,1.175342465753424657534246575,0.7534246575342465753424657535,27.03287671232876712328767376,0E-27,0E-28,2371,2372,2041,ZBO,1.175342465753424657534246575,0.7534246575342465753424657535,0.07567273409645336836179396453,0.05448436854944642522049165446
27.03287671232876712328767376,0,0.000,27.03287671232876712328767376,0.5876712328767123287671232877,0.3767123287671232876712328768,26.44520547945205479452055047,0E-28,0E-28,2372,4745/2,2041,ZBO,0.5876712328767123287671232877,0.3767123287671232876712328768,0.03662882341902796021767686592,0.02637275286170013135672734346
26.44520547945205479452055047,31.72314347512617159336697908,0.3806777217015140591204037490,57.78767123287671232876712580,0.5876712328767123287671232877,0.3767123287671232876712328768,57.20000000000000000000000251,0E-28,0E-28,4745/2,2373,2041,ZBO,0.5876712328767123287671232877,0.3767123287671232876712328768,0.07875867892662788515668981391,0.05670624882717207731281666602
57.20000000000000000000000251,0,0.000,57.20000000000000000000000251,1.175342465753424657534246575,0.7534246575342465753424657535,56.02465753424657534246575594,0E-27,0E-28,2373,2374,2041,ZBO,1.175342465753424657534246575,0.7534246575342465753424657535,0.1551022705948583223869393951,0.1116736348282979921185963645
56.02465753424657534246575594,0,0.000,56.02465753424657534246575594,1.175342465753424657534246575,0.7534246575342465753424657535,54.84931506849315068493150936,0E-27,0E-28,2374,2375,2041,ZBO,1.175342465753424657534246575,0.7534246575342465753424657535,0.1518821542503283918183524182,0.1093551510602364421092137411
54.84931506849315068493150936,0,0.000,54.84931506849315068493150936,1.175342465753424657534246575,0.7534246575342465753424657535,53.67397260273972602739726278,0E-27,0E-28,2375,2376,2041,ZBO,1.175342465753424657534246575,0.7534246575342465753424657535,0.1486620379057984612497654412,0.1070366672921748920998311177
53.67397260273972602739726278,0,0.000,53.67397260273972602739726278,1.175342465753424657534246575,0.7534246575342465753424657535,52.49863013698630136986301620,0E-27,0E-28,2376,2377,2041,ZBO,1.175342465753424657534246575,0.7534246575342465753424657535,0.1454419215612685306811784644,0.1047181835241133420904484944
52.49863013698630136986301620,0,0.000,52.49863013698630136986301620,1.175342465753424657534246575,0.7534246575342465753424657535,51.32328767123287671232876962,0E-27,0E-28,2377,2378,2041,ZBO,1.175342465753424657534246575,0.7534246575342465753424657535,0.1422218052167386001125914874,0.1023996997560517920810658709
51.32328767123287671232876962,0,0.000,51.32328767123287671232876962,1.175342465753424657534246575,0.7534246575342465753424657535,50.14794520547945205479452304,0E-27,0E-28,2378,2379,2041,ZBO,1.175342465753424657534246575,0.7534246575342465753424657535,0.1390016888722086695440045106,0.1000812159879902420716832476
50.14794520547945205479452304,0,0.000,50.14794520547945205479452304,1.175342465753424657534246575,0.7534246575342465753424657535,48.97260273972602739726027646,0E-27,0E-28,2379,2380,2041,ZBO,1.175342465753424657534246575,0.7534246575342465753424657535,0.1357815725276787389754175336,0.09776273221992869206230062419
48.97260273972602739726027646,0,0.000,48.97260273972602739726027646,1.175342465753424657534246575,0.7534246575342465753424657535,47.79726027397260273972602988,0E-27,0E-28,2380,2381,2041,ZBO,1.175342465753424657534246575,0.7534246575342465753424657535,0.1325614561831488084068305566,0.09544424845186714205291800075
47.79726027397260273972602988,0,0.000,47.79726027397260273972602988,1.175342465753424657534246575,0.7534246575342465753424657535,46.62191780821917808219178330,0E-27,0E-28,2381,2382,2041,ZBO,1.175342465753424657534246575,0.7534246575342465753424657535,0.1293413398386188778382435797,0.09312576468380559204353537738
46.62191780821917808219178330,0,0.000,46.62191780821917808219178330,1.175342465753424657534246575,0.7534246575342465753424657535,45.44657534246575342465753672,0E-27,0E-28,2382,2383,2041,ZBO,1.175342465753424657534246575,0.7534246575342465753424657535,0.1261212234940889472696566028,0.09080728091574404203415275402
45.44657534246575342465753672,0,0.000,45.44657534246575342465753672,1.175342465753424657534246575,0.7534246575342465753424657535,44.27123287671232876712329014,0E-27,0E-28,2383,2384,2041,ZBO,1.175342465753424657534246575,0.7534246575342465753424657535,0.1229011071495590167010696258,0.08848879714768249202477013058
44.27123287671232876712329014,0,0.000,44.27123287671232876712329014,1.175342465753424657534246575,0.7534246575342465753424657535,43.09589041095890410958904356,0E-27,0E-28,2384,2385,2041,ZBO,1.175342465753424657534246575,0.7534246575342465753424657535,0.1196809908050290861324826489,0.08617031337962094201538750721
43.09589041095890410958904356,0,0.000,43.09589041095890410958904356,1.175342465753424657534246575,0.7534246575342465753424657535,41.92054794520547945205479698,0E-27,0E-28,2385,2386,2041,ZBO,1.175342465753424657534246575,0.7534246575342465753424657535,0.1164608744604991555638956720,0.08385182961155939200600488384
41.92054794520547945205479698,0,0.000,41.92054794520547945205479698,1.175342465753424657534246575,0.7534246575342465753424657535,40.74520547945205479452055040,0E-27,0E-28,2386,2387,2041,ZBO,1.175342465753424657534246575,0.7534246575342465753424657535,0.1132407581159692249953086951,0.08153334584349784199662226047
40.74520547945205479452055040,0,0.000,40.74520547945205479452055040,1.175342465753424657534246575,0.7534246575342465753424657535,39.56986301369863013698630382,0E-27,0E-28,2387,2388,2041,ZBO,1.175342465753424657534246575,0.7534246575342465753424657535,0.1100206417714392944267217181,0.07921486207543629198723963703
39.56986301369863013698630382,0,0.000,39.56986301369863013698630382,1.175342465753424657534246575,0.7534246575342465753424657535,38.39452054794520547945205724,0E-27,0E-28,2388,2389,2041,ZBO,1.175342465753424657534246575,0.7534246575342465753424657535,0.1068005254269093638581347412,0.07689637830737474197785701366
38.39452054794520547945205724,0,0.000,38.39452054794520547945205724,1.175342465753424657534246575,0.7534246575342465753424657535,37.21917808219178082191781066,0E-27,0E-28,2389,2390,2041,ZBO,1.175342465753424657534246575,0.7534246575342465753424657535,0.1035804090823794332895477643,0.07457789453931319196847439030
37.21917808219178082191781066,0,0.000,37.21917808219178082191781066,1.175342465753424657534246575,0.7534246575342465753424657535,36.04383561643835616438356408,0E-27,0E-28,2390,2391,2041,ZBO,1.175342465753424657534246575,0.7534246575342465753424657535,0.1003602927378495027209607873,0.07225941077125164195909176686
36.04383561643835616438356408,0,0.000,36.04383561643835616438356408,1.175342465753424657534246575,0.7534246575342465753424657535,34.86849315068493150684931750,0E-27,0E-28,2391,2392,2041,ZBO,1.175342465753424657534246575,0.7534246575342465753424657535,0.09714017639331957215237381039,0.06994092700319009194970914348
34.86849315068493150684931750,0,0.000,34.86849315068493150684931750,1.175342465753424657534246575,0.7534246575342465753424657535,33.69315068493150684931507092,0E-27,0E-28,2392,2393,2041,ZBO,1.175342465753424657534246575,0.7534246575342465753424657535,0.09392006004878964158378683346,0.06762244323512854194032652009
33.69315068493150684931507092,0,0.000,33.69315068493150684931507092,1.175342465753424657534246575,0.7534246575342465753424657535,32.51780821917808219178082434,0E-27,0E-28,2393,2394,2041,ZBO,1.175342465753424657534246575,0.7534246575342465753424657535,0.09069994370425971101519985653,0.06530395946706699193094389670
32.51780821917808219178082434,0,0.000,32.51780821917808219178082434,1.175342465753424657534246575,0.7534246575342465753424657535,31.34246575342465753424657776,0E-27,0E-28,2394,2395,2041,ZBO,1.175342465753424657534246575,0.7534246575342465753424657535,0.08747982735972978044661287960,0.06298547569900544192156127331
31.34246575342465753424657776,0,0.000,31.34246575342465753424657776,1.175342465753424657534246575,0.7534246575342465753424657535,30.16712328767123287671233118,0E-27,0E-28,2395,2396,2041,ZBO,1.175342465753424657534246575,0.7534246575342465753424657535,0.08425971101519984987802590267,0.06066699193094389191217864992
30.16712328767123287671233118,0,0.000,30.16712328767123287671233118,1.175342465753424657534246575,0.7534246575342465753424657535,28.99178082191780821917808460,0E-27,0E-28,2396,2397,2041,ZBO,1.175342465753424657534246575,0.7534246575342465753424657535,0.08103959467066991930943892573,0.05834850816288234190279602653
28.99178082191780821917808460,0,0.000,28.99178082191780821917808460,1.175342465753424657534246575,0.7534246575342465753424657535,27.81643835616438356164383802,0E-27,0E-28,2397,2398,2041,ZBO,1.175342465753424657534246575,0.7534246575342465753424657535,0.07781947832613998874085194880,0.05603002439482079189341340314
27.81643835616438356164383802,0,0.000,27.81643835616438356164383802,1.175342465753424657534246575,0.7534246575342465753424657535,26.64109589041095890410959144,0E-27,0E-28,2398,2399,2041,ZBO,1.175342465753424657534246575,0.7534246575342465753424657535,0.07459936198161005817226497187,0.05371154062675924188403077975
26.64109589041095890410959144,0,0.000,26.64109589041095890410959144,1.175342465753424657534246575,0.7534246575342465753424657535,25.46575342465753424657534486,0E-27,0E-28,2399,2400,2041,ZBO,1.175342465753424657534246575,0.7534246575342465753424657535,0.07137924563708012760367799494,0.05139305685869769187464815636
25.46575342465753424657534486,0,0.000,25.46575342465753424657534486,1.175342465753424657534246575,0.7534246575342465753424657535,24.29041095890410958904109828,0E-27,0E-28,2400,2401,2041,ZBO,1.175342465753424657534246575,0.7534246575342465753424657535,0.06815912929255019703509101801,0.04907457309063614186526553297
24.29041095890410958904109828,0,0.000,24.29041095890410958904109828,1.175342465753424657534246575,0.7534246575342465753424657535,23.11506849315068493150685170,0E-27,0E-28,2401,2402,2041,ZBO,1.175342465753424657534246575,0.7534246575342465753424657535,0.06493901294802026646650404107,0.04675608932257459185588290957
23.11506849315068493150685170,0,0.000,23.11506849315068493150685170,1.077397260273972602739726028,0.6906392694063926940639269408,22.03767123287671232876712567,0E-27,0E-28,2402,28835/12,2041,ZBO,1.077397260273972602739726028,0.6906392694063926940639269408,0.05669864577469193719897417250,0.04082302495777819478326140420
22.03767123287671232876712567,31.72314347512617159336697908,0.3806777217015140591204037490,53.38013698630136986301370100,0.09794520547945205479452054794,0.06278538812785388127853881278,53.28219178082191780821918045,0E-29,0E-29,28835/12,2403,2041,ZBO,0.09794520547945205479452054794,0.06278538812785388127853881278,0.01217606492775379996246950701,0.008766766747982735972978045047
53.28219178082191780821918045,0,0.000,53.28219178082191780821918045,1.175342465753424657534246575,0.7534246575342465753424657535,52.10684931506849315068493388,0E-27,0E-28,2403,2404,2041,ZBO,1.175342465753424657534246575,0.7534246575342465753424657535,0.1443685494464252204916494717,0.1039453556014261587539876196
52.10684931506849315068493388,0,0.000,52.10684931506849315068493388,1.175342465753424657534246575,0.7534246575342465753424657535,50.93150684931506849315068730,0E-27,0E-28,2404,2405,2041,ZBO,1.175342465753424657534246575,0.7534246575342465753424657535,0.1411484331018952899230624948,0.1016268718333646087446049963
50.93150684931506849315068730,0,0.000,50.93150684931506849315068730,1.175342465753424657534246575,0.7534246575342465753424657535,49.75616438356164383561644072,0E-27,0E-28,2405,2406,2041,ZBO,1.175342465753424657534246575,0.7534246575342465753424657535,0.1379283167573653593544755178,0.09930838806530305873522237282
49.75616438356164383561644072,0,0.000,49.75616438356164383561644072,1.175342465753424657534246575,0.7534246575342465753424657535,48.58082191780821917808219414,0E-27,0E-28,2406,2407,2041,ZBO,1.175342465753424657534246575,0.7534246575342465753424657535,0.1347082004128354287858885409,0.09698990429724150872583974945
48.58082191780821917808219414,0,0.000,48.58082191780821917808219414,1.175342465753424657534246575,0.7534246575342465753424657535,47.40547945205479452054794756,0E-27,0E-28,2407,2408,2041,ZBO,1.175342465753424657534246575,0.7534246575342465753424657535,0.1314880840683054982173015640,0.09467142052917995871645712608
47.40547945205479452054794756,0,0.000,47.40547945205479452054794756,1.175342465753424657534246575,0.7534246575342465753424657535,46.23013698630136986301370098,0E-27,0E-28,2408,2409,2041,ZBO,1.175342465753424657534246575,0.7534246575342465753424657535,0.1282679677237755676487145871,0.09235293676111840870707450271
46.23013698630136986301370098,0,0.000,46.23013698630136986301370098,1.175342465753424657534246575,0.7534246575342465753424657535,45.05479452054794520547945440,0E-27,0E-28,2409,2410,2041,ZBO,1.175342465753424657534246575,0.7534246575342465753424657535,0.1250478513792456370801276101,0.09003445299305685869769187927
45.05479452054794520547945440,0,0.000,45.05479452054794520547945440,1.175342465753424657534246575,0.7534246575342465753424657535,43.87945205479452054794520782,0E-27,0E-28,2410,2411,2041,ZBO,1.175342465753424657534246575,0.7534246575342465753424657535,0.1218277350347157065115406332,0.08771596922499530868830925590
43.87945205479452054794520782,0,0.000,43.87945205479452054794520782,1.175342465753424657534246575,0.7534246575342465753424657535,42.70410958904109589041096124,0E-27,0E-28,2411,2412,2041,ZBO,1.175342465753424657534246575,0.7534246575342465753424657535,0.1186076186901857759429536563,0.08539748545693375867892663254
42.70410958904109589041096124,0,0.000,42.70410958904109589041096124,1.175342465753424657534246575,0.7534246575342465753424657535,41.52876712328767123287671466,0E-27,0E-28,2412,2413,2041,ZBO,1.175342465753424657534246575,0.7534246575342465753424657535,0.1153875023456558453743666793,0.08307900168887220866954400910
41.52876712328767123287671466,0,0.000,41.52876712328767123287671466,1.175342465753424657534246575,0.7534246575342465753424657535,40.35342465753424657534246808,0E-27,0E-28,2413,2414,2041,ZBO,1.175342465753424657534246575,0.7534246575342465753424657535,0.1121673860011259148057797024,0.08076051792081065866016138573
40.35342465753424657534246808,0,0.000,40.35342465753424657534246808,1.175342465753424657534246575,0.7534246575342465753424657535,39.17808219178082191780822150,0E-27,0E-28,2414,2415,2041,ZBO,1.175342465753424657534246575,0.7534246575342465753424657535,0.1089472696565959842371927255,0.07844203415274910865077876236
39.17808219178082191780822150,0,0.000,39.17808219178082191780822150,1.175342465753424657534246575,0.7534246575342465753424657535,38.00273972602739726027397492,0E-27,0E-28,2415,2416,2041,ZBO,1.175342465753424657534246575,0.7534246575342465753424657535,0.1057271533120660536686057485,0.07612355038468755864139613892
38.00273972602739726027397492,0,0.000,38.00273972602739726027397492,1.175342465753424657534246575,0.7534246575342465753424657535,36.82739726027397260273972834,0E-27,0E-28,2416,2417,2041,ZBO,1.175342465753424657534246575,0.7534246575342465753424657535,0.1025070369675361231000187716,0.07380506661662600863201351555
36.82739726027397260273972834,0,0.000,36.82739726027397260273972834,1.175342465753424657534246575,0.7534246575342465753424657535,35.65205479452054794520548176,0E-27,0E-28,2417,2418,2041,ZBO,1.175342465753424657534246575,0.7534246575342465753424657535,0.09928692062300619253143179467,0.07148658284856445862263089216
35.65205479452054794520548176,0,0.000,35.65205479452054794520548176,1.175342465753424657534246575,0.7534246575342465753424657535,34.47671232876712328767123518,0E-27,0E-28,2418,2419,2041,ZBO,1.175342465753424657534246575,0.7534246575342465753424657535,0.09606680427847626196284481774,0.06916809908050290861324826877
34.47671232876712328767123518,0,0.000,34.47671232876712328767123518,1.175342465753424657534246575,0.7534246575342465753424657535,33.30136986301369863013698860,0E-27,0E-28,2419,2420,2041,ZBO,1.175342465753424657534246575,0.7534246575342465753424657535,0.09284668793394633139425784080,0.06684961531244135860386564538
33.30136986301369863013698860,0,0.000,33.30136986301369863013698860,1.175342465753424657534246575,0.7534246575342465753424657535,32.12602739726027397260274202,0E-27,0E-28,2420,2421,2041,ZBO,1.175342465753424657534246575,0.7534246575342465753424657535,0.08962657158941640082567086387,0.06453113154437980859448302199
32.12602739726027397260274202,0,0.000,32.12602739726027397260274202,1.175342465753424657534246575,0.7534246575342465753424657535,30.95068493150684931506849544,0E-27,0E-28,2421,2422,2041,ZBO,1.175342465753424657534246575,0.7534246575342465753424657535,0.08640645524488647025708388694,0.06221264777631825858510039860
30.95068493150684931506849544,0,0.000,30.95068493150684931506849544,1.175342465753424657534246575,0.7534246575342465753424657535,29.77534246575342465753424886,0E-27,0E-28,2422,2423,2041,ZBO,1.175342465753424657534246575,0.7534246575342465753424657535,0.08318633890035653968849691001,0.05989416400825670857571777521
29.77534246575342465753424886,0,0.000,29.77534246575342465753424886,1.175342465753424657534246575,0.7534246575342465753424657535,28.60000000000000000000000228,0E-27,0E-28,2423,2424,2041,ZBO,1.175342465753424657534246575,0.7534246575342465753424657535,0.07996622255582660911990993308,0.05757568024019515856633515182
28.60000000000000000000000228,0,0.000,28.60000000000000000000000228,1.175342465753424657534246575,0.7534246575342465753424657535,27.42465753424657534246575570,0E-27,0E-28,2424,2425,2041,ZBO,1.175342465753424657534246575,0.7534246575342465753424657535,0.07674610621129667855132295614,0.05525719647213360855695252842
27.42465753424657534246575570,0,0.000,27.42465753424657534246575570,1.175342465753424657534246575,0.7534246575342465753424657535,26.24931506849315068493150912,0E-27,0E-28,2425,2426,2041,ZBO,1.175342465753424657534246575,0.7534246575342465753424657535,0.07352598986676674798273597921,0.05293871270407205854756990503
26.24931506849315068493150912,0,0.000,26.24931506849315068493150912,1.175342465753424657534246575,0.7534246575342465753424657535,25.07397260273972602739726254,0E-27,0E-28,2426,2427,2041,ZBO,1.175342465753424657534246575,0.7534246575342465753424657535,0.07030587352223681741414900228,0.05062022893601050853818728164
25.07397260273972602739726254,0,0.000,25.07397260273972602739726254,1.175342465753424657534246575,0.7534246575342465753424657535,23.89863013698630136986301596,0E-27,0E-28,2427,2428,2041,ZBO,1.175342465753424657534246575,0.7534246575342465753424657535,0.06708575717770688684556202535,0.04830174516794895852880465825
23.89863013698630136986301596,0,0.000,23.89863013698630136986301596,1.175342465753424657534246575,0.7534246575342465753424657535,22.72328767123287671232876938,0E-27,0E-28,2428,2429,2041,ZBO,1.175342465753424657534246575,0.7534246575342465753424657535,0.06386564083317695627697504842,0.04598326139988740851942203486
22.72328767123287671232876938,0,0.000,22.72328767123287671232876938,1.175342465753424657534246575,0.7534246575342465753424657535,21.54794520547945205479452280,0E-27,0E-28,2429,2430,2041,ZBO,1.175342465753424657534246575,0.7534246575342465753424657535,0.06064552448864702570838807149,0.04366477763182585851003941147
21.54794520547945205479452280,0,0.000,21.54794520547945205479452280,1.175342465753424657534246575,0.7534246575342465753424657535,20.37260273972602739726027622,0E-27,0E-28,2430,2431,2041,ZBO,1.175342465753424657534246575,0.7534246575342465753424657535,0.05742540814411709513980109455,0.04134629386376430850065678808
20.37260273972602739726027622,0,0.000,20.37260273972602739726027622,1.175342465753424657534246575,0.7534246575342465753424657535,19.19726027397260273972602964,0E-27,0E-28,2431,2432,2041,ZBO,1.175342465753424657534246575,0.7534246575342465753424657535,0.05420529179958716457121411762,0.03902781009570275849127416469
19.19726027397260273972602964,0,0.000,19.19726027397260273972602964,1.175342465753424657534246575,0.7534246575342465753424657535,18.02191780821917808219178306,0E-27,0E-28,2432,2433,2041,ZBO,1.175342465753424657534246575,0.7534246575342465753424657535,0.05098517545505723400262714069,0.03670932632764120848189154130
18.02191780821917808219178306,0,0.000,18.02191780821917808219178306,0.3917808219178082191780821918,0.2511415525114155251141552511,17.63013698630136986301370087,0E-28,0E-28,2433,7300/3,2041,ZBO,0.3917808219178082191780821918,0.2511415525114155251141552511,0.01627947707512353787452305202,0.01172122349408894726965659745
17.63013698630136986301370087,31.72314347512617159336697908,0.3806777217015140591204037490,48.97260273972602739726027620,0.7835616438356164383561643838,0.5022831050228310502283105024,48.18904109589041095890411182,0E-28,0E-28,7300/3,2434,2041,ZBO,0.7835616438356164383561643838,0.5022831050228310502283105024,0.08873209482704697566773003475,0.06388710827547382248076562502
48.18904109589041095890411182,0,0.000,48.18904109589041095890411182,1.175342465753424657534246575,0.7534246575342465753424657535,47.01369863013698630136986524,0E-27,0E-28,2434,2435,2041,ZBO,1.175342465753424657534246575,0.7534246575342465753424657535,0.1304147119534621880277725713,0.09389859260649277537999625134
47.01369863013698630136986524,0,0.000,47.01369863013698630136986524,1.175342465753424657534246575,0.7534246575342465753424657535,45.83835616438356164383561866,0E-27,0E-28,2435,2436,2041,ZBO,1.175342465753424657534246575,0.7534246575342465753424657535,0.1271945956089322574591855944,0.09158010883843122537061362797
45.83835616438356164383561866,0,0.000,45.83835616438356164383561866,1.175342465753424657534246575,0.7534246575342465753424657535,44.66301369863013698630137208,0E-27,0E-28,2436,2437,2041,ZBO,1.175342465753424657534246575,0.7534246575342465753424657535,0.1239744792644023268905986175,0.08926162507036967536123100460
44.66301369863013698630137208,0,0.000,44.66301369863013698630137208,1.175342465753424657534246575,0.7534246575342465753424657535,43.48767123287671232876712550,0E-27,0E-28,2437,2438,2041,ZBO,1.175342465753424657534246575,0.7534246575342465753424657535,0.1207543629198723963220116405,0.08694314130230812535184838116
43.48767123287671232876712550,0,0.000,43.48767123287671232876712550,1.175342465753424657534246575,0.7534246575342465753424657535,42.31232876712328767123287892,0E-27,0E-28,2438,2439,2041,ZBO,1.175342465753424657534246575,0.7534246575342465753424657535,0.1175342465753424657534246636,0.08462465753424657534246575779
42.31232876712328767123287892,0,0.000,42.31232876712328767123287892,1.175342465753424657534246575,0.7534246575342465753424657535,41.13698630136986301369863234,0E-27,0E-28,2439,2440,2041,ZBO,1.175342465753424657534246575,0.7534246575342465753424657535,0.1143141302308125351848376867,0.08230617376618502533308313442
41.13698630136986301369863234,0,0.000,41.13698630136986301369863234,1.175342465753424657534246575,0.7534246575342465753424657535,39.96164383561643835616438576,0E-27,0E-28,2440,2441,2041,ZBO,1.175342465753424657534246575,0.7534246575342465753424657535,0.1110940138862826046162507097,0.07998768999812347532370051098
39.96164383561643835616438576,0,0.000,39.96164383561643835616438576,1.175342465753424657534246575,0.7534246575342465753424657535,38.78630136986301369863013918,0E-27,0E-28,2441,2442,2041,ZBO,1.175342465753424657534246575,0.7534246575342465753424657535,0.1078738975417526740476637328,0.07766920623006192531431788762
38.78630136986301369863013918,0,0.000,38.78630136986301369863013918,1.175342465753424657534246575,0.7534246575342465753424657535,37.61095890410958904109589260,0E-27,0E-28,2442,2443,2041,ZBO,1.175342465753424657534246575,0.7534246575342465753424657535,0.1046537811972227434790767559,0.07535072246200037530493526425
37.61095890410958904109589260,0,0.000,37.61095890410958904109589260,1.175342465753424657534246575,0.7534246575342465753424657535,36.43561643835616438356164602,0E-27,0E-28,2443,2444,2041,ZBO,1.175342465753424657534246575,0.7534246575342465753424657535,0.1014336648526928129104897789,0.07303223869393882529555264081
36.43561643835616438356164602,0,0.000,36.43561643835616438356164602,1.175342465753424657534246575,0.7534246575342465753424657535,35.26027397260273972602739944,0E-27,0E-28,2444,2445,2041,ZBO,1.175342465753424657534246575,0.7534246575342465753424657535,0.09821354850816288234190280201,0.07071375492587727528617001745
35.26027397260273972602739944,0,0.000,35.26027397260273972602739944,1.175342465753424657534246575,0.7534246575342465753424657535,34.08493150684931506849315286,0E-27,0E-28,2445,2446,2041,ZBO,1.175342465753424657534246575,0.7534246575342465753424657535,0.09499343216363295177331582508,0.06839527115781572527678739406
34.08493150684931506849315286,0,0.000,34.08493150684931506849315286,1.175342465753424657534246575,0.7534246575342465753424657535,32.90958904109589041095890628,0E-27,0E-28,2446,2447,2041,ZBO,1.175342465753424657534246575,0.7534246575342465753424657535,0.09177331581910302120472884815,0.06607678738975417526740477067
32.90958904109589041095890628,0,0.000,32.90958904109589041095890628,1.175342465753424657534246575,0.7534246575342465753424657535,31.73424657534246575342465970,0E-27,0E-28,2447,2448,2041,ZBO,1.175342465753424657534246575,0.7534246575342465753424657535,0.08855319947457309063614187121,0.06375830362169262525802214727
31.73424657534246575342465970,0,0.000,31.73424657534246575342465970,1.175342465753424657534246575,0.7534246575342465753424657535,30.55890410958904109589041312,0E-27,0E-28,2448,2449,2041,ZBO,1.175342465753424657534246575,0.7534246575342465753424657535,0.08533308313004316006755489428,0.06143981985363107524863952388
30.55890410958904109589041312,0,0.000,30.55890410958904109589041312,1.175342465753424657534246575,0.7534246575342465753424657535,29.38356164383561643835616654,0E-27,0E-28,2449,2450,2041,ZBO,1.175342465753424657534246575,0.7534246575342465753424657535,0.08211296678551322949896791735,0.05912133608556952523925690049
29.38356164383561643835616654,0,0.000,29.38356164383561643835616654,1.175342465753424657534246575,0.7534246575342465753424657535,28.20821917808219178082191996,0E-27,0E-28,2450,2451,2041,ZBO,1.175342465753424657534246575,0.7534246575342465753424657535,0.07889285044098329893038094042,0.05680285231750797522987427710
28.20821917808219178082191996,0,0.000,28.20821917808219178082191996,1.175342465753424657534246575,0.7534246575342465753424657535,27.03287671232876712328767338,0E-27,0E-28,2451,2452,2041,ZBO,1.175342465753424657534246575,0.7534246575342465753424657535,0.07567273409645336836179396349,0.05448436854944642522049165371
27.03287671232876712328767338,0,0.000,27.03287671232876712328767338,1.175342465753424657534246575,0.7534246575342465753424657535,25.85753424657534246575342680,0E-27,0E-28,2452,2453,2041,ZBO,1.175342465753424657534246575,0.7534246575342465753424657535,0.07245261775192343779320698656,0.05216588478138487521110903032
25.85753424657534246575342680,0,0.000,25.85753424657534246575342680,1.175342465753424657534246575,0.7534246575342465753424657535,24.68219178082191780821918022,0E-27,0E-28,2453,2454,2041,ZBO,1.175342465753424657534246575,0.7534246575342465753424657535,0.06923250140739350722462000962,0.04984740101332332520172640693
24.68219178082191780821918022,0,0.000,24.68219178082191780821918022,1.175342465753424657534246575,0.7534246575342465753424657535,23.50684931506849315068493364,0E-27,0E-28,2454,2455,2041,ZBO,1.175342465753424657534246575,0.7534246575342465753424657535,0.06601238506286357665603303269,0.04752891724526177519234378354
23.50684931506849315068493364,0,0.000,23.50684931506849315068493364,1.175342465753424657534246575,0.7534246575342465753424657535,22.33150684931506849315068706,0E-27,0E-28,2455,2456,2041,ZBO,1.175342465753424657534246575,0.7534246575342465753424657535,0.06279226871833364608744605576,0.04521043347720022518296116015
22.33150684931506849315068706,0,0.000,22.33150684931506849315068706,1.175342465753424657534246575,0.7534246575342465753424657535,21.15616438356164383561644048,0E-27,0E-28,2456,2457,2041,ZBO,1.175342465753424657534246575,0.7534246575342465753424657535,0.05957215237380371551885907883,0.04289194970913867517357853676
21.15616438356164383561644048,0,0.000,21.15616438356164383561644048,1.175342465753424657534246575,0.7534246575342465753424657535,19.98082191780821917808219390,0E-27,0E-28,2457,2458,2041,ZBO,1.175342465753424657534246575,0.7534246575342465753424657535,0.05635203602927378495027210190,0.04057346594107712516419591337
19.98082191780821917808219390,0,0.000,19.98082191780821917808219390,1.175342465753424657534246575,0.7534246575342465753424657535,18.80547945205479452054794732,0E-27,0E-28,2458,2459,2041,ZBO,1.175342465753424657534246575,0.7534246575342465753424657535,0.05313191968474385438168512496,0.03825498217301557515481328997
18.80547945205479452054794732,0,0.000,18.80547945205479452054794732,1.175342465753424657534246575,0.7534246575342465753424657535,17.63013698630136986301370074,0E-27,0E-28,2459,2460,2041,ZBO,1.175342465753424657534246575,0.7534246575342465753424657535,0.04991180334021392381309814803,0.03593649840495402514543066658
17.63013698630136986301370074,0,0.000,17.63013698630136986301370074,1.175342465753424657534246575,0.7534246575342465753424657535,16.45479452054794520547945416,0E-27,0E-28,2460,2461,2041,ZBO,1.175342465753424657534246575,0.7534246575342465753424657535,0.04669168699568399324451117110,0.03361801463689247513604804319
16.45479452054794520547945416,0,0.000,16.45479452054794520547945416,1.175342465753424657534246575,0.7534246575342465753424657535,15.27945205479452054794520758,0E-27,0E-28,2461,2462,2041,ZBO,1.175342465753424657534246575,0.7534246575342465753424657535,0.04347157065115406267592419417,0.03129953086883092512666541980
15.27945205479452054794520758,0,0.000,15.27945205479452054794520758,1.175342465753424657534246575,0.7534246575342465753424657535,14.10410958904109589041096100,0E-27,0E-28,2462,2463,2041,ZBO,1.175342465753424657534246575,0.7534246575342465753424657535,0.04025145430662413210733721724,0.02898104710076937511728279641
14.10410958904109589041096100,0,0.000,14.10410958904109589041096100,0.8815068493150684931506849316,0.5650684931506849315068493151,13.22260273972602739726027607,0E-28,0E-28,2463,9855/4,2041,ZBO,0.8815068493150684931506849316,0.5650684931506849315068493151,0.02807538937887033214486770933,0.02021428035278663914430475072
13.22260273972602739726027607,31.72314347512617159336697908,0.3806777217015140591204037490,44.56506849315068493150685140,0.2938356164383561643835616438,0.1883561643835616438356164383,44.27123287671232876712328976,0E-28,0E-28,9855/4,2464,2041,ZBO,0.2938356164383561643835616438,0.1883561643835616438356164383,0.03042339088009007318446237711,0.02190484143366485269281291152
44.27123287671232876712328976,0,0.000,44.27123287671232876712328976,1.175342465753424657534246575,0.7534246575342465753424657535,43.09589041095890410958904318,0E-27,0E-28,2464,2465,2041,ZBO,1.175342465753424657534246575,0.7534246575342465753424657535,0.1196809908050290861324826479,0.08617031337962094201538750649
43.09589041095890410958904318,0,0.000,43.09589041095890410958904318,1.175342465753424657534246575,0.7534246575342465753424657535,41.92054794520547945205479660,0E-27,0E-28,2465,2466,2041,ZBO,1.175342465753424657534246575,0.7534246575342465753424657535,0.1164608744604991555638956709,0.08385182961155939200600488305
41.92054794520547945205479660,0,0.000,41.92054794520547945205479660,1.175342465753424657534246575,0.7534246575342465753424657535,40.74520547945205479452055002,0E-27,0E-28,2466,2467,2041,ZBO,1.175342465753424657534246575,0.7534246575342465753424657535,0.1132407581159692249953086940,0.08153334584349784199662225968
40.74520547945205479452055002,0,0.000,40.74520547945205479452055002,1.175342465753424657534246575,0.7534246575342465753424657535,39.56986301369863013698630344,0E-27,0E-28,2467,2468,2041,ZBO,1.175342465753424657534246575,0.7534246575342465753424657535,0.1100206417714392944267217171,0.07921486207543629198723963631
39.56986301369863013698630344,0,0.000,39.56986301369863013698630344,1.175342465753424657534246575,0.7534246575342465753424657535,38.39452054794520547945205686,0E-27,0E-28,2468,2469,2041,ZBO,1.175342465753424657534246575,0.7534246575342465753424657535,0.1068005254269093638581347401,0.07689637830737474197785701287
38.39452054794520547945205686,0,0.000,38.39452054794520547945205686,1.175342465753424657534246575,0.7534246575342465753424657535,37.21917808219178082191781028,0E-27,0E-28,2469,2470,2041,ZBO,1.175342465753424657534246575,0.7534246575342465753424657535,0.1035804090823794332895477632,0.07457789453931319196847438950
37.21917808219178082191781028,0,0.000,37.21917808219178082191781028,1.175342465753424657534246575,0.7534246575342465753424657535,36.04383561643835616438356370,0E-27,0E-28,2470,2471,2041,ZBO,1.175342465753424657534246575,0.7534246575342465753424657535,0.1003602927378495027209607863,0.07225941077125164195909176614
36.04383561643835616438356370,0,0.000,36.04383561643835616438356370,1.175342465753424657534246575,0.7534246575342465753424657535,34.86849315068493150684931712,0E-27,0E-28,2471,2472,2041,ZBO,1.175342465753424657534246575,0.7534246575342465753424657535,0.09714017639331957215237380935,0.06994092700319009194970914273
34.86849315068493150684931712,0,0.000,34.86849315068493150684931712,1.175342465753424657534246575,0.7534246575342465753424657535,33.69315068493150684931507054,0E-27,0E-28,2472,2473,2041,ZBO,1.175342465753424657534246575,0.7534246575342465753424657535,0.09392006004878964158378683242,0.06762244323512854194032651934
33.69315068493150684931507054,0,0.000,33.69315068493150684931507054,1.175342465753424657534246575,0.7534246575342465753424657535,32.51780821917808219178082396,0E-27,0E-28,2473,2474,2041,ZBO,1.175342465753424657534246575,0.7534246575342465753424657535,0.09069994370425971101519985549,0.06530395946706699193094389595
32.51780821917808219178082396,0,0.000,32.51780821917808219178082396,1.175342465753424657534246575,0.7534246575342465753424657535,31.34246575342465753424657738,0E-27,0E-28,2474,2475,2041,ZBO,1.175342465753424657534246575,0.7534246575342465753424657535,0.08747982735972978044661287856,0.06298547569900544192156127256
31.34246575342465753424657738,0,0.000,31.34246575342465753424657738,1.175342465753424657534246575,0.7534246575342465753424657535,30.16712328767123287671233080,0E-27,0E-28,2475,2476,2041,ZBO,1.175342465753424657534246575,0.7534246575342465753424657535,0.08425971101519984987802590162,0.06066699193094389191217864917
30.16712328767123287671233080,0,0.000,30.16712328767123287671233080,1.175342465753424657534246575,0.7534246575342465753424657535,28.99178082191780821917808422,0E-27,0E-28,2476,2477,2041,ZBO,1.175342465753424657534246575,0.7534246575342465753424657535,0.08103959467066991930943892469,0.05834850816288234190279602578
28.99178082191780821917808422,0,0.000,28.99178082191780821917808422,1.175342465753424657534246575,0.7534246575342465753424657535,27.81643835616438356164383764,0E-27,0E-28,2477,2478,2041,ZBO,1.175342465753424657534246575,0.7534246575342465753424657535,0.07781947832613998874085194776,0.05603002439482079189341340239
27.81643835616438356164383764,0,0.000,27.81643835616438356164383764,1.175342465753424657534246575,0.7534246575342465753424657535,26.64109589041095890410959106,0E-27,0E-28,2478,2479,2041,ZBO,1.175342465753424657534246575,0.7534246575342465753424657535,0.07459936198161005817226497083,0.05371154062675924188403077900
26.64109589041095890410959106,0,0.000,26.64109589041095890410959106,1.175342465753424657534246575,0.7534246575342465753424657535,25.46575342465753424657534448,0E-27,0E-28,2479,2480,2041,ZBO,1.175342465753424657534246575,0.7534246575342465753424657535,0.07137924563708012760367799390,0.05139305685869769187464815561
25.46575342465753424657534448,0,0.000,25.46575342465753424657534448,1.175342465753424657534246575,0.7534246575342465753424657535,24.29041095890410958904109790,0E-27,0E-28,2480,2481,2041,ZBO,1.175342465753424657534246575,0.7534246575342465753424657535,0.06815912929255019703509101697,0.04907457309063614186526553222
24.29041095890410958904109790,0,0.000,24.29041095890410958904109790,1.175342465753424657534246575,0.7534246575342465753424657535,23.11506849315068493150685132,0E-27,0E-28,2481,2482,2041,ZBO,1.175342465753424657534246575,0.7534246575342465753424657535,0.06493901294802026646650404003,0.04675608932257459185588290882
23.11506849315068493150685132,0,0.000,23.11506849315068493150685132,1.175342465753424657534246575,0.7534246575342465753424657535,21.93972602739726027397260474,0E-27,0E-28,2482,2483,2041,ZBO,1.175342465753424657534246575,0.7534246575342465753424657535,0.06171889660349033589791706310,0.04443760555451304184650028543
21.93972602739726027397260474,0,0.000,21.93972602739726027397260474,1.175342465753424657534246575,0.7534246575342465753424657535,20.76438356164383561643835816,0E-27,0E-28,2483,2484,2041,ZBO,1.175342465753424657534246575,0.7534246575342465753424657535,0.05849878025896040532933008617,0.04211912178645149183711766204
20.76438356164383561643835816,0,0.000,20.76438356164383561643835816,1.175342465753424657534246575,0.7534246575342465753424657535,19.58904109589041095890411158,0E-27,0E-28,2484,2485,2041,ZBO,1.175342465753424657534246575,0.7534246575342465753424657535,0.05527866391443047476074310924,0.03980063801838994182773503865
19.58904109589041095890411158,0,0.000,19.58904109589041095890411158,1.175342465753424657534246575,0.7534246575342465753424657535,18.41369863013698630136986500,0E-27,0E-28,2485,2486,2041,ZBO,1.175342465753424657534246575,0.7534246575342465753424657535,0.05205854756990054419215613231,0.03748215425032839181835241526
18.41369863013698630136986500,0,0.000,18.41369863013698630136986500,1.175342465753424657534246575,0.7534246575342465753424657535,17.23835616438356164383561842,0E-27,0E-28,2486,2487,2041,ZBO,1.175342465753424657534246575,0.7534246575342465753424657535,0.04883843122537061362356915537,0.03516367048226684180896979187
17.23835616438356164383561842,0,0.000,17.23835616438356164383561842,1.175342465753424657534246575,0.7534246575342465753424657535,16.06301369863013698630137184,0E-27,0E-28,2487,2488,2041,ZBO,1.175342465753424657534246575,0.7534246575342465753424657535,0.04561831488084068305498217844,0.03284518671420529179958716848
16.06301369863013698630137184,0,0.000,16.06301369863013698630137184,1.175342465753424657534246575,0.7534246575342465753424657535,14.88767123287671232876712526,0E-27,0E-28,2488,2489,2041,ZBO,1.175342465753424657534246575,0.7534246575342465753424657535,0.04239819853631075248639520151,0.03052670294614374179020454509
14.88767123287671232876712526,0,0.000,14.88767123287671232876712526,1.175342465753424657534246575,0.7534246575342465753424657535,13.71232876712328767123287868,0E-27,0E-28,2489,2490,2041,ZBO,1.175342465753424657534246575,0.7534246575342465753424657535,0.03917808219178082191780822458,0.02820821917808219178082192170
13.71232876712328767123287868,0,0.000,13.71232876712328767123287868,1.175342465753424657534246575,0.7534246575342465753424657535,12.53698630136986301369863210,0E-27,0E-28,2490,2491,2041,ZBO,1.175342465753424657534246575,0.7534246575342465753424657535,0.03595796584725089134922124765,0.02588973541002064177143929831
12.53698630136986301369863210,0,0.000,12.53698630136986301369863210,1.175342465753424657534246575,0.7534246575342465753424657535,11.36164383561643835616438552,0E-27,0E-28,2491,2492,2041,ZBO,1.175342465753424657534246575,0.7534246575342465753424657535,0.03273784950272096078063427072,0.02357125164195909176205667492
11.36164383561643835616438552,0,0.000,11.36164383561643835616438552,1.175342465753424657534246575,0.7534246575342465753424657535,10.18630136986301369863013894,0E-27,0E-28,2492,2493,2041,ZBO,1.175342465753424657534246575,0.7534246575342465753424657535,0.02951773315819103021204729378,0.02125276787389754175267405152
10.18630136986301369863013894,0,0.000,10.18630136986301369863013894,1.175342465753424657534246575,0.7534246575342465753424657535,9.010958904109589041095892365,0E-27,0E-28,2493,2494,2041,ZBO,1.175342465753424657534246575,0.7534246575342465753424657535,0.02629761681366109964346031685,0.01893428410583599174329142813
9.010958904109589041095892365,0,0.000,9.010958904109589041095892365,0.1958904109589041095890410959,0.1255707762557077625570776256,8.815068493150684931506851269,0E-28,0E-28,2494,14965/6,2041,ZBO,0.1958904109589041095890410959,0.1255707762557077625570776256,0.004069869268780884468630763387,0.002930305873522236817414149639
8.815068493150684931506851269,31.72314347512617159336697908,0.3806777217015140591204037490,40.15753424657534246575342660,0.9794520547945205479452054794,0.6278538812785388127853881278,39.17808219178082191780822112,0E-28,0E-28,14965/6,2495,2041,ZBO,0.9794520547945205479452054794,0.6278538812785388127853881278,0.09056577218990429724150873027,0.06520735597673109401388628579
39.17808219178082191780822112,0,0.000,39.17808219178082191780822112,1.175342465753424657534246575,0.7534246575342465753424657535,38.00273972602739726027397454,0E-27,0E-28,2495,2496,2041,ZBO,1.175342465753424657534246575,0.7534246575342465753424657535,0.1057271533120660536686057475,0.07612355038468755864139613820
38.00273972602739726027397454,0,0.000,38.00273972602739726027397454,1.175342465753424657534246575,0.7534246575342465753424657535,36.82739726027397260273972796,0E-27,0E-28,2496,2497,2041,ZBO,1.175342465753424657534246575,0.7534246575342465753424657535,0.1025070369675361231000187706,0.07380506661662600863201351483
36.82739726027397260273972796,0,0.000,36.82739726027397260273972796,1.175342465753424657534246575,0.7534246575342465753424657535,35.65205479452054794520548138,0E-27,0E-28,2497,2498,2041,ZBO,1.175342465753424657534246575,0.7534246575342465753424657535,0.09928692062300619253143179363,0.07148658284856445862263089141
35.65205479452054794520548138,0,0.000,35.65205479452054794520548138,1.175342465753424657534246575,0.7534246575342465753424657535,34.47671232876712328767123480,0E-27,0E-28,2498,2499,2041,ZBO,1.175342465753424657534246575,0.7534246575342465753424657535,0.09606680427847626196284481669,0.06916809908050290861324826802
34.47671232876712328767123480,0,0.000,34.47671232876712328767123480,1.175342465753424657534246575,0.7534246575342465753424657535,33.30136986301369863013698822,0E-27,0E-28,2499,2500,2041,ZBO,1.175342465753424657534246575,0.7534246575342465753424657535,0.09284668793394633139425783976,0.06684961531244135860386564463
33.30136986301369863013698822,0,0.000,33.30136986301369863013698822,1.175342465753424657534246575,0.7534246575342465753424657535,32.12602739726027397260274164,0E-27,0E-28,2500,2501,2041,ZBO,1.175342465753424657534246575,0.7534246575342465753424657535,0.08962657158941640082567086283,0.06453113154437980859448302124
32.12602739726027397260274164,0,0.000,32.12602739726027397260274164,1.175342465753424657534246575,0.7534246575342465753424657535,30.95068493150684931506849506,0E-27,0E-28,2501,2502,2041,ZBO,1.175342465753424657534246575,0.7534246575342465753424657535,0.08640645524488647025708388590,0.06221264777631825858510039785
30.95068493150684931506849506,0,0.000,30.95068493150684931506849506,1.175342465753424657534246575,0.7534246575342465753424657535,29.77534246575342465753424848,0E-27,0E-28,2502,2503,2041,ZBO,1.175342465753424657534246575,0.7534246575342465753424657535,0.08318633890035653968849690897,0.05989416400825670857571777446
29.77534246575342465753424848,0,0.000,29.77534246575342465753424848,1.175342465753424657534246575,0.7534246575342465753424657535,28.60000000000000000000000190,0E-27,0E-28,2503,2504,2041,ZBO,1.175342465753424657534246575,0.7534246575342465753424657535,0.07996622255582660911990993204,0.05757568024019515856633515107
28.60000000000000000000000190,0,0.000,28.60000000000000000000000190,1.175342465753424657534246575,0.7534246575342465753424657535,27.42465753424657534246575532,0E-27,0E-28,2504,2505,2041,ZBO,1.175342465753424657534246575,0.7534246575342465753424657535,0.07674610621129667855132295510,0.05525719647213360855695252767
27.42465753424657534246575532,0,0.000,27.42465753424657534246575532,1.175342465753424657534246575,0.7534246575342465753424657535,26.24931506849315068493150874,0E-27,0E-28,2505,2506,2041,ZBO,1.175342465753424657534246575,0.7534246575342465753424657535,0.07352598986676674798273597817,0.05293871270407205854756990428
26.24931506849315068493150874,0,0.000,26.24931506849315068493150874,1.175342465753424657534246575,0.7534246575342465753424657535,25.07397260273972602739726216,0E-27,0E-28,2506,2507,2041,ZBO,1.175342465753424657534246575,0.7534246575342465753424657535,0.07030587352223681741414900124,0.05062022893601050853818728089
25.07397260273972602739726216,0,0.000,25.07397260273972602739726216,1.175342465753424657534246575,0.7534246575342465753424657535,23.89863013698630136986301558,0E-27,0E-28,2507,2508,2041,ZBO,1.175342465753424657534246575,0.7534246575342465753424657535,0.06708575717770688684556202431,0.04830174516794895852880465750
23.89863013698630136986301558,0,0.000,23.89863013698630136986301558,1.175342465753424657534246575,0.7534246575342465753424657535,22.72328767123287671232876900,0E-27,0E-28,2508,2509,2041,ZBO,1.175342465753424657534246575,0.7534246575342465753424657535,0.06386564083317695627697504738,0.04598326139988740851942203411
22.72328767123287671232876900,0,0.000,22.72328767123287671232876900,1.175342465753424657534246575,0.7534246575342465753424657535,21.54794520547945205479452242,0E-27,0E-28,2509,2510,2041,ZBO,1.175342465753424657534246575,0.7534246575342465753424657535,0.06064552448864702570838807044,0.04366477763182585851003941072
21.54794520547945205479452242,0,0.000,21.54794520547945205479452242,1.175342465753424657534246575,0.7534246575342465753424657535,20.37260273972602739726027584,0E-27,0E-28,2510,2511,2041,ZBO,1.175342465753424657534246575,0.7534246575342465753424657535,0.05742540814411709513980109351,0.04134629386376430850065678733
20.37260273972602739726027584,0,0.000,20.37260273972602739726027584,1.175342465753424657534246575,0.7534246575342465753424657535,19.19726027397260273972602926,0E-27,0E-28,2511,2512,2041,ZBO,1.175342465753424657534246575,0.7534246575342465753424657535,0.05420529179958716457121411658,0.03902781009570275849127416394
19.19726027397260273972602926,0,0.000,19.19726027397260273972602926,1.175342465753424657534246575,0.7534246575342465753424657535,18.02191780821917808219178268,0E-27,0E-28,2512,2513,2041,ZBO,1.175342465753424657534246575,0.7534246575342465753424657535,0.05098517545505723400262713965,0.03670932632764120848189154055
18.02191780821917808219178268,0,0.000,18.02191780821917808219178268,1.175342465753424657534246575,0.7534246575342465753424657535,16.84657534246575342465753610,0E-27,0E-28,2513,2514,2041,ZBO,1.175342465753424657534246575,0.7534246575342465753424657535,0.04776505911052730343404016272,0.03439084255957965847250891716
16.84657534246575342465753610,0,0.000,16.84657534246575342465753610,1.175342465753424657534246575,0.7534246575342465753424657535,15.67123287671232876712328952,0E-27,0E-28,2514,2515,2041,ZBO,1.175342465753424657534246575,0.7534246575342465753424657535,0.04454494276599737286545318579,0.03207235879151810846312629377
15.67123287671232876712328952,0,0.000,15.67123287671232876712328952,1.175342465753424657534246575,0.7534246575342465753424657535,14.49589041095890410958904294,0E-27,0E-28,2515,2516,2041,ZBO,1.175342465753424657534246575,0.7534246575342465753424657535,0.04132482642146744229686620885,0.02975387502345655845374367037
14.49589041095890410958904294,0,0.000,14.49589041095890410958904294,1.175342465753424657534246575,0.7534246575342465753424657535,13.32054794520547945205479636,0E-27,0E-28,2516,2517,2041,ZBO,1.175342465753424657534246575,0.7534246575342465753424657535,0.03810471007693751172827923192,0.02743539125539500844436104698
13.32054794520547945205479636,0,0.000,13.32054794520547945205479636,1.175342465753424657534246575,0.7534246575342465753424657535,12.14520547945205479452054978,0E-27,0E-28,2517,2518,2041,ZBO,1.175342465753424657534246575,0.7534246575342465753424657535,0.03488459373240758115969225499,0.02511690748733345843497842359
12.14520547945205479452054978,0,0.000,12.14520547945205479452054978,1.175342465753424657534246575,0.7534246575342465753424657535,10.96986301369863013698630320,0E-27,0E-28,2518,2519,2041,ZBO,1.175342465753424657534246575,0.7534246575342465753424657535,0.03166447738787765059110527806,0.02279842371927190842559580020
10.96986301369863013698630320,0,0.000,10.96986301369863013698630320,1.175342465753424657534246575,0.7534246575342465753424657535,9.794520547945205479452056625,0E-27,0E-28,2519,2520,2041,ZBO,1.175342465753424657534246575,0.7534246575342465753424657535,0.02844436104334772002251830113,0.02047993995121035841621317681
9.794520547945205479452056625,0,0.000,9.794520547945205479452056625,1.175342465753424657534246575,0.7534246575342465753424657535,8.619178082191780821917810050,0E-27,0E-28,2520,2521,2041,ZBO,1.175342465753424657534246575,0.7534246575342465753424657535,0.02522424469881778945393132422,0.01816145618314880840683055344
8.619178082191780821917810050,0,0.000,8.619178082191780821917810050,1.175342465753424657534246575,0.7534246575342465753424657535,7.443835616438356164383563475,0E-27,0E-28,2521,2522,2041,ZBO,1.175342465753424657534246575,0.7534246575342465753424657535,0.02200412835428785888534434729,0.01584297241508725839744793005
7.443835616438356164383563475,0,0.000,7.443835616438356164383563475,1.175342465753424657534246575,0.7534246575342465753424657535,6.268493150684931506849316900,0E-27,0E-28,2522,2523,2041,ZBO,1.175342465753424657534246575,0.7534246575342465753424657535,0.01878401200975792831675737039,0.01352448864702570838806530668
6.268493150684931506849316900,0,0.000,6.268493150684931506849316900,1.175342465753424657534246575,0.7534246575342465753424657535,5.093150684931506849315070325,0E-27,0E-28,2523,2524,2041,ZBO,1.175342465753424657534246575,0.7534246575342465753424657535,0.01556389566522799774817039345,0.01120600487896415837868268328
5.093150684931506849315070325,0,0.000,5.093150684931506849315070325,0.6856164383561643835616438355,0.4394977168949771689497716894,4.407534246575342465753426490,0E-28,0E-28,2524,30295/12,2041,ZBO,0.6856164383561643835616438355,0.4394977168949771689497716894,0.007591871520610496028022771427,0.005466147494839557140176395427
4.407534246575342465753426490,31.72314347512617159336697935,0.3806777217015140591204037522,35.75000000000000000000000209,0.4897260273972602739726027399,0.3139269406392694063926940640,35.26027397260273972602739935,0E-28,0E-28,30295/12,2525,2041,ZBO,0.4897260273972602739726027399,0.3139269406392694063926940640,0.04053097829486457746919372230,0.02918230437230249577781948006
35.26027397260273972602739935,0,0.000,35.26027397260273972602739935,1.175342465753424657534246575,0.7534246575342465753424657535,34.08493150684931506849315278,0E-27,0E-28,2525,2526,2041,ZBO,1.175342465753424657534246575,0.7534246575342465753424657535,0.09499343216363295177331582483,0.06839527115781572527678739388
34.08493150684931506849315278,0,0.000,34.08493150684931506849315278,1.175342465753424657534246575,0.7534246575342465753424657535,32.90958904109589041095890620,0E-27,0E-28,2526,2527,2041,ZBO,1.175342465753424657534246575,0.7534246575342465753424657535,0.09177331581910302120472884793,0.06607678738975417526740477051
32.90958904109589041095890620,0,0.000,32.90958904109589041095890620,1.175342465753424657534246575,0.7534246575342465753424657535,31.73424657534246575342465962,0E-27,0E-28,2527,2528,2041,ZBO,1.175342465753424657534246575,0.7534246575342465753424657535,0.08855319947457309063614187100,0.06375830362169262525802214712
31.73424657534246575342465962,0,0.000,31.73424657534246575342465962,1.175342465753424657534246575,0.7534246575342465753424657535,30.55890410958904109589041304,0E-27,0E-28,2528,2529,2041,ZBO,1.175342465753424657534246575,0.7534246575342465753424657535,0.08533308313004316006755489406,0.06143981985363107524863952372
30.55890410958904109589041304,0,0.000,30.55890410958904109589041304,1.175342465753424657534246575,0.7534246575342465753424657535,29.38356164383561643835616646,0E-27,0E-28,2529,2530,2041,ZBO,1.175342465753424657534246575,0.7534246575342465753424657535,0.08211296678551322949896791713,0.05912133608556952523925690033
29.38356164383561643835616646,0,0.000,29.38356164383561643835616646,1.175342465753424657534246575,0.7534246575342465753424657535,28.20821917808219178082191988,0E-27,0E-28,2530,2531,2041,ZBO,1.175342465753424657534246575,0.7534246575342465753424657535,0.07889285044098329893038094020,0.05680285231750797522987427694
28.20821917808219178082191988,0,0.000,28.20821917808219178082191988,1.175342465753424657534246575,0.7534246575342465753424657535,27.03287671232876712328767330,0E-27,0E-28,2531,2532,2041,ZBO,1.175342465753424657534246575,0.7534246575342465753424657535,0.07567273409645336836179396327,0.05448436854944642522049165355
27.03287671232876712328767330,0,0.000,27.03287671232876712328767330,1.175342465753424657534246575,0.7534246575342465753424657535,25.85753424657534246575342672,0E-27,0E-28,2532,2533,2041,ZBO,1.175342465753424657534246575,0.7534246575342465753424657535,0.07245261775192343779320698634,0.05216588478138487521110903016
25.85753424657534246575342672,0,0.000,25.85753424657534246575342672,1.175342465753424657534246575,0.7534246575342465753424657535,24.68219178082191780821918014,0E-27,0E-28,2533,2534,2041,ZBO,1.175342465753424657534246575,0.7534246575342465753424657535,0.06923250140739350722462000940,0.04984740101332332520172640677
24.68219178082191780821918014,0,0.000,24.68219178082191780821918014,1.175342465753424657534246575,0.7534246575342465753424657535,23.50684931506849315068493356,0E-27,0E-28,2534,2535,2041,ZBO,1.175342465753424657534246575,0.7534246575342465753424657535,0.06601238506286357665603303247,0.04752891724526177519234378338
23.50684931506849315068493356,0,0.000,23.50684931506849315068493356,1.175342465753424657534246575,0.7534246575342465753424657535,22.33150684931506849315068698,0E-27,0E-28,2535,2536,2041,ZBO,1.175342465753424657534246575,0.7534246575342465753424657535,0.06279226871833364608744605554,0.04521043347720022518296115999
22.33150684931506849315068698,0,0.000,22.33150684931506849315068698,1.175342465753424657534246575,0.7534246575342465753424657535,21.15616438356164383561644040,0E-27,0E-28,2536,2537,2041,ZBO,1.175342465753424657534246575,0.7534246575342465753424657535,0.05957215237380371551885907861,0.04289194970913867517357853660
21.15616438356164383561644040,0,0.000,21.15616438356164383561644040,1.175342465753424657534246575,0.7534246575342465753424657535,19.98082191780821917808219382,0E-27,0E-28,2537,2538,2041,ZBO,1.175342465753424657534246575,0.7534246575342465753424657535,0.05635203602927378495027210168,0.04057346594107712516419591321
19.98082191780821917808219382,0,0.000,19.98082191780821917808219382,1.175342465753424657534246575,0.7534246575342465753424657535,18.80547945205479452054794724,0E-27,0E-28,2538,2539,2041,ZBO,1.175342465753424657534246575,0.7534246575342465753424657535,0.05313191968474385438168512475,0.03825498217301557515481328982
18.80547945205479452054794724,0,0.000,18.80547945205479452054794724,1.175342465753424657534246575,0.7534246575342465753424657535,17.63013698630136986301370066,0E-27,0E-28,2539,2540,2041,ZBO,1.175342465753424657534246575,0.7534246575342465753424657535,0.04991180334021392381309814781,0.03593649840495402514543066642
17.63013698630136986301370066,0,0.000,17.63013698630136986301370066,1.175342465753424657534246575,0.7534246575342465753424657535,16.45479452054794520547945408,0E-27,0E-28,2540,2541,2041,ZBO,1.175342465753424657534246575,0.7534246575342465753424657535,0.04669168699568399324451117088,0.03361801463689247513604804303
16.45479452054794520547945408,0,0.000,16.45479452054794520547945408,1.175342465753424657534246575,0.7534246575342465753424657535,15.27945205479452054794520750,0E-27,0E-28,2541,2542,2041,ZBO,1.175342465753424657534246575,0.7534246575342465753424657535,0.04347157065115406267592419395,0.03129953086883092512666541964
15.27945205479452054794520750,0,0.000,15.27945205479452054794520750,1.175342465753424657534246575,0.7534246575342465753424657535,14.10410958904109589041096092,0E-27,0E-28,2542,2543,2041,ZBO,1.175342465753424657534246575,0.7534246575342465753424657535,0.04025145430662413210733721702,0.02898104710076937511728279625
14.10410958904109589041096092,0,0.000,14.10410958904109589041096092,1.175342465753424657534246575,0.7534246575342465753424657535,12.92876712328767123287671434,0E-27,0E-28,2543,2544,2041,ZBO,1.175342465753424657534246575,0.7534246575342465753424657535,0.03703133796209420153875024009,0.02666256333270782510790017286
12.92876712328767123287671434,0,0.000,12.92876712328767123287671434,1.175342465753424657534246575,0.7534246575342465753424657535,11.75342465753424657534246776,0E-27,0E-28,2544,2545,2041,ZBO,1.175342465753424657534246575,0.7534246575342465753424657535,0.03381122161756427097016326315,0.02434407956464627509851754947
11.75342465753424657534246776,0,0.000,11.75342465753424657534246776,1.175342465753424657534246575,0.7534246575342465753424657535,10.57808219178082191780822118,0E-27,0E-28,2545,2546,2041,ZBO,1.175342465753424657534246575,0.7534246575342465753424657535,0.03059110527303434040157628622,0.02202559579658472508913492608
10.57808219178082191780822118,0,0.000,10.57808219178082191780822118,1.175342465753424657534246575,0.7534246575342465753424657535,9.402739726027397260273974605,0E-27,0E-28,2546,2547,2041,ZBO,1.175342465753424657534246575,0.7534246575342465753424657535,0.02737098892850440983298930929,0.01970711202852317507975230269
9.402739726027397260273974605,0,0.000,9.402739726027397260273974605,1.175342465753424657534246575,0.7534246575342465753424657535,8.227397260273972602739728030,0E-27,0E-28,2547,2548,2041,ZBO,1.175342465753424657534246575,0.7534246575342465753424657535,0.02415087258397447926440233239,0.01738862826046162507036967932
8.227397260273972602739728030,0,0.000,8.227397260273972602739728030,1.175342465753424657534246575,0.7534246575342465753424657535,7.052054794520547945205481455,0E-27,0E-28,2548,2549,2041,ZBO,1.175342465753424657534246575,0.7534246575342465753424657535,0.02093075623944454869581535545,0.01507014449240007506098705592
7.052054794520547945205481455,0,0.000,7.052054794520547945205481455,1.175342465753424657534246575,0.7534246575342465753424657535,5.876712328767123287671234880,0E-27,0E-28,2549,2550,2041,ZBO,1.175342465753424657534246575,0.7534246575342465753424657535,0.01771063989491461812722837855,0.01275166072433852505160443256
5.876712328767123287671234880,0,0.000,5.876712328767123287671234880,1.175342465753424657534246575,0.7534246575342465753424657535,4.701369863013698630136988305,0E-27,0E-28,2550,2551,2041,ZBO,1.175342465753424657534246575,0.7534246575342465753424657535,0.01449052355038468755864140162,0.01043317695627697504222180917
4.701369863013698630136988305,0,0.000,4.701369863013698630136988305,1.175342465753424657534246575,0.7534246575342465753424657535,3.526027397260273972602741730,0E-27,0E-28,2551,2552,2041,ZBO,1.175342465753424657534246575,0.7534246575342465753424657535,0.01127040720585475699005442471,0.008114693188215425032839185791
3.526027397260273972602741730,0,0.000,3.526027397260273972602741730,1.175342465753424657534246575,0.7534246575342465753424657535,2.350684931506849315068495155,0E-27,0E-28,2552,2553,2041,ZBO,1.175342465753424657534246575,0.7534246575342465753424657535,0.008050290861324826421467447787,0.005796209420153875023456562407
2.350684931506849315068495155,0,0.000,2.350684931506849315068495155,1.175342465753424657534246575,0.7534246575342465753424657535,1.175342465753424657534248580,0E-27,0E-28,2553,2554,2041,ZBO,1.175342465753424657534246575,0.7534246575342465753424657535,0.004830174516794895852880470872,0.003477725652092325014073939028
1.175342465753424657534248580,0,0.000,1.175342465753424657534248580,1.175342465753424657534246575,0.7534246575342465753424657535,2.005E-24,0E-27,0E-28,2554,2555,2041,ZBO,1.175342465753424657534246575,0.7534246575342465753424657535,0.001610058172264965284293493952,0.001159241884030775004691315645
