opening_t,gross_t,losses_t,after_inflow_t,served_t,served_critical_t,closing_t,shortage_t,shortage_critical_t,at,until,year,storage_id,demand_t,critical_demand_t,inventory_t_year,holding_mln
0,0,0.00,0.00,0.00,0.00,0.00,0.1000000000000000000000000000,0.05000000000000000000000000000,0,1,2035,INITIAL,0.1000000000000000000000000000,0.05000000000000000000000000000,0E-32,0E-34
0.00,0,0.00,0.00,0.00,0.00,0.00,0.1000000000000000000000000000,0.05000000000000000000000000000,1,2,2035,INITIAL,0.1000000000000000000000000000,0.05000000000000000000000000000,0E-32,0E-34
0.00,0,0.00,0.00,0.00,0.00,0.00,0.1000000000000000000000000000,0.05000000000000000000000000000,2,3,2035,INITIAL,0.1000000000000000000000000000,0.05000000000000000000000000000,0E-32,0E-34
0.00,0,0.00,0.00,0.00,0.00,0.00,0.1000000000000000000000000000,0.05000000000000000000000000000,3,4,2035,INITIAL,0.1000000000000000000000000000,0.05000000000000000000000000000,0E-32,0E-34
0.00,0,0.00,0.00,0.00,0.00,0.00,0.1000000000000000000000000000,0.05000000000000000000000000000,4,5,2035,INITIAL,0.1000000000000000000000000000,0.05000000000000000000000000000,0E-32,0E-34
0.00,0,0.00,0.00,0.00,0.00,0.00,0.1000000000000000000000000000,0.05000000000000000000000000000,5,6,2035,INITIAL,0.1000000000000000000000000000,0.05000000000000000000000000000,0E-32,0E-34
0.00,0,0.00,0.00,0.00,0.00,0.00,0.1000000000000000000000000000,0.05000000000000000000000000000,6,7,2035,INITIAL,0.1000000000000000000000000000,0.05000000000000000000000000000,0E-32,0E-34
0.00,0,0.00,0.00,0.00,0.00,0.00,0.1000000000000000000000000000,0.05000000000000000000000000000,7,8,2035,INITIAL,0.1000000000000000000000000000,0.05000000000000000000000000000,0E-32,0E-34
0.00,0,0.00,0.00,0.00,0.00,0.00,0.1000000000000000000000000000,0.05000000000000000000000000000,8,9,2035,INITIAL,0.1000000000000000000000000000,0.05000000000000000000000000000,0E-32,0E-34
0.00,0,0.00,0.00,0.00,0.00,0.00,0.1000000000000000000000000000,0.05000000000000000000000000000,9,10,2035,INITIAL,0.1000000000000000000000000000,0.05000000000000000000000000000,0E-32,0E-34
0.00,0,0.00,0.00,0.00,0.00,0.00,0.1000000000000000000000000000,0.05000000000000000000000000000,10,11,2035,INITIAL,0.1000000000000000000000000000,0.05000000000000000000000000000,0E-32,0E-34
0.00,0,0.00,0.00,0.00,0.00,0.00,0.1000000000000000000000000000,0.05000000000000000000000000000,11,12,2035,INITIAL,0.1000000000000000000000000000,0.05000000000000000000000000000,0E-32,0E-34
0.00,0,0.00,0.00,0.00,0.00,0.00,0.1000000000000000000000000000,0.05000000000000000000000000000,12,13,2035,INITIAL,0.1000000000000000000000000000,0.05000000000000000000000000000,0E-32,0E-34
0.00,0,0.00,0.00,0.00,0.00,0.00,0.1000000000000000000000000000,0.05000000000000000000000000000,13,14,2035,INITIAL,0.1000000000000000000000000000,0.05000000000000000000000000000,0E-32,0E-34
0.00,0,0.00,0.00,0.00,0.00,0.00,0.1000000000000000000000000000,0.05000000000000000000000000000,14,15,2035,INITIAL,0.1000000000000000000000000000,0.05000000000000000000000000000,0E-32,0E-34
0.00,0,0.00,0.00,0.00,0.00,0.00,0.1000000000000000000000000000,0.05000000000000000000000000000,15,16,2035,INITIAL,0.1000000000000000000000000000,0.05000000000000000000000000000,0E-32,0E-34
0.00,0,0.00,0.00,0.00,0.00,0.00,0.1000000000000000000000000000,0.05000000000000000000000000000,16,17,2035,INITIAL,0.1000000000000000000000000000,0.05000000000000000000000000000,0E-32,0E-34
0.00,0,0.00,0.00,0.00,0.00,0.00,0.1000000000000000000000000000,0.05000000000000000000000000000,17,18,2035,INITIAL,0.1000000000000000000000000000,0.05000000000000000000000000000,0E-32,0E-34
0.00,0,0.00,0.00,0.00,0.00,0.00,0.1000000000000000000000000000,0.05000000000000000000000000000,18,19,2035,INITIAL,0.1000000000000000000000000000,0.05000000000000000000000000000,0E-32,0E-34
0.00,0,0.00,0.00,0.00,0.00,0.00,0.1000000000000000000000000000,0.05000000000000000000000000000,19,20,2035,INITIAL,0.1000000000000000000000000000,0.05000000000000000000000000000,0E-32,0E-34
0.00,0,0.00,0.00,0.00,0.00,0.00,0.1000000000000000000000000000,0.05000000000000000000000000000,20,21,2035,INITIAL,0.1000000000000000000000000000,0.05000000000000000000000000000,0E-32,0E-34
0.00,0,0.00,0.00,0.00,0.00,0.00,0.1000000000000000000000000000,0.05000000000000000000000000000,21,22,2035,INITIAL,0.1000000000000000000000000000,0.05000000000000000000000000000,0E-32,0E-34
0.00,0,0.00,0.00,0.00,0.00,0.00,0.1000000000000000000000000000,0.05000000000000000000000000000,22,23,2035,INITIAL,0.1000000000000000000000000000,0.05000000000000000000000000000,0E-32,0E-34
0.00,0,0.00,0.00,0.00,0.00,0.00,0.1000000000000000000000000000,0.05000000000000000000000000000,23,24,2035,INITIAL,0.1000000000000000000000000000,0.05000000000000000000000000000,0E-32,0E-34
0.00,0,0.00,0.00,0.00,0.00,0.00,0.1000000000000000000000000000,0.05000000000000000000000000000,24,25,2035,INITIAL,0.1000000000000000000000000000,0.05000000000000000000000000000,0E-32,0E-34
0.00,0,0.00,0.00,0.00,0.00,0.00,0.1000000000000000000000000000,0.05000000000000000000000000000,25,26,2035,INITIAL,0.1000000000000000000000000000,0.05000000000000000000000000000,0E-32,0E-34
0.00,0,0.00,0.00,0.00,0.00,0.00,0.1000000000000000000000000000,0.05000000000000000000000000000,26,27,2035,INITIAL,0.1000000000000000000000000000,0.05000000000000000000000000000,0E-32,0E-34
0.00,0,0.00,0.00,0.00,0.00,0.00,0.1000000000000000000000000000,0.05000000000000000000000000000,27,28,2035,INITIAL,0.1000000000000000000000000000,0.05000000000000000000000000000,0E-32,0E-34
0.00,0,0.00,0.00,0.00,0.00,0.00,0.1000000000000000000000000000,0.05000000000000000000000000000,28,29,2035,INITIAL,0.1000000000000000000000000000,0.05000000000000000000000000000,0E-32,0E-34
0.00,0,0.00,0.00,0.00,0.00,0.00,0.1000000000000000000000000000,0.05000000000000000000000000000,29,30,2035,INITIAL,0.1000000000000000000000000000,0.05000000000000000000000000000,0E-32,0E-34
0.00,0,0.00,0.00,0.00,0.00,0.00,0.1000000000000000000000000000,0.05000000000000000000000000000,30,31,2035,INITIAL,0.1000000000000000000000000000,0.05000000000000000000000000000,0E-32,0E-34
0.00,0,0.00,0.00,0.00,0.00,0.00,0.1000000000000000000000000000,0.05000000000000000000000000000,31,32,2035,INITIAL,0.1000000000000000000000000000,0.05000000000000000000000000000,0E-32,0E-34
0.00,0,0.00,0.00,0.00,0.00,0.00,0.1000000000000000000000000000,0.05000000000000000000000000000,32,33,2035,INITIAL,0.1000000000000000000000000000,0.05000000000000000000000000000,0E-32,0E-34
0.00,0,0.00,0.00,0.00,0.00,0.00,0.1000000000000000000000000000,0.05000000000000000000000000000,33,34,2035,INITIAL,0.1000000000000000000000000000,0.05000000000000000000000000000,0E-32,0E-34
0.00,0,0.00,0.00,0.00,0.00,0.00,0.1000000000000000000000000000,0.05000000000000000000000000000,34,35,2035,INITIAL,0.1000000000000000000000000000,0.05000000000000000000000000000,0E-32,0E-34
0.00,0,0.00,0.00,0.00,0.00,0.00,0.1000000000000000000000000000,0.05000000000000000000000000000,35,36,2035,INITIAL,0.1000000000000000000000000000,0.05000000000000000000000000000,0E-32,0E-34
0.00,0,0.00,0.00,0.00,0.00,0.00,0.1000000000000000000000000000,0.05000000000000000000000000000,36,37,2035,INITIAL,0.1000000000000000000000000000,0.05000000000000000000000000000,0E-32,0E-34
0.00,0,0.00,0.00,0.00,0.00,0.00,0.1000000000000000000000000000,0.05000000000000000000000000000,37,38,2035,INITIAL,0.1000000000000000000000000000,0.05000000000000000000000000000,0E-32,0E-34
0.00,0,0.00,0.00,0.00,0.00,0.00,0.1000000000000000000000000000,0.05000000000000000000000000000,38,39,2035,INITIAL,0.1000000000000000000000000000,0.05000000000000000000000000000,0E-32,0E-34
0.00,0,0.00,0.00,0.00,0.00,0.00,0.1000000000000000000000000000,0.05000000000000000000000000000,39,40,2035,INITIAL,0.1000000000000000000000000000,0.05000000000000000000000000000,0E-32,0E-34
0.00,0,0.00,0.00,0.00,0.00,0.00,0.1000000000000000000000000000,0.05000000000000000000000000000,40,41,2035,INITIAL,0.1000000000000000000000000000,0.05000000000000000000000000000,0E-32,0E-34
0.00,0,0.00,0.00,0.00,0.00,0.00,0.1000000000000000000000000000,0.05000000000000000000000000000,41,42,2035,INITIAL,0.1000000000000000000000000000,0.05000000000000000000000000000,0E-32,0E-34
0.00,20,1.00,19.00,0.1000000000000000000000000000,0.05000000000000000000000000000,18.90000000000000000000000000,0E-28,0E-29,42,43,2035,INITIAL,0.1000000000000000000000000000,0.05000000000000000000000000000,0.05191780821917808219178082192,0.03738082191780821917808219178
18.90000000000000000000000000,0,0.00,18.90000000000000000000000000,0.1000000000000000000000000000,0.05000000000000000000000000000,18.80000000000000000000000000,0E-28,0E-29,43,44,2035,INITIAL,0.1000000000000000000000000000,0.05000000000000000000000000000,0.05164383561643835616438356165,0.03718356164383561643835616439
18.80000000000000000000000000,0,0.00,18.80000000000000000000000000,0.1000000000000000000000000000,0.05000000000000000000000000000,18.70000000000000000000000000,0E-28,0E-29,44,45,2035,INITIAL,0.1000000000000000000000000000,0.05000000000000000000000000000,0.05136986301369863013698630138,0.03698630136986301369863013699
18.70000000000000000000000000,0,0.00,18.70000000000000000000000000,0.1000000000000000000000000000,0.05000000000000000000000000000,18.60000000000000000000000000,0E-28,0E-29,45,46,2035,INITIAL,0.1000000000000000000000000000,0.05000000000000000000000000000,0.05109589041095890410958904110,0.03678904109589041095890410959
18.60000000000000000000000000,0,0.00,18.60000000000000000000000000,0.1000000000000000000000000000,0.05000000000000000000000000000,18.50000000000000000000000000,0E-28,0E-29,46,47,2035,INITIAL,0.1000000000000000000000000000,0.05000000000000000000000000000,0.05082191780821917808219178083,0.03659178082191780821917808220
18.50000000000000000000000000,0,0.00,18.50000000000000000000000000,0.1000000000000000000000000000,0.05000000000000000000000000000,18.40000000000000000000000000,0E-28,0E-29,47,48,2035,INITIAL,0.1000000000000000000000000000,0.05000000000000000000000000000,0.05054794520547945205479452055,0.03639452054794520547945205480
18.40000000000000000000000000,0,0.00,18.40000000000000000000000000,0.1000000000000000000000000000,0.05000000000000000000000000000,18.30000000000000000000000000,0E-28,0E-29,48,49,2035,INITIAL,0.1000000000000000000000000000,0.05000000000000000000000000000,0.05027397260273972602739726028,0.03619726027397260273972602740
18.30000000000000000000000000,0,0.00,18.30000000000000000000000000,0.1000000000000000000000000000,0.05000000000000000000000000000,18.20000000000000000000000000,0E-28,0E-29,49,50,2035,INITIAL,0.1000000000000000000000000000,0.05000000000000000000000000000,0.05000000000000000000000000000,0.03600000000000000000000000000
18.20000000000000000000000000,0,0.00,18.20000000000000000000000000,0.1000000000000000000000000000,0.05000000000000000000000000000,18.10000000000000000000000000,0E-28,0E-29,50,51,2035,INITIAL,0.1000000000000000000000000000,0.05000000000000000000000000000,0.04972602739726027397260273973,0.03580273972602739726027397261
18.10000000000000000000000000,0,0.00,18.10000000000000000000000000,0.1000000000000000000000000000,0.05000000000000000000000000000,18.00000000000000000000000000,0E-28,0E-29,51,52,2035,INITIAL,0.1000000000000000000000000000,0.05000000000000000000000000000,0.04945205479452054794520547946,0.03560547945205479452054794521
18.00000000000000000000000000,0,0.00,18.00000000000000000000000000,0.1000000000000000000000000000,0.05000000000000000000000000000,17.90000000000000000000000000,0E-28,0E-29,52,53,2035,INITIAL,0.1000000000000000000000000000,0.05000000000000000000000000000,0.04917808219178082191780821918,0.03540821917808219178082191781
17.90000000000000000000000000,0,0.00,17.90000000000000000000000000,0.1000000000000000000000000000,0.05000000000000000000000000000,17.80000000000000000000000000,0E-28,0E-29,53,54,2035,INITIAL,0.1000000000000000000000000000,0.05000000000000000000000000000,0.04890410958904109589041095891,0.03521095890410958904109589042
17.80000000000000000000000000,0,0.00,17.80000000000000000000000000,0.1000000000000000000000000000,0.05000000000000000000000000000,17.70000000000000000000000000,0E-28,0E-29,54,55,2035,INITIAL,0.1000000000000000000000000000,0.05000000000000000000000000000,0.04863013698630136986301369864,0.03501369863013698630136986302
17.70000000000000000000000000,0,0.00,17.70000000000000000000000000,0.1000000000000000000000000000,0.05000000000000000000000000000,17.60000000000000000000000000,0E-28,0E-29,55,56,2035,INITIAL,0.1000000000000000000000000000,0.05000000000000000000000000000,0.04835616438356164383561643836,0.03481643835616438356164383562
17.60000000000000000000000000,0,0.00,17.60000000000000000000000000,0.1000000000000000000000000000,0.05000000000000000000000000000,17.50000000000000000000000000,0E-28,0E-29,56,57,2035,INITIAL,0.1000000000000000000000000000,0.05000000000000000000000000000,0.04808219178082191780821917809,0.03461917808219178082191780822
17.50000000000000000000000000,0,0.00,17.50000000000000000000000000,0.1000000000000000000000000000,0.05000000000000000000000000000,17.40000000000000000000000000,0E-28,0E-29,57,58,2035,INITIAL,0.1000000000000000000000000000,0.05000000000000000000000000000,0.04780821917808219178082191781,0.03442191780821917808219178082
17.40000000000000000000000000,0,0.00,17.40000000000000000000000000,0.1000000000000000000000000000,0.05000000000000000000000000000,17.30000000000000000000000000,0E-28,0E-29,58,59,2035,INITIAL,0.1000000000000000000000000000,0.05000000000000000000000000000,0.04753424657534246575342465754,0.03422465753424657534246575343
17.30000000000000000000000000,0,0.00,17.30000000000000000000000000,0.1000000000000000000000000000,0.05000000000000000000000000000,17.20000000000000000000000000,0E-28,0E-29,59,60,2035,INITIAL,0.1000000000000000000000000000,0.05000000000000000000000000000,0.04726027397260273972602739726,0.03402739726027397260273972603
17.20000000000000000000000000,0,0.00,17.20000000000000000000000000,0.1000000000000000000000000000,0.05000000000000000000000000000,17.10000000000000000000000000,0E-28,0E-29,60,61,2035,INITIAL,0.1000000000000000000000000000,0.05000000000000000000000000000,0.04698630136986301369863013699,0.03383013698630136986301369863
17.10000000000000000000000000,0,0.00,17.10000000000000000000000000,0.1000000000000000000000000000,0.05000000000000000000000000000,17.00000000000000000000000000,0E-28,0E-29,61,62,2035,INITIAL,0.1000000000000000000000000000,0.05000000000000000000000000000,0.04671232876712328767123287672,0.03363287671232876712328767124
17.00000000000000000000000000,0,0.00,17.00000000000000000000000000,0.1000000000000000000000000000,0.05000000000000000000000000000,16.90000000000000000000000000,0E-28,0E-29,62,63,2035,INITIAL,0.1000000000000000000000000000,0.05000000000000000000000000000,0.04643835616438356164383561644,0.03343561643835616438356164384
16.90000000000000000000000000,0,0.00,16.90000000000000000000000000,0.1000000000000000000000000000,0.05000000000000000000000000000,16.80000000000000000000000000,0E-28,0E-29,63,64,2035,INITIAL,0.1000000000000000000000000000,0.05000000000000000000000000000,0.04616438356164383561643835617,0.03323835616438356164383561644
16.80000000000000000000000000,0,0.00,16.80000000000000000000000000,0.1000000000000000000000000000,0.05000000000000000000000000000,16.70000000000000000000000000,0E-28,0E-29,64,65,2035,INITIAL,0.1000000000000000000000000000,0.05000000000000000000000000000,0.04589041095890410958904109590,0.03304109589041095890410958905
16.70000000000000000000000000,0,0.00,16.70000000000000000000000000,0.1000000000000000000000000000,0.05000000000000000000000000000,16.60000000000000000000000000,0E-28,0E-29,65,66,2035,INITIAL,0.1000000000000000000000000000,0.05000000000000000000000000000,0.04561643835616438356164383562,0.03284383561643835616438356165
16.60000000000000000000000000,0,0.00,16.60000000000000000000000000,0.1000000000000000000000000000,0.05000000000000000000000000000,16.50000000000000000000000000,0E-28,0E-29,66,67,2035,INITIAL,0.1000000000000000000000000000,0.05000000000000000000000000000,0.04534246575342465753424657535,0.03264657534246575342465753425
16.50000000000000000000000000,0,0.00,16.50000000000000000000000000,0.1000000000000000000000000000,0.05000000000000000000000000000,16.40000000000000000000000000,0E-28,0E-29,67,68,2035,INITIAL,0.1000000000000000000000000000,0.05000000000000000000000000000,0.04506849315068493150684931507,0.03244931506849315068493150685
16.40000000000000000000000000,0,0.00,16.40000000000000000000000000,0.1000000000000000000000000000,0.05000000000000000000000000000,16.30000000000000000000000000,0E-28,0E-29,68,69,2035,INITIAL,0.1000000000000000000000000000,0.05000000000000000000000000000,0.04479452054794520547945205480,0.03225205479452054794520547946
16.30000000000000000000000000,0,0.00,16.30000000000000000000000000,0.1000000000000000000000000000,0.05000000000000000000000000000,16.20000000000000000000000000,0E-28,0E-29,69,70,2035,INITIAL,0.1000000000000000000000000000,0.05000000000000000000000000000,0.04452054794520547945205479452,0.03205479452054794520547945205
16.20000000000000000000000000,0,0.00,16.20000000000000000000000000,0.1000000000000000000000000000,0.05000000000000000000000000000,16.10000000000000000000000000,0E-28,0E-29,70,71,2035,INITIAL,0.1000000000000000000000000000,0.05000000000000000000000000000,0.04424657534246575342465753425,0.03185753424657534246575342466
16.10000000000000000000000000,0,0.00,16.10000000000000000000000000,0.1000000000000000000000000000,0.05000000000000000000000000000,16.00000000000000000000000000,0E-28,0E-29,71,72,2035,INITIAL,0.1000000000000000000000000000,0.05000000000000000000000000000,0.04397260273972602739726027398,0.03166027397260273972602739727
16.00000000000000000000000000,0,0.00,16.00000000000000000000000000,0.1000000000000000000000000000,0.05000000000000000000000000000,15.90000000000000000000000000,0E-28,0E-29,72,73,2035,INITIAL,0.1000000000000000000000000000,0.05000000000000000000000000000,0.04369863013698630136986301370,0.03146301369863013698630136986
15.90000000000000000000000000,0,0.00,15.90000000000000000000000000,0.1000000000000000000000000000,0.05000000000000000000000000000,15.80000000000000000000000000,0E-28,0E-29,73,74,2035,INITIAL,0.1000000000000000000000000000,0.05000000000000000000000000000,0.04342465753424657534246575343,0.03126575342465753424657534247
15.80000000000000000000000000,0,0.00,15.80000000000000000000000000,0.1000000000000000000000000000,0.05000000000000000000000000000,15.70000000000000000000000000,0E-28,0E-29,74,75,2035,INITIAL,0.1000000000000000000000000000,0.05000000000000000000000000000,0.04315068493150684931506849316,0.03106849315068493150684931508
15.70000000000000000000000000,0,0.00,15.70000000000000000000000000,0.1000000000000000000000000000,0.05000000000000000000000000000,15.60000000000000000000000000,0E-28,0E-29,75,76,2035,INITIAL,0.1000000000000000000000000000,0.05000000000000000000000000000,0.04287671232876712328767123288,0.03087123287671232876712328767
15.60000000000000000000000000,0,0.00,15.60000000000000000000000000,0.1000000000000000000000000000,0.05000000000000000000000000000,15.50000000000000000000000000,0E-28,0E-29,76,77,2035,INITIAL,0.1000000000000000000000000000,0.05000000000000000000000000000,0.04260273972602739726027397261,0.03067397260273972602739726028
15.50000000000000000000000000,0,0.00,15.50000000000000000000000000,0.1000000000000000000000000000,0.05000000000000000000000000000,15.40000000000000000000000000,0E-28,0E-29,77,78,2035,INITIAL,0.1000000000000000000000000000,0.05000000000000000000000000000,0.04232876712328767123287671233,0.03047671232876712328767123288
15.40000000000000000000000000,0,0.00,15.40000000000000000000000000,0.1000000000000000000000000000,0.05000000000000000000000000000,15.30000000000000000000000000,0E-28,0E-29,78,79,2035,INITIAL,0.1000000000000000000000000000,0.05000000000000000000000000000,0.04205479452054794520547945206,0.03027945205479452054794520548
15.30000000000000000000000000,0,0.00,15.30000000000000000000000000,0.1000000000000000000000000000,0.05000000000000000000000000000,15.20000000000000000000000000,0E-28,0E-29,79,80,2035,INITIAL,0.1000000000000000000000000000,0.05000000000000000000000000000,0.04178082191780821917808219178,0.03008219178082191780821917808
15.20000000000000000000000000,0,0.00,15.20000000000000000000000000,0.1000000000000000000000000000,0.05000000000000000000000000000,15.10000000000000000000000000,0E-28,0E-29,80,81,2035,INITIAL,0.1000000000000000000000000000,0.05000000000000000000000000000,0.04150684931506849315068493151,0.02988493150684931506849315069
15.10000000000000000000000000,0,0.00,15.10000000000000000000000000,0.1000000000000000000000000000,0.05000000000000000000000000000,15.00000000000000000000000000,0E-28,0E-29,81,82,2035,INITIAL,0.1000000000000000000000000000,0.05000000000000000000000000000,0.04123287671232876712328767124,0.02968767123287671232876712329
15.00000000000000000000000000,0,0.00,15.00000000000000000000000000,0.1000000000000000000000000000,0.05000000000000000000000000000,14.90000000000000000000000000,0E-28,0E-29,82,83,2035,INITIAL,0.1000000000000000000000000000,0.05000000000000000000000000000,0.04095890410958904109589041096,0.02949041095890410958904109589
14.90000000000000000000000000,0,0.00,14.90000000000000000000000000,0.1000000000000000000000000000,0.05000000000000000000000000000,14.80000000000000000000000000,0E-28,0E-29,83,84,2035,INITIAL,0.1000000000000000000000000000,0.05000000000000000000000000000,0.04068493150684931506849315069,0.02929315068493150684931506850
14.80000000000000000000000000,0,0.00,14.80000000000000000000000000,0.1000000000000000000000000000,0.05000000000000000000000000000,14.70000000000000000000000000,0E-28,0E-29,84,85,2035,INITIAL,0.1000000000000000000000000000,0.05000000000000000000000000000,0.04041095890410958904109589042,0.02909589041095890410958904110
14.70000000000000000000000000,0,0.00,14.70000000000000000000000000,0.1000000000000000000000000000,0.05000000000000000000000000000,14.60000000000000000000000000,0E-28,0E-29,85,86,2035,INITIAL,0.1000000000000000000000000000,0.05000000000000000000000000000,0.04013698630136986301369863014,0.02889863013698630136986301370
14.60000000000000000000000000,0,0.00,14.60000000000000000000000000,0.1000000000000000000000000000,0.05000000000000000000000000000,14.50000000000000000000000000,0E-28,0E-29,86,87,2035,INITIAL,0.1000000000000000000000000000,0.05000000000000000000000000000,0.03986301369863013698630136987,0.02870136986301369863013698631
14.50000000000000000000000000,0,0.00,14.50000000000000000000000000,0.1000000000000000000000000000,0.05000000000000000000000000000,14.40000000000000000000000000,0E-28,0E-29,87,88,2035,INITIAL,0.1000000000000000000000000000,0.05000000000000000000000000000,0.03958904109589041095890410959,0.02850410958904109589041095890
14.40000000000000000000000000,0,0.00,14.40000000000000000000000000,0.1000000000000000000000000000,0.05000000000000000000000000000,14.30000000000000000000000000,0E-28,0E-29,88,89,2035,INITIAL,0.1000000000000000000000000000,0.05000000000000000000000000000,0.03931506849315068493150684932,0.02830684931506849315068493151
14.30000000000000000000000000,0,0.00,14.30000000000000000000000000,0.1000000000000000000000000000,0.05000000000000000000000000000,14.20000000000000000000000000,0E-28,0E-29,89,90,2035,INITIAL,0.1000000000000000000000000000,0.05000000000000000000000000000,0.03904109589041095890410958904,0.02810958904109589041095890411
14.20000000000000000000000000,0,0.00,14.20000000000000000000000000,0.1000000000000000000000000000,0.05000000000000000000000000000,14.10000000000000000000000000,0E-28,0E-29,90,91,2035,INITIAL,0.1000000000000000000000000000,0.05000000000000000000000000000,0.03876712328767123287671232877,0.02791232876712328767123287671
14.10000000000000000000000000,0,0.00,14.10000000000000000000000000,0.1000000000000000000000000000,0.05000000000000000000000000000,14.00000000000000000000000000,0E-28,0E-29,91,92,2035,INITIAL,0.1000000000000000000000000000,0.05000000000000000000000000000,0.03849315068493150684931506850,0.02771506849315068493150684932
14.00000000000000000000000000,0,0.00,14.00000000000000000000000000,0.1000000000000000000000000000,0.05000000000000000000000000000,13.90000000000000000000000000,0E-28,0E-29,92,93,2035,INITIAL,0.1000000000000000000000000000,0.05000000000000000000000000000,0.03821917808219178082191780822,0.02751780821917808219178082192
13.90000000000000000000000000,0,0.00,13.90000000000000000000000000,0.1000000000000000000000000000,0.05000000000000000000000000000,13.80000000000000000000000000,0E-28,0E-29,93,94,2035,INITIAL,0.1000000000000000000000000000,0.05000000000000000000000000000,0.03794520547945205479452054795,0.02732054794520547945205479452
13.80000000000000000000000000,0,0.00,13.80000000000000000000000000,0.1000000000000000000000000000,0.05000000000000000000000000000,13.70000000000000000000000000,0E-28,0E-29,94,95,2035,INITIAL,0.1000000000000000000000000000,0.05000000000000000000000000000,0.03767123287671232876712328768,0.02712328767123287671232876713
13.70000000000000000000000000,0,0.00,13.70000000000000000000000000,0.1000000000000000000000000000,0.05000000000000000000000000000,13.60000000000000000000000000,0E-28,0E-29,95,96,2035,INITIAL,0.1000000000000000000000000000,0.05000000000000000000000000000,0.03739726027397260273972602740,0.02692602739726027397260273973
13.60000000000000000000000000,0,0.00,13.60000000000000000000000000,0.1000000000000000000000000000,0.05000000000000000000000000000,13.50000000000000000000000000,0E-28,0E-29,96,97,2035,INITIAL,0.1000000000000000000000000000,0.05000000000000000000000000000,0.03712328767123287671232876713,0.02672876712328767123287671233
13.50000000000000000000000000,0,0.00,13.50000000000000000000000000,0.1000000000000000000000000000,0.05000000000000000000000000000,13.40000000000000000000000000,0E-28,0E-29,97,98,2035,INITIAL,0.1000000000000000000000000000,0.05000000000000000000000000000,0.03684931506849315068493150685,0.02653150684931506849315068493
13.40000000000000000000000000,0,0.00,13.40000000000000000000000000,0.1000000000000000000000000000,0.05000000000000000000000000000,13.30000000000000000000000000,0E-28,0E-29,98,99,2035,INITIAL,0.1000000000000000000000000000,0.05000000000000000000000000000,0.03657534246575342465753424658,0.02633424657534246575342465754
13.30000000000000000000000000,0,0.00,13.30000000000000000000000000,0.1000000000000000000000000000,0.05000000000000000000000000000,13.20000000000000000000000000,0E-28,0E-29,99,100,2035,INITIAL,0.1000000000000000000000000000,0.05000000000000000000000000000,0.03630136986301369863013698630,0.02613698630136986301369863014
13.20000000000000000000000000,0,0.00,13.20000000000000000000000000,0.1000000000000000000000000000,0.05000000000000000000000000000,13.10000000000000000000000000,0E-28,0E-29,100,101,2035,INITIAL,0.1000000000000000000000000000,0.05000000000000000000000000000,0.03602739726027397260273972603,0.02593972602739726027397260274
13.10000000000000000000000000,0,0.00,13.10000000000000000000000000,0.1000000000000000000000000000,0.05000000000000000000000000000,13.00000000000000000000000000,0E-28,0E-29,101,102,2035,INITIAL,0.1000000000000000000000000000,0.05000000000000000000000000000,0.03575342465753424657534246576,0.02574246575342465753424657535
13.00000000000000000000000000,0,0.00,13.00000000000000000000000000,0.1000000000000000000000000000,0.05000000000000000000000000000,12.90000000000000000000000000,0E-28,0E-29,102,103,2035,INITIAL,0.1000000000000000000000000000,0.05000000000000000000000000000,0.03547945205479452054794520548,0.02554520547945205479452054795
12.90000000000000000000000000,0,0.00,12.90000000000000000000000000,0.1000000000000000000000000000,0.05000000000000000000000000000,12.80000000000000000000000000,0E-28,0E-29,103,104,2035,INITIAL,0.1000000000000000000000000000,0.05000000000000000000000000000,0.03520547945205479452054794521,0.02534794520547945205479452055
12.80000000000000000000000000,0,0.00,12.80000000000000000000000000,0.1000000000000000000000000000,0.05000000000000000000000000000,12.70000000000000000000000000,0E-28,0E-29,104,105,2035,INITIAL,0.1000000000000000000000000000,0.05000000000000000000000000000,0.03493150684931506849315068494,0.02515068493150684931506849316
12.70000000000000000000000000,0,0.00,12.70000000000000000000000000,0.1000000000000000000000000000,0.05000000000000000000000000000,12.60000000000000000000000000,0E-28,0E-29,105,106,2035,INITIAL,0.1000000000000000000000000000,0.05000000000000000000000000000,0.03465753424657534246575342466,0.02495342465753424657534246576
12.60000000000000000000000000,0,0.00,12.60000000000000000000000000,0.1000000000000000000000000000,0.05000000000000000000000000000,12.50000000000000000000000000,0E-28,0E-29,106,107,2035,INITIAL,0.1000000000000000000000000000,0.05000000000000000000000000000,0.03438356164383561643835616439,0.02475616438356164383561643836
12.50000000000000000000000000,0,0.00,12.50000000000000000000000000,0.1000000000000000000000000000,0.05000000000000000000000000000,12.40000000000000000000000000,0E-28,0E-29,107,108,2035,INITIAL,0.1000000000000000000000000000,0.05000000000000000000000000000,0.03410958904109589041095890411,0.02455890410958904109589041096
12.40000000000000000000000000,0,0.00,12.40000000000000000000000000,0.1000000000000000000000000000,0.05000000000000000000000000000,12.30000000000000000000000000,0E-28,0E-29,108,109,2035,INITIAL,0.1000000000000000000000000000,0.05000000000000000000000000000,0.03383561643835616438356164384,0.02436164383561643835616438356
12.30000000000000000000000000,0,0.00,12.30000000000000000000000000,0.1000000000000000000000000000,0.05000000000000000000000000000,12.20000000000000000000000000,0E-28,0E-29,109,110,2035,INITIAL,0.1000000000000000000000000000,0.05000000000000000000000000000,0.03356164383561643835616438356,0.02416438356164383561643835616
12.20000000000000000000000000,0,0.00,12.20000000000000000000000000,0.1000000000000000000000000000,0.05000000000000000000000000000,12.10000000000000000000000000,0E-28,0E-29,110,111,2035,INITIAL,0.1000000000000000000000000000,0.05000000000000000000000000000,0.03328767123287671232876712329,0.02396712328767123287671232877
12.10000000000000000000000000,0,0.00,12.10000000000000000000000000,0.1000000000000000000000000000,0.05000000000000000000000000000,12.00000000000000000000000000,0E-28,0E-29,111,112,2035,INITIAL,0.1000000000000000000000000000,0.05000000000000000000000000000,0.03301369863013698630136986302,0.02376986301369863013698630137
12.00000000000000000000000000,0,0.00,12.00000000000000000000000000,0.1000000000000000000000000000,0.05000000000000000000000000000,11.90000000000000000000000000,0E-28,0E-29,112,113,2035,INITIAL,0.1000000000000000000000000000,0.05000000000000000000000000000,0.03273972602739726027397260274,0.02357260273972602739726027397
11.90000000000000000000000000,0,0.00,11.90000000000000000000000000,0.1000000000000000000000000000,0.05000000000000000000000000000,11.80000000000000000000000000,0E-28,0E-29,113,114,2035,INITIAL,0.1000000000000000000000000000,0.05000000000000000000000000000,0.03246575342465753424657534247,0.02337534246575342465753424658
11.80000000000000000000000000,0,0.00,11.80000000000000000000000000,0.1000000000000000000000000000,0.05000000000000000000000000000,11.70000000000000000000000000,0E-28,0E-29,114,115,2035,INITIAL,0.1000000000000000000000000000,0.05000000000000000000000000000,0.03219178082191780821917808220,0.02317808219178082191780821918
11.70000000000000000000000000,0,0.00,11.70000000000000000000000000,0.1000000000000000000000000000,0.05000000000000000000000000000,11.60000000000000000000000000,0E-28,0E-29,115,116,2035,INITIAL,0.1000000000000000000000000000,0.05000000000000000000000000000,0.03191780821917808219178082192,0.02298082191780821917808219178
11.60000000000000000000000000,0,0.00,11.60000000000000000000000000,0.1000000000000000000000000000,0.05000000000000000000000000000,11.50000000000000000000000000,0E-28,0E-29,116,117,2035,INITIAL,0.1000000000000000000000000000,0.05000000000000000000000000000,0.03164383561643835616438356165,0.02278356164383561643835616439
11.50000000000000000000000000,0,0.00,11.50000000000000000000000000,0.1000000000000000000000000000,0.05000000000000000000000000000,11.40000000000000000000000000,0E-28,0E-29,117,118,2035,INITIAL,0.1000000000000000000000000000,0.05000000000000000000000000000,0.03136986301369863013698630137,0.02258630136986301369863013699
11.40000000000000000000000000,0,0.00,11.40000000000000000000000000,0.1000000000000000000000000000,0.05000000000000000000000000000,11.30000000000000000000000000,0E-28,0E-29,118,119,2035,INITIAL,0.1000000000000000000000000000,0.05000000000000000000000000000,0.03109589041095890410958904110,0.02238904109589041095890410959
11.30000000000000000000000000,0,0.00,11.30000000000000000000000000,0.1000000000000000000000000000,0.05000000000000000000000000000,11.20000000000000000000000000,0E-28,0E-29,119,120,2035,INITIAL,0.1000000000000000000000000000,0.05000000000000000000000000000,0.03082191780821917808219178082,0.02219178082191780821917808219
11.20000000000000000000000000,0,0.00,11.20000000000000000000000000,0.1000000000000000000000000000,0.05000000000000000000000000000,11.10000000000000000000000000,0E-28,0E-29,120,121,2035,INITIAL,0.1000000000000000000000000000,0.05000000000000000000000000000,0.03054794520547945205479452055,0.02199452054794520547945205480
11.10000000000000000000000000,0,0.00,11.10000000000000000000000000,0.1000000000000000000000000000,0.05000000000000000000000000000,11.00000000000000000000000000,0E-28,0E-29,121,122,2035,INITIAL,0.1000000000000000000000000000,0.05000000000000000000000000000,0.03027397260273972602739726028,0.02179726027397260273972602740
11.00000000000000000000000000,0,0.00,11.00000000000000000000000000,0.1000000000000000000000000000,0.05000000000000000000000000000,10.90000000000000000000000000,0E-28,0E-29,122,123,2035,INITIAL,0.1000000000000000000000000000,0.05000000000000000000000000000,0.03000000000000000000000000000,0.02160000000000000000000000000
10.90000000000000000000000000,0,0.00,10.90000000000000000000000000,0.1000000000000000000000000000,0.05000000000000000000000000000,10.80000000000000000000000000,0E-28,0E-29,123,124,2035,INITIAL,0.1000000000000000000000000000,0.05000000000000000000000000000,0.02972602739726027397260273973,0.02140273972602739726027397261
10.80000000000000000000000000,0,0.00,10.80000000000000000000000000,0.1000000000000000000000000000,0.05000000000000000000000000000,10.70000000000000000000000000,0E-28,0E-29,124,125,2035,INITIAL,0.1000000000000000000000000000,0.05000000000000000000000000000,0.02945205479452054794520547946,0.02120547945205479452054794521
10.70000000000000000000000000,0,0.00,10.70000000000000000000000000,0.1000000000000000000000000000,0.05000000000000000000000000000,10.60000000000000000000000000,0E-28,0E-29,125,126,2035,INITIAL,0.1000000000000000000000000000,0.05000000000000000000000000000,0.02917808219178082191780821918,0.02100821917808219178082191781
10.60000000000000000000000000,0,0.00,10.60000000000000000000000000,0.1000000000000000000000000000,0.05000000000000000000000000000,10.50000000000000000000000000,0E-28,0E-29,126,127,2035,INITIAL,0.1000000000000000000000000000,0.05000000000000000000000000000,0.02890410958904109589041095891,0.02081095890410958904109589042
10.50000000000000000000000000,0,0.00,10.50000000000000000000000000,0.1000000000000000000000000000,0.05000000000000000000000000000,10.40000000000000000000000000,0E-28,0E-29,127,128,2035,INITIAL,0.1000000000000000000000000000,0.05000000000000000000000000000,0.02863013698630136986301369863,0.02061369863013698630136986301
10.40000000000000000000000000,0,0.00,10.40000000000000000000000000,0.1000000000000000000000000000,0.05000000000000000000000000000,10.30000000000000000000000000,0E-28,0E-29,128,129,2035,INITIAL,0.1000000000000000000000000000,0.05000000000000000000000000000,0.02835616438356164383561643836,0.02041643835616438356164383562
10.30000000000000000000000000,0,0.00,10.30000000000000000000000000,0.1000000000000000000000000000,0.05000000000000000000000000000,10.20000000000000000000000000,0E-28,0E-29,129,130,2035,INITIAL,0.1000000000000000000000000000,0.05000000000000000000000000000,0.02808219178082191780821917808,0.02021917808219178082191780822
10.20000000000000000000000000,0,0.00,10.20000000000000000000000000,0.1000000000000000000000000000,0.05000000000000000000000000000,10.10000000000000000000000000,0E-28,0E-29,130,131,2035,INITIAL,0.1000000000000000000000000000,0.05000000000000000000000000000,0.02780821917808219178082191781,0.02002191780821917808219178082
10.10000000000000000000000000,0,0.00,10.10000000000000000000000000,0.1000000000000000000000000000,0.05000000000000000000000000000,10.00000000000000000000000000,0E-28,0E-29,131,132,2035,INITIAL,0.1000000000000000000000000000,0.05000000000000000000000000000,0.02753424657534246575342465754,0.01982465753424657534246575343
10.00000000000000000000000000,0,0.00,10.00000000000000000000000000,0.1000000000000000000000000000,0.05000000000000000000000000000,9.900000000000000000000000000,0E-28,0E-29,132,133,2035,INITIAL,0.1000000000000000000000000000,0.05000000000000000000000000000,0.02726027397260273972602739726,0.01962739726027397260273972603
9.900000000000000000000000000,0,0.00,9.900000000000000000000000000,0.1000000000000000000000000000,0.05000000000000000000000000000,9.800000000000000000000000000,0E-28,0E-29,133,134,2035,INITIAL,0.1000000000000000000000000000,0.05000000000000000000000000000,0.02698630136986301369863013699,0.01943013698630136986301369863
9.800000000000000000000000000,0,0.00,9.800000000000000000000000000,0.1000000000000000000000000000,0.05000000000000000000000000000,9.700000000000000000000000000,0E-28,0E-29,134,135,2035,INITIAL,0.1000000000000000000000000000,0.05000000000000000000000000000,0.02671232876712328767123287672,0.01923287671232876712328767124
9.700000000000000000000000000,0,0.00,9.700000000000000000000000000,0.1000000000000000000000000000,0.05000000000000000000000000000,9.600000000000000000000000000,0E-28,0E-29,135,136,2035,INITIAL,0.1000000000000000000000000000,0.05000000000000000000000000000,0.02643835616438356164383561644,0.01903561643835616438356164384
9.600000000000000000000000000,0,0.00,9.600000000000000000000000000,0.1000000000000000000000000000,0.05000000000000000000000000000,9.500000000000000000000000000,0E-28,0E-29,136,137,2035,INITIAL,0.1000000000000000000000000000,0.05000000000000000000000000000,0.02616438356164383561643835617,0.01883835616438356164383561644
9.500000000000000000000000000,0,0.00,9.500000000000000000000000000,0.1000000000000000000000000000,0.05000000000000000000000000000,9.400000000000000000000000000,0E-28,0E-29,137,138,2035,INITIAL,0.1000000000000000000000000000,0.05000000000000000000000000000,0.02589041095890410958904109589,0.01864109589041095890410958904
9.400000000000000000000000000,0,0.00,9.400000000000000000000000000,0.1000000000000000000000000000,0.05000000000000000000000000000,9.300000000000000000000000000,0E-28,0E-29,138,139,2035,INITIAL,0.1000000000000000000000000000,0.05000000000000000000000000000,0.02561643835616438356164383562,0.01844383561643835616438356165
9.300000000000000000000000000,0,0.00,9.300000000000000000000000000,0.1000000000000000000000000000,0.05000000000000000000000000000,9.200000000000000000000000000,0E-28,0E-29,139,140,2035,INITIAL,0.1000000000000000000000000000,0.05000000000000000000000000000,0.02534246575342465753424657534,0.01824657534246575342465753424
9.200000000000000000000000000,0,0.00,9.200000000000000000000000000,0.1000000000000000000000000000,0.05000000000000000000000000000,9.100000000000000000000000000,0E-28,0E-29,140,141,2035,INITIAL,0.1000000000000000000000000000,0.05000000000000000000000000000,0.02506849315068493150684931507,0.01804931506849315068493150685
9.100000000000000000000000000,0,0.00,9.100000000000000000000000000,0.1000000000000000000000000000,0.05000000000000000000000000000,9.000000000000000000000000000,0E-28,0E-29,141,142,2035,INITIAL,0.1000000000000000000000000000,0.05000000000000000000000000000,0.02479452054794520547945205480,0.01785205479452054794520547946
9.000000000000000000000000000,0,0.00,9.000000000000000000000000000,0.1000000000000000000000000000,0.05000000000000000000000000000,8.900000000000000000000000000,0E-28,0E-29,142,143,2035,INITIAL,0.1000000000000000000000000000,0.05000000000000000000000000000,0.02452054794520547945205479452,0.01765479452054794520547945205
8.900000000000000000000000000,0,0.00,8.900000000000000000000000000,0.1000000000000000000000000000,0.05000000000000000000000000000,8.800000000000000000000000000,0E-28,0E-29,143,144,2035,INITIAL,0.1000000000000000000000000000,0.05000000000000000000000000000,0.02424657534246575342465753425,0.01745753424657534246575342466
8.800000000000000000000000000,0,0.00,8.800000000000000000000000000,0.1000000000000000000000000000,0.05000000000000000000000000000,8.700000000000000000000000000,0E-28,0E-29,144,145,2035,INITIAL,0.1000000000000000000000000000,0.05000000000000000000000000000,0.02397260273972602739726027398,0.01726027397260273972602739727
8.700000000000000000000000000,0,0.00,8.700000000000000000000000000,0.1000000000000000000000000000,0.05000000000000000000000000000,8.600000000000000000000000000,0E-28,0E-29,145,146,2035,INITIAL,0.1000000000000000000000000000,0.05000000000000000000000000000,0.02369863013698630136986301370,0.01706301369863013698630136986
8.600000000000000000000000000,0,0.00,8.600000000000000000000000000,0.1000000000000000000000000000,0.05000000000000000000000000000,8.500000000000000000000000000,0E-28,0E-29,146,147,2035,INITIAL,0.1000000000000000000000000000,0.05000000000000000000000000000,0.02342465753424657534246575343,0.01686575342465753424657534247
8.500000000000000000000000000,0,0.00,8.500000000000000000000000000,0.1000000000000000000000000000,0.05000000000000000000000000000,8.400000000000000000000000000,0E-28,0E-29,147,148,2035,INITIAL,0.1000000000000000000000000000,0.05000000000000000000000000000,0.02315068493150684931506849315,0.01666849315068493150684931507
8.400000000000000000000000000,0,0.00,8.400000000000000000000000000,0.1000000000000000000000000000,0.05000000000000000000000000000,8.300000000000000000000000000,0E-28,0E-29,148,149,2035,INITIAL,0.1000000000000000000000000000,0.05000000000000000000000000000,0.02287671232876712328767123288,0.01647123287671232876712328767
8.300000000000000000000000000,0,0.00,8.300000000000000000000000000,0.1000000000000000000000000000,0.05000000000000000000000000000,8.200000000000000000000000000,0E-28,0E-29,149,150,2035,INITIAL,0.1000000000000000000000000000,0.05000000000000000000000000000,0.02260273972602739726027397260,0.01627397260273972602739726027
8.200000000000000000000000000,0,0.00,8.200000000000000000000000000,0.1000000000000000000000000000,0.05000000000000000000000000000,8.100000000000000000000000000,0E-28,0E-29,150,151,2035,INITIAL,0.1000000000000000000000000000,0.05000000000000000000000000000,0.02232876712328767123287671233,0.01607671232876712328767123288
8.100000000000000000000000000,0,0.00,8.100000000000000000000000000,0.1000000000000000000000000000,0.05000000000000000000000000000,8.000000000000000000000000000,0E-28,0E-29,151,152,2035,INITIAL,0.1000000000000000000000000000,0.05000000000000000000000000000,0.02205479452054794520547945206,0.01587945205479452054794520548
8.000000000000000000000000000,0,0.00,8.000000000000000000000000000,0.1000000000000000000000000000,0.05000000000000000000000000000,7.900000000000000000000000000,0E-28,0E-29,152,153,2035,INITIAL,0.1000000000000000000000000000,0.05000000000000000000000000000,0.02178082191780821917808219178,0.01568219178082191780821917808
7.900000000000000000000000000,0,0.00,7.900000000000000000000000000,0.1000000000000000000000000000,0.05000000000000000000000000000,7.800000000000000000000000000,0E-28,0E-29,153,154,2035,INITIAL,0.1000000000000000000000000000,0.05000000000000000000000000000,0.02150684931506849315068493151,0.01548493150684931506849315069
7.800000000000000000000000000,0,0.00,7.800000000000000000000000000,0.1000000000000000000000000000,0.05000000000000000000000000000,7.700000000000000000000000000,0E-28,0E-29,154,155,2035,INITIAL,0.1000000000000000000000000000,0.05000000000000000000000000000,0.02123287671232876712328767124,0.01528767123287671232876712329
7.700000000000000000000000000,0,0.00,7.700000000000000000000000000,0.1000000000000000000000000000,0.05000000000000000000000000000,7.600000000000000000000000000,0E-28,0E-29,155,156,2035,INITIAL,0.1000000000000000000000000000,0.05000000000000000000000000000,0.02095890410958904109589041096,0.01509041095890410958904109589
7.600000000000000000000000000,0,0.00,7.600000000000000000000000000,0.1000000000000000000000000000,0.05000000000000000000000000000,7.500000000000000000000000000,0E-28,0E-29,156,157,2035,INITIAL,0.1000000000000000000000000000,0.05000000000000000000000000000,0.02068493150684931506849315069,0.01489315068493150684931506850
7.500000000000000000000000000,0,0.00,7.500000000000000000000000000,0.1000000000000000000000000000,0.05000000000000000000000000000,7.400000000000000000000000000,0E-28,0E-29,157,158,2035,INITIAL,0.1000000000000000000000000000,0.05000000000000000000000000000,0.02041095890410958904109589041,0.01469589041095890410958904110
7.400000000000000000000000000,0,0.00,7.400000000000000000000000000,0.1000000000000000000000000000,0.05000000000000000000000000000,7.300000000000000000000000000,0E-28,0E-29,158,159,2035,INITIAL,0.1000000000000000000000000000,0.05000000000000000000000000000,0.02013698630136986301369863014,0.01449863013698630136986301370
7.300000000000000000000000000,0,0.00,7.300000000000000000000000000,0.1000000000000000000000000000,0.05000000000000000000000000000,7.200000000000000000000000000,0E-28,0E-29,159,160,2035,INITIAL,0.1000000000000000000000000000,0.05000000000000000000000000000,0.01986301369863013698630136986,0.01430136986301369863013698630
7.200000000000000000000000000,0,0.00,7.200000000000000000000000000,0.1000000000000000000000000000,0.05000000000000000000000000000,7.100000000000000000000000000,0E-28,0E-29,160,161,2035,INITIAL,0.1000000000000000000000000000,0.05000000000000000000000000000,0.01958904109589041095890410959,0.01410410958904109589041095890
7.100000000000000000000000000,0,0.00,7.100000000000000000000000000,0.1000000000000000000000000000,0.05000000000000000000000000000,7.000000000000000000000000000,0E-28,0E-29,161,162,2035,INITIAL,0.1000000000000000000000000000,0.05000000000000000000000000000,0.01931506849315068493150684932,0.01390684931506849315068493151
7.000000000000000000000000000,0,0.00,7.000000000000000000000000000,0.1000000000000000000000000000,0.05000000000000000000000000000,6.900000000000000000000000000,0E-28,0E-29,162,163,2035,INITIAL,0.1000000000000000000000000000,0.05000000000000000000000000000,0.01904109589041095890410958904,0.01370958904109589041095890411
6.900000000000000000000000000,0,0.00,6.900000000000000000000000000,0.1000000000000000000000000000,0.05000000000000000000000000000,6.800000000000000000000000000,0E-28,0E-29,163,164,2035,INITIAL,0.1000000000000000000000000000,0.05000000000000000000000000000,0.01876712328767123287671232877,0.01351232876712328767123287671
6.800000000000000000000000000,0,0.00,6.800000000000000000000000000,0.1000000000000000000000000000,0.05000000000000000000000000000,6.700000000000000000000000000,0E-28,0E-29,164,165,2035,INITIAL,0.1000000000000000000000000000,0.05000000000000000000000000000,0.01849315068493150684931506850,0.01331506849315068493150684932
6.700000000000000000000000000,0,0.00,6.700000000000000000000000000,0.1000000000000000000000000000,0.05000000000000000000000000000,6.600000000000000000000000000,0E-28,0E-29,165,166,2035,INITIAL,0.1000000000000000000000000000,0.05000000000000000000000000000,0.01821917808219178082191780822,0.01311780821917808219178082192
6.600000000000000000000000000,0,0.00,6.600000000000000000000000000,0.1000000000000000000000000000,0.05000000000000000000000000000,6.500000000000000000000000000,0E-28,0E-29,166,167,2035,INITIAL,0.1000000000000000000000000000,0.05000000000000000000000000000,0.01794520547945205479452054795,0.01292054794520547945205479452
6.500000000000000000000000000,0,0.00,6.500000000000000000000000000,0.1000000000000000000000000000,0.05000000000000000000000000000,6.400000000000000000000000000,0E-28,0E-29,167,168,2035,INITIAL,0.1000000000000000000000000000,0.05000000000000000000000000000,0.01767123287671232876712328767,0.01272328767123287671232876712
6.400000000000000000000000000,0,0.00,6.400000000000000000000000000,0.1000000000000000000000000000,0.05000000000000000000000000000,6.300000000000000000000000000,0E-28,0E-29,168,169,2035,INITIAL,0.1000000000000000000000000000,0.05000000000000000000000000000,0.01739726027397260273972602740,0.01252602739726027397260273973
6.300000000000000000000000000,0,0.00,6.300000000000000000000000000,0.1000000000000000000000000000,0.05000000000000000000000000000,6.200000000000000000000000000,0E-28,0E-29,169,170,2035,INITIAL,0.1000000000000000000000000000,0.05000000000000000000000000000,0.01712328767123287671232876712,0.01232876712328767123287671233
6.200000000000000000000000000,0,0.00,6.200000000000000000000000000,0.1000000000000000000000000000,0.05000000000000000000000000000,6.100000000000000000000000000,0E-28,0E-29,170,171,2035,INITIAL,0.1000000000000000000000000000,0.05000000000000000000000000000,0.01684931506849315068493150685,0.01213150684931506849315068493
6.100000000000000000000000000,0,0.00,6.100000000000000000000000000,0.1000000000000000000000000000,0.05000000000000000000000000000,6.000000000000000000000000000,0E-28,0E-29,171,172,2035,INITIAL,0.1000000000000000000000000000,0.05000000000000000000000000000,0.01657534246575342465753424658,0.01193424657534246575342465754
6.000000000000000000000000000,0,0.00,6.000000000000000000000000000,0.1000000000000000000000000000,0.05000000000000000000000000000,5.900000000000000000000000000,0E-28,0E-29,172,173,2035,INITIAL,0.1000000000000000000000000000,0.05000000000000000000000000000,0.01630136986301369863013698630,0.01173698630136986301369863014
5.900000000000000000000000000,0,0.00,5.900000000000000000000000000,0.1000000000000000000000000000,0.05000000000000000000000000000,5.800000000000000000000000000,0E-28,0E-29,173,174,2035,INITIAL,0.1000000000000000000000000000,0.05000000000000000000000000000,0.01602739726027397260273972603,0.01153972602739726027397260274
5.800000000000000000000000000,0,0.00,5.800000000000000000000000000,0.1000000000000000000000000000,0.05000000000000000000000000000,5.700000000000000000000000000,0E-28,0E-29,174,175,2035,INITIAL,0.1000000000000000000000000000,0.05000000000000000000000000000,0.01575342465753424657534246576,0.01134246575342465753424657535
5.700000000000000000000000000,0,0.00,5.700000000000000000000000000,0.1000000000000000000000000000,0.05000000000000000000000000000,5.600000000000000000000000000,0E-28,0E-29,175,176,2035,INITIAL,0.1000000000000000000000000000,0.05000000000000000000000000000,0.01547945205479452054794520548,0.01114520547945205479452054795
5.600000000000000000000000000,0,0.00,5.600000000000000000000000000,0.1000000000000000000000000000,0.05000000000000000000000000000,5.500000000000000000000000000,0E-28,0E-29,176,177,2035,INITIAL,0.1000000000000000000000000000,0.05000000000000000000000000000,0.01520547945205479452054794521,0.01094794520547945205479452055
5.500000000000000000000000000,0,0.00,5.500000000000000000000000000,0.1000000000000000000000000000,0.05000000000000000000000000000,5.400000000000000000000000000,0E-28,0E-29,177,178,2035,INITIAL,0.1000000000000000000000000000,0.05000000000000000000000000000,0.01493150684931506849315068493,0.01075068493150684931506849315
5.400000000000000000000000000,0,0.00,5.400000000000000000000000000,0.1000000000000000000000000000,0.05000000000000000000000000000,5.300000000000000000000000000,0E-28,0E-29,178,179,2035,INITIAL,0.1000000000000000000000000000,0.05000000000000000000000000000,0.01465753424657534246575342466,0.01055342465753424657534246576
5.300000000000000000000000000,0,0.00,5.300000000000000000000000000,0.1000000000000000000000000000,0.05000000000000000000000000000,5.200000000000000000000000000,0E-28,0E-29,179,180,2035,INITIAL,0.1000000000000000000000000000,0.05000000000000000000000000000,0.01438356164383561643835616438,0.01035616438356164383561643835
5.200000000000000000000000000,0,0.00,5.200000000000000000000000000,0.1000000000000000000000000000,0.05000000000000000000000000000,5.100000000000000000000000000,0E-28,0E-29,180,181,2035,INITIAL,0.1000000000000000000000000000,0.05000000000000000000000000000,0.01410958904109589041095890411,0.01015890410958904109589041096
5.100000000000000000000000000,0,0.00,5.100000000000000000000000000,0.1000000000000000000000000000,0.05000000000000000000000000000,5.000000000000000000000000000,0E-28,0E-29,181,182,2035,INITIAL,0.1000000000000000000000000000,0.05000000000000000000000000000,0.01383561643835616438356164384,0.009961643835616438356164383565
5.000000000000000000000000000,0,0.00,5.000000000000000000000000000,0.1000000000000000000000000000,0.05000000000000000000000000000,4.900000000000000000000000000,0E-28,0E-29,182,183,2035,INITIAL,0.1000000000000000000000000000,0.05000000000000000000000000000,0.01356164383561643835616438356,0.009764383561643835616438356163
4.900000000000000000000000000,0,0.00,4.900000000000000000000000000,0.1000000000000000000000000000,0.05000000000000000000000000000,4.800000000000000000000000000,0E-28,0E-29,183,184,2035,INITIAL,0.1000000000000000000000000000,0.05000000000000000000000000000,0.01328767123287671232876712329,0.009567123287671232876712328769
4.800000000000000000000000000,0,0.00,4.800000000000000000000000000,0.1000000000000000000000000000,0.05000000000000000000000000000,4.700000000000000000000000000,0E-28,0E-29,184,185,2035,INITIAL,0.1000000000000000000000000000,0.05000000000000000000000000000,0.01301369863013698630136986302,0.009369863013698630136986301374
4.700000000000000000000000000,0,0.00,4.700000000000000000000000000,0.1000000000000000000000000000,0.05000000000000000000000000000,4.600000000000000000000000000,0E-28,0E-29,185,186,2035,INITIAL,0.1000000000000000000000000000,0.05000000000000000000000000000,0.01273972602739726027397260274,0.009172602739726027397260273973
4.600000000000000000000000000,0,0.00,4.600000000000000000000000000,0.1000000000000000000000000000,0.05000000000000000000000000000,4.500000000000000000000000000,0E-28,0E-29,186,187,2035,INITIAL,0.1000000000000000000000000000,0.05000000000000000000000000000,0.01246575342465753424657534247,0.008975342465753424657534246578
4.500000000000000000000000000,0,0.00,4.500000000000000000000000000,0.1000000000000000000000000000,0.05000000000000000000000000000,4.400000000000000000000000000,0E-28,0E-29,187,188,2035,INITIAL,0.1000000000000000000000000000,0.05000000000000000000000000000,0.01219178082191780821917808219,0.008778082191780821917808219177
4.400000000000000000000000000,0,0.00,4.400000000000000000000000000,0.1000000000000000000000000000,0.05000000000000000000000000000,4.300000000000000000000000000,0E-28,0E-29,188,189,2035,INITIAL,0.1000000000000000000000000000,0.05000000000000000000000000000,0.01191780821917808219178082192,0.008580821917808219178082191782
4.300000000000000000000000000,0,0.00,4.300000000000000000000000000,0.1000000000000000000000000000,0.05000000000000000000000000000,4.200000000000000000000000000,0E-28,0E-29,189,190,2035,INITIAL,0.1000000000000000000000000000,0.05000000000000000000000000000,0.01164383561643835616438356164,0.008383561643835616438356164381
4.200000000000000000000000000,0,0.00,4.200000000000000000000000000,0.1000000000000000000000000000,0.05000000000000000000000000000,4.100000000000000000000000000,0E-28,0E-29,190,191,2035,INITIAL,0.1000000000000000000000000000,0.05000000000000000000000000000,0.01136986301369863013698630137,0.008186301369863013698630136986
4.100000000000000000000000000,0,0.00,4.100000000000000000000000000,0.1000000000000000000000000000,0.05000000000000000000000000000,4.000000000000000000000000000,0E-28,0E-29,191,192,2035,INITIAL,0.1000000000000000000000000000,0.05000000000000000000000000000,0.01109589041095890410958904110,0.007989041095890410958904109592
4.000000000000000000000000000,0,0.00,4.000000000000000000000000000,0.1000000000000000000000000000,0.05000000000000000000000000000,3.900000000000000000000000000,0E-28,0E-29,192,193,2035,INITIAL,0.1000000000000000000000000000,0.05000000000000000000000000000,0.01082191780821917808219178082,0.007791780821917808219178082190
3.900000000000000000000000000,0,0.00,3.900000000000000000000000000,0.1000000000000000000000000000,0.05000000000000000000000000000,3.800000000000000000000000000,0E-28,0E-29,193,194,2035,INITIAL,0.1000000000000000000000000000,0.05000000000000000000000000000,0.01054794520547945205479452055,0.007594520547945205479452054796
3.800000000000000000000000000,0,0.00,3.800000000000000000000000000,0.1000000000000000000000000000,0.05000000000000000000000000000,3.700000000000000000000000000,0E-28,0E-29,194,195,2035,INITIAL,0.1000000000000000000000000000,0.05000000000000000000000000000,0.01027397260273972602739726028,0.007397260273972602739726027402
3.700000000000000000000000000,0,0.00,3.700000000000000000000000000,0.1000000000000000000000000000,0.05000000000000000000000000000,3.600000000000000000000000000,0E-28,0E-29,195,196,2035,INITIAL,0.1000000000000000000000000000,0.05000000000000000000000000000,0.01000000000000000000000000000,0.007200000000000000000000000000
3.600000000000000000000000000,0,0.00,3.600000000000000000000000000,0.1000000000000000000000000000,0.05000000000000000000000000000,3.500000000000000000000000000,0E-28,0E-29,196,197,2035,INITIAL,0.1000000000000000000000000000,0.05000000000000000000000000000,0.009726027397260273972602739727,0.007002739726027397260273972603
3.500000000000000000000000000,0,0.00,3.500000000000000000000000000,0.1000000000000000000000000000,0.05000000000000000000000000000,3.400000000000000000000000000,0E-28,0E-29,197,198,2035,INITIAL,0.1000000000000000000000000000,0.05000000000000000000000000000,0.009452054794520547945205479453,0.006805479452054794520547945206
3.400000000000000000000000000,0,0.00,3.400000000000000000000000000,0.1000000000000000000000000000,0.05000000000000000000000000000,3.300000000000000000000000000,0E-28,0E-29,198,199,2035,INITIAL,0.1000000000000000000000000000,0.05000000000000000000000000000,0.009178082191780821917808219179,0.006608219178082191780821917809
3.300000000000000000000000000,0,0.00,3.300000000000000000000000000,0.1000000000000000000000000000,0.05000000000000000000000000000,3.200000000000000000000000000,0E-28,0E-29,199,200,2035,INITIAL,0.1000000000000000000000000000,0.05000000000000000000000000000,0.008904109589041095890410958905,0.006410958904109589041095890412
3.200000000000000000000000000,0,0.00,3.200000000000000000000000000,0.1000000000000000000000000000,0.05000000000000000000000000000,3.100000000000000000000000000,0E-28,0E-29,200,201,2035,UPGRADE,0.1000000000000000000000000000,0.05000000000000000000000000000,0.008630136986301369863013698631,0.006213698630136986301369863014
3.100000000000000000000000000,0,0.00,3.100000000000000000000000000,0.1000000000000000000000000000,0.05000000000000000000000000000,3.000000000000000000000000000,0E-28,0E-29,201,202,2035,UPGRADE,0.1000000000000000000000000000,0.05000000000000000000000000000,0.008356164383561643835616438357,0.006016438356164383561643835617
3.000000000000000000000000000,0,0.00,3.000000000000000000000000000,0.1000000000000000000000000000,0.05000000000000000000000000000,2.900000000000000000000000000,0E-28,0E-29,202,203,2035,UPGRADE,0.1000000000000000000000000000,0.05000000000000000000000000000,0.008082191780821917808219178083,0.005819178082191780821917808220
2.900000000000000000000000000,0,0.00,2.900000000000000000000000000,0.1000000000000000000000000000,0.05000000000000000000000000000,2.800000000000000000000000000,0E-28,0E-29,203,204,2035,UPGRADE,0.1000000000000000000000000000,0.05000000000000000000000000000,0.007808219178082191780821917809,0.005621917808219178082191780822
2.800000000000000000000000000,0,0.00,2.800000000000000000000000000,0.1000000000000000000000000000,0.05000000000000000000000000000,2.700000000000000000000000000,0E-28,0E-29,204,205,2035,UPGRADE,0.1000000000000000000000000000,0.05000000000000000000000000000,0.007534246575342465753424657535,0.005424657534246575342465753425
2.700000000000000000000000000,0,0.00,2.700000000000000000000000000,0.1000000000000000000000000000,0.05000000000000000000000000000,2.600000000000000000000000000,0E-28,0E-29,205,206,2035,UPGRADE,0.1000000000000000000000000000,0.05000000000000000000000000000,0.007260273972602739726027397261,0.005227397260273972602739726028
2.600000000000000000000000000,0,0.00,2.600000000000000000000000000,0.1000000000000000000000000000,0.05000000000000000000000000000,2.500000000000000000000000000,0E-28,0E-29,206,207,2035,UPGRADE,0.1000000000000000000000000000,0.05000000000000000000000000000,0.006986301369863013698630136987,0.005030136986301369863013698631
2.500000000000000000000000000,0,0.00,2.500000000000000000000000000,0.1000000000000000000000000000,0.05000000000000000000000000000,2.400000000000000000000000000,0E-28,0E-29,207,208,2035,UPGRADE,0.1000000000000000000000000000,0.05000000000000000000000000000,0.006712328767123287671232876713,0.004832876712328767123287671233
2.400000000000000000000000000,0,0.00,2.400000000000000000000000000,0.1000000000000000000000000000,0.05000000000000000000000000000,2.300000000000000000000000000,0E-28,0E-29,208,209,2035,UPGRADE,0.1000000000000000000000000000,0.05000000000000000000000000000,0.006438356164383561643835616439,0.004635616438356164383561643836
2.300000000000000000000000000,0,0.00,2.300000000000000000000000000,0.1000000000000000000000000000,0.05000000000000000000000000000,2.200000000000000000000000000,0E-28,0E-29,209,210,2035,UPGRADE,0.1000000000000000000000000000,0.05000000000000000000000000000,0.006164383561643835616438356165,0.004438356164383561643835616439
2.200000000000000000000000000,0,0.00,2.200000000000000000000000000,0.1000000000000000000000000000,0.05000000000000000000000000000,2.100000000000000000000000000,0E-28,0E-29,210,211,2035,UPGRADE,0.1000000000000000000000000000,0.05000000000000000000000000000,0.005890410958904109589041095891,0.004241095890410958904109589042
2.100000000000000000000000000,0,0.00,2.100000000000000000000000000,0.1000000000000000000000000000,0.05000000000000000000000000000,2.000000000000000000000000000,0E-28,0E-29,211,212,2035,UPGRADE,0.1000000000000000000000000000,0.05000000000000000000000000000,0.005616438356164383561643835617,0.004043835616438356164383561644
2.000000000000000000000000000,0,0.00,2.000000000000000000000000000,0.1000000000000000000000000000,0.05000000000000000000000000000,1.900000000000000000000000000,0E-28,0E-29,212,213,2035,UPGRADE,0.1000000000000000000000000000,0.05000000000000000000000000000,0.005342465753424657534246575343,0.003846575342465753424657534247
1.900000000000000000000000000,0,0.00,1.900000000000000000000000000,0.1000000000000000000000000000,0.05000000000000000000000000000,1.800000000000000000000000000,0E-28,0E-29,213,214,2035,UPGRADE,0.1000000000000000000000000000,0.05000000000000000000000000000,0.005068493150684931506849315069,0.003649315068493150684931506850
1.800000000000000000000000000,0,0.00,1.800000000000000000000000000,0.1000000000000000000000000000,0.05000000000000000000000000000,1.700000000000000000000000000,0E-28,0E-29,214,215,2035,UPGRADE,0.1000000000000000000000000000,0.05000000000000000000000000000,0.004794520547945205479452054795,0.003452054794520547945205479452
1.700000000000000000000000000,0,0.00,1.700000000000000000000000000,0.1000000000000000000000000000,0.05000000000000000000000000000,1.600000000000000000000000000,0E-28,0E-29,215,216,2035,UPGRADE,0.1000000000000000000000000000,0.05000000000000000000000000000,0.004520547945205479452054794521,0.003254794520547945205479452055
1.600000000000000000000000000,0,0.00,1.600000000000000000000000000,0.1000000000000000000000000000,0.05000000000000000000000000000,1.500000000000000000000000000,0E-28,0E-29,216,217,2035,UPGRADE,0.1000000000000000000000000000,0.05000000000000000000000000000,0.004246575342465753424657534247,0.003057534246575342465753424658
1.500000000000000000000000000,0,0.00,1.500000000000000000000000000,0.1000000000000000000000000000,0.05000000000000000000000000000,1.400000000000000000000000000,0E-28,0E-29,217,218,2035,UPGRADE,0.1000000000000000000000000000,0.05000000000000000000000000000,0.003972602739726027397260273973,0.002860273972602739726027397261
1.400000000000000000000000000,0,0.00,1.400000000000000000000000000,0.1000000000000000000000000000,0.05000000000000000000000000000,1.300000000000000000000000000,0E-28,0E-29,218,219,2035,UPGRADE,0.1000000000000000000000000000,0.05000000000000000000000000000,0.003698630136986301369863013699,0.002663013698630136986301369863
1.300000000000000000000000000,0,0.00,1.300000000000000000000000000,0.1000000000000000000000000000,0.05000000000000000000000000000,1.200000000000000000000000000,0E-28,0E-29,219,220,2035,UPGRADE,0.1000000000000000000000000000,0.05000000000000000000000000000,0.003424657534246575342465753425,0.002465753424657534246575342466
1.200000000000000000000000000,20,0.40,20.80000000000000000000000000,0.1000000000000000000000000000,0.05000000000000000000000000000,20.70000000000000000000000000,0E-28,0E-29,220,221,2035,UPGRADE,0.1000000000000000000000000000,0.05000000000000000000000000000,0.05684931506849315068493150686,0.04093150684931506849315068494
20.70000000000000000000000000,0,0.00,20.70000000000000000000000000,0.1000000000000000000000000000,0.05000000000000000000000000000,20.60000000000000000000000000,0E-28,0E-29,221,222,2035,UPGRADE,0.1000000000000000000000000000,0.05000000000000000000000000000,0.05657534246575342465753424658,0.04073424657534246575342465754
20.60000000000000000000000000,0,0.00,20.60000000000000000000000000,0.1000000000000000000000000000,0.05000000000000000000000000000,20.50000000000000000000000000,0E-28,0E-29,222,223,2035,UPGRADE,0.1000000000000000000000000000,0.05000000000000000000000000000,0.05630136986301369863013698631,0.04053698630136986301369863014
20.50000000000000000000000000,0,0.00,20.50000000000000000000000000,0.1000000000000000000000000000,0.05000000000000000000000000000,20.40000000000000000000000000,0E-28,0E-29,223,224,2035,UPGRADE,0.1000000000000000000000000000,0.05000000000000000000000000000,0.05602739726027397260273972603,0.04033972602739726027397260274
20.40000000000000000000000000,0,0.00,20.40000000000000000000000000,0.1000000000000000000000000000,0.05000000000000000000000000000,20.30000000000000000000000000,0E-28,0E-29,224,225,2035,UPGRADE,0.1000000000000000000000000000,0.05000000000000000000000000000,0.05575342465753424657534246576,0.04014246575342465753424657535
20.30000000000000000000000000,0,0.00,20.30000000000000000000000000,0.1000000000000000000000000000,0.05000000000000000000000000000,20.20000000000000000000000000,0E-28,0E-29,225,226,2035,UPGRADE,0.1000000000000000000000000000,0.05000000000000000000000000000,0.05547945205479452054794520548,0.03994520547945205479452054795
20.20000000000000000000000000,0,0.00,20.20000000000000000000000000,0.1000000000000000000000000000,0.05000000000000000000000000000,20.10000000000000000000000000,0E-28,0E-29,226,227,2035,UPGRADE,0.1000000000000000000000000000,0.05000000000000000000000000000,0.05520547945205479452054794521,0.03974794520547945205479452055
20.10000000000000000000000000,0,0.00,20.10000000000000000000000000,0.1000000000000000000000000000,0.05000000000000000000000000000,20.00000000000000000000000000,0E-28,0E-29,227,228,2035,UPGRADE,0.1000000000000000000000000000,0.05000000000000000000000000000,0.05493150684931506849315068494,0.03955068493150684931506849316
20.00000000000000000000000000,0,0.00,20.00000000000000000000000000,0.1000000000000000000000000000,0.05000000000000000000000000000,19.90000000000000000000000000,0E-28,0E-29,228,229,2035,UPGRADE,0.1000000000000000000000000000,0.05000000000000000000000000000,0.05465753424657534246575342466,0.03935342465753424657534246576
19.90000000000000000000000000,0,0.00,19.90000000000000000000000000,0.1000000000000000000000000000,0.05000000000000000000000000000,19.80000000000000000000000000,0E-28,0E-29,229,230,2035,UPGRADE,0.1000000000000000000000000000,0.05000000000000000000000000000,0.05438356164383561643835616439,0.03915616438356164383561643836
19.80000000000000000000000000,0,0.00,19.80000000000000000000000000,0.1000000000000000000000000000,0.05000000000000000000000000000,19.70000000000000000000000000,0E-28,0E-29,230,231,2035,UPGRADE,0.1000000000000000000000000000,0.05000000000000000000000000000,0.05410958904109589041095890412,0.03895890410958904109589041097
19.70000000000000000000000000,0,0.00,19.70000000000000000000000000,0.1000000000000000000000000000,0.05000000000000000000000000000,19.60000000000000000000000000,0E-28,0E-29,231,232,2035,UPGRADE,0.1000000000000000000000000000,0.05000000000000000000000000000,0.05383561643835616438356164384,0.03876164383561643835616438356
19.60000000000000000000000000,0,0.00,19.60000000000000000000000000,0.1000000000000000000000000000,0.05000000000000000000000000000,19.50000000000000000000000000,0E-28,0E-29,232,233,2035,UPGRADE,0.1000000000000000000000000000,0.05000000000000000000000000000,0.05356164383561643835616438357,0.03856438356164383561643835617
19.50000000000000000000000000,0,0.00,19.50000000000000000000000000,0.1000000000000000000000000000,0.05000000000000000000000000000,19.40000000000000000000000000,0E-28,0E-29,233,234,2035,UPGRADE,0.1000000000000000000000000000,0.05000000000000000000000000000,0.05328767123287671232876712329,0.03836712328767123287671232877
19.40000000000000000000000000,0,0.00,19.40000000000000000000000000,0.1000000000000000000000000000,0.05000000000000000000000000000,19.30000000000000000000000000,0E-28,0E-29,234,235,2035,UPGRADE,0.1000000000000000000000000000,0.05000000000000000000000000000,0.05301369863013698630136986302,0.03816986301369863013698630137
19.30000000000000000000000000,0,0.00,19.30000000000000000000000000,0.1000000000000000000000000000,0.05000000000000000000000000000,19.20000000000000000000000000,0E-28,0E-29,235,236,2035,UPGRADE,0.1000000000000000000000000000,0.05000000000000000000000000000,0.05273972602739726027397260274,0.03797260273972602739726027397
19.20000000000000000000000000,0,0.00,19.20000000000000000000000000,0.1000000000000000000000000000,0.05000000000000000000000000000,19.10000000000000000000000000,0E-28,0E-29,236,237,2035,UPGRADE,0.1000000000000000000000000000,0.05000000000000000000000000000,0.05246575342465753424657534247,0.03777534246575342465753424658
19.10000000000000000000000000,0,0.00,19.10000000000000000000000000,0.1000000000000000000000000000,0.05000000000000000000000000000,19.00000000000000000000000000,0E-28,0E-29,237,238,2035,UPGRADE,0.1000000000000000000000000000,0.05000000000000000000000000000,0.05219178082191780821917808220,0.03757808219178082191780821918
19.00000000000000000000000000,0,0.00,19.00000000000000000000000000,0.1000000000000000000000000000,0.05000000000000000000000000000,18.90000000000000000000000000,0E-28,0E-29,238,239,2035,UPGRADE,0.1000000000000000000000000000,0.05000000000000000000000000000,0.05191780821917808219178082192,0.03738082191780821917808219178
18.90000000000000000000000000,0,0.00,18.90000000000000000000000000,0.1000000000000000000000000000,0.05000000000000000000000000000,18.80000000000000000000000000,0E-28,0E-29,239,240,2035,UPGRADE,0.1000000000000000000000000000,0.05000000000000000000000000000,0.05164383561643835616438356165,0.03718356164383561643835616439
18.80000000000000000000000000,0,0.00,18.80000000000000000000000000,0.1000000000000000000000000000,0.05000000000000000000000000000,18.70000000000000000000000000,0E-28,0E-29,240,241,2035,UPGRADE,0.1000000000000000000000000000,0.05000000000000000000000000000,0.05136986301369863013698630138,0.03698630136986301369863013699
18.70000000000000000000000000,0,0.00,18.70000000000000000000000000,0.1000000000000000000000000000,0.05000000000000000000000000000,18.60000000000000000000000000,0E-28,0E-29,241,242,2035,UPGRADE,0.1000000000000000000000000000,0.05000000000000000000000000000,0.05109589041095890410958904110,0.03678904109589041095890410959
18.60000000000000000000000000,0,0.00,18.60000000000000000000000000,0.1000000000000000000000000000,0.05000000000000000000000000000,18.50000000000000000000000000,0E-28,0E-29,242,243,2035,UPGRADE,0.1000000000000000000000000000,0.05000000000000000000000000000,0.05082191780821917808219178083,0.03659178082191780821917808220
18.50000000000000000000000000,0,0.00,18.50000000000000000000000000,0.1000000000000000000000000000,0.05000000000000000000000000000,18.40000000000000000000000000,0E-28,0E-29,243,244,2035,UPGRADE,0.1000000000000000000000000000,0.05000000000000000000000000000,0.05054794520547945205479452055,0.03639452054794520547945205480
18.40000000000000000000000000,0,0.00,18.40000000000000000000000000,0.1000000000000000000000000000,0.05000000000000000000000000000,18.30000000000000000000000000,0E-28,0E-29,244,245,2035,UPGRADE,0.1000000000000000000000000000,0.05000000000000000000000000000,0.05027397260273972602739726028,0.03619726027397260273972602740
18.30000000000000000000000000,0,0.00,18.30000000000000000000000000,0.1000000000000000000000000000,0.05000000000000000000000000000,18.20000000000000000000000000,0E-28,0E-29,245,246,2035,UPGRADE,0.1000000000000000000000000000,0.05000000000000000000000000000,0.05000000000000000000000000000,0.03600000000000000000000000000
18.20000000000000000000000000,0,0.00,18.20000000000000000000000000,0.1000000000000000000000000000,0.05000000000000000000000000000,18.10000000000000000000000000,0E-28,0E-29,246,247,2035,UPGRADE,0.1000000000000000000000000000,0.05000000000000000000000000000,0.04972602739726027397260273973,0.03580273972602739726027397261
18.10000000000000000000000000,0,0.00,18.10000000000000000000000000,0.1000000000000000000000000000,0.05000000000000000000000000000,18.00000000000000000000000000,0E-28,0E-29,247,248,2035,UPGRADE,0.1000000000000000000000000000,0.05000000000000000000000000000,0.04945205479452054794520547946,0.03560547945205479452054794521
18.00000000000000000000000000,0,0.00,18.00000000000000000000000000,0.1000000000000000000000000000,0.05000000000000000000000000000,17.90000000000000000000000000,0E-28,0E-29,248,249,2035,UPGRADE,0.1000000000000000000000000000,0.05000000000000000000000000000,0.04917808219178082191780821918,0.03540821917808219178082191781
17.90000000000000000000000000,0,0.00,17.90000000000000000000000000,0.1000000000000000000000000000,0.05000000000000000000000000000,17.80000000000000000000000000,0E-28,0E-29,249,250,2035,UPGRADE,0.1000000000000000000000000000,0.05000000000000000000000000000,0.04890410958904109589041095891,0.03521095890410958904109589042
17.80000000000000000000000000,0,0.00,17.80000000000000000000000000,0.1000000000000000000000000000,0.05000000000000000000000000000,17.70000000000000000000000000,0E-28,0E-29,250,251,2035,UPGRADE,0.1000000000000000000000000000,0.05000000000000000000000000000,0.04863013698630136986301369864,0.03501369863013698630136986302
17.70000000000000000000000000,0,0.00,17.70000000000000000000000000,0.1000000000000000000000000000,0.05000000000000000000000000000,17.60000000000000000000000000,0E-28,0E-29,251,252,2035,UPGRADE,0.1000000000000000000000000000,0.05000000000000000000000000000,0.04835616438356164383561643836,0.03481643835616438356164383562
17.60000000000000000000000000,0,0.00,17.60000000000000000000000000,0.1000000000000000000000000000,0.05000000000000000000000000000,17.50000000000000000000000000,0E-28,0E-29,252,253,2035,UPGRADE,0.1000000000000000000000000000,0.05000000000000000000000000000,0.04808219178082191780821917809,0.03461917808219178082191780822
17.50000000000000000000000000,0,0.00,17.50000000000000000000000000,0.1000000000000000000000000000,0.05000000000000000000000000000,17.40000000000000000000000000,0E-28,0E-29,253,254,2035,UPGRADE,0.1000000000000000000000000000,0.05000000000000000000000000000,0.04780821917808219178082191781,0.03442191780821917808219178082
17.40000000000000000000000000,0,0.00,17.40000000000000000000000000,0.1000000000000000000000000000,0.05000000000000000000000000000,17.30000000000000000000000000,0E-28,0E-29,254,255,2035,UPGRADE,0.1000000000000000000000000000,0.05000000000000000000000000000,0.04753424657534246575342465754,0.03422465753424657534246575343
17.30000000000000000000000000,0,0.00,17.30000000000000000000000000,0.1000000000000000000000000000,0.05000000000000000000000000000,17.20000000000000000000000000,0E-28,0E-29,255,256,2035,UPGRADE,0.1000000000000000000000000000,0.05000000000000000000000000000,0.04726027397260273972602739726,0.03402739726027397260273972603
17.20000000000000000000000000,0,0.00,17.20000000000000000000000000,0.1000000000000000000000000000,0.05000000000000000000000000000,17.10000000000000000000000000,0E-28,0E-29,256,257,2035,UPGRADE,0.1000000000000000000000000000,0.05000000000000000000000000000,0.04698630136986301369863013699,0.03383013698630136986301369863
17.10000000000000000000000000,0,0.00,17.10000000000000000000000000,0.1000000000000000000000000000,0.05000000000000000000000000000,17.00000000000000000000000000,0E-28,0E-29,257,258,2035,UPGRADE,0.1000000000000000000000000000,0.05000000000000000000000000000,0.04671232876712328767123287672,0.03363287671232876712328767124
17.00000000000000000000000000,0,0.00,17.00000000000000000000000000,0.1000000000000000000000000000,0.05000000000000000000000000000,16.90000000000000000000000000,0E-28,0E-29,258,259,2035,UPGRADE,0.1000000000000000000000000000,0.05000000000000000000000000000,0.04643835616438356164383561644,0.03343561643835616438356164384
16.90000000000000000000000000,0,0.00,16.90000000000000000000000000,0.1000000000000000000000000000,0.05000000000000000000000000000,16.80000000000000000000000000,0E-28,0E-29,259,260,2035,UPGRADE,0.1000000000000000000000000000,0.05000000000000000000000000000,0.04616438356164383561643835617,0.03323835616438356164383561644
16.80000000000000000000000000,0,0.00,16.80000000000000000000000000,0.1000000000000000000000000000,0.05000000000000000000000000000,16.70000000000000000000000000,0E-28,0E-29,260,261,2035,UPGRADE,0.1000000000000000000000000000,0.05000000000000000000000000000,0.04589041095890410958904109590,0.03304109589041095890410958905
16.70000000000000000000000000,0,0.00,16.70000000000000000000000000,0.1000000000000000000000000000,0.05000000000000000000000000000,16.60000000000000000000000000,0E-28,0E-29,261,262,2035,UPGRADE,0.1000000000000000000000000000,0.05000000000000000000000000000,0.04561643835616438356164383562,0.03284383561643835616438356165
16.60000000000000000000000000,0,0.00,16.60000000000000000000000000,0.1000000000000000000000000000,0.05000000000000000000000000000,16.50000000000000000000000000,0E-28,0E-29,262,263,2035,UPGRADE,0.1000000000000000000000000000,0.05000000000000000000000000000,0.04534246575342465753424657535,0.03264657534246575342465753425
16.50000000000000000000000000,0,0.00,16.50000000000000000000000000,0.1000000000000000000000000000,0.05000000000000000000000000000,16.40000000000000000000000000,0E-28,0E-29,263,264,2035,UPGRADE,0.1000000000000000000000000000,0.05000000000000000000000000000,0.04506849315068493150684931507,0.03244931506849315068493150685
16.40000000000000000000000000,0,0.00,16.40000000000000000000000000,0.1000000000000000000000000000,0.05000000000000000000000000000,16.30000000000000000000000000,0E-28,0E-29,264,265,2035,UPGRADE,0.1000000000000000000000000000,0.05000000000000000000000000000,0.04479452054794520547945205480,0.03225205479452054794520547946
16.30000000000000000000000000,0,0.00,16.30000000000000000000000000,0.1000000000000000000000000000,0.05000000000000000000000000000,16.20000000000000000000000000,0E-28,0E-29,265,266,2035,UPGRADE,0.1000000000000000000000000000,0.05000000000000000000000000000,0.04452054794520547945205479452,0.03205479452054794520547945205
16.20000000000000000000000000,0,0.00,16.20000000000000000000000000,0.1000000000000000000000000000,0.05000000000000000000000000000,16.10000000000000000000000000,0E-28,0E-29,266,267,2035,UPGRADE,0.1000000000000000000000000000,0.05000000000000000000000000000,0.04424657534246575342465753425,0.03185753424657534246575342466
16.10000000000000000000000000,0,0.00,16.10000000000000000000000000,0.1000000000000000000000000000,0.05000000000000000000000000000,16.00000000000000000000000000,0E-28,0E-29,267,268,2035,UPGRADE,0.1000000000000000000000000000,0.05000000000000000000000000000,0.04397260273972602739726027398,0.03166027397260273972602739727
16.00000000000000000000000000,0,0.00,16.00000000000000000000000000,0.1000000000000000000000000000,0.05000000000000000000000000000,15.90000000000000000000000000,0E-28,0E-29,268,269,2035,UPGRADE,0.1000000000000000000000000000,0.05000000000000000000000000000,0.04369863013698630136986301370,0.03146301369863013698630136986
15.90000000000000000000000000,0,0.00,15.90000000000000000000000000,0.1000000000000000000000000000,0.05000000000000000000000000000,15.80000000000000000000000000,0E-28,0E-29,269,270,2035,UPGRADE,0.1000000000000000000000000000,0.05000000000000000000000000000,0.04342465753424657534246575343,0.03126575342465753424657534247
15.80000000000000000000000000,0,0.00,15.80000000000000000000000000,0.1000000000000000000000000000,0.05000000000000000000000000000,15.70000000000000000000000000,0E-28,0E-29,270,271,2035,UPGRADE,0.1000000000000000000000000000,0.05000000000000000000000000000,0.04315068493150684931506849316,0.03106849315068493150684931508
15.70000000000000000000000000,0,0.00,15.70000000000000000000000000,0.1000000000000000000000000000,0.05000000000000000000000000000,15.60000000000000000000000000,0E-28,0E-29,271,272,2035,UPGRADE,0.1000000000000000000000000000,0.05000000000000000000000000000,0.04287671232876712328767123288,0.03087123287671232876712328767
15.60000000000000000000000000,0,0.00,15.60000000000000000000000000,0.1000000000000000000000000000,0.05000000000000000000000000000,15.50000000000000000000000000,0E-28,0E-29,272,273,2035,UPGRADE,0.1000000000000000000000000000,0.05000000000000000000000000000,0.04260273972602739726027397261,0.03067397260273972602739726028
15.50000000000000000000000000,0,0.00,15.50000000000000000000000000,0.1000000000000000000000000000,0.05000000000000000000000000000,15.40000000000000000000000000,0E-28,0E-29,273,274,2035,UPGRADE,0.1000000000000000000000000000,0.05000000000000000000000000000,0.04232876712328767123287671233,0.03047671232876712328767123288
15.40000000000000000000000000,0,0.00,15.40000000000000000000000000,0.1000000000000000000000000000,0.05000000000000000000000000000,15.30000000000000000000000000,0E-28,0E-29,274,275,2035,UPGRADE,0.1000000000000000000000000000,0.05000000000000000000000000000,0.04205479452054794520547945206,0.03027945205479452054794520548
15.30000000000000000000000000,0,0.00,15.30000000000000000000000000,0.1000000000000000000000000000,0.05000000000000000000000000000,15.20000000000000000000000000,0E-28,0E-29,275,276,2035,UPGRADE,0.1000000000000000000000000000,0.05000000000000000000000000000,0.04178082191780821917808219178,0.03008219178082191780821917808
15.20000000000000000000000000,0,0.00,15.20000000000000000000000000,0.1000000000000000000000000000,0.05000000000000000000000000000,15.10000000000000000000000000,0E-28,0E-29,276,277,2035,UPGRADE,0.1000000000000000000000000000,0.05000000000000000000000000000,0.04150684931506849315068493151,0.02988493150684931506849315069
15.10000000000000000000000000,0,0.00,15.10000000000000000000000000,0.1000000000000000000000000000,0.05000000000000000000000000000,15.00000000000000000000000000,0E-28,0E-29,277,278,2035,UPGRADE,0.1000000000000000000000000000,0.05000000000000000000000000000,0.04123287671232876712328767124,0.02968767123287671232876712329
15.00000000000000000000000000,0,0.00,15.00000000000000000000000000,0.1000000000000000000000000000,0.05000000000000000000000000000,14.90000000000000000000000000,0E-28,0E-29,278,279,2035,UPGRADE,0.1000000000000000000000000000,0.05000000000000000000000000000,0.04095890410958904109589041096,0.02949041095890410958904109589
14.90000000000000000000000000,0,0.00,14.90000000000000000000000000,0.1000000000000000000000000000,0.05000000000000000000000000000,14.80000000000000000000000000,0E-28,0E-29,279,280,2035,UPGRADE,0.1000000000000000000000000000,0.05000000000000000000000000000,0.04068493150684931506849315069,0.02929315068493150684931506850
14.80000000000000000000000000,0,0.00,14.80000000000000000000000000,0.1000000000000000000000000000,0.05000000000000000000000000000,14.70000000000000000000000000,0E-28,0E-29,280,281,2035,UPGRADE,0.1000000000000000000000000000,0.05000000000000000000000000000,0.04041095890410958904109589042,0.02909589041095890410958904110
14.70000000000000000000000000,0,0.00,14.70000000000000000000000000,0.1000000000000000000000000000,0.05000000000000000000000000000,14.60000000000000000000000000,0E-28,0E-29,281,282,2035,UPGRADE,0.1000000000000000000000000000,0.05000000000000000000000000000,0.04013698630136986301369863014,0.02889863013698630136986301370
14.60000000000000000000000000,0,0.00,14.60000000000000000000000000,0.1000000000000000000000000000,0.05000000000000000000000000000,14.50000000000000000000000000,0E-28,0E-29,282,283,2035,UPGRADE,0.1000000000000000000000000000,0.05000000000000000000000000000,0.03986301369863013698630136987,0.02870136986301369863013698631
14.50000000000000000000000000,0,0.00,14.50000000000000000000000000,0.1000000000000000000000000000,0.05000000000000000000000000000,14.40000000000000000000000000,0E-28,0E-29,283,284,2035,UPGRADE,0.1000000000000000000000000000,0.05000000000000000000000000000,0.03958904109589041095890410959,0.02850410958904109589041095890
14.40000000000000000000000000,0,0.00,14.40000000000000000000000000,0.1000000000000000000000000000,0.05000000000000000000000000000,14.30000000000000000000000000,0E-28,0E-29,284,285,2035,UPGRADE,0.1000000000000000000000000000,0.05000000000000000000000000000,0.03931506849315068493150684932,0.02830684931506849315068493151
14.30000000000000000000000000,0,0.00,14.30000000000000000000000000,0.1000000000000000000000000000,0.05000000000000000000000000000,14.20000000000000000000000000,0E-28,0E-29,285,286,2035,UPGRADE,0.1000000000000000000000000000,0.05000000000000000000000000000,0.03904109589041095890410958904,0.02810958904109589041095890411
14.20000000000000000000000000,0,0.00,14.20000000000000000000000000,0.1000000000000000000000000000,0.05000000000000000000000000000,14.10000000000000000000000000,0E-28,0E-29,286,287,2035,UPGRADE,0.1000000000000000000000000000,0.05000000000000000000000000000,0.03876712328767123287671232877,0.02791232876712328767123287671
14.10000000000000000000000000,0,0.00,14.10000000000000000000000000,0.1000000000000000000000000000,0.05000000000000000000000000000,14.00000000000000000000000000,0E-28,0E-29,287,288,2035,UPGRADE,0.1000000000000000000000000000,0.05000000000000000000000000000,0.03849315068493150684931506850,0.02771506849315068493150684932
14.00000000000000000000000000,0,0.00,14.00000000000000000000000000,0.1000000000000000000000000000,0.05000000000000000000000000000,13.90000000000000000000000000,0E-28,0E-29,288,289,2035,UPGRADE,0.1000000000000000000000000000,0.05000000000000000000000000000,0.03821917808219178082191780822,0.02751780821917808219178082192
13.90000000000000000000000000,0,0.00,13.90000000000000000000000000,0.1000000000000000000000000000,0.05000000000000000000000000000,13.80000000000000000000000000,0E-28,0E-29,289,290,2035,UPGRADE,0.1000000000000000000000000000,0.05000000000000000000000000000,0.03794520547945205479452054795,0.02732054794520547945205479452
13.80000000000000000000000000,0,0.00,13.80000000000000000000000000,0.1000000000000000000000000000,0.05000000000000000000000000000,13.70000000000000000000000000,0E-28,0E-29,290,291,2035,UPGRADE,0.1000000000000000000000000000,0.05000000000000000000000000000,0.03767123287671232876712328768,0.02712328767123287671232876713
13.70000000000000000000000000,0,0.00,13.70000000000000000000000000,0.1000000000000000000000000000,0.05000000000000000000000000000,13.60000000000000000000000000,0E-28,0E-29,291,292,2035,UPGRADE,0.1000000000000000000000000000,0.05000000000000000000000000000,0.03739726027397260273972602740,0.02692602739726027397260273973
13.60000000000000000000000000,0,0.00,13.60000000000000000000000000,0.1000000000000000000000000000,0.05000000000000000000000000000,13.50000000000000000000000000,0E-28,0E-29,292,293,2035,UPGRADE,0.1000000000000000000000000000,0.05000000000000000000000000000,0.03712328767123287671232876713,0.02672876712328767123287671233
13.50000000000000000000000000,0,0.00,13.50000000000000000000000000,0.1000000000000000000000000000,0.05000000000000000000000000000,13.40000000000000000000000000,0E-28,0E-29,293,294,2035,UPGRADE,0.1000000000000000000000000000,0.05000000000000000000000000000,0.03684931506849315068493150685,0.02653150684931506849315068493
13.40000000000000000000000000,0,0.00,13.40000000000000000000000000,0.1000000000000000000000000000,0.05000000000000000000000000000,13.30000000000000000000000000,0E-28,0E-29,294,295,2035,UPGRADE,0.1000000000000000000000000000,0.05000000000000000000000000000,0.03657534246575342465753424658,0.02633424657534246575342465754
13.30000000000000000000000000,0,0.00,13.30000000000000000000000000,0.1000000000000000000000000000,0.05000000000000000000000000000,13.20000000000000000000000000,0E-28,0E-29,295,296,2035,UPGRADE,0.1000000000000000000000000000,0.05000000000000000000000000000,0.03630136986301369863013698630,0.02613698630136986301369863014
13.20000000000000000000000000,0,0.00,13.20000000000000000000000000,0.1000000000000000000000000000,0.05000000000000000000000000000,13.10000000000000000000000000,0E-28,0E-29,296,297,2035,UPGRADE,0.1000000000000000000000000000,0.05000000000000000000000000000,0.03602739726027397260273972603,0.02593972602739726027397260274
13.10000000000000000000000000,0,0.00,13.10000000000000000000000000,0.1000000000000000000000000000,0.05000000000000000000000000000,13.00000000000000000000000000,0E-28,0E-29,297,298,2035,UPGRADE,0.1000000000000000000000000000,0.05000000000000000000000000000,0.03575342465753424657534246576,0.02574246575342465753424657535
13.00000000000000000000000000,0,0.00,13.00000000000000000000000000,0.1000000000000000000000000000,0.05000000000000000000000000000,12.90000000000000000000000000,0E-28,0E-29,298,299,2035,UPGRADE,0.1000000000000000000000000000,0.05000000000000000000000000000,0.03547945205479452054794520548,0.02554520547945205479452054795
12.90000000000000000000000000,0,0.00,12.90000000000000000000000000,0.1000000000000000000000000000,0.05000000000000000000000000000,12.80000000000000000000000000,0E-28,0E-29,299,300,2035,UPGRADE,0.1000000000000000000000000000,0.05000000000000000000000000000,0.03520547945205479452054794521,0.02534794520547945205479452055
12.80000000000000000000000000,0,0.00,12.80000000000000000000000000,0.1000000000000000000000000000,0.05000000000000000000000000000,12.70000000000000000000000000,0E-28,0E-29,300,301,2035,UPGRADE,0.1000000000000000000000000000,0.05000000000000000000000000000,0.03493150684931506849315068494,0.02515068493150684931506849316
12.70000000000000000000000000,0,0.00,12.70000000000000000000000000,0.1000000000000000000000000000,0.05000000000000000000000000000,12.60000000000000000000000000,0E-28,0E-29,301,302,2035,UPGRADE,0.1000000000000000000000000000,0.05000000000000000000000000000,0.03465753424657534246575342466,0.02495342465753424657534246576
12.60000000000000000000000000,0,0.00,12.60000000000000000000000000,0.1000000000000000000000000000,0.05000000000000000000000000000,12.50000000000000000000000000,0E-28,0E-29,302,303,2035,UPGRADE,0.1000000000000000000000000000,0.05000000000000000000000000000,0.03438356164383561643835616439,0.02475616438356164383561643836
12.50000000000000000000000000,0,0.00,12.50000000000000000000000000,0.1000000000000000000000000000,0.05000000000000000000000000000,12.40000000000000000000000000,0E-28,0E-29,303,304,2035,UPGRADE,0.1000000000000000000000000000,0.05000000000000000000000000000,0.03410958904109589041095890411,0.02455890410958904109589041096
12.40000000000000000000000000,0,0.00,12.40000000000000000000000000,0.1000000000000000000000000000,0.05000000000000000000000000000,12.30000000000000000000000000,0E-28,0E-29,304,305,2035,UPGRADE,0.1000000000000000000000000000,0.05000000000000000000000000000,0.03383561643835616438356164384,0.02436164383561643835616438356
12.30000000000000000000000000,0,0.00,12.30000000000000000000000000,0.1000000000000000000000000000,0.05000000000000000000000000000,12.20000000000000000000000000,0E-28,0E-29,305,306,2035,UPGRADE,0.1000000000000000000000000000,0.05000000000000000000000000000,0.03356164383561643835616438356,0.02416438356164383561643835616
12.20000000000000000000000000,0,0.00,12.20000000000000000000000000,0.1000000000000000000000000000,0.05000000000000000000000000000,12.10000000000000000000000000,0E-28,0E-29,306,307,2035,UPGRADE,0.1000000000000000000000000000,0.05000000000000000000000000000,0.03328767123287671232876712329,0.02396712328767123287671232877
12.10000000000000000000000000,0,0.00,12.10000000000000000000000000,0.1000000000000000000000000000,0.05000000000000000000000000000,12.00000000000000000000000000,0E-28,0E-29,307,308,2035,UPGRADE,0.1000000000000000000000000000,0.05000000000000000000000000000,0.03301369863013698630136986302,0.02376986301369863013698630137
12.00000000000000000000000000,0,0.00,12.00000000000000000000000000,0.1000000000000000000000000000,0.05000000000000000000000000000,11.90000000000000000000000000,0E-28,0E-29,308,309,2035,UPGRADE,0.1000000000000000000000000000,0.05000000000000000000000000000,0.03273972602739726027397260274,0.02357260273972602739726027397
11.90000000000000000000000000,0,0.00,11.90000000000000000000000000,0.1000000000000000000000000000,0.05000000000000000000000000000,11.80000000000000000000000000,0E-28,0E-29,309,310,2035,UPGRADE,0.1000000000000000000000000000,0.05000000000000000000000000000,0.03246575342465753424657534247,0.02337534246575342465753424658
11.80000000000000000000000000,0,0.00,11.80000000000000000000000000,0.1000000000000000000000000000,0.05000000000000000000000000000,11.70000000000000000000000000,0E-28,0E-29,310,311,2035,UPGRADE,0.1000000000000000000000000000,0.05000000000000000000000000000,0.03219178082191780821917808220,0.02317808219178082191780821918
11.70000000000000000000000000,0,0.00,11.70000000000000000000000000,0.1000000000000000000000000000,0.05000000000000000000000000000,11.60000000000000000000000000,0E-28,0E-29,311,312,2035,UPGRADE,0.1000000000000000000000000000,0.05000000000000000000000000000,0.03191780821917808219178082192,0.02298082191780821917808219178
11.60000000000000000000000000,0,0.00,11.60000000000000000000000000,0.1000000000000000000000000000,0.05000000000000000000000000000,11.50000000000000000000000000,0E-28,0E-29,312,313,2035,UPGRADE,0.1000000000000000000000000000,0.05000000000000000000000000000,0.03164383561643835616438356165,0.02278356164383561643835616439
11.50000000000000000000000000,0,0.00,11.50000000000000000000000000,0.1000000000000000000000000000,0.05000000000000000000000000000,11.40000000000000000000000000,0E-28,0E-29,313,314,2035,UPGRADE,0.1000000000000000000000000000,0.05000000000000000000000000000,0.03136986301369863013698630137,0.02258630136986301369863013699
11.40000000000000000000000000,0,0.00,11.40000000000000000000000000,0.1000000000000000000000000000,0.05000000000000000000000000000,11.30000000000000000000000000,0E-28,0E-29,314,315,2035,UPGRADE,0.1000000000000000000000000000,0.05000000000000000000000000000,0.03109589041095890410958904110,0.02238904109589041095890410959
11.30000000000000000000000000,0,0.00,11.30000000000000000000000000,0.1000000000000000000000000000,0.05000000000000000000000000000,11.20000000000000000000000000,0E-28,0E-29,315,316,2035,UPGRADE,0.1000000000000000000000000000,0.05000000000000000000000000000,0.03082191780821917808219178082,0.02219178082191780821917808219
11.20000000000000000000000000,0,0.00,11.20000000000000000000000000,0.1000000000000000000000000000,0.05000000000000000000000000000,11.10000000000000000000000000,0E-28,0E-29,316,317,2035,UPGRADE,0.1000000000000000000000000000,0.05000000000000000000000000000,0.03054794520547945205479452055,0.02199452054794520547945205480
11.10000000000000000000000000,0,0.00,11.10000000000000000000000000,0.1000000000000000000000000000,0.05000000000000000000000000000,11.00000000000000000000000000,0E-28,0E-29,317,318,2035,UPGRADE,0.1000000000000000000000000000,0.05000000000000000000000000000,0.03027397260273972602739726028,0.02179726027397260273972602740
11.00000000000000000000000000,0,0.00,11.00000000000000000000000000,0.1000000000000000000000000000,0.05000000000000000000000000000,10.90000000000000000000000000,0E-28,0E-29,318,319,2035,UPGRADE,0.1000000000000000000000000000,0.05000000000000000000000000000,0.03000000000000000000000000000,0.02160000000000000000000000000
10.90000000000000000000000000,0,0.00,10.90000000000000000000000000,0.1000000000000000000000000000,0.05000000000000000000000000000,10.80000000000000000000000000,0E-28,0E-29,319,320,2035,UPGRADE,0.1000000000000000000000000000,0.05000000000000000000000000000,0.02972602739726027397260273973,0.02140273972602739726027397261
10.80000000000000000000000000,0,0.00,10.80000000000000000000000000,0.1000000000000000000000000000,0.05000000000000000000000000000,10.70000000000000000000000000,0E-28,0E-29,320,321,2035,UPGRADE,0.1000000000000000000000000000,0.05000000000000000000000000000,0.02945205479452054794520547946,0.02120547945205479452054794521
10.70000000000000000000000000,0,0.00,10.70000000000000000000000000,0.1000000000000000000000000000,0.05000000000000000000000000000,10.60000000000000000000000000,0E-28,0E-29,321,322,2035,UPGRADE,0.1000000000000000000000000000,0.05000000000000000000000000000,0.02917808219178082191780821918,0.02100821917808219178082191781
10.60000000000000000000000000,0,0.00,10.60000000000000000000000000,0.1000000000000000000000000000,0.05000000000000000000000000000,10.50000000000000000000000000,0E-28,0E-29,322,323,2035,UPGRADE,0.1000000000000000000000000000,0.05000000000000000000000000000,0.02890410958904109589041095891,0.02081095890410958904109589042
10.50000000000000000000000000,0,0.00,10.50000000000000000000000000,0.1000000000000000000000000000,0.05000000000000000000000000000,10.40000000000000000000000000,0E-28,0E-29,323,324,2035,UPGRADE,0.1000000000000000000000000000,0.05000000000000000000000000000,0.02863013698630136986301369863,0.02061369863013698630136986301
10.40000000000000000000000000,0,0.00,10.40000000000000000000000000,0.1000000000000000000000000000,0.05000000000000000000000000000,10.30000000000000000000000000,0E-28,0E-29,324,325,2035,UPGRADE,0.1000000000000000000000000000,0.05000000000000000000000000000,0.02835616438356164383561643836,0.02041643835616438356164383562
10.30000000000000000000000000,0,0.00,10.30000000000000000000000000,0.1000000000000000000000000000,0.05000000000000000000000000000,10.20000000000000000000000000,0E-28,0E-29,325,326,2035,UPGRADE,0.1000000000000000000000000000,0.05000000000000000000000000000,0.02808219178082191780821917808,0.02021917808219178082191780822
10.20000000000000000000000000,0,0.00,10.20000000000000000000000000,0.1000000000000000000000000000,0.05000000000000000000000000000,10.10000000000000000000000000,0E-28,0E-29,326,327,2035,UPGRADE,0.1000000000000000000000000000,0.05000000000000000000000000000,0.02780821917808219178082191781,0.02002191780821917808219178082
10.10000000000000000000000000,0,0.00,10.10000000000000000000000000,0.1000000000000000000000000000,0.05000000000000000000000000000,10.00000000000000000000000000,0E-28,0E-29,327,328,2035,UPGRADE,0.1000000000000000000000000000,0.05000000000000000000000000000,0.02753424657534246575342465754,0.01982465753424657534246575343
10.00000000000000000000000000,0,0.00,10.00000000000000000000000000,0.1000000000000000000000000000,0.05000000000000000000000000000,9.900000000000000000000000000,0E-28,0E-29,328,329,2035,UPGRADE,0.1000000000000000000000000000,0.05000000000000000000000000000,0.02726027397260273972602739726,0.01962739726027397260273972603
9.900000000000000000000000000,0,0.00,9.900000000000000000000000000,0.1000000000000000000000000000,0.05000000000000000000000000000,9.800000000000000000000000000,0E-28,0E-29,329,330,2035,UPGRADE,0.1000000000000000000000000000,0.05000000000000000000000000000,0.02698630136986301369863013699,0.01943013698630136986301369863
9.800000000000000000000000000,0,0.00,9.800000000000000000000000000,0.1000000000000000000000000000,0.05000000000000000000000000000,9.700000000000000000000000000,0E-28,0E-29,330,331,2035,UPGRADE,0.1000000000000000000000000000,0.05000000000000000000000000000,0.02671232876712328767123287672,0.01923287671232876712328767124
9.700000000000000000000000000,0,0.00,9.700000000000000000000000000,0.1000000000000000000000000000,0.05000000000000000000000000000,9.600000000000000000000000000,0E-28,0E-29,331,332,2035,UPGRADE,0.1000000000000000000000000000,0.05000000000000000000000000000,0.02643835616438356164383561644,0.01903561643835616438356164384
9.600000000000000000000000000,0,0.00,9.600000000000000000000000000,0.1000000000000000000000000000,0.05000000000000000000000000000,9.500000000000000000000000000,0E-28,0E-29,332,333,2035,UPGRADE,0.1000000000000000000000000000,0.05000000000000000000000000000,0.02616438356164383561643835617,0.01883835616438356164383561644
9.500000000000000000000000000,0,0.00,9.500000000000000000000000000,0.1000000000000000000000000000,0.05000000000000000000000000000,9.400000000000000000000000000,0E-28,0E-29,333,334,2035,UPGRADE,0.1000000000000000000000000000,0.05000000000000000000000000000,0.02589041095890410958904109589,0.01864109589041095890410958904
9.400000000000000000000000000,0,0.00,9.400000000000000000000000000,0.1000000000000000000000000000,0.05000000000000000000000000000,9.300000000000000000000000000,0E-28,0E-29,334,335,2035,UPGRADE,0.1000000000000000000000000000,0.05000000000000000000000000000,0.02561643835616438356164383562,0.01844383561643835616438356165
9.300000000000000000000000000,0,0.00,9.300000000000000000000000000,0.1000000000000000000000000000,0.05000000000000000000000000000,9.200000000000000000000000000,0E-28,0E-29,335,336,2035,UPGRADE,0.1000000000000000000000000000,0.05000000000000000000000000000,0.02534246575342465753424657534,0.01824657534246575342465753424
9.200000000000000000000000000,0,0.00,9.200000000000000000000000000,0.1000000000000000000000000000,0.05000000000000000000000000000,9.100000000000000000000000000,0E-28,0E-29,336,337,2035,UPGRADE,0.1000000000000000000000000000,0.05000000000000000000000000000,0.02506849315068493150684931507,0.01804931506849315068493150685
9.100000000000000000000000000,0,0.00,9.100000000000000000000000000,0.1000000000000000000000000000,0.05000000000000000000000000000,9.000000000000000000000000000,0E-28,0E-29,337,338,2035,UPGRADE,0.1000000000000000000000000000,0.05000000000000000000000000000,0.02479452054794520547945205480,0.01785205479452054794520547946
9.000000000000000000000000000,0,0.00,9.000000000000000000000000000,0.1000000000000000000000000000,0.05000000000000000000000000000,8.900000000000000000000000000,0E-28,0E-29,338,339,2035,UPGRADE,0.1000000000000000000000000000,0.05000000000000000000000000000,0.02452054794520547945205479452,0.01765479452054794520547945205
8.900000000000000000000000000,0,0.00,8.900000000000000000000000000,0.1000000000000000000000000000,0.05000000000000000000000000000,8.800000000000000000000000000,0E-28,0E-29,339,340,2035,UPGRADE,0.1000000000000000000000000000,0.05000000000000000000000000000,0.02424657534246575342465753425,0.01745753424657534246575342466
8.800000000000000000000000000,0,0.00,8.800000000000000000000000000,0.1000000000000000000000000000,0.05000000000000000000000000000,8.700000000000000000000000000,0E-28,0E-29,340,341,2035,UPGRADE,0.1000000000000000000000000000,0.05000000000000000000000000000,0.02397260273972602739726027398,0.01726027397260273972602739727
8.700000000000000000000000000,0,0.00,8.700000000000000000000000000,0.1000000000000000000000000000,0.05000000000000000000000000000,8.600000000000000000000000000,0E-28,0E-29,341,342,2035,UPGRADE,0.1000000000000000000000000000,0.05000000000000000000000000000,0.02369863013698630136986301370,0.01706301369863013698630136986
8.600000000000000000000000000,0,0.00,8.600000000000000000000000000,0.1000000000000000000000000000,0.05000000000000000000000000000,8.500000000000000000000000000,0E-28,0E-29,342,343,2035,UPGRADE,0.1000000000000000000000000000,0.05000000000000000000000000000,0.02342465753424657534246575343,0.01686575342465753424657534247
8.500000000000000000000000000,0,0.00,8.500000000000000000000000000,0.1000000000000000000000000000,0.05000000000000000000000000000,8.400000000000000000000000000,0E-28,0E-29,343,344,2035,UPGRADE,0.1000000000000000000000000000,0.05000000000000000000000000000,0.02315068493150684931506849315,0.01666849315068493150684931507
8.400000000000000000000000000,0,0.00,8.400000000000000000000000000,0.1000000000000000000000000000,0.05000000000000000000000000000,8.300000000000000000000000000,0E-28,0E-29,344,345,2035,UPGRADE,0.1000000000000000000000000000,0.05000000000000000000000000000,0.02287671232876712328767123288,0.01647123287671232876712328767
8.300000000000000000000000000,0,0.00,8.300000000000000000000000000,0.1000000000000000000000000000,0.05000000000000000000000000000,8.200000000000000000000000000,0E-28,0E-29,345,346,2035,UPGRADE,0.1000000000000000000000000000,0.05000000000000000000000000000,0.02260273972602739726027397260,0.01627397260273972602739726027
8.200000000000000000000000000,0,0.00,8.200000000000000000000000000,0.1000000000000000000000000000,0.05000000000000000000000000000,8.100000000000000000000000000,0E-28,0E-29,346,347,2035,UPGRADE,0.1000000000000000000000000000,0.05000000000000000000000000000,0.02232876712328767123287671233,0.01607671232876712328767123288
8.100000000000000000000000000,0,0.00,8.100000000000000000000000000,0.1000000000000000000000000000,0.05000000000000000000000000000,8.000000000000000000000000000,0E-28,0E-29,347,348,2035,UPGRADE,0.1000000000000000000000000000,0.05000000000000000000000000000,0.02205479452054794520547945206,0.01587945205479452054794520548
8.000000000000000000000000000,0,0.00,8.000000000000000000000000000,0.1000000000000000000000000000,0.05000000000000000000000000000,7.900000000000000000000000000,0E-28,0E-29,348,349,2035,UPGRADE,0.1000000000000000000000000000,0.05000000000000000000000000000,0.02178082191780821917808219178,0.01568219178082191780821917808
7.900000000000000000000000000,0,0.00,7.900000000000000000000000000,0.1000000000000000000000000000,0.05000000000000000000000000000,7.800000000000000000000000000,0E-28,0E-29,349,350,2035,UPGRADE,0.1000000000000000000000000000,0.05000000000000000000000000000,0.02150684931506849315068493151,0.01548493150684931506849315069
7.800000000000000000000000000,0,0.00,7.800000000000000000000000000,0.1000000000000000000000000000,0.05000000000000000000000000000,7.700000000000000000000000000,0E-28,0E-29,350,351,2035,UPGRADE,0.1000000000000000000000000000,0.05000000000000000000000000000,0.02123287671232876712328767124,0.01528767123287671232876712329
7.700000000000000000000000000,0,0.00,7.700000000000000000000000000,0.1000000000000000000000000000,0.05000000000000000000000000000,7.600000000000000000000000000,0E-28,0E-29,351,352,2035,UPGRADE,0.1000000000000000000000000000,0.05000000000000000000000000000,0.02095890410958904109589041096,0.01509041095890410958904109589
7.600000000000000000000000000,0,0.00,7.600000000000000000000000000,0.1000000000000000000000000000,0.05000000000000000000000000000,7.500000000000000000000000000,0E-28,0E-29,352,353,2035,UPGRADE,0.1000000000000000000000000000,0.05000000000000000000000000000,0.02068493150684931506849315069,0.01489315068493150684931506850
7.500000000000000000000000000,0,0.00,7.500000000000000000000000000,0.1000000000000000000000000000,0.05000000000000000000000000000,7.400000000000000000000000000,0E-28,0E-29,353,354,2035,UPGRADE,0.1000000000000000000000000000,0.05000000000000000000000000000,0.02041095890410958904109589041,0.01469589041095890410958904110
7.400000000000000000000000000,0,0.00,7.400000000000000000000000000,0.1000000000000000000000000000,0.05000000000000000000000000000,7.300000000000000000000000000,0E-28,0E-29,354,355,2035,UPGRADE,0.1000000000000000000000000000,0.05000000000000000000000000000,0.02013698630136986301369863014,0.01449863013698630136986301370
7.300000000000000000000000000,0,0.00,7.300000000000000000000000000,0.1000000000000000000000000000,0.05000000000000000000000000000,7.200000000000000000000000000,0E-28,0E-29,355,356,2035,UPGRADE,0.1000000000000000000000000000,0.05000000000000000000000000000,0.01986301369863013698630136986,0.01430136986301369863013698630
7.200000000000000000000000000,0,0.00,7.200000000000000000000000000,0.1000000000000000000000000000,0.05000000000000000000000000000,7.100000000000000000000000000,0E-28,0E-29,356,357,2035,UPGRADE,0.1000000000000000000000000000,0.05000000000000000000000000000,0.01958904109589041095890410959,0.01410410958904109589041095890
7.100000000000000000000000000,0,0.00,7.100000000000000000000000000,0.1000000000000000000000000000,0.05000000000000000000000000000,7.000000000000000000000000000,0E-28,0E-29,357,358,2035,UPGRADE,0.1000000000000000000000000000,0.05000000000000000000000000000,0.01931506849315068493150684932,0.01390684931506849315068493151
7.000000000000000000000000000,0,0.00,7.000000000000000000000000000,0.1000000000000000000000000000,0.05000000000000000000000000000,6.900000000000000000000000000,0E-28,0E-29,358,359,2035,UPGRADE,0.1000000000000000000000000000,0.05000000000000000000000000000,0.01904109589041095890410958904,0.01370958904109589041095890411
6.900000000000000000000000000,0,0.00,6.900000000000000000000000000,0.1000000000000000000000000000,0.05000000000000000000000000000,6.800000000000000000000000000,0E-28,0E-29,359,360,2035,UPGRADE,0.1000000000000000000000000000,0.05000000000000000000000000000,0.01876712328767123287671232877,0.01351232876712328767123287671
6.800000000000000000000000000,0,0.00,6.800000000000000000000000000,0.1000000000000000000000000000,0.05000000000000000000000000000,6.700000000000000000000000000,0E-28,0E-29,360,361,2035,UPGRADE,0.1000000000000000000000000000,0.05000000000000000000000000000,0.01849315068493150684931506850,0.01331506849315068493150684932
6.700000000000000000000000000,0,0.00,6.700000000000000000000000000,0.1000000000000000000000000000,0.05000000000000000000000000000,6.600000000000000000000000000,0E-28,0E-29,361,362,2035,UPGRADE,0.1000000000000000000000000000,0.05000000000000000000000000000,0.01821917808219178082191780822,0.01311780821917808219178082192
6.600000000000000000000000000,0,0.00,6.600000000000000000000000000,0.1000000000000000000000000000,0.05000000000000000000000000000,6.500000000000000000000000000,0E-28,0E-29,362,363,2035,UPGRADE,0.1000000000000000000000000000,0.05000000000000000000000000000,0.01794520547945205479452054795,0.01292054794520547945205479452
6.500000000000000000000000000,0,0.00,6.500000000000000000000000000,0.1000000000000000000000000000,0.05000000000000000000000000000,6.400000000000000000000000000,0E-28,0E-29,363,364,2035,UPGRADE,0.1000000000000000000000000000,0.05000000000000000000000000000,0.01767123287671232876712328767,0.01272328767123287671232876712
6.400000000000000000000000000,0,0.00,6.400000000000000000000000000,0.1000000000000000000000000000,0.05000000000000000000000000000,6.300000000000000000000000000,0E-28,0E-29,364,365,2035,UPGRADE,0.1000000000000000000000000000,0.05000000000000000000000000000,0.01739726027397260273972602740,0.01252602739726027397260273973
